/*******************************************************************************
 * Size: 32 px
 * Bpp: 4
 * Opts: --font /Users/monsjovis/repositories/esp-flight-monitor/tools/fonts/IBMPlexMono-Medium.ttf --format lvgl --bpp 4 --size 32 --lv-font-name plex_mono_32 -o /Users/monsjovis/repositories/esp-flight-monitor/main/ui/fonts/plex_mono_32.c -r 0x20-0x7F -r 0xC4,0xD6,0xDC,0xE4,0xF6,0xFC,0xDF -r 0xB0,0xB7 -r 0x2192,0x2014 -r 0x0104-0x017C
 ******************************************************************************/

#ifdef LV_LVGL_H_INCLUDE_SIMPLE
#include "lvgl.h"
#else
#include "lvgl/lvgl.h"
#endif

#ifndef PLEX_MONO_32
#define PLEX_MONO_32 1
#endif

#if PLEX_MONO_32

/*-----------------
 *    BITMAPS
 *----------------*/

/*Store the image of the glyphs*/
static LV_ATTRIBUTE_LARGE_CONST const uint8_t glyph_bitmap[] = {
    /* U+0020 " " */

    /* U+0021 "!" */
    0x5, 0xff, 0xa0, 0x3, 0xff, 0xb2, 0x20, 0x17,
    0x80, 0x18, 0x2, 0x20, 0x1, 0x0, 0x4c, 0x1,
    0x10, 0x0, 0xc0, 0x26, 0x1, 0x0, 0xc6, 0xa,
    0x1, 0xb8, 0x8, 0x3, 0x28, 0x78, 0x6, 0x22,
    0x28, 0x6, 0x1d, 0x30, 0xf, 0xf3, 0x77, 0xfa,
    0x0, 0x12, 0x20, 0x7, 0x21, 0x0, 0xe6, 0x10,
    0xe, 0x60, 0xb2, 0x1, 0x82,

    /* U+0022 "\"" */
    0x2f, 0xf8, 0x40, 0x1b, 0xfe, 0x60, 0xf, 0xff,
    0xf8, 0x7, 0xff, 0x4, 0xd9, 0xa1, 0x0, 0x53,
    0x31, 0x40,

    /* U+0023 "#" */
    0x0, 0xfb, 0xfd, 0xc0, 0x17, 0xfb, 0x80, 0x3f,
    0x88, 0x0, 0xa0, 0x2, 0x0, 0x10, 0x7, 0xf3,
    0x80, 0x8, 0x0, 0xe0, 0x5, 0x0, 0xfe, 0xd0,
    0x7, 0x80, 0x34, 0x1, 0xe0, 0x1f, 0xc6, 0x0,
    0x50, 0x1, 0x0, 0x14, 0x3, 0xf9, 0x40, 0x6,
    0x0, 0x70, 0x1, 0x80, 0x64, 0xbb, 0xc2, 0x4,
    0x1, 0x10, 0x2, 0xee, 0x80, 0x24, 0x4c, 0x0,
    0x70, 0x1, 0x80, 0x48, 0x98, 0x3, 0xf6, 0x80,
    0x14, 0x3, 0xf3, 0x7f, 0xca, 0x0, 0x20, 0x7,
    0x80, 0x2f, 0xfe, 0xc0, 0xe, 0x70, 0x3, 0x80,
    0x14, 0x0, 0xa0, 0x1f, 0xc4, 0x0, 0x20, 0x1,
    0x0, 0x88, 0x3, 0x35, 0xdd, 0x80, 0x3, 0x0,
    0x8, 0x80, 0x6e, 0xe6, 0xf, 0x44, 0x8c, 0x0,
    0xa0, 0x5, 0x0, 0x91, 0x2f, 0x0, 0xfd, 0xe0,
    0x3, 0x0, 0xfd, 0x3f, 0xf1, 0x80, 0x14, 0x1,
    0xa0, 0xc, 0xff, 0xa4, 0x3, 0x88, 0x0, 0x40,
    0x7, 0x0, 0x18, 0x7, 0xe1, 0x10, 0x8, 0x80,
    0x4, 0x4, 0x1, 0xfc, 0xa0, 0x5, 0x0, 0x18,
    0x1, 0xc0, 0x3f, 0x88, 0x0, 0x60, 0x6, 0x0,
    0x10, 0x7, 0xf7, 0x80, 0x34, 0x1, 0xa0, 0xd,
    0x0, 0xfe, 0x20, 0x3, 0x80, 0xc, 0x0, 0xe0,
    0x1e,

    /* U+0024 "$" */
    0x0, 0xf9, 0xbf, 0xc8, 0x1, 0xff, 0xe1, 0x37,
    0xa0, 0x7, 0xb1, 0x0, 0x7c, 0x9b, 0x90, 0x60,
    0x4, 0x9d, 0xc3, 0x0, 0xcb, 0x64, 0x1, 0xf8,
    0xf1, 0x80, 0x3, 0x40, 0x12, 0x30, 0x1, 0x88,
    0x2, 0x94, 0x9, 0x0, 0xae, 0xda, 0x0, 0x8d,
    0xa1, 0x5, 0x40, 0x40, 0x2, 0x20, 0x3, 0xcb,
    0x8f, 0x40, 0x1, 0x0, 0x18, 0x7, 0xe2, 0x80,
    0xf, 0x10, 0x7, 0xff, 0x5, 0xc0, 0xa, 0x40,
    0x1f, 0xfc, 0xf, 0x0, 0xb6, 0x8, 0x3, 0xfc,
    0xa8, 0x1, 0x3c, 0x80, 0x2d, 0x84, 0x3, 0xd6,
    0x80, 0x1e, 0x59, 0xeb, 0x20, 0xe, 0xbb, 0x28,
    0x7, 0xc9, 0xa8, 0x1, 0xc9, 0x5f, 0x40, 0x3,
    0x0, 0xd4, 0x20, 0x1f, 0x8, 0x3, 0x79, 0x40,
    0x2, 0xc0, 0x1f, 0xf0, 0xd1, 0x0, 0x2c, 0x3,
    0xff, 0x82, 0x80, 0x1, 0x0, 0x8, 0x7, 0xff,
    0xc, 0xfd, 0xc0, 0x3f, 0x90, 0x0, 0xc7, 0x83,
    0x12, 0x20, 0x1e, 0x82, 0x0, 0x68, 0x88, 0x0,
    0xdd, 0x3a, 0x0, 0x8d, 0x70, 0x1, 0x31, 0x68,
    0x80, 0x4c, 0xc0, 0x3, 0x10, 0x0, 0x7c, 0x0,
    0x7e, 0xc0, 0x1f, 0xcb, 0xe4, 0x1, 0xc, 0xfd,
    0x39, 0x80, 0x16, 0xba, 0x84, 0x3, 0xe5, 0x8a,
    0x0, 0x72, 0x88, 0x7, 0xff, 0x68,

    /* U+0025 "%" */
    0x0, 0x1d, 0xf7, 0xec, 0x88, 0x7, 0x97, 0xfd,
    0x0, 0xb8, 0x82, 0x4, 0xde, 0x20, 0x1d, 0x0,
    0x30, 0x16, 0x3, 0x58, 0xe0, 0x36, 0x1, 0x9c,
    0x82, 0x1, 0x44, 0x2d, 0x4e, 0x14, 0x14, 0x2,
    0x18, 0x3, 0x60, 0x20, 0x3, 0x80, 0x5a, 0x0,
    0x20, 0x5, 0x80, 0x3c, 0x3, 0xff, 0x84, 0x8a,
    0xc, 0x60, 0x2, 0x0, 0x30, 0x5, 0xc0, 0x2,
    0x9, 0x0, 0x40, 0x4, 0x80, 0x8, 0x20, 0x46,
    0x3, 0x6, 0x20, 0x81, 0x0, 0x86, 0x0, 0xf7,
    0xec, 0x1, 0xe0, 0x2e, 0xf0, 0x7, 0x3c, 0x88,
    0x4, 0x78, 0x60, 0xf1, 0x0, 0xf, 0x9b, 0xb9,
    0xbd, 0x86, 0x0, 0x6c, 0xff, 0x59, 0x80, 0x78,
    0x59, 0x14, 0x1, 0x32, 0x30, 0x2, 0x62, 0x80,
    0x70, 0xdd, 0x48, 0x23, 0x2, 0x5d, 0x8, 0x58,
    0x7, 0x48, 0x2, 0x43, 0x80, 0x6d, 0x16, 0x80,
    0x58, 0x2, 0x17, 0x2, 0x50, 0x40, 0x50, 0x9,
    0x0, 0x1e, 0x1, 0x30, 0x2, 0x0, 0x2, 0x2,
    0x1, 0xe3, 0x0, 0xa4, 0x9, 0x40, 0x3f, 0xf8,
    0x4e, 0x21, 0x60, 0x10, 0x80, 0x80, 0x78, 0xc0,
    0x12, 0x2, 0xc0, 0x12, 0x2, 0x80, 0x48, 0x0,
    0xf0, 0x61, 0x8, 0x0, 0xdc, 0x3, 0x68, 0xb4,
    0x2, 0xc1, 0x0, 0x2c, 0x1, 0x91, 0x81, 0x2e,
    0x84, 0x2c, 0x18, 0x42, 0x40, 0x3d, 0x32, 0x30,
    0x2, 0x62, 0x80,

    /* U+0026 "&" */
    0x0, 0xe5, 0xbe, 0xfe, 0xa3, 0x0, 0xff, 0xe,
    0x52, 0x8, 0xa, 0xe5, 0x0, 0x7f, 0x51, 0x80,
    0x4, 0xc4, 0x0, 0xb2, 0x1, 0xf1, 0xa0, 0x1,
    0xfb, 0x3a, 0x40, 0xa, 0x1, 0xf2, 0x80, 0x6,
    0x0, 0x26, 0xac, 0xc0, 0x7, 0xc6, 0x0, 0x20,
    0xe, 0x53, 0x0, 0xfc, 0x80, 0x3, 0x0, 0xff,
    0xe1, 0x8b, 0x0, 0x24, 0x3, 0xff, 0x87, 0x4,
    0xc, 0xa0, 0x1f, 0xfc, 0x31, 0x0, 0x51, 0x80,
    0x6d, 0xff, 0xc6, 0x0, 0x3f, 0x30, 0xb, 0x48,
    0x3, 0xfc, 0x58, 0x20, 0x8c, 0x3, 0xe2, 0x0,
    0x30, 0x2, 0x20, 0x42, 0x0, 0x7, 0x72, 0x80,
    0x5a, 0x0, 0x10, 0x4b, 0xb1, 0x2, 0x80, 0x24,
    0x1, 0x44, 0x7, 0x40, 0x11, 0x0, 0x46, 0x1,
    0x20, 0x0, 0x78, 0x0, 0xb4, 0x0, 0xc0, 0x9,
    0x80, 0x21, 0x0, 0x8e, 0x80, 0xa, 0x0, 0x40,
    0x8, 0x40, 0x22, 0x0, 0xca, 0xe0, 0x11, 0x88,
    0x4, 0xa0, 0x15, 0x80, 0x75, 0x0, 0x46, 0x60,
    0x8, 0x4c, 0x0, 0xd0, 0x20, 0x4, 0xf2, 0x30,
    0x6, 0x88, 0x5, 0xe0, 0x13, 0xf7, 0x3e, 0xca,
    0xb8, 0x0, 0x34, 0x1, 0x1d, 0x0, 0x61, 0x0,
    0x2b, 0x95, 0x0, 0x12, 0x0, 0x25, 0xd6, 0x20,
    0x13, 0xaa, 0x0, 0x15, 0x80, 0xe, 0x80,

    /* U+0027 "'" */
    0xff, 0x8c, 0x3, 0xff, 0xa8, 0xcd, 0x10,

    /* U+0028 "(" */
    0x0, 0xf5, 0x77, 0x24, 0x3, 0xd6, 0xa2, 0xf2,
    0x1, 0xd4, 0x80, 0xd2, 0x1, 0xcc, 0xa0, 0x92,
    0x1, 0xc3, 0x20, 0x34, 0x1, 0xe8, 0x0, 0x40,
    0x80, 0x70, 0xb0, 0x13, 0x0, 0x7a, 0x40, 0x16,
    0x1, 0xf2, 0x80, 0x18, 0x3, 0xc4, 0x40, 0x40,
    0xf, 0x90, 0x1, 0x80, 0x1f, 0x78, 0x0, 0x80,
    0x3e, 0x20, 0x0, 0x80, 0x7c, 0xe0, 0x7, 0x0,
    0xf8, 0x40, 0x3f, 0xc2, 0x1, 0xfe, 0x70, 0x3,
    0x80, 0x7c, 0x40, 0x1, 0x0, 0xfb, 0xc0, 0x4,
    0x1, 0xf2, 0x80, 0x34, 0x3, 0xe3, 0x10, 0x50,
    0xf, 0xce, 0x0, 0x50, 0xf, 0xac, 0x1, 0x20,
    0x1f, 0x12, 0x81, 0xa8, 0x7, 0xd0, 0x0, 0xb0,
    0xf, 0x8a, 0x0, 0x68, 0x3, 0xe7, 0x40, 0x58,
    0x0, 0xfa, 0xcc, 0x1d, 0xc0, 0x1f, 0x62, 0x4,
    0x48, 0x0,

    /* U+0029 ")" */
    0x7, 0xee, 0x60, 0x80, 0x7c, 0xf0, 0x27, 0x82,
    0x1, 0xf3, 0x48, 0x16, 0x80, 0x7e, 0x67, 0x3,
    0x90, 0xf, 0xd0, 0x60, 0xc8, 0x1, 0xfb, 0xc0,
    0x10, 0x1, 0xf8, 0xd4, 0xd, 0x0, 0x3f, 0x48,
    0x3, 0xc0, 0x3f, 0x19, 0x2, 0x8, 0x7, 0xe5,
    0x0, 0x20, 0x7, 0xec, 0x0, 0x60, 0x7, 0xe6,
    0x0, 0x28, 0x7, 0xe2, 0x0, 0x18, 0x7, 0xff,
    0xb0, 0x40, 0x4, 0x1, 0xf9, 0x40, 0xe, 0x1,
    0xf8, 0xc0, 0x18, 0x1, 0xfa, 0xc0, 0xe, 0x1,
    0xf1, 0x18, 0x18, 0x80, 0x7d, 0x60, 0x9, 0x0,
    0xf8, 0x98, 0x9, 0x40, 0x3e, 0xe0, 0x4, 0x0,
    0x7c, 0xe6, 0xa, 0xa0, 0xf, 0x2c, 0x1, 0x58,
    0x7, 0x96, 0x80, 0x7c, 0x40, 0x39, 0xe8, 0xb,
    0x8, 0x3, 0x80,

    /* U+002A "*" */
    0x0, 0xfb, 0xfe, 0x20, 0xf, 0xff, 0x73, 0x88,
    0x7, 0xfc, 0x2c, 0x27, 0x1d, 0x8c, 0x20, 0x1e,
    0x5b, 0xe9, 0x6a, 0x0, 0x1c, 0xf6, 0x0, 0x53,
    0xf4, 0x80, 0xb, 0xa6, 0x10, 0x8, 0xc0, 0x24,
    0x0, 0xc9, 0x27, 0x3d, 0x6a, 0x1, 0xf2, 0x57,
    0xda, 0x80, 0x49, 0x5a, 0x1, 0xd7, 0x65, 0x0,
    0xfd, 0x20, 0x1d, 0x42, 0x1, 0xf9, 0xd0, 0x1,
    0x62, 0x3, 0x60, 0x1f, 0x1c, 0x0, 0x21, 0x28,
    0x0, 0xac, 0x1, 0xc3, 0xa0, 0x4, 0x70, 0x47,
    0x0, 0x49, 0x80, 0x64, 0x10, 0x1a, 0x0, 0xa0,
    0xc0, 0x16, 0x1, 0x97, 0xa, 0x84, 0x3, 0x70,
    0xd4, 0x0, 0x71, 0xea, 0x0, 0x71, 0x72, 0x80,
    0x40,

    /* U+002B "+" */
    0x0, 0xfa, 0xae, 0xc2, 0x1, 0xff, 0xc1, 0x54,
    0x41, 0x80, 0x7f, 0xff, 0xc0, 0x3f, 0xf8, 0xbf,
    0xfe, 0x0, 0xb7, 0xff, 0x8c, 0x3, 0xff, 0x8c,
    0x45, 0xe0, 0x8, 0x48, 0xb8, 0x1, 0xbb, 0xe0,
    0xb, 0x37, 0x78, 0xc0, 0x3f, 0xff, 0xe0, 0x1f,
    0xe0,

    /* U+002C "," */
    0x2, 0x99, 0xca, 0x8, 0xcd, 0x80, 0x1e, 0x1,
    0xa, 0x81, 0x0, 0x52, 0x0, 0x50, 0x9, 0x80,
    0x44, 0x0, 0x51, 0x5, 0x0, 0xa4, 0x0, 0x60,
    0x2, 0x30, 0x6, 0x80, 0x2c, 0x2, 0x70, 0x3,
    0x0, 0x40,

    /* U+002D "-" */
    0x18, 0x8f, 0xe3, 0x27, 0x7f, 0xe4, 0x0, 0xff,
    0xe5, 0x0,

    /* U+002E "." */
    0x0, 0x11, 0x90, 0x5, 0x3b, 0x9b, 0x80, 0x2c,
    0x1, 0x1a, 0x18, 0x7, 0x11, 0x0, 0x39, 0x42,
    0x88, 0x6, 0xc,

    /* U+002F "/" */
    0x0, 0xff, 0xb3, 0xfc, 0xa0, 0x1f, 0xe2, 0x30,
    0x2, 0x80, 0x7f, 0x94, 0x0, 0xc0, 0x1f, 0xf5,
    0x0, 0x28, 0x3, 0xfc, 0x64, 0x4, 0x60, 0x1f,
    0xea, 0x0, 0x28, 0x7, 0xfc, 0xc0, 0xa, 0x0,
    0xff, 0x28, 0x0, 0xc8, 0x3, 0xfd, 0xc0, 0xa,
    0x0, 0xff, 0xa, 0x0, 0x18, 0x3, 0xfc, 0xc0,
    0x5, 0x0, 0xff, 0xa8, 0x1, 0xc0, 0x1f, 0xe3,
    0x20, 0x14, 0x0, 0xff, 0x50, 0x1, 0x80, 0x3f,
    0xe7, 0x0, 0x50, 0x7, 0xf9, 0x44, 0xc, 0x80,
    0x3f, 0xdc, 0x0, 0xa0, 0xf, 0xf0, 0xa0, 0x1,
    0xc0, 0x3f, 0xcc, 0x0, 0x51, 0x0, 0xff, 0x50,
    0x3, 0x80, 0x3f, 0xc4, 0x40, 0x14, 0x0, 0xff,
    0x50, 0x1, 0x80, 0x3f, 0xe6, 0x0, 0x50, 0x7,
    0xf9, 0x4, 0xc, 0x80, 0x3f, 0xdc, 0x0, 0xa0,
    0xf, 0xf0, 0xa8, 0x1, 0xc0, 0x3f, 0xce, 0x0,
    0x41, 0x0, 0xff, 0x50, 0x3, 0x80, 0x3f, 0xc4,
    0x60, 0x2a, 0x1, 0xfe,

    /* U+0030 "0" */
    0x0, 0xc2, 0xd9, 0xdf, 0xd9, 0x4, 0x1, 0xf2,
    0x7c, 0x98, 0x80, 0x9b, 0xeb, 0x0, 0x72, 0x58,
    0x80, 0x7e, 0x97, 0x0, 0xd4, 0x1, 0x47, 0x7f,
    0xa8, 0x40, 0x10, 0x40, 0x7, 0x10, 0x5, 0xb8,
    0x80, 0x17, 0x0, 0x28, 0x0, 0x50, 0x1, 0x10,
    0x1, 0xc4, 0xe0, 0x5, 0x2, 0x20, 0x3, 0x80,
    0x3e, 0xb0, 0x9, 0x58, 0x2, 0x60, 0xf, 0x8c,
    0x2, 0xd3, 0x0, 0x88, 0x1, 0x39, 0x42, 0x0,
    0x10, 0x1, 0x78, 0x7, 0x2b, 0x1a, 0xc8, 0x7,
    0x8, 0x80, 0x3f, 0xf8, 0x6e, 0x1, 0xe4, 0x30,
    0x2a, 0x0, 0xf0, 0x80, 0x70, 0xe7, 0xe9, 0x0,
    0x73, 0xf8, 0x7, 0xff, 0xc, 0x4c, 0x2, 0x20,
    0xf, 0xc2, 0x0, 0x26, 0x0, 0x94, 0x3, 0xe3,
    0x0, 0xb4, 0x88, 0x0, 0xd0, 0xf, 0xac, 0x2,
    0x50, 0xa0, 0x2, 0x20, 0x3, 0x89, 0xc0, 0xa,
    0x0, 0x71, 0x0, 0x5b, 0x88, 0x1, 0x70, 0x2,
    0x80, 0xa, 0x80, 0x28, 0xef, 0xf5, 0x8, 0x2,
    0x8, 0x2, 0x4b, 0x10, 0xf, 0xd2, 0xe0, 0x1c,
    0x9f, 0x6, 0x20, 0x26, 0xfa, 0xc0, 0x10,

    /* U+0031 "1" */
    0x0, 0xe5, 0xff, 0xea, 0x0, 0xff, 0x25, 0x0,
    0x7f, 0xf0, 0xce, 0xc0, 0x4, 0x1, 0xff, 0xc0,
    0x3c, 0x0, 0x16, 0x8, 0x7, 0xf8, 0xb4, 0x0,
    0x38, 0x20, 0x1f, 0xe2, 0xc1, 0x1, 0xc1, 0x0,
    0xff, 0xe1, 0xe, 0x10, 0x7, 0xff, 0x0, 0xbc,
    0xf4, 0x80, 0x3f, 0xf8, 0x43, 0x86, 0x1, 0xff,
    0xff, 0x0, 0xff, 0xff, 0x80, 0x7f, 0xf8, 0x4f,
    0xff, 0xc2, 0x0, 0x5f, 0xfe, 0x10, 0xf, 0xfe,
    0xc0,

    /* U+0032 "2" */
    0x0, 0xc5, 0x19, 0xdf, 0xd9, 0x2, 0x1, 0xf4,
    0x6b, 0x98, 0x80, 0x9b, 0xf3, 0x80, 0x75, 0x38,
    0x7, 0xf4, 0x38, 0x4, 0xca, 0x0, 0x19, 0xcd,
    0xb4, 0x0, 0xa0, 0x40, 0x10, 0x0, 0x1f, 0x63,
    0x24, 0xb4, 0x0, 0x9c, 0x5, 0xc0, 0x14, 0x20,
    0x1d, 0xe0, 0x16, 0x0, 0xcf, 0xd2, 0x0, 0x79,
    0x40, 0x3f, 0x28, 0x7, 0xc6, 0x1, 0x18, 0x7,
    0xff, 0x1, 0x0, 0x2c, 0x0, 0xff, 0xe0, 0x40,
    0x0, 0x54, 0x3, 0xfe, 0xa1, 0x0, 0x58, 0x7,
    0xfd, 0x2a, 0x0, 0x65, 0x0, 0xff, 0x53, 0x0,
    0x16, 0x40, 0x3f, 0x87, 0x14, 0x0, 0xf4, 0x1,
    0xfc, 0x7e, 0x60, 0x9, 0x80, 0xf, 0xe5, 0xc1,
    0x1, 0xc6, 0x0, 0xfe, 0x7a, 0x0, 0x1f, 0x98,
    0x7, 0xf5, 0x40, 0x1, 0x70, 0x40, 0x3f, 0xb1,
    0x40, 0xf, 0x62, 0x3f, 0xc0, 0x3, 0x0, 0x9f,
    0xbb, 0xfc, 0xe0, 0x1f, 0xfd, 0x60,

    /* U+0033 "3" */
    0x0, 0xc9, 0x3b, 0xfe, 0xec, 0x93, 0x0, 0xf0,
    0xdd, 0x98, 0x80, 0x2, 0x6d, 0x96, 0x20, 0x10,
    0xfa, 0x0, 0x7f, 0x26, 0x80, 0x56, 0x20, 0x6,
    0xce, 0xfd, 0x80, 0x8, 0xd4, 0x1, 0x50, 0x39,
    0x26, 0x20, 0x4f, 0x40, 0x16, 0x0, 0x4f, 0xc6,
    0x1, 0xe7, 0x0, 0xff, 0xe2, 0x20, 0x5, 0xa0,
    0x1f, 0xe2, 0x89, 0x0, 0x2a, 0x0, 0x7a, 0xbf,
    0xed, 0x70, 0x18, 0xa0, 0xf, 0xfe, 0xa, 0x7b,
    0x80, 0x7f, 0xf0, 0x93, 0xa4, 0x3, 0xf5, 0x7f,
    0xbb, 0x18, 0x0, 0xd8, 0x1, 0xfe, 0x13, 0x99,
    0x0, 0xd, 0xc0, 0x3f, 0xf8, 0xc, 0x20, 0xa,
    0x0, 0xff, 0xe0, 0xa8, 0x0, 0x80, 0x3f, 0xf8,
    0xe5, 0xac, 0x1, 0xf9, 0x40, 0x32, 0x69, 0x4a,
    0x0, 0x79, 0xc4, 0x0, 0xa0, 0x20, 0x15, 0xc9,
    0x88, 0x8e, 0x60, 0x2, 0x90, 0x58, 0x0, 0x9b,
    0x3b, 0x98, 0xc0, 0x14, 0x18, 0x1, 0xe8, 0x40,
    0x3f, 0xa5, 0xc0, 0x32, 0xf4, 0xa0, 0x80, 0x5,
    0x27, 0xd8, 0x2,

    /* U+0034 "4" */
    0x0, 0xfe, 0x1e, 0xff, 0xc0, 0x1f, 0xfc, 0x1b,
    0x10, 0xf, 0xfe, 0x22, 0x28, 0x7, 0xff, 0x16,
    0x80, 0x8, 0x1, 0xff, 0xc2, 0x81, 0x6, 0xd0,
    0xf, 0xfe, 0x9, 0xb8, 0xc, 0x0, 0x7f, 0xf0,
    0xbc, 0x1, 0x62, 0x1, 0xff, 0xc1, 0x73, 0x4,
    0x50, 0xf, 0xfe, 0x9, 0x40, 0x2, 0x40, 0x3f,
    0xf8, 0x52, 0x0, 0x82, 0x0, 0xff, 0xe0, 0xaa,
    0x1, 0x38, 0x7, 0xff, 0x4, 0x6c, 0x1, 0xc0,
    0x1f, 0xfc, 0x2b, 0x10, 0x63, 0x0, 0xff, 0xe0,
    0xa2, 0x80, 0xc8, 0x7, 0xff, 0xa, 0x40, 0x16,
    0x1, 0xff, 0xc3, 0x20, 0x5, 0x7f, 0xfa, 0x40,
    0x2f, 0xf8, 0x80, 0x3f, 0xf9, 0x4, 0x5f, 0xe1,
    0x0, 0x88, 0xa3, 0xd, 0xdf, 0xf4, 0x0, 0x5b,
    0xb0, 0x80, 0x7f, 0xfb, 0x40,

    /* U+0035 "5" */
    0x0, 0x47, 0xff, 0xff, 0x1, 0x40, 0x22, 0x0,
    0xff, 0xe2, 0x8, 0x7, 0xff, 0x11, 0xc0, 0x17,
    0xbb, 0xfc, 0xa0, 0x10, 0x80, 0x14, 0x8b, 0xf8,
    0x3, 0x18, 0x0, 0x40, 0x3f, 0xf8, 0x22, 0x2,
    0x1, 0xff, 0xc1, 0x10, 0x1, 0x80, 0xc6, 0x77,
    0x2d, 0x80, 0x38, 0xc0, 0xc, 0x38, 0xe6, 0x22,
    0x49, 0xd2, 0x0, 0x84, 0x2, 0xd2, 0x0, 0xf1,
    0x60, 0x80, 0x1c, 0x0, 0x87, 0x3d, 0xfd, 0x22,
    0x0, 0x18, 0x0, 0x33, 0xaa, 0x6b, 0x8, 0xb,
    0x60, 0x4, 0xc2, 0x5, 0x15, 0x64, 0x1, 0xc4,
    0xe0, 0x12, 0x0, 0x7f, 0xf0, 0x30, 0x2, 0x20,
    0xf, 0xfe, 0x3, 0x80, 0x7f, 0xf1, 0x18, 0x2,
    0x10, 0x2, 0xf0, 0x80, 0x7d, 0x80, 0x12, 0x4,
    0x50, 0xe8, 0x80, 0x71, 0x30, 0x0, 0x88, 0x4,
    0x0, 0x3f, 0x62, 0x2, 0x6c, 0x0, 0xa0, 0x1,
    0x46, 0x0, 0x19, 0xdf, 0xd9, 0x10, 0x2, 0xa8,
    0x2, 0xc6, 0x0, 0xfe, 0x7a, 0x0, 0xe9, 0xd7,
    0x30, 0x0, 0x9b, 0xec, 0x0, 0x40,

    /* U+0036 "6" */
    0x0, 0xf8, 0x73, 0xfe, 0xc2, 0x0, 0xfe, 0x3f,
    0x30, 0x4, 0x61, 0x0, 0x7e, 0x4c, 0x10, 0x1c,
    0x70, 0xf, 0xe3, 0xb0, 0x1, 0xf9, 0x80, 0x7f,
    0xe, 0x80, 0x13, 0x4, 0x3, 0xfd, 0x42, 0x5,
    0x60, 0x1f, 0xf2, 0xa0, 0x3, 0xc0, 0x3f, 0xf8,
    0x10, 0x0, 0x72, 0x5b, 0xdc, 0xa5, 0x0, 0xe4,
    0x20, 0x5, 0x65, 0x21, 0x1a, 0xd6, 0x90, 0x5,
    0xc0, 0x4, 0x93, 0x0, 0xf1, 0x60, 0x80, 0x10,
    0x0, 0xc9, 0x1b, 0xfd, 0x44, 0x0, 0x1a, 0x1,
    0x10, 0x0, 0xb1, 0xc8, 0x5, 0x70, 0x40, 0x8,
    0x44, 0x0, 0x90, 0xc0, 0x38, 0x60, 0x2, 0x47,
    0x0, 0xb0, 0x3, 0xe4, 0x0, 0xb9, 0xc0, 0x21,
    0x0, 0xf8, 0xc0, 0x21, 0x10, 0x7, 0xfc, 0x60,
    0x17, 0x10, 0x80, 0x30, 0x3, 0xe7, 0x0, 0x8c,
    0x1c, 0x0, 0xa4, 0x1, 0xe8, 0x0, 0xa, 0x4,
    0x0, 0x58, 0xa0, 0x11, 0xe1, 0x0, 0x24, 0x0,
    0x34, 0x0, 0x1a, 0xfe, 0xfc, 0x30, 0x2, 0x38,
    0x4, 0xb4, 0x20, 0x10, 0x80, 0x66, 0xb0, 0xe,
    0x5e, 0x84, 0x10, 0x13, 0x7d, 0x90, 0x8,

    /* U+0037 "7" */
    0x1f, 0xff, 0xfe, 0x1a, 0x0, 0x7f, 0xf6, 0xbf,
    0xff, 0x38, 0x4, 0xc0, 0x1f, 0xfc, 0x6, 0x0,
    0x21, 0x0, 0x7f, 0xcc, 0x20, 0xf, 0x0, 0xff,
    0xe0, 0x58, 0x0, 0x90, 0x7, 0xfe, 0x0, 0xf2,
    0x10, 0x2, 0xc0, 0x3f, 0xf8, 0x1e, 0x1, 0x30,
    0x7, 0xfc, 0x48, 0x0, 0x60, 0xf, 0xfe, 0x5,
    0x80, 0x56, 0x1, 0xff, 0xc0, 0x60, 0x2, 0x10,
    0x7, 0xfc, 0xe0, 0x17, 0x80, 0x7f, 0xf0, 0x28,
    0x0, 0x48, 0x1, 0xff, 0x29, 0x0, 0x2c, 0x3,
    0xff, 0x81, 0x20, 0x13, 0x0, 0x7f, 0xc6, 0x60,
    0x3, 0x0, 0x7f, 0xf0, 0x24, 0x2, 0xb0, 0xf,
    0xf8, 0x54, 0x0, 0x84, 0x1, 0xff, 0x48, 0x5,
    0xe0, 0x1f, 0xfc, 0x6, 0x0, 0x12, 0x0, 0x7f,
    0xcc, 0x20, 0xb, 0x0, 0xfc,

    /* U+0038 "8" */
    0x0, 0xcb, 0x5b, 0xff, 0x6d, 0xb0, 0x7, 0x8b,
    0x69, 0x48, 0x2, 0x24, 0x9e, 0x40, 0x8, 0x70,
    0x80, 0x30, 0x80, 0x61, 0xb3, 0x0, 0x48, 0x80,
    0x13, 0x3f, 0xbf, 0x58, 0x2, 0xf0, 0x2, 0x0,
    0xa, 0xcc, 0x2, 0x29, 0x50, 0x1, 0x80, 0x73,
    0x80, 0x7d, 0xa0, 0x1c, 0x80, 0x7, 0x0, 0xfb,
    0x40, 0x8, 0x0, 0x91, 0x2, 0x91, 0x0, 0xce,
    0xa0, 0x9, 0x0, 0xf, 0xa0, 0x37, 0x6e, 0x6f,
    0xc0, 0x1e, 0x90, 0x4, 0x37, 0x40, 0x2, 0x32,
    0x0, 0x3e, 0x10, 0x6, 0x1b, 0xa0, 0xf, 0x9f,
    0xc, 0x2, 0x2f, 0x40, 0x19, 0xdf, 0xeb, 0x30,
    0x3c, 0x50, 0x7, 0x88, 0x17, 0x31, 0x0, 0xa6,
    0x20, 0x2, 0x85, 0x8, 0x1, 0x60, 0x1f, 0x40,
    0x4, 0xc6, 0x1, 0x28, 0x7, 0xc6, 0x1, 0x68,
    0x7, 0xff, 0x14, 0x40, 0x26, 0x0, 0xf8, 0x80,
    0x23, 0x70, 0xa, 0x40, 0x3e, 0xb0, 0xb, 0x5,
    0x40, 0x7, 0x86, 0x1, 0x15, 0x30, 0x0, 0x94,
    0x2c, 0x80, 0x7, 0x9f, 0xdf, 0xaa, 0x1, 0x70,
    0x0, 0x71, 0x0, 0x30, 0x80, 0x62, 0xc3, 0x0,
    0x86, 0xf1, 0x8c, 0x40, 0x4, 0xd7, 0xa6, 0x0,

    /* U+0039 "9" */
    0x0, 0xc5, 0x19, 0xdf, 0xd9, 0x2, 0x1, 0xf4,
    0x6b, 0x98, 0x80, 0x9b, 0xf3, 0x80, 0x75, 0x38,
    0x6, 0x10, 0xd, 0x10, 0x0, 0x99, 0x40, 0x7,
    0x7f, 0xdf, 0x86, 0x0, 0x74, 0x0, 0x40, 0x0,
    0xb1, 0x0, 0x23, 0xc3, 0x0, 0x40, 0x18, 0x80,
    0x28, 0x3, 0xe9, 0x0, 0x18, 0xb0, 0x4, 0x60,
    0x1f, 0x30, 0x4, 0x86, 0x1, 0xff, 0xc3, 0x32,
    0x0, 0x8c, 0x3, 0xe5, 0x0, 0x85, 0x40, 0x29,
    0x10, 0xf, 0x58, 0x4, 0x22, 0x50, 0x0, 0xe2,
    0x88, 0xa, 0xe9, 0x80, 0x46, 0x16, 0x20, 0x2,
    0xae, 0xfe, 0xa3, 0x60, 0x9, 0x0, 0x70, 0x80,
    0x3c, 0x38, 0x80, 0x2, 0x10, 0x1, 0x6d, 0x29,
    0x92, 0x4f, 0x9, 0x80, 0x28, 0x3, 0x96, 0xb3,
    0x6d, 0x82, 0x0, 0x26, 0x0, 0xff, 0x95, 0x0,
    0xe, 0x20, 0x1f, 0xe2, 0xa0, 0x0, 0xc0, 0x7,
    0xf8, 0x70, 0x2, 0xd0, 0xf, 0xf1, 0x60, 0x80,
    0x24, 0xc0, 0x3f, 0x8f, 0x8, 0x1, 0xc, 0x1,
    0xfc, 0xd8, 0x20, 0x9, 0x70, 0xf, 0xc3, 0x52,
    0x0, 0x2c, 0x60, 0xf, 0x0,

    /* U+003A ":" */
    0x5, 0xdf, 0xe7, 0x0, 0x51, 0x0, 0xc1, 0x90,
    0x7, 0x29, 0x80, 0x71, 0xb, 0x0, 0x46, 0x81,
    0x3b, 0x7b, 0x80, 0x11, 0x21, 0x0, 0x7f, 0xf5,
    0x8, 0xc8, 0x2, 0x9d, 0xcd, 0xc0, 0x16, 0x0,
    0x8d, 0xc, 0x3, 0x88, 0x80, 0x1c, 0xa1, 0x44,
    0x3, 0x6,

    /* U+003B ";" */
    0x5, 0xdf, 0xe7, 0x0, 0x51, 0x0, 0xc1, 0x90,
    0x7, 0x29, 0x80, 0x71, 0xb, 0x0, 0x46, 0x81,
    0x3b, 0x7b, 0x80, 0x11, 0x21, 0x0, 0x7f, 0xf6,
    0x93, 0xff, 0x40, 0x18, 0x6, 0xa0, 0xd0, 0x9,
    0x8, 0x1c, 0x2, 0xe0, 0x1, 0x0, 0x5, 0x40,
    0xc0, 0x29, 0x0, 0x30, 0x4, 0xc0, 0xd, 0x0,
    0x28, 0x80, 0xc, 0x1, 0x20, 0x16, 0x33, 0x98,
    0x4,

    /* U+003C "<" */
    0x0, 0xff, 0xe1, 0x8, 0x7, 0xff, 0x0, 0xad,
    0x80, 0x3f, 0xc3, 0x3a, 0x80, 0x1f, 0xe7, 0xe6,
    0x0, 0xff, 0x2e, 0xc0, 0x4, 0x8a, 0x1, 0xc7,
    0x94, 0x40, 0x3, 0xbb, 0x10, 0x4, 0x35, 0x86,
    0x0, 0x1a, 0xc4, 0x0, 0xd1, 0xca, 0x1, 0x47,
    0x28, 0x6, 0x2e, 0x70, 0x9, 0xb9, 0xc0, 0x3c,
    0xc2, 0x0, 0x4d, 0x91, 0x0, 0xff, 0xb8, 0x80,
    0x3f, 0xf8, 0x35, 0x86, 0x1, 0xf9, 0x2c, 0x80,
    0x7, 0x96, 0x40, 0x1f, 0x26, 0xc8, 0x80, 0x13,
    0x64, 0x40, 0x3e, 0x6f, 0x70, 0x9, 0xb9, 0xc0,
    0x3e, 0x18, 0xd5, 0x0, 0xa3, 0x94, 0x3, 0xe2,
    0xac, 0x30, 0x0, 0xd3, 0x80, 0x7e, 0x3c, 0xa1,
    0x0, 0xff, 0xe0, 0xaf, 0x40, 0x7, 0xff, 0x9,
    0xf9, 0x0,

    /* U+003D "=" */
    0xe, 0xef, 0xfe, 0x19, 0x80, 0x8f, 0xff, 0xc,
    0x3, 0xff, 0x8f, 0xff, 0xff, 0xc3, 0x30, 0xf,
    0xff, 0x47, 0x77, 0xff, 0xc, 0xc0, 0x47, 0xff,
    0x86, 0x1, 0xff, 0xc6,

    /* U+003E ">" */
    0x0, 0xff, 0xe1, 0xa6, 0xa0, 0x7, 0xff, 0x4,
    0xae, 0xc4, 0x1, 0xff, 0xc1, 0x4d, 0x91, 0x0,
    0xfc, 0xac, 0x1, 0x37, 0xb8, 0x7, 0xc3, 0x3a,
    0x80, 0x1, 0x8d, 0x40, 0xf, 0x8a, 0xec, 0x40,
    0x2, 0xbb, 0x18, 0x7, 0xc9, 0xb2, 0x20, 0x4,
    0xc9, 0x10, 0xf, 0x9b, 0xa0, 0x2, 0x6e, 0x40,
    0xf, 0xcf, 0xcc, 0x1, 0x18, 0x7, 0xf0, 0xd0,
    0x80, 0x7f, 0xc5, 0x58, 0x20, 0x1f, 0xc3, 0x3a,
    0xa0, 0x1, 0x97, 0x0, 0xe7, 0xf6, 0x0, 0x9f,
    0x98, 0x3, 0x2e, 0xc0, 0x80, 0x17, 0x60, 0x3,
    0x1e, 0x51, 0x0, 0xf, 0x28, 0x80, 0x31, 0xe1,
    0x80, 0x6, 0xb0, 0xc0, 0x3c, 0xe0, 0x14, 0x72,
    0x80, 0x7f, 0x9b, 0x9c, 0x3, 0xfc, 0xdb, 0x22,
    0x1, 0xff, 0x0,

    /* U+003F "?" */
    0x0, 0x8a, 0x33, 0xbf, 0xb2, 0x8, 0x3, 0x9f,
    0x5c, 0xc4, 0x4, 0xdf, 0x60, 0x2, 0x88, 0x0,
    0x7f, 0x3c, 0x1, 0xb8, 0x0, 0x67, 0x7b, 0x5c,
    0x2, 0x72, 0xb0, 0x0, 0xfb, 0x10, 0x94, 0x40,
    0x2, 0x48, 0xe9, 0xa1, 0x0, 0xe4, 0x0, 0xb8,
    0x5, 0x90, 0x3, 0xce, 0x1, 0x70, 0x7, 0xfb,
    0xc0, 0x27, 0x0, 0xf8, 0xdf, 0x50, 0x0, 0xe2,
    0x1, 0xd9, 0xf9, 0x4, 0x0, 0x78, 0x0, 0xff,
    0x97, 0x60, 0x3, 0xfc, 0xbf, 0x44, 0x1, 0xff,
    0x18, 0x7, 0xff, 0x3b, 0x3f, 0xd2, 0x1, 0xff,
    0xdc, 0x2c, 0xff, 0x60, 0x80, 0x7f, 0x59, 0x80,
    0xe, 0x0, 0x3f, 0x88, 0x3, 0x18, 0x7, 0xf1,
    0x0, 0x62, 0x0, 0xfe, 0x84, 0x0, 0x24, 0x80,
    0x70,

    /* U+0040 "@" */
    0x0, 0xe7, 0xbe, 0xfe, 0xd9, 0x20, 0xf, 0x8f,
    0xa1, 0x4, 0x4, 0x9b, 0x64, 0x3, 0x8b, 0x44,
    0x5, 0xa1, 0xd4, 0x0, 0xd4, 0x1, 0xa4, 0x41,
    0xba, 0x5e, 0x2b, 0x90, 0x15, 0x0, 0x4, 0x80,
    0x72, 0x1, 0xc3, 0x62, 0x1e, 0x0, 0xa0, 0x4,
    0x0, 0x53, 0xdf, 0x62, 0x80, 0x80, 0x4, 0x0,
    0x20, 0x2, 0xd8, 0x41, 0x30, 0xc0, 0x2, 0x6,
    0x6, 0x0, 0x44, 0x0, 0xcd, 0xbb, 0x80, 0x6,
    0x40, 0x6, 0x0, 0x70, 0x2, 0x99, 0x28, 0x80,
    0x2, 0x20, 0x1, 0x80, 0x1c, 0x0, 0x80, 0x12,
    0x80, 0x4e, 0x0, 0x10, 0x1, 0x1, 0x0, 0x7e,
    0x10, 0xf, 0xfe, 0xa8, 0x80, 0x7f, 0xf2, 0x88,
    0x8, 0x3, 0xf3, 0x80, 0x4, 0x0, 0xe0, 0x3,
    0x0, 0x94, 0x2, 0x20, 0x1, 0x80, 0x3c, 0x1,
    0xac, 0x94, 0x40, 0x10, 0x88, 0x18, 0x0, 0xa8,
    0x3, 0x36, 0xee, 0x0, 0xca, 0x6, 0x1, 0x5b,
    0x8, 0x27, 0xe2, 0xa8, 0x83, 0x40, 0xc, 0x1,
    0x4f, 0x7d, 0x92, 0xd5, 0x4, 0x1c, 0x1, 0x2,
    0x1, 0xff, 0xc0, 0x17, 0x1, 0xc3, 0x0, 0xff,
    0xe0, 0x41, 0x81, 0x66, 0x26, 0x1d, 0xe3, 0x0,
    0xf6, 0x28, 0x0, 0xd9, 0xe2, 0x24, 0x0, 0xfa,
    0xb1, 0xcc, 0x40, 0x3f, 0x0,

    /* U+0041 "A" */
    0x0, 0xfb, 0xff, 0x8c, 0x3, 0xff, 0x80, 0x80,
    0x1d, 0x60, 0x1f, 0xfc, 0xd, 0x0, 0xe4, 0x0,
    0xff, 0xe0, 0x20, 0x1, 0x80, 0x6, 0x20, 0x1f,
    0xe2, 0x20, 0x2, 0x0, 0x27, 0x0, 0xff, 0x28,
    0x1, 0x5, 0x40, 0x1a, 0x1, 0xfe, 0xb0, 0x6,
    0x6, 0x0, 0x10, 0x3, 0xf8, 0x4c, 0x0, 0x80,
    0xe0, 0x12, 0x0, 0x7e, 0x40, 0x0, 0x98, 0x9,
    0x0, 0x34, 0x3, 0xf7, 0x80, 0x10, 0x2, 0x40,
    0x3, 0x80, 0x7e, 0x40, 0x7, 0x80, 0x5a, 0x0,
    0x12, 0x0, 0xf1, 0x88, 0x1, 0x0, 0x24, 0x0,
    0x94, 0x3, 0xd6, 0x0, 0x31, 0x0, 0xc8, 0x0,
    0xb0, 0xf, 0x28, 0x0, 0xff, 0xf9, 0x0, 0x6,
    0x20, 0x18, 0x88, 0x1, 0xff, 0xc0, 0x40, 0xc,
    0x80, 0x1f, 0xfc, 0x1f, 0x0, 0xda, 0x0, 0x2f,
    0xff, 0x8c, 0x0, 0xa0, 0x19, 0x0, 0xa, 0x1,
    0xf5, 0x80, 0x48, 0x0, 0x50, 0xb, 0x0, 0x3e,
    0x40, 0xb, 0x0, 0x18, 0x1, 0x20, 0x7, 0xc6,
    0x20, 0x5, 0x0, 0x38, 0x1, 0x0, 0x3f, 0x90,
    0x0, 0x44, 0x31, 0x0, 0x68, 0x7, 0xf7, 0x80,
    0x4a,

    /* U+0042 "B" */
    0x5f, 0xff, 0xdd, 0x6c, 0x1, 0xff, 0xc1, 0x14,
    0x9d, 0x20, 0xf, 0x11, 0x9c, 0x20, 0x11, 0x78,
    0x7, 0xbf, 0x32, 0xee, 0x20, 0x0, 0x94, 0x3,
    0xfc, 0x34, 0x1, 0x78, 0x7, 0xfc, 0x22, 0x0,
    0x8, 0x7, 0xff, 0xc, 0x40, 0x3f, 0xe1, 0x10,
    0x3, 0x40, 0x3f, 0xeb, 0x0, 0xb, 0x80, 0x74,
    0xd5, 0x57, 0xca, 0x7, 0xe0, 0x1e, 0x45, 0x59,
    0x4, 0x17, 0x4, 0x3, 0xff, 0x82, 0xbe, 0xc0,
    0x1e, 0xdf, 0xfd, 0xae, 0x0, 0x98, 0x0, 0xff,
    0x14, 0x38, 0x1, 0xc8, 0x3, 0xfe, 0xb0, 0x9,
    0x0, 0x3f, 0xe1, 0x0, 0xb8, 0x3, 0xfe, 0x10,
    0xb, 0xc0, 0x3f, 0xe5, 0x0, 0x8c, 0x3, 0xfc,
    0x92, 0x0, 0x14, 0x0, 0xdd, 0x99, 0xba, 0xc0,
    0x28, 0x0, 0xe3, 0x3e, 0x10, 0xa, 0x18, 0x3,
    0xfe, 0x15, 0xc7, 0x0, 0x0,

    /* U+0043 "C" */
    0x0, 0xe3, 0x9d, 0xef, 0xeb, 0x60, 0xf, 0xd5,
    0x8c, 0x42, 0x2, 0x93, 0xa4, 0x1, 0xd6, 0xa0,
    0x1f, 0x8b, 0x4, 0x2, 0x74, 0x0, 0x15, 0xff,
    0xb5, 0x40, 0x3, 0x60, 0x14, 0x80, 0xb, 0x50,
    0x0, 0x54, 0xa0, 0x5, 0x20, 0x51, 0x0, 0x40,
    0x7, 0xac, 0x0, 0x82, 0x1e, 0x1, 0x28, 0x7,
    0x87, 0x3e, 0xcc, 0x1c, 0x0, 0x60, 0x1f, 0x8c,
    0x3, 0x10, 0x1, 0xc0, 0x3f, 0xf8, 0x2, 0x1,
    0x8, 0x7, 0xff, 0xcc, 0x40, 0x21, 0x0, 0xff,
    0xe0, 0x90, 0x1, 0xc0, 0x3f, 0xf8, 0x2e, 0x0,
    0x30, 0xf, 0xc6, 0x1, 0xbc, 0x2, 0x50, 0xf,
    0xe, 0x7d, 0x98, 0x28, 0x80, 0x20, 0x40, 0x3a,
    0xc0, 0x8, 0x20, 0x9, 0x0, 0x16, 0x20, 0x81,
    0x5a, 0x80, 0x14, 0x80, 0xe, 0x80, 0x2, 0xbe,
    0xfd, 0x40, 0x0, 0xd8, 0x6, 0xb5, 0x0, 0xfc,
    0x58, 0x20, 0x1d, 0x58, 0xc4, 0x0, 0x14, 0x9d,
    0x20, 0x0,

    /* U+0044 "D" */
    0x6f, 0xff, 0xba, 0xdc, 0x40, 0x3f, 0xf8, 0x2,
    0x91, 0xea, 0x1, 0xff, 0xc2, 0x1a, 0x50, 0xf,
    0x6f, 0xfd, 0xae, 0x1, 0x50, 0x80, 0x7f, 0x14,
    0x48, 0x5, 0x20, 0x1f, 0xf3, 0x18, 0x1, 0x80,
    0x3f, 0xf8, 0x14, 0x0, 0x13, 0x0, 0xff, 0x94,
    0x2, 0x50, 0xf, 0xf8, 0x80, 0x2e, 0x0, 0xff,
    0xe1, 0x88, 0x7, 0xff, 0xc, 0xc0, 0x3f, 0xfa,
    0x66, 0x1, 0xff, 0xc3, 0x10, 0xf, 0xf8, 0x80,
    0x2e, 0x0, 0xff, 0x94, 0x2, 0x50, 0xf, 0xfa,
    0x80, 0x2, 0x60, 0x1f, 0xe6, 0x30, 0x3, 0x80,
    0x7f, 0x14, 0x48, 0x5, 0x0, 0x1d, 0xbf, 0xf6,
    0xb8, 0x5, 0x42, 0x1, 0xff, 0xc0, 0x1a, 0x50,
    0xf, 0xf0, 0x9c, 0x7a, 0x80, 0x40,

    /* U+0045 "E" */
    0x4f, 0xff, 0xfe, 0xd, 0x80, 0x7f, 0xf5, 0xab,
    0xff, 0xfa, 0xc0, 0x3f, 0xff, 0xe0, 0x1a, 0xbf,
    0xff, 0x94, 0x3, 0xff, 0xad, 0x5f, 0xff, 0xca,
    0x1, 0xff, 0xff, 0x0, 0xff, 0xe3, 0xd7, 0xff,
    0xf5, 0x80, 0x7f, 0xf4, 0x80,

    /* U+0046 "F" */
    0x4f, 0xff, 0xfe, 0x11, 0x0, 0x7f, 0xf6, 0x2b,
    0xff, 0xfc, 0x40, 0x1f, 0xff, 0xf0, 0xf, 0xea,
    0xff, 0xfe, 0x20, 0xf, 0xfe, 0xcd, 0x7f, 0xff,
    0x10, 0x7, 0xff, 0xfc, 0x3, 0xff, 0xf4,

    /* U+0047 "G" */
    0x0, 0xe6, 0xbe, 0xff, 0x6c, 0x90, 0x7, 0xc7,
    0xd2, 0x82, 0x0, 0x26, 0xd8, 0x0, 0xe3, 0xc1,
    0x0, 0xfc, 0xf2, 0x1, 0xb8, 0x2, 0x6d, 0xff,
    0x50, 0x80, 0x19, 0x0, 0xa, 0x40, 0x7, 0x92,
    0x0, 0x2e, 0x0, 0x5e, 0x0, 0xe0, 0x0, 0xc0,
    0x7, 0x14, 0x13, 0x78, 0x1, 0x0, 0xe, 0x1,
    0xf3, 0xec, 0xa0, 0x18, 0x5, 0xe0, 0x1f, 0xfc,
    0x6, 0x0, 0x8c, 0x3, 0xff, 0x80, 0x60, 0x1f,
    0xfc, 0x41, 0x0, 0xfa, 0x7f, 0xfe, 0x0, 0xff,
    0xe7, 0x7a, 0x24, 0x60, 0x18, 0x40, 0x23, 0x0,
    0x9a, 0xee, 0xf0, 0xc, 0x40, 0x10, 0x80, 0x7f,
    0xf0, 0x14, 0x2, 0xe0, 0xf, 0x9c, 0x3, 0x9,
    0x0, 0x1c, 0x3, 0xec, 0x0, 0xe5, 0x0, 0xc,
    0x0, 0x70, 0xb0, 0x7, 0x48, 0x4, 0xf2, 0x40,
    0x5, 0xc3, 0x0, 0xe1, 0x80, 0x9, 0xb7, 0xfd,
    0x47, 0x20, 0x1e, 0x76, 0x0, 0xfa, 0x9c, 0x3,
    0xe9, 0xb5, 0x10, 0x15, 0xd4, 0x0, 0xe0,

    /* U+0048 "H" */
    0xbf, 0xf7, 0x0, 0x7d, 0x7f, 0xee, 0x0, 0xff,
    0xff, 0x80, 0x7f, 0xf9, 0x7, 0xff, 0xe4, 0x0,
    0xff, 0xec, 0xf, 0xff, 0xc8, 0x1, 0xff, 0xff,
    0x0, 0xff, 0xf9, 0x80,

    /* U+0049 "I" */
    0x7f, 0xff, 0xfe, 0xd, 0x0, 0x7f, 0xf0, 0xc9,
    0x13, 0x18, 0x4, 0x48, 0x9b, 0x56, 0xef, 0x78,
    0x5, 0x77, 0xce, 0x1, 0xff, 0xff, 0x0, 0xff,
    0xff, 0x80, 0x7f, 0xff, 0xd6, 0xef, 0x78, 0x5,
    0x77, 0xce, 0x48, 0x98, 0xc0, 0x22, 0x44, 0xda,
    0x1, 0xff, 0xc3,

    /* U+004A "J" */
    0x0, 0xa7, 0xff, 0xfd, 0x80, 0x1f, 0xfd, 0x59,
    0xff, 0xf8, 0x80, 0x3f, 0xff, 0xe0, 0x1f, 0xff,
    0xf0, 0xf, 0xfe, 0xb4, 0x67, 0xb8, 0x7, 0x88,
    0x0, 0xe0, 0xa6, 0x12, 0x20, 0x19, 0x40, 0x23,
    0xa, 0x0, 0xe, 0x20, 0x93, 0x50, 0x5, 0x60,
    0xe6, 0x0, 0x2b, 0xed, 0x90, 0x9, 0x8c, 0x1,
    0xa6, 0x1, 0xf9, 0xa4, 0x2, 0x1c, 0xa4, 0x10,
    0x1, 0x36, 0x48, 0x0,

    /* U+004B "K" */
    0x8f, 0xf8, 0x40, 0x3c, 0x3d, 0xff, 0x18, 0x7,
    0xfd, 0x42, 0x0, 0xa3, 0x0, 0xff, 0x42, 0x0,
    0x19, 0x40, 0x3f, 0xca, 0xe0, 0x3, 0x90, 0xf,
    0xf1, 0xd0, 0x0, 0x74, 0x3, 0xfc, 0x3c, 0x1,
    0x68, 0x80, 0x7f, 0xa8, 0x80, 0x12, 0x60, 0x1f,
    0xe8, 0x40, 0x3, 0x30, 0x3, 0xfc, 0x8e, 0x0,
    0x39, 0x0, 0xff, 0x1d, 0x0, 0x54, 0x1, 0xff,
    0x70, 0x80, 0x50, 0x1, 0xff, 0x18, 0x6, 0x18,
    0x0, 0xff, 0xe0, 0x61, 0x80, 0x1c, 0x80, 0x3f,
    0xd2, 0x7e, 0x1, 0x48, 0x7, 0xf3, 0x30, 0xd,
    0x40, 0x8, 0xa0, 0x1f, 0xa0, 0x2, 0xb0, 0xa,
    0xc0, 0x3f, 0xf8, 0x3, 0x0, 0x1, 0x80, 0xf,
    0xfe, 0x3, 0x90, 0x1, 0xc8, 0x3, 0xff, 0x81,
    0x20, 0x14, 0x80, 0x7f, 0xf0, 0x11, 0x0, 0x4,
    0x50, 0xf, 0xfe, 0x4, 0x80, 0x56, 0x1, 0xff,
    0xc0, 0x27, 0x0, 0xc, 0x0,

    /* U+004C "L" */
    0x8f, 0xf8, 0x3, 0xff, 0xfe, 0x1, 0xff, 0xff,
    0x0, 0xff, 0xff, 0x80, 0x7f, 0xf8, 0x44, 0x3,
    0xff, 0x85, 0xdf, 0xff, 0xc6, 0x1, 0xff, 0xd2,

    /* U+004D "M" */
    0x3f, 0xfc, 0xa0, 0x1e, 0xef, 0xf9, 0x80, 0x3a,
    0x40, 0x39, 0x44, 0x3, 0xf8, 0xc8, 0x3, 0x70,
    0x7, 0xfd, 0x40, 0x10, 0xa0, 0x7, 0xfc, 0xc0,
    0x14, 0x80, 0x7f, 0x13, 0x0, 0xa8, 0x1, 0x80,
    0x94, 0x3, 0xc7, 0x40, 0xe, 0x4, 0x10, 0xb0,
    0xf, 0xc6, 0x40, 0x83, 0xc0, 0x7, 0x10, 0xf,
    0xd4, 0x0, 0xb5, 0x5, 0x10, 0xf, 0xe6, 0x0,
    0x28, 0x2, 0x40, 0x3f, 0x8, 0xa, 0x80, 0x44,
    0x60, 0xe0, 0x1f, 0xdc, 0x1, 0x50, 0x7, 0xff,
    0x1, 0x8, 0x0, 0xc0, 0x1f, 0xfc, 0x1a, 0x5,
    0x10, 0xf, 0xfe, 0xb, 0x7, 0x0, 0x7f, 0xf0,
    0x85, 0xd0, 0x3, 0xff, 0x87, 0x0, 0x1f, 0xff,
    0xf0, 0xf, 0xfe, 0x30,

    /* U+004E "N" */
    0xbf, 0xfc, 0x20, 0x1c, 0x7f, 0xee, 0x0, 0xe6,
    0x0, 0xff, 0xe1, 0x50, 0x7, 0xff, 0x8, 0x90,
    0x3, 0xff, 0x85, 0xc0, 0x1f, 0xf2, 0x80, 0x14,
    0x40, 0x3f, 0xda, 0x60, 0x6, 0x0, 0xff, 0xa4,
    0x1, 0x40, 0x1f, 0xf2, 0x80, 0x8, 0xc0, 0x3f,
    0xe6, 0x0, 0x50, 0x7, 0xfd, 0x40, 0x6, 0x0,
    0xff, 0x8c, 0xc0, 0x6, 0x0, 0xff, 0xa8, 0x1,
    0x40, 0x1f, 0xf3, 0x80, 0xc, 0x80, 0x3f, 0xc2,
    0xa0, 0xb, 0x0, 0xff, 0xb8, 0x0, 0xee, 0x0,
    0xff, 0x21, 0x0, 0xf0, 0x7, 0xfd, 0x40, 0x5,
    0x0, 0xff, 0x98, 0x3, 0xff, 0x84, 0x28, 0x1,
    0xff, 0xc2, 0xf0, 0xf, 0xfe, 0x12, 0x8, 0x6,

    /* U+004F "O" */
    0x0, 0xc2, 0xd9, 0xdf, 0xd9, 0x4, 0x1, 0xf2,
    0x7c, 0x98, 0x80, 0x9b, 0xeb, 0x0, 0x72, 0x58,
    0x80, 0x7e, 0x97, 0x0, 0xd4, 0x1, 0x47, 0x7f,
    0x48, 0x80, 0x20, 0x80, 0xe, 0x20, 0xa, 0x71,
    0x1, 0x6d, 0x0, 0xa0, 0x1, 0x40, 0x2, 0x50,
    0xe, 0x35, 0x0, 0x28, 0x11, 0x0, 0xa, 0x1,
    0xf7, 0x80, 0x4a, 0xc0, 0x16, 0x80, 0x7c, 0xe0,
    0x16, 0x98, 0x4, 0xc0, 0x1f, 0x10, 0x4, 0x5e,
    0x1, 0xff, 0xc3, 0x11, 0x0, 0x7f, 0xf0, 0xdc,
    0x3, 0xff, 0x8a, 0x20, 0x1f, 0xfc, 0x37, 0xf0,
    0xf, 0xfe, 0x18, 0x98, 0x4, 0xc0, 0x1f, 0x10,
    0x4, 0x4c, 0x1, 0x68, 0x7, 0xce, 0x1, 0x69,
    0x10, 0x0, 0xa0, 0x1f, 0x78, 0x4, 0xa1, 0x40,
    0x2, 0x50, 0xe, 0x35, 0x0, 0x28, 0x1, 0xc4,
    0x1, 0x4e, 0x40, 0x2d, 0xa0, 0x14, 0x0, 0x54,
    0x1, 0x46, 0xff, 0x48, 0x80, 0x20, 0x80, 0x24,
    0xb1, 0x0, 0xfd, 0x2e, 0x1, 0xc9, 0xf0, 0x62,
    0x2, 0x6f, 0xac, 0x1, 0x0,

    /* U+0050 "P" */
    0x5f, 0xff, 0xee, 0xa4, 0x0, 0xff, 0xe0, 0x8a,
    0xdc, 0x80, 0x7f, 0xf0, 0xd9, 0xc0, 0x3a, 0xff,
    0xf7, 0x40, 0x5, 0x2, 0x1, 0xfc, 0x2f, 0x0,
    0x12, 0x0, 0x7f, 0xc8, 0x1, 0x68, 0x7, 0xfc,
    0x20, 0x10, 0x80, 0x7f, 0xc2, 0x1, 0x8, 0x7,
    0xfd, 0x60, 0x16, 0x80, 0x7f, 0xb, 0xb8, 0x2,
    0x40, 0xd, 0x7f, 0xfb, 0xa0, 0x2, 0x81, 0x0,
    0xff, 0xe0, 0xb3, 0x80, 0x7f, 0xc2, 0xb7, 0x20,
    0x1e, 0xbf, 0xfe, 0xea, 0x40, 0xf, 0xff, 0xf8,
    0x7, 0xff, 0xb0,

    /* U+0051 "Q" */
    0x0, 0xe6, 0xbe, 0xfe, 0xc7, 0x10, 0xf, 0x8f,
    0x65, 0x4, 0x4, 0xe3, 0xd4, 0x3, 0x8b, 0x8,
    0x3, 0xe1, 0xa5, 0x0, 0xde, 0x1, 0x3e, 0xff,
    0x48, 0x5, 0x42, 0x0, 0x52, 0x0, 0x44, 0x8,
    0x5, 0xac, 0x2, 0x90, 0x7, 0x0, 0x5, 0xc0,
    0x39, 0x10, 0x0, 0x60, 0x2, 0x0, 0x1c, 0x3,
    0xed, 0x0, 0x9, 0x98, 0x2, 0xf0, 0xf, 0x94,
    0x2, 0x55, 0x0, 0x44, 0x1, 0xf1, 0x0, 0x5e,
    0x20, 0x13, 0x80, 0x7c, 0x20, 0x11, 0x78, 0x7,
    0xff, 0x10, 0x40, 0x3f, 0xf8, 0x6e, 0x1, 0xff,
    0xc5, 0x10, 0xf, 0xfe, 0x1b, 0xf8, 0x4, 0xe0,
    0x1f, 0xf0, 0x90, 0x4, 0x20, 0x1f, 0x10, 0x5,
    0xae, 0x1, 0x10, 0x7, 0xcc, 0x1, 0x11, 0x4,
    0x1, 0x60, 0x1f, 0x68, 0x4, 0x80, 0xc0, 0x3,
    0x30, 0x7, 0xb, 0x80, 0x10, 0x42, 0x80, 0x2e,
    0x20, 0x8, 0x68, 0x40, 0x1e, 0x0, 0x28, 0x0,
    0x16, 0xdc, 0xdf, 0x20, 0x1, 0x50, 0x2, 0x76,
    0x0, 0x91, 0x90, 0x2, 0x3b, 0x0, 0xe9, 0xa2,
    0x0, 0xe1, 0x8c, 0x10, 0xf, 0x2e, 0xe8, 0x2,
    0xae, 0x70, 0xf, 0xf1, 0x0, 0x4c, 0x1, 0xff,
    0xc1, 0x20, 0xf, 0xfe, 0x22, 0x0, 0x33, 0xff,
    0x18, 0x7, 0xe8, 0x10, 0xf, 0xfe, 0x18, 0xfc,
    0x2a, 0x26, 0x10,

    /* U+0052 "R" */
    0x5f, 0xff, 0xee, 0xa4, 0x0, 0xff, 0xe0, 0x8a,
    0xdc, 0x80, 0x7f, 0xf0, 0xd9, 0xc0, 0x3b, 0x3f,
    0xf7, 0x40, 0x5, 0x2, 0x1, 0xfc, 0x2f, 0x0,
    0x12, 0x0, 0x7f, 0xc8, 0x1, 0x68, 0x7, 0xfc,
    0x20, 0x10, 0x80, 0x7f, 0xc2, 0x1, 0x8, 0x7,
    0xfc, 0x80, 0x16, 0x80, 0x7f, 0xb, 0xc0, 0x0,
    0x54, 0x3, 0x67, 0xfe, 0xe8, 0x0, 0xa0, 0x3,
    0xff, 0x85, 0x2c, 0x1, 0xc2, 0x30, 0x6, 0x9e,
    0x60, 0xf, 0x6f, 0x72, 0x0, 0x22, 0x10, 0xf,
    0xf3, 0x88, 0x2, 0x0, 0x3f, 0xf8, 0x10, 0x0,
    0x35, 0x0, 0xff, 0x98, 0x40, 0x16, 0x1, 0xff,
    0xc0, 0x80, 0x0, 0xb8, 0x7, 0xfc, 0xc4, 0x0,
    0x91, 0x0, 0xff, 0xa0, 0x0, 0x32, 0x1, 0xff,
    0x29, 0x0, 0x1c, 0x80, 0x3f, 0xe9, 0x0, 0xa0,

    /* U+0053 "S" */
    0x0, 0xc7, 0x39, 0xdf, 0xdb, 0x6c, 0x20, 0x1e,
    0xac, 0x63, 0x10, 0x12, 0x49, 0xf6, 0x0, 0xd8,
    0xa0, 0x1f, 0xc3, 0x32, 0x0, 0x31, 0x80, 0x6,
    0x77, 0xfd, 0xae, 0x20, 0x4, 0x10, 0xd0, 0xb,
    0x18, 0x80, 0x5, 0x1e, 0x85, 0x82, 0xc, 0x0,
    0x32, 0x0, 0xf0, 0xde, 0x8, 0x0, 0xc0, 0x3f,
    0xf8, 0x2, 0x1, 0x10, 0x0, 0xc4, 0x3, 0xff,
    0x81, 0x60, 0x16, 0x20, 0x7, 0xfc, 0xe4, 0x0,
    0x2b, 0xeb, 0x96, 0x30, 0xf, 0xb0, 0xc0, 0x21,
    0x46, 0x9c, 0xe7, 0x0, 0xe1, 0xcb, 0x51, 0x0,
    0xe1, 0x8d, 0x10, 0xe, 0x4a, 0xee, 0x65, 0x30,
    0x4, 0x54, 0x1, 0xf8, 0x4d, 0x67, 0x88, 0x0,
    0x84, 0x1, 0xff, 0xc, 0x80, 0x48, 0x1, 0xff,
    0xc0, 0x50, 0xb, 0x80, 0x10, 0x20, 0x1f, 0x88,
    0x2, 0xe1, 0xc7, 0xc2, 0x0, 0xfa, 0x0, 0x25,
    0x63, 0x2, 0xd9, 0x41, 0x1, 0x4c, 0x40, 0x1,
    0x99, 0xd8, 0x2, 0x6b, 0xef, 0xeb, 0x30, 0x0,
    0xf0, 0x2, 0x68, 0x40, 0x3f, 0x8f, 0x8, 0x2,
    0x5e, 0x95, 0x20, 0x0, 0x93, 0x5e, 0x10, 0x0,

    /* U+0054 "T" */
    0x3f, 0xff, 0xfe, 0x2b, 0x0, 0x7f, 0xf6, 0x8f,
    0xff, 0xd8, 0x1, 0x4f, 0xff, 0x98, 0x3, 0xff,
    0xfe, 0x1, 0xff, 0xff, 0x0, 0xff, 0xff, 0x80,
    0x7f, 0xff, 0xc0, 0x3f, 0xfb, 0xc0,

    /* U+0055 "U" */
    0xcf, 0xf6, 0x0, 0x7d, 0x3f, 0xf0, 0x7, 0xff,
    0xfc, 0x3, 0xff, 0xfe, 0x1, 0xff, 0xe1, 0x70,
    0x0, 0x80, 0x7c, 0x60, 0x1, 0x10, 0x0, 0xc0,
    0x3f, 0xc6, 0x40, 0x1, 0x0, 0xf9, 0xc0, 0xd,
    0xa0, 0x13, 0x0, 0x71, 0x90, 0x0, 0xd0, 0x2,
    0x97, 0x10, 0x15, 0xd0, 0xa, 0xc5, 0xc0, 0x28,
    0xef, 0xea, 0x10, 0x2, 0x18, 0x43, 0x0, 0x7f,
    0x25, 0x80, 0x53, 0x8c, 0x42, 0x0, 0x25, 0xab,
    0x0, 0x0,

    /* U+0056 "V" */
    0x1f, 0xfb, 0x0, 0x3f, 0x9f, 0xfe, 0x41, 0x30,
    0x1, 0x88, 0x7, 0xec, 0x0, 0x90, 0x2c, 0x2,
    0x40, 0xf, 0xc8, 0x0, 0x40, 0x2, 0x0, 0x58,
    0x1, 0xf2, 0x0, 0x5a, 0x0, 0x31, 0x0, 0x20,
    0x7, 0xd8, 0x1, 0x38, 0x4, 0x80, 0x2, 0x20,
    0x7, 0x90, 0x0, 0x42, 0x1, 0x78, 0x4, 0x80,
    0x1c, 0x26, 0x0, 0x50, 0xc, 0x80, 0x16, 0x0,
    0x72, 0x0, 0x58, 0x1, 0x84, 0xc0, 0x8, 0x1,
    0xd8, 0x1, 0x20, 0x7, 0x58, 0x0, 0x48, 0x3,
    0x20, 0x1, 0x40, 0x3c, 0x80, 0x12, 0x80, 0x42,
    0x40, 0xc, 0x0, 0xf1, 0x88, 0x3, 0x0, 0x27,
    0x0, 0x9c, 0x3, 0xe7, 0x0, 0x20, 0x5, 0x80,
    0x2, 0x10, 0xf, 0xb0, 0x2, 0x30, 0x2, 0x0,
    0x14, 0x3, 0xf2, 0x80, 0x48, 0x4, 0x20, 0xb,
    0x0, 0xfe, 0x30, 0x5, 0x82, 0x0, 0x46, 0x1,
    0xfd, 0x60, 0x3, 0xd, 0x0, 0x28, 0x7, 0xf9,
    0x40, 0x24, 0x40, 0x3, 0x0, 0x3f, 0xc4, 0x20,
    0x8, 0x0, 0x9c, 0x3, 0xfe, 0x70, 0x1, 0x80,
    0xc, 0x40, 0x3f, 0xec, 0x0, 0xe4, 0x0, 0xff,
    0xe0, 0x28, 0x7, 0x58, 0x7, 0x80,

    /* U+0057 "W" */
    0x2f, 0xf8, 0x3, 0xfe, 0xaf, 0xf2, 0x98, 0x7,
    0xff, 0x8, 0x40, 0x2, 0x20, 0x8, 0x40, 0x3f,
    0xce, 0x0, 0x70, 0xc, 0x60, 0x1f, 0xe1, 0x0,
    0x8, 0x8, 0x0, 0x40, 0x3f, 0xc6, 0x0, 0x30,
    0x20, 0x3, 0x80, 0xf, 0xfe, 0x80, 0x8, 0x40,
    0x2, 0xe, 0x0, 0x10, 0x2, 0x80, 0x46, 0x1,
    0xc2, 0x0, 0x10, 0x1, 0x80, 0x3c, 0x2, 0x50,
    0x0, 0x80, 0xc, 0x0, 0x60, 0x1, 0x0, 0x28,
    0x4, 0x22, 0x3, 0x0, 0x8, 0x0, 0x40, 0x1e,
    0x0, 0x30, 0x60, 0x2, 0x80, 0x80, 0x1c, 0x1,
    0xe0, 0x1, 0x2, 0x0, 0x50, 0x0, 0xc1, 0xc0,
    0x2, 0x0, 0x20, 0x1, 0x83, 0x80, 0xc, 0x83,
    0x40, 0x40, 0x6, 0x0, 0x10, 0x0, 0x86, 0x81,
    0x3, 0x83, 0x81, 0x80, 0x38, 0x0, 0xe0, 0x7,
    0x3, 0x7, 0xd, 0x2, 0x1, 0x0, 0x8, 0x0,
    0x40, 0x2, 0xa, 0x4, 0x6, 0x0, 0x3f, 0x0,
    0x18, 0x0, 0xc0, 0x6, 0x22, 0xd, 0x6, 0x0,
    0x28, 0x80, 0x4, 0x0, 0x20, 0x1, 0x50, 0x3,
    0x81, 0x0, 0x3c, 0xc0, 0xe, 0x1, 0x8, 0x3,
    0x0, 0x4, 0x0, 0x30, 0x51, 0x0, 0x10, 0x4,
    0x60, 0x6, 0x2, 0x0, 0x94, 0xd, 0x40, 0x2,
    0x1, 0x8, 0x0, 0x41, 0xc0, 0x2e, 0x0, 0x8,
    0x7, 0x9c, 0x3, 0x68, 0x4, 0x60, 0x18, 0x40,
    0x30, 0x80, 0x63, 0x0, 0x94, 0x3, 0x18, 0x0,

    /* U+0058 "X" */
    0xa, 0xff, 0x98, 0x3, 0xf6, 0x7f, 0xb8, 0x42,
    0xc0, 0x28, 0x0, 0xf9, 0x8c, 0x1, 0x2, 0x3,
    0x0, 0x1, 0x80, 0xe, 0x18, 0x0, 0x1b, 0x0,
    0x4e, 0x40, 0x7, 0x20, 0xd, 0x2, 0x0, 0xf0,
    0xe, 0x90, 0xa, 0x0, 0x23, 0x60, 0x3, 0x18,
    0x7, 0x22, 0x80, 0x14, 0xc0, 0x1e, 0x0, 0x18,
    0x0, 0xfa, 0xc0, 0x2f, 0x5, 0x30, 0x4, 0x8,
    0x7, 0xc3, 0x0, 0x3, 0x68, 0x0, 0x1b, 0x0,
    0x7f, 0x39, 0x0, 0x24, 0x80, 0x1e, 0x1, 0xff,
    0x48, 0x7, 0x31, 0x80, 0x7f, 0xc8, 0x80, 0xd,
    0x0, 0x1f, 0xfc, 0x1, 0x50, 0xc, 0x80, 0x1f,
    0xfc, 0xb, 0x10, 0xd, 0x60, 0x1f, 0xf1, 0xa8,
    0x0, 0xc0, 0x3, 0x0, 0x1f, 0xee, 0x0, 0x16,
    0x18, 0x1, 0xc8, 0x3, 0xf3, 0x90, 0x2, 0x43,
    0xc0, 0x29, 0x0, 0xf8, 0x60, 0x0, 0x88, 0x3,
    0x50, 0x2, 0x28, 0x7, 0xac, 0x2, 0x90, 0xa,
    0xc0, 0x2b, 0x0, 0xe4, 0x50, 0x3, 0x90, 0x4,
    0x30, 0x0, 0x18, 0x0, 0xd2, 0x0, 0x18, 0x0,
    0xe7, 0x20, 0x3, 0x90, 0x1, 0xc8, 0x1, 0x60,
    0x1f, 0x40, 0x5, 0x20, 0x50, 0x0, 0x45, 0x0,
    0xf9, 0x50, 0x0, 0x8a,

    /* U+0059 "Y" */
    0x5f, 0xfa, 0x80, 0x3f, 0x97, 0xfe, 0x85, 0x30,
    0x2, 0x90, 0x7, 0xe8, 0x0, 0xc, 0x84, 0x0,
    0x50, 0x1, 0xf3, 0x10, 0x2, 0x44, 0x11, 0x0,
    0x5, 0x30, 0xf, 0x40, 0x0, 0x5c, 0x2, 0x90,
    0xa, 0x0, 0x39, 0x84, 0x1, 0x60, 0x18, 0x94,
    0x0, 0x86, 0x1, 0xa0, 0x0, 0x4a, 0x1, 0xd6,
    0x1, 0x40, 0x4, 0xe2, 0x0, 0x90, 0xf, 0xb,
    0x80, 0x10, 0xc0, 0x12, 0x0, 0x44, 0x0, 0x7d,
    0x22, 0x0, 0x80, 0x61, 0x0, 0x40, 0x7, 0xe1,
    0x90, 0x2, 0x1c, 0x0, 0x14, 0xc0, 0x3f, 0x9c,
    0x40, 0x18, 0x20, 0x8, 0x0, 0xff, 0xa0, 0x3,
    0x98, 0x80, 0x3f, 0xe6, 0x20, 0xd, 0x0, 0x1f,
    0xfc, 0x18, 0x0, 0x9c, 0x40, 0x3f, 0xf8, 0x2c,
    0x1, 0x70, 0x7, 0xff, 0xfc, 0x3, 0xff, 0xea,

    /* U+005A "Z" */
    0xf, 0xff, 0xfe, 0x19, 0x80, 0x7f, 0xf5, 0xff,
    0xff, 0xda, 0x1, 0x9, 0x0, 0x7f, 0xdc, 0x1,
    0x50, 0x80, 0x7f, 0xa0, 0xc0, 0x10, 0x80, 0x1f,
    0xe4, 0x70, 0x2, 0x38, 0x7, 0xf8, 0x68, 0x0,
    0x34, 0x1, 0xff, 0x68, 0x80, 0x28, 0x40, 0x3f,
    0xd0, 0x60, 0x7, 0x40, 0xf, 0xf2, 0x38, 0x0,
    0xe0, 0x3, 0xfc, 0x34, 0x0, 0x1d, 0x0, 0xff,
    0xb4, 0x40, 0x14, 0x20, 0x1f, 0xe8, 0x30, 0x3,
    0xa0, 0x7, 0xf9, 0x1c, 0x0, 0x70, 0x1, 0xfe,
    0x1a, 0x0, 0xe, 0x80, 0x7f, 0xd4, 0x20, 0xa,
    0x10, 0xf, 0xf3, 0xa0, 0x1, 0xd0, 0x3, 0xfc,
    0x70, 0x0, 0x38, 0x0, 0xff, 0x90, 0x2, 0x3f,
    0xff, 0xfa, 0x80, 0x3f, 0xfa, 0xc0,

    /* U+005B "[" */
    0x6f, 0xff, 0xe3, 0x0, 0xff, 0xe1, 0x1b, 0xbf,
    0x88, 0x2, 0x48, 0x8f, 0x8, 0x7, 0xff, 0xfc,
    0x3, 0xff, 0xfe, 0x1, 0xff, 0xff, 0x0, 0xff,
    0xe4, 0x24, 0x47, 0x84, 0x2, 0x37, 0x7f, 0x10,
    0x7, 0xfc,

    /* U+005C "\\" */
    0x2f, 0xf7, 0x0, 0x7f, 0xc4, 0x60, 0x2a, 0x1,
    0xff, 0x50, 0x3, 0x80, 0x3f, 0xe7, 0x0, 0x20,
    0x80, 0x7f, 0x85, 0x40, 0xe, 0x1, 0xff, 0x70,
    0x2, 0x80, 0x3f, 0xe4, 0x10, 0x32, 0x0, 0xff,
    0x98, 0x1, 0x40, 0x1f, 0xf5, 0x0, 0x18, 0x3,
    0xfe, 0x22, 0x0, 0xa0, 0x7, 0xfd, 0x40, 0xe,
    0x0, 0xff, 0x98, 0x0, 0xa2, 0x1, 0xfe, 0x14,
    0x0, 0x38, 0x7, 0xfd, 0xc0, 0xa, 0x0, 0xff,
    0x94, 0x40, 0xc8, 0x3, 0xfe, 0x70, 0x5, 0x0,
    0x7f, 0xd4, 0x0, 0x60, 0xf, 0xf8, 0xc8, 0x5,
    0x0, 0x3f, 0xea, 0x0, 0x70, 0x7, 0xfc, 0xc0,
    0x5, 0x0, 0xff, 0x85, 0x0, 0xc, 0x1, 0xff,
    0x70, 0x2, 0x80, 0x3f, 0xe5, 0x0, 0x19, 0x0,
    0x7f, 0xcc, 0x0, 0xa0, 0xf, 0xfa, 0x80, 0xa,
    0x1, 0xff, 0x19, 0x1, 0x18, 0x7, 0xfd, 0x40,
    0xa, 0x0, 0xff, 0x94, 0x0, 0xc0, 0x1f, 0xf1,
    0x18, 0x1, 0x40,

    /* U+005D "]" */
    0xff, 0xfe, 0x90, 0xf, 0xf3, 0xbf, 0x94, 0x2,
    0x88, 0xf7, 0x0, 0x7f, 0xff, 0xc0, 0x3f, 0xff,
    0xe0, 0x1f, 0xff, 0xd7, 0x88, 0xee, 0x0, 0xa1,
    0xdf, 0x94, 0x3, 0xff, 0x82,

    /* U+005E "^" */
    0x0, 0xf4, 0x7f, 0xd6, 0x1, 0xff, 0xc0, 0x17,
    0x0, 0x91, 0x0, 0x1f, 0xf4, 0x0, 0x74, 0x0,
    0x7f, 0x85, 0x80, 0x12, 0x0, 0x34, 0x0, 0xfe,
    0x80, 0x2, 0x32, 0x80, 0x20, 0x3, 0xf1, 0x30,
    0x2, 0x42, 0x0, 0x6, 0xa0, 0x1f, 0x40, 0x1,
    0x48, 0x9, 0x40, 0x10, 0x1, 0xe2, 0x50, 0x4,
    0x0, 0x50, 0x0, 0x25, 0x0, 0xe9, 0x0, 0x29,
    0x0, 0x44, 0xc0, 0x8, 0x0, 0xc6, 0x80, 0x8,
    0x0, 0xe8, 0x0, 0x13, 0x0, 0x50, 0x0, 0x62,
    0x0, 0xe1, 0x70, 0x4, 0x0, 0xd, 0x0, 0x10,
    0x1, 0xf4, 0x80, 0x5, 0xc2, 0xc0, 0xe, 0x20,
    0x1f, 0xb, 0x80, 0x30, 0x23, 0x12, 0x40, 0x3f,
    0xa5, 0x2e, 0xc0,

    /* U+005F "_" */
    0x0, 0xff, 0xe2, 0x8f, 0xff, 0xff, 0xd, 0x0,
    0x3f, 0xfa, 0xc0,

    /* U+0060 "`" */
    0x0, 0x8c, 0x2, 0x18, 0xed, 0x0, 0x89, 0xc4,
    0x4e, 0x0, 0x38, 0x0, 0x48, 0x4, 0xe6, 0x2,
    0xe0, 0x16, 0x80, 0x24, 0x2, 0x1a, 0x2, 0x20,
    0x4, 0xbb, 0x84,

    /* U+0061 "a" */
    0x0, 0xc9, 0x5b, 0xfe, 0xeb, 0x50, 0xf, 0x8b,
    0x2d, 0x48, 0x0, 0x29, 0x58, 0x20, 0x18, 0x70,
    0xc0, 0x2, 0x64, 0x1, 0x1e, 0x0, 0x62, 0x0,
    0x1e, 0x76, 0x6f, 0x28, 0x0, 0x98, 0x2, 0x3c,
    0x6c, 0x30, 0x8, 0x68, 0x40, 0x18, 0x1, 0x8a,
    0x40, 0x3e, 0x50, 0x3, 0x0, 0x7f, 0xf1, 0x4,
    0x3, 0x8a, 0x33, 0xbf, 0xf2, 0x0, 0x7d, 0x1a,
    0xe6, 0x20, 0x1f, 0xf3, 0x38, 0x0, 0xe6, 0xf3,
    0x23, 0x0, 0xf5, 0x80, 0xf, 0x19, 0xc, 0xe7,
    0x0, 0xf1, 0x0, 0x2c, 0x3, 0xff, 0x89, 0xe0,
    0x1e, 0x60, 0xf, 0x10, 0x1, 0x44, 0x3, 0x49,
    0x0, 0x7a, 0x80, 0x5, 0xd7, 0x37, 0xec, 0xc0,
    0x1, 0x65, 0x3, 0xa0, 0x4, 0x8c, 0x80, 0xf0,
    0x20, 0x3, 0x40, 0x5, 0xd2, 0x8, 0xa, 0x5c,
    0xe, 0x98, 0x4,

    /* U+0062 "b" */
    0x7f, 0xf8, 0x3, 0xff, 0xfe, 0x1, 0xff, 0xdb,
    0x4b, 0xef, 0xd8, 0x10, 0xf, 0xd1, 0x68, 0x20,
    0x4f, 0xc6, 0x1, 0xe5, 0x70, 0x11, 0x0, 0x6c,
    0x10, 0xe, 0xb9, 0xfe, 0xe6, 0x98, 0x5, 0x60,
    0x1d, 0xc, 0x1, 0x16, 0x10, 0x1, 0x40, 0x39,
    0x80, 0x3d, 0x60, 0x12, 0x0, 0x7f, 0xc8, 0x1,
    0x10, 0x7, 0xfc, 0x60, 0x17, 0x0, 0x7f, 0xf7,
    0xcc, 0x2, 0xe0, 0xf, 0xf9, 0x0, 0x22, 0x0,
    0xcc, 0x1, 0xeb, 0x0, 0x90, 0x3, 0x43, 0x0,
    0x47, 0x84, 0x0, 0x50, 0xe, 0xb9, 0xfe, 0xe6,
    0x18, 0x5, 0x60, 0x1c, 0xae, 0x2, 0x20, 0xd,
    0x82, 0x1, 0xe8, 0xb4, 0x10, 0x26, 0xe3, 0x0,
    0x0,

    /* U+0063 "c" */
    0x0, 0xc7, 0x3b, 0xfe, 0xeb, 0x50, 0xf, 0x4e,
    0x31, 0x0, 0x5, 0x2a, 0xc0, 0x35, 0xb0, 0x6,
    0x10, 0x9, 0x2c, 0x0, 0xc8, 0x0, 0x4d, 0xfe,
    0xe3, 0x0, 0x11, 0x42, 0x0, 0x7, 0x64, 0x0,
    0x19, 0x61, 0x85, 0x31, 0x0, 0x40, 0x7, 0xa7,
    0x9c, 0x10, 0x2, 0x50, 0xf, 0xf7, 0x80, 0x42,
    0x1, 0xfe, 0x10, 0xf, 0xfe, 0x10, 0x80, 0x7f,
    0xf0, 0xbc, 0x2, 0x10, 0xf, 0xf2, 0x0, 0x4a,
    0x1, 0xf1, 0x80, 0xc, 0x40, 0x10, 0x1, 0xe5,
    0xcb, 0x20, 0x80, 0x1, 0xd9, 0x80, 0x5, 0xe8,
    0x12, 0xc1, 0x90, 0x0, 0x99, 0xfe, 0xe8, 0x0,
    0x14, 0x80, 0x2d, 0x80, 0x3f, 0x1e, 0x0, 0x69,
    0xc6, 0x20, 0x0, 0xa4, 0xe0, 0x80,

    /* U+0064 "d" */
    0x0, 0xff, 0xe0, 0x6f, 0xfa, 0x80, 0x3f, 0xff,
    0xe0, 0x1f, 0xfc, 0xd7, 0xcf, 0xec, 0x60, 0xf,
    0xc3, 0xb0, 0x60, 0x27, 0x36, 0x1, 0xf6, 0x10,
    0x6, 0x10, 0x48, 0x0, 0xe7, 0x20, 0x1, 0x5f,
    0xf7, 0xd3, 0x10, 0x6, 0xa0, 0xb, 0x10, 0x2,
    0x5d, 0x0, 0xc2, 0x40, 0x6, 0x10, 0xe, 0x32,
    0x0, 0x94, 0x2, 0xc0, 0xf, 0xf8, 0x40, 0x3f,
    0xfc, 0x62, 0x1, 0xff, 0xc3, 0x50, 0xb, 0x0,
    0x3f, 0xe1, 0x20, 0x3, 0x8, 0x7, 0x19, 0x0,
    0x6a, 0x0, 0xb1, 0x0, 0x25, 0xd0, 0xe, 0x72,
    0x0, 0x15, 0xff, 0x7d, 0x31, 0x0, 0x77, 0x90,
    0x6, 0x10, 0x48, 0x0, 0xf1, 0x6c, 0x10, 0x0,
    0xe6, 0xc0, 0x38,

    /* U+0065 "e" */
    0x0, 0xe5, 0xbe, 0xfe, 0xc8, 0x10, 0xf, 0x8b,
    0x69, 0x4, 0x4, 0xdf, 0x9c, 0x3, 0x8b, 0x8,
    0x0, 0x48, 0x60, 0x14, 0x38, 0x6, 0xe1, 0x2,
    0xbd, 0xbc, 0xe5, 0x0, 0x41, 0x80, 0x10, 0xc0,
    0x1e, 0x80, 0x10, 0xd2, 0x0, 0x24, 0x1, 0xc0,
    0x6, 0x20, 0xf, 0x70, 0x1, 0x40, 0x8, 0x0,
    0x35, 0x5f, 0xb4, 0x2, 0x20, 0x10, 0x2, 0xd5,
    0x7c, 0xe0, 0x13, 0x0, 0x7f, 0xf2, 0x63, 0xff,
    0xfe, 0x40, 0x10, 0x7, 0x80, 0x7f, 0xf0, 0x50,
    0x0, 0x80, 0x1f, 0x8c, 0x3, 0x78, 0x0, 0xd4,
    0x3, 0xc7, 0x94, 0x1, 0x29, 0x0, 0x29, 0xc4,
    0x0, 0x2f, 0x80, 0xb0, 0x1, 0x78, 0x5, 0x1d,
    0xda, 0x0, 0x3, 0x20, 0x11, 0x69, 0x0, 0x42,
    0x20, 0x8, 0xfc, 0x40, 0x31, 0x6d, 0x28, 0x80,
    0x9, 0x6f, 0x4, 0x0,

    /* U+0066 "f" */
    0x0, 0xf9, 0xb3, 0xff, 0xd2, 0x1, 0xe7, 0x93,
    0x0, 0xff, 0xe0, 0xc8, 0x0, 0x8b, 0xdc, 0x1,
    0xc4, 0x20, 0x9, 0xdd, 0xe7, 0x0, 0xe1, 0x0,
    0xff, 0xef, 0x6f, 0xfe, 0xc0, 0xa, 0xff, 0xfa,
    0x40, 0x3f, 0xf8, 0x8c, 0x45, 0x84, 0x2, 0x12,
    0x2e, 0xeb, 0xdd, 0xe0, 0xa, 0xb7, 0x79, 0xc0,
    0x3f, 0xff, 0xe0, 0x1f, 0xff, 0xf0, 0xf, 0xf3,
    0x6e, 0xee, 0x0, 0xa7, 0x77, 0x50, 0x71, 0x17,
    0x0, 0x44, 0x5c, 0xe0, 0x1f, 0xfc, 0x50,

    /* U+0067 "g" */
    0x0, 0xff, 0xe0, 0x4f, 0xfd, 0x80, 0x1f, 0xfc,
    0x4, 0x60, 0xf, 0xfe, 0x18, 0x98, 0x19, 0xca,
    0x1, 0xc3, 0x19, 0xdf, 0xee, 0x80, 0xcc, 0xa4,
    0x3, 0x37, 0x39, 0x88, 0x7, 0x50, 0x7, 0x92,
    0x40, 0x4, 0xf0, 0xe4, 0x0, 0x57, 0x0, 0xe9,
    0x0, 0x26, 0xc3, 0xc6, 0x98, 0x2, 0x40, 0x31,
    0x10, 0x1, 0xe0, 0x1d, 0x20, 0x1, 0x10, 0x4,
    0x20, 0x13, 0x0, 0x73, 0x0, 0x46, 0x1, 0x10,
    0x4, 0xc0, 0x1c, 0xc0, 0x11, 0x0, 0x42, 0x40,
    0xf, 0x0, 0xe9, 0x0, 0x20, 0x7, 0x48, 0x1,
    0x36, 0x1e, 0x38, 0xc0, 0x10, 0x1, 0xc9, 0x40,
    0x2, 0x78, 0x71, 0x1, 0xb3, 0x0, 0xf2, 0xb8,
    0x10, 0x80, 0x9c, 0x7a, 0x0, 0x78, 0xf9, 0xef,
    0x7b, 0xfb, 0x1c, 0x40, 0x3e, 0xe1, 0x34, 0x0,
    0xff, 0xe1, 0x10, 0x11, 0x80, 0x7f, 0xf0, 0x88,
    0x7, 0x3f, 0xfd, 0xd6, 0xe0, 0x1d, 0xc2, 0x1,
    0xf8, 0x52, 0x38, 0x80, 0x21, 0x70, 0xf, 0xf8,
    0x78, 0x0, 0xba, 0xd3, 0xff, 0xf6, 0xa8, 0x0,
    0xc8, 0x28, 0x0, 0xc0, 0x1f, 0x15, 0x80, 0x42,
    0x20, 0x9, 0x40, 0x3f, 0x30, 0x4, 0x42, 0x40,
    0xa, 0xb8, 0x77, 0xa2, 0x76, 0x0, 0xc, 0x21,
    0xc2, 0x0, 0x47, 0x88, 0x9d, 0x88, 0x0, 0xd2,
    0x0, 0x3e, 0x95, 0x21, 0x0, 0x84, 0x96, 0x3a,
    0x40, 0x0,

    /* U+0068 "h" */
    0x5f, 0xf8, 0x80, 0x3f, 0xff, 0xe0, 0x1f, 0xfd,
    0x35, 0xcf, 0xf6, 0xb8, 0x7, 0xe8, 0xa3, 0x0,
    0x14, 0x68, 0x80, 0x72, 0xb8, 0x8, 0x6, 0x2a,
    0x0, 0xe8, 0x7e, 0xe7, 0xd8, 0x80, 0x10, 0xc0,
    0x33, 0xc0, 0x80, 0x12, 0xc0, 0x24, 0x0, 0xd6,
    0x1, 0xca, 0x1, 0x70, 0x6, 0x10, 0xf, 0x10,
    0x0, 0xc0, 0x3f, 0xff, 0xe0, 0x1f, 0xff, 0xf0,

    /* U+0069 "i" */
    0x0, 0xe3, 0xdf, 0xd5, 0x0, 0xff, 0x41, 0x1,
    0x58, 0x7, 0xf9, 0xc0, 0x21, 0x0, 0xff, 0x20,
    0x4, 0x80, 0x1f, 0xe8, 0xb8, 0xab, 0x0, 0xff,
    0x91, 0xd4, 0x3, 0xff, 0x93, 0x9f, 0xff, 0x94,
    0x3, 0xff, 0x90, 0xc4, 0x5c, 0x1, 0xfd, 0x5b,
    0xbb, 0xc0, 0x3f, 0xff, 0xe0, 0x1f, 0xff, 0xf0,
    0xf, 0xea, 0xdd, 0xde, 0x1, 0x5e, 0xee, 0x86,
    0x22, 0xe0, 0x8, 0x48, 0xb8, 0x3, 0xff, 0x86,

    /* U+006A "j" */
    0x0, 0xfd, 0x1d, 0xf6, 0x20, 0x1f, 0x13, 0x88,
    0x23, 0x0, 0x7c, 0x20, 0x1b, 0xc0, 0x3e, 0x31,
    0x0, 0xb0, 0x3, 0xf7, 0xcc, 0x62, 0x0, 0x7e,
    0x16, 0x73, 0x0, 0xff, 0xe1, 0xf, 0xff, 0xfb,
    0x80, 0x3f, 0xf8, 0x42, 0x45, 0xf0, 0x80, 0x76,
    0xef, 0xce, 0x1, 0xff, 0xff, 0x0, 0xff, 0xff,
    0x80, 0x7f, 0xfc, 0xc, 0x1, 0x7b, 0xbe, 0x70,
    0x3, 0x80, 0x18, 0x8b, 0xc2, 0x0, 0x80, 0xf,
    0xe1, 0x4d, 0x20,

    /* U+006B "k" */
    0x3f, 0xf9, 0x0, 0x3f, 0xff, 0xe0, 0x1f, 0xfe,
    0x6c, 0xff, 0x94, 0x3, 0xfe, 0xc3, 0x0, 0x52,
    0x80, 0x7f, 0xb0, 0xc0, 0x14, 0xa0, 0x1f, 0xec,
    0x30, 0x5, 0x28, 0x7, 0xfb, 0xc, 0x1, 0x4a,
    0x1, 0xfe, 0xb3, 0x0, 0x52, 0x80, 0x7f, 0xd,
    0xa0, 0x2, 0x54, 0x3, 0xfd, 0x68, 0x1, 0x68,
    0x7, 0xfc, 0x20, 0x19, 0x1c, 0x3, 0xfe, 0x3e,
    0x20, 0x4, 0x18, 0x7, 0xf2, 0x60, 0xf8, 0x5,
    0xc0, 0x1f, 0xde, 0x0, 0x28, 0x0, 0x14, 0x80,
    0x7f, 0xf0, 0x1c, 0xc0, 0xc, 0xa0, 0x1f, 0xfc,
    0xd, 0x0, 0xac, 0x40, 0x3f, 0xe1, 0xa0, 0x0,
    0xe8, 0x7, 0xff, 0x1, 0x54, 0x0, 0x37, 0x0,
    0xff, 0xe0, 0x58, 0x80, 0x20, 0xc0,

    /* U+006C "l" */
    0x9f, 0xff, 0xca, 0x1, 0xff, 0xc8, 0xe2, 0x2e,
    0x0, 0xfe, 0x7d, 0xdd, 0xe0, 0x1f, 0xff, 0xf0,
    0xf, 0xff, 0xf8, 0x7, 0xff, 0xfc, 0x3, 0xff,
    0xb6, 0xfb, 0xbb, 0xc0, 0x2b, 0xdd, 0xd5, 0xc4,
    0x5c, 0x1, 0x9, 0x16, 0x70, 0xf, 0xfe, 0x18,

    /* U+006D "m" */
    0x9f, 0xf3, 0x15, 0xfe, 0xb0, 0x1, 0xf7, 0xf1,
    0x0, 0x3b, 0x10, 0xa, 0x52, 0x20, 0x40, 0x76,
    0x20, 0x15, 0x81, 0x80, 0x5e, 0xe4, 0x60, 0x13,
    0x80, 0x43, 0xd9, 0x60, 0x4, 0x7d, 0xc6, 0x0,
    0x60, 0x5, 0x60, 0x4, 0x0, 0xa8, 0x1, 0xa0,
    0x1, 0x0, 0x84, 0x2, 0x10, 0x1, 0x80, 0x1c,
    0x0, 0xe0, 0x1f, 0xff, 0xf0, 0xf, 0xff, 0xf8,
    0x7, 0xff, 0x64,

    /* U+006E "n" */
    0x5f, 0xf8, 0x81, 0x73, 0xfd, 0xae, 0x1, 0xfa,
    0x28, 0xc0, 0x5, 0x1a, 0x20, 0x1c, 0xae, 0x2,
    0x1, 0x8a, 0x80, 0x3a, 0x1f, 0xb9, 0xf6, 0x20,
    0x4, 0x30, 0xc, 0xf0, 0x20, 0x4, 0xb0, 0x9,
    0x0, 0x35, 0x80, 0x72, 0x80, 0x5c, 0x1, 0x84,
    0x3, 0xc4, 0x0, 0x30, 0xf, 0xff, 0xf8, 0x7,
    0xff, 0xfc,

    /* U+006F "o" */
    0x0, 0xe7, 0xbe, 0xfe, 0xc8, 0x10, 0xf, 0x93,
    0xa1, 0x4, 0x4, 0xdf, 0x98, 0x3, 0x92, 0xc4,
    0x0, 0x26, 0x40, 0x14, 0xb8, 0x4, 0x34, 0x0,
    0x2c, 0xec, 0xdd, 0x18, 0x2, 0xc, 0x0, 0xc2,
    0x0, 0xf3, 0x0, 0x8b, 0x8, 0x1, 0x20, 0xa,
    0x0, 0x29, 0x0, 0x7a, 0x80, 0xa, 0x2, 0x40,
    0xd, 0x0, 0xf8, 0xc0, 0x24, 0x30, 0x8, 0x40,
    0x3e, 0x70, 0x8, 0x44, 0x1, 0xff, 0xc3, 0x31,
    0x0, 0xff, 0xe1, 0x99, 0x80, 0x21, 0x0, 0xf9,
    0xc0, 0x21, 0x11, 0x0, 0x34, 0x3, 0xe3, 0x0,
    0x90, 0x28, 0x0, 0xa4, 0x1, 0xea, 0x0, 0x28,
    0x1, 0x84, 0x1, 0xe8, 0x1, 0x16, 0x10, 0x2,
    0x40, 0x3, 0x40, 0x2, 0xbe, 0xcd, 0xd1, 0x80,
    0x20, 0xc0, 0x24, 0xb1, 0x0, 0x9, 0x90, 0x5,
    0x2e, 0x1, 0xc9, 0xd0, 0x82, 0x2, 0x6f, 0xcc,
    0x1, 0x0,

    /* U+0070 "p" */
    0x7f, 0xf8, 0x0, 0x97, 0xdf, 0xb0, 0x20, 0x1f,
    0xa2, 0xd0, 0x40, 0x9f, 0x8c, 0x3, 0xca, 0xe0,
    0x22, 0x0, 0xd8, 0x20, 0x1d, 0x73, 0xfd, 0xcd,
    0x30, 0xa, 0xc0, 0x3a, 0x18, 0x2, 0x2c, 0x20,
    0x2, 0x80, 0x73, 0x0, 0x7a, 0xc0, 0x24, 0x0,
    0xff, 0x90, 0x2, 0x20, 0xf, 0xf8, 0xc0, 0x2e,
    0x0, 0xff, 0xef, 0x98, 0x5, 0xc0, 0x1f, 0xf2,
    0x0, 0x44, 0x1, 0x98, 0x3, 0xd6, 0x1, 0x20,
    0x6, 0x86, 0x0, 0x8f, 0x8, 0x0, 0xa0, 0x1d,
    0x73, 0xfd, 0xcc, 0x30, 0xa, 0xc0, 0x39, 0x5c,
    0x4, 0x40, 0x1b, 0x4, 0x3, 0xd1, 0x68, 0x20,
    0x4d, 0xc6, 0x1, 0xf9, 0x2f, 0xbf, 0x64, 0x40,
    0x3f, 0xff, 0xe0, 0x1f, 0x80,

    /* U+0071 "q" */
    0x0, 0xcf, 0x9f, 0xd8, 0xc0, 0xd, 0xff, 0x50,
    0x0, 0x76, 0xc, 0x4, 0xe6, 0xc0, 0x3e, 0xc2,
    0x0, 0xc2, 0x9, 0x0, 0x1c, 0xe4, 0x0, 0x2b,
    0xfe, 0xfa, 0x62, 0x0, 0xd4, 0x1, 0x62, 0x0,
    0x4b, 0xa0, 0x18, 0x48, 0x0, 0xc2, 0x1, 0xc6,
    0x40, 0x12, 0x80, 0x58, 0x1, 0xff, 0x8, 0x7,
    0xff, 0x8c, 0x40, 0x3f, 0xf8, 0x6a, 0x1, 0x60,
    0x7, 0xfc, 0x24, 0x0, 0x61, 0x0, 0xe3, 0x20,
    0xd, 0x40, 0x16, 0x20, 0x4, 0xba, 0x1, 0xce,
    0x40, 0x2, 0xbf, 0xef, 0xa6, 0x20, 0xe, 0xf2,
    0x0, 0xc2, 0x9, 0x0, 0x1e, 0x2d, 0x82, 0x0,
    0x1c, 0xd8, 0x7, 0xf3, 0xef, 0xfb, 0x18, 0x3,
    0xff, 0xfe, 0x1, 0xff, 0x0,

    /* U+0072 "r" */
    0x9f, 0xff, 0x90, 0x0, 0xfb, 0xfe, 0xe0, 0xf,
    0xf6, 0xc1, 0x0, 0x5c, 0x45, 0x80, 0x35, 0x10,
    0x7, 0x3e, 0xed, 0xc0, 0x11, 0xa9, 0x3c, 0xd5,
    0x2c, 0x3, 0xf5, 0x36, 0xc3, 0x2a, 0xc0, 0x1f,
    0xd2, 0x1, 0xff, 0xc2, 0xa0, 0xf, 0xfe, 0x19,
    0x0, 0x7f, 0xf0, 0xc4, 0x3, 0xff, 0xfe, 0x1,
    0xff, 0xc0, 0x7d, 0xdb, 0x80, 0x2a, 0xdd, 0xc0,
    0x17, 0x11, 0x60, 0x8, 0x48, 0xb0, 0x7, 0xff,
    0x1c,

    /* U+0073 "s" */
    0x0, 0xc5, 0x19, 0xdf, 0xed, 0xa6, 0x0, 0xf3,
    0xeb, 0x98, 0x80, 0x9, 0x67, 0x94, 0x2, 0x78,
    0x0, 0x8d, 0x10, 0x40, 0x1, 0xa5, 0x0, 0x48,
    0x0, 0xfb, 0x2e, 0xdb, 0xa5, 0x4, 0x50, 0x21,
    0x0, 0x48, 0x80, 0x62, 0xaa, 0x58, 0x7, 0x8c,
    0x3, 0xe5, 0x0, 0x88, 0x40, 0x13, 0x8, 0x20,
    0x1f, 0xd0, 0x1, 0x3d, 0xf7, 0xe4, 0xa8, 0x7,
    0x35, 0x10, 0x7, 0x1b, 0x57, 0x28, 0x6, 0x5d,
    0xb8, 0x52, 0x0, 0xc3, 0x46, 0x1, 0xc8, 0xf5,
    0xbf, 0xae, 0x1, 0x40, 0x7, 0xf8, 0xa1, 0x40,
    0xc, 0x0, 0x9a, 0x0, 0xfc, 0x60, 0x1, 0xb,
    0x65, 0xd4, 0x0, 0xe5, 0x60, 0x2, 0x6, 0x80,
    0xa, 0xff, 0x2e, 0xdd, 0x40, 0x1, 0x90, 0x6b,
    0x20, 0x8, 0xd1, 0x2, 0x0, 0x2c, 0x10, 0x2,
    0x6d, 0xb1, 0x8, 0x0, 0x96, 0xb4, 0x80,

    /* U+0074 "t" */
    0x0, 0xe6, 0xff, 0x68, 0x7, 0xff, 0xbc, 0x74,
    0x3, 0xfd, 0x7f, 0xf7, 0x20, 0x0, 0xbf, 0xfd,
    0xc0, 0x1f, 0xfc, 0x42, 0x2e, 0x0, 0xc4, 0x5f,
    0x4e, 0xee, 0x50, 0x1, 0x6e, 0xfb, 0x0, 0x3f,
    0xff, 0xe0, 0x1f, 0xfe, 0xe3, 0x0, 0xff, 0xe1,
    0x88, 0x7, 0xff, 0xf, 0x40, 0x5, 0xbb, 0xeb,
    0x0, 0xe5, 0x30, 0x1, 0x17, 0x94, 0x3, 0xda,
    0xc2, 0x1, 0xf0,

    /* U+0075 "u" */
    0x7f, 0xf8, 0x3, 0xef, 0xfa, 0x0, 0x3f, 0xff,
    0xe0, 0x1f, 0xff, 0xf1, 0x0, 0x88, 0x3, 0xfc,
    0x40, 0x15, 0x0, 0x72, 0x80, 0x64, 0x0, 0x9d,
    0x80, 0x26, 0xb0, 0xe, 0x70, 0xa, 0x7f, 0xbe,
    0x64, 0x1, 0xd0, 0x80, 0x18, 0x41, 0x1c, 0x3,
    0xd7, 0x26, 0x0, 0x29, 0xb0, 0xe,

    /* U+0076 "v" */
    0x4f, 0xf9, 0x0, 0x3f, 0x7f, 0xce, 0x82, 0x0,
    0xe0, 0xf, 0x90, 0x2, 0x50, 0x70, 0x2, 0x0,
    0x7d, 0xa0, 0x3, 0x20, 0xd0, 0x0, 0xa0, 0x7,
    0x9c, 0x1, 0x60, 0x4, 0x10, 0x6, 0x80, 0x71,
    0x88, 0x1, 0x80, 0x26, 0x0, 0x38, 0x7, 0x50,
    0x1, 0x4, 0x2, 0xb0, 0x0, 0x98, 0x6, 0x70,
    0x6, 0x80, 0x63, 0x20, 0x5, 0x80, 0x46, 0x20,
    0x7, 0x0, 0xe5, 0x0, 0x28, 0x5, 0x60, 0x4,
    0x10, 0xe, 0xa0, 0x1, 0x10, 0x0, 0xa0, 0xe,
    0x0, 0xf1, 0x10, 0x0, 0xa0, 0x44, 0x0, 0x28,
    0x7, 0xd4, 0x0, 0xb0, 0x50, 0x2, 0x80, 0x7e,
    0x60, 0x1, 0x8d, 0x80, 0x38, 0x3, 0xf0, 0x98,
    0x1, 0x8c, 0x5, 0x0, 0x3f, 0xa8, 0x1, 0x0,
    0x7, 0x0, 0xff, 0x38, 0x7, 0x68, 0x7, 0xf8,
    0x50, 0x2, 0x14, 0x0, 0xe0,

    /* U+0077 "w" */
    0x4f, 0xf5, 0x0, 0x43, 0xff, 0x38, 0x4, 0xbf,
    0xe7, 0x60, 0x3, 0x0, 0x4a, 0x1, 0x70, 0x4,
    0x40, 0x2, 0x20, 0x0, 0x80, 0x23, 0x0, 0x94,
    0x2, 0xe0, 0x3, 0x0, 0x80, 0x80, 0x5a, 0x2,
    0x6, 0x1, 0x18, 0x0, 0x80, 0x80, 0x2, 0x0,
    0x60, 0x90, 0x0, 0x80, 0x18, 0x0, 0x20, 0xa0,
    0x2, 0x0, 0x18, 0x28, 0x1, 0x40, 0x4, 0x4,
    0x0, 0xe0, 0x3, 0x1, 0x0, 0x8, 0xc0, 0xc0,
    0x2, 0xe, 0x0, 0x20, 0x1, 0x3, 0x81, 0x2,
    0x86, 0x81, 0x0, 0x8, 0x0, 0xc0, 0xf, 0x2,
    0x7, 0xe, 0x6, 0x6, 0x0, 0x70, 0x0, 0x80,
    0x4, 0x1a, 0x1a, 0x6, 0x6, 0x2, 0x0, 0x20,
    0x0, 0x80, 0x18, 0x1c, 0x8, 0x14, 0x0, 0x44,
    0x0, 0x30, 0x4, 0x60, 0x40, 0x40, 0xe0, 0x20,
    0x6, 0xe0, 0x1, 0x0, 0x4c, 0x2, 0x60, 0x2,
    0x0, 0x18, 0x19, 0x1, 0x0, 0x62, 0x0, 0x20,
    0x10, 0x4, 0xa1, 0xac, 0xc, 0x1, 0xb8, 0x1,
    0x20, 0xe0, 0x17, 0x2, 0x10, 0x10, 0x6, 0x20,
    0x0, 0x86, 0x80, 0x46, 0x2, 0x0, 0xe0, 0xc,
    0xc0, 0x18, 0x80, 0x25, 0x0, 0xc4, 0x0,

    /* U+0078 "x" */
    0x1e, 0xff, 0x88, 0x3, 0xd3, 0xff, 0x10, 0xd0,
    0x5, 0xc0, 0x1c, 0x8c, 0x0, 0x92, 0x4, 0x70,
    0x1, 0xb8, 0x4, 0x34, 0x0, 0x46, 0x0, 0xa0,
    0x80, 0x10, 0x40, 0xb, 0x10, 0x1a, 0x0, 0xef,
    0x0, 0xb8, 0x11, 0x40, 0x14, 0x20, 0x1c, 0x50,
    0x0, 0x38, 0xa0, 0x3, 0xa0, 0x7, 0xce, 0x80,
    0x7, 0x10, 0x38, 0x0, 0xfe, 0xa1, 0x0, 0xdc,
    0x1, 0xfe, 0x17, 0x0, 0x8c, 0x80, 0x3f, 0xc6,
    0xc0, 0x11, 0xb8, 0x7, 0xfb, 0x40, 0x3a, 0xc,
    0x3, 0xf5, 0x8, 0x16, 0x88, 0x3, 0x80, 0x3e,
    0x55, 0x0, 0x24, 0xac, 0x0, 0x52, 0x1, 0xc5,
    0x40, 0x6, 0x40, 0x55, 0x0, 0x19, 0x40, 0x37,
    0x0, 0xa, 0x40, 0x2b, 0x10, 0x5, 0x88, 0x1,
    0xcc, 0x1, 0x20, 0x18, 0x68, 0x0, 0x34, 0x7,
    0x0, 0x6, 0x40, 0xe, 0x45, 0x0, 0x23, 0x80,

    /* U+0079 "y" */
    0x8f, 0xf8, 0x40, 0x3f, 0x67, 0xfa, 0xe8, 0x2,
    0x60, 0xf, 0x88, 0xc0, 0x1c, 0x48, 0x0, 0xa0,
    0xf, 0xa8, 0x0, 0x2a, 0x1c, 0x0, 0x23, 0x0,
    0xf3, 0x0, 0x18, 0x0, 0xa2, 0x0, 0xa0, 0xe,
    0x41, 0x0, 0x50, 0x4, 0xc0, 0x7, 0x0, 0xee,
    0x0, 0x21, 0x0, 0x52, 0x0, 0x15, 0x0, 0xca,
    0x0, 0xe0, 0xc, 0x28, 0x0, 0xe0, 0x9, 0x80,
    0x2, 0xa0, 0x1d, 0xe0, 0x4, 0x10, 0x6, 0x80,
    0x18, 0x3, 0xc8, 0x20, 0x7, 0x1, 0x40, 0x4,
    0x80, 0x7d, 0x20, 0xa, 0x6, 0x0, 0x20, 0x80,
    0x7c, 0xc0, 0x3, 0x2a, 0x0, 0x78, 0x7, 0xe1,
    0x50, 0x4, 0x90, 0xa, 0x0, 0x7f, 0x70, 0x1,
    0x0, 0x12, 0x1, 0xfe, 0x42, 0x0, 0xcc, 0x1,
    0xff, 0x50, 0x4, 0x82, 0x1, 0xff, 0x20, 0x5,
    0xe0, 0x1f, 0xfc, 0xb, 0x0, 0x12, 0x0, 0x7f,
    0xf0, 0x18, 0x1, 0x40, 0x1f, 0xfc, 0x5, 0x10,
    0x3, 0x0, 0x7e, 0x6d, 0xda, 0xc0, 0xc, 0x20,
    0x1f, 0xb8, 0x8a, 0x10, 0x28, 0x0, 0xff, 0xe0,
    0x93, 0x60, 0x80, 0x7e,

    /* U+007A "z" */
    0x3f, 0xff, 0xfe, 0xb, 0x0, 0x7f, 0xf0, 0xc4,
    0x8b, 0xf8, 0x40, 0x31, 0x6e, 0xfe, 0xf0, 0x8,
    0x50, 0x3, 0xf0, 0xe0, 0x80, 0x34, 0x80, 0x3e,
    0x1c, 0x10, 0x5, 0x98, 0x7, 0xed, 0x20, 0x5,
    0x20, 0x7, 0xeb, 0x30, 0x4, 0xa8, 0x7, 0xe9,
    0x40, 0x3, 0xb0, 0x7, 0xe8, 0x60, 0x3, 0x40,
    0x7, 0xe7, 0x70, 0x1, 0x24, 0x3, 0xf2, 0xc0,
    0x0, 0xec, 0x3, 0xf2, 0x50, 0x0, 0xb4, 0x3,
    0xf1, 0xd8, 0x0, 0x70, 0x40, 0x3f, 0x58, 0x6,
    0xcd, 0xdf, 0xd2, 0x1, 0x84, 0x8b, 0xfc, 0x1,
    0xff, 0xc3,

    /* U+007B "{" */
    0x0, 0xe8, 0xdf, 0xff, 0x0, 0x67, 0x71, 0x0,
    0x7f, 0xac, 0x0, 0xef, 0xe0, 0xc, 0x40, 0x8,
    0x8f, 0x0, 0x7f, 0xf1, 0x4c, 0x3, 0xff, 0x80,
    0xe0, 0x5, 0x0, 0xfe, 0xe0, 0x4, 0x0, 0x7f,
    0x22, 0x81, 0x48, 0x7, 0xf5, 0x10, 0x31, 0x80,
    0x7f, 0x40, 0x2, 0x40, 0x3f, 0x98, 0x0, 0x20,
    0x1f, 0xd2, 0x0, 0x30, 0x9, 0xa2, 0x2a, 0xe5,
    0x3, 0x80, 0xa, 0x9d, 0xe5, 0x15, 0xbc, 0x0,
    0xff, 0x2c, 0x20, 0x6, 0xcf, 0xfb, 0x64, 0x4e,
    0xd0, 0x3, 0xe2, 0x6a, 0x0, 0x70, 0x7, 0xf3,
    0x80, 0x4, 0x3, 0xfa, 0x40, 0x1a, 0x1, 0xf9,
    0x94, 0xd, 0x80, 0x3e, 0x29, 0x1, 0xd0, 0xf,
    0xd6, 0x0, 0x81, 0x0, 0xfc, 0xa0, 0x7, 0x0,
    0xfe, 0x20, 0x0, 0x80, 0x7f, 0xf2, 0x8c, 0x1,
    0x11, 0xe0, 0xc, 0xa0, 0x7, 0x7f, 0x0, 0x68,
    0x71, 0x0, 0xf0,

    /* U+007C "|" */
    0xde, 0xe0, 0x98, 0x88, 0x3, 0xff, 0xfe, 0x1,
    0xff, 0xd6,

    /* U+007D "}" */
    0xcf, 0xfe, 0xea, 0x10, 0xf, 0xf0, 0xad, 0x80,
    0x6a, 0x77, 0xe1, 0x5, 0x0, 0xcd, 0x11, 0xc4,
    0x0, 0x10, 0xf, 0xfe, 0x50, 0x80, 0x4, 0x3,
    0xf1, 0x10, 0x8, 0x3, 0xfa, 0x40, 0x14, 0x1,
    0xf9, 0x90, 0x9, 0xc0, 0x3e, 0x19, 0x0, 0x78,
    0x7, 0xe6, 0x0, 0x39, 0x0, 0x7e, 0xf0, 0x7,
    0x0, 0x7f, 0x60, 0x2, 0x84, 0x3, 0xf2, 0x30,
    0x1f, 0x54, 0xc4, 0x40, 0x1a, 0x71, 0xc1, 0x59,
    0xde, 0x0, 0xc7, 0xe, 0x1, 0xfc, 0x58, 0x80,
    0xfb, 0xdf, 0xf0, 0x4, 0xa0, 0x7, 0x82, 0x10,
    0xf, 0x78, 0x3, 0x80, 0x3f, 0xac, 0x1, 0x60,
    0x1f, 0xc6, 0xc0, 0x52, 0x1, 0xfd, 0x24, 0xc,
    0x80, 0x1f, 0xdc, 0x0, 0x80, 0xf, 0xe3, 0x10,
    0x30, 0xf, 0xf1, 0x0, 0x4, 0x3, 0xff, 0x88,
    0xd1, 0x1c, 0x40, 0x1, 0x0, 0xa9, 0xdf, 0x84,
    0x10, 0x3, 0xfc, 0x2b, 0x40, 0x18,

    /* U+007E "~" */
    0x0, 0x9b, 0x3a, 0xd0, 0x3, 0xcc, 0xa2, 0x0,
    0x89, 0x31, 0x4b, 0x60, 0xe, 0x9a, 0xb0, 0x37,
    0x0, 0xe9, 0x30, 0x9, 0x0, 0x1a, 0x12, 0x0,
    0x9e, 0x50, 0x6, 0x88, 0x3, 0x40, 0x8, 0xa,
    0x6, 0xc3, 0x46, 0x3, 0x42, 0x6c, 0x4, 0x68,
    0x0, 0xb0, 0xb, 0x80, 0x9, 0xd8, 0x0, 0xb0,
    0x30, 0x2, 0x0, 0x45, 0x60, 0x1c, 0x6c, 0xd,
    0x4e, 0x60, 0x19, 0x31, 0x0, 0x5f, 0x0, 0x0,

    /* U+00B0 "°" */
    0x0, 0xc2, 0xae, 0xa4, 0x1, 0xf4, 0xf5, 0x45,
    0x6d, 0x8, 0x6, 0xb6, 0x0, 0xe5, 0xc0, 0x9,
    0x90, 0xb, 0x3f, 0x50, 0xa, 0x40, 0x16, 0x0,
    0xc3, 0x2, 0xb2, 0x6, 0x0, 0x10, 0x28, 0x80,
    0x6a, 0x0, 0x18, 0x80, 0xc, 0x3, 0x84, 0x0,
    0xe2, 0x0, 0x50, 0xe, 0xf0, 0x3, 0x2, 0x81,
    0xb0, 0x4, 0x6c, 0x4, 0x40, 0x80, 0x4, 0xdc,
    0x56, 0x0, 0x24, 0x0, 0x54, 0x0, 0x47, 0x50,
    0x4, 0x20, 0x4, 0xba, 0xc2, 0x2, 0xb8, 0xe0,
    0x0,

    /* U+00B7 "·" */
    0x0, 0x11, 0x90, 0x5, 0x3b, 0x9b, 0x60, 0x2c,
    0x1, 0x22, 0xc, 0x3, 0x88, 0x80, 0x1c, 0xa1,
    0x44, 0x3, 0x6,

    /* U+00C4 "Ä" */
    0x0, 0xff, 0xe5, 0xa6, 0xfe, 0x10, 0x2, 0xff,
    0x98, 0x3, 0xf7, 0x90, 0x1d, 0x2, 0x20, 0x6,
    0x0, 0x3f, 0xf9, 0xfe, 0x40, 0x74, 0x8, 0x80,
    0x18, 0x0, 0xfc, 0x9b, 0xf8, 0x40, 0xb, 0xfe,
    0x60, 0xf, 0xff, 0x2f, 0xff, 0x18, 0x7, 0xff,
    0x1, 0x0, 0x3a, 0xc0, 0x3f, 0xf8, 0x1a, 0x1,
    0xc8, 0x1, 0xff, 0xc0, 0x40, 0x3, 0x0, 0xc,
    0x40, 0x3f, 0xc4, 0x40, 0x4, 0x0, 0x4e, 0x1,
    0xfe, 0x50, 0x2, 0xa, 0x80, 0x34, 0x3, 0xfd,
    0x60, 0xc, 0xc, 0x0, 0x20, 0x7, 0xf0, 0x98,
    0x1, 0x1, 0xc0, 0x24, 0x0, 0xfc, 0x80, 0x1,
    0x30, 0x12, 0x0, 0x68, 0x7, 0xef, 0x0, 0x20,
    0x4, 0x80, 0x7, 0x0, 0xfc, 0x80, 0xf, 0x0,
    0xb4, 0x0, 0x24, 0x1, 0xe3, 0x10, 0x2, 0x0,
    0x48, 0x1, 0x28, 0x7, 0xac, 0x0, 0x62, 0x1,
    0x90, 0x1, 0x60, 0x1e, 0x50, 0x1, 0xff, 0xf2,
    0x0, 0xc, 0x40, 0x31, 0x10, 0x3, 0xff, 0x80,
    0x80, 0x19, 0x0, 0x3f, 0xf8, 0x3e, 0x1, 0xb4,
    0x0, 0x5f, 0xff, 0x18, 0x1, 0x40, 0x32, 0x0,
    0x14, 0x3, 0xeb, 0x0, 0x90, 0x0, 0xa0, 0x16,
    0x0, 0x7c, 0x80, 0x16, 0x0, 0x30, 0x2, 0x40,
    0xf, 0x8c, 0x40, 0xa, 0x0, 0x70, 0x2, 0x0,
    0x7f, 0x20, 0x0, 0x88, 0x62, 0x0, 0xd0, 0xf,
    0xef, 0x0, 0x94,

    /* U+00D6 "Ö" */
    0x0, 0xff, 0xe4, 0x26, 0xfe, 0x10, 0x2, 0xff,
    0x98, 0x3, 0xde, 0x40, 0x74, 0x8, 0x80, 0x18,
    0x0, 0xff, 0xe5, 0xf9, 0x1, 0xd0, 0x22, 0x0,
    0x60, 0x3, 0xc9, 0xbf, 0x84, 0x0, 0xbf, 0xe6,
    0x0, 0xff, 0xee, 0x8b, 0x67, 0x7f, 0x64, 0x10,
    0x7, 0xc9, 0xf2, 0x62, 0x2, 0x6f, 0xac, 0x1,
    0xc9, 0x62, 0x1, 0xfa, 0x5c, 0x3, 0x50, 0x5,
    0x1d, 0xfd, 0x22, 0x0, 0x82, 0x0, 0x38, 0x80,
    0x29, 0xc4, 0x5, 0xb4, 0x2, 0x80, 0x5, 0x0,
    0x9, 0x40, 0x38, 0xd4, 0x0, 0xa0, 0x44, 0x0,
    0x28, 0x7, 0xde, 0x1, 0x2b, 0x0, 0x5a, 0x1,
    0xf3, 0x80, 0x5a, 0x60, 0x13, 0x0, 0x7c, 0x40,
    0x11, 0x78, 0x7, 0xff, 0xc, 0x44, 0x1, 0xff,
    0xc3, 0x70, 0xf, 0xfe, 0x28, 0x80, 0x7f, 0xf0,
    0xdf, 0xc0, 0x3f, 0xf8, 0x62, 0x60, 0x13, 0x0,
    0x7c, 0x40, 0x11, 0x30, 0x5, 0xa0, 0x1f, 0x38,
    0x5, 0xa4, 0x40, 0x2, 0x80, 0x7d, 0xe0, 0x12,
    0x85, 0x0, 0x9, 0x40, 0x38, 0xd4, 0x0, 0xa0,
    0x7, 0x10, 0x5, 0x39, 0x0, 0xb6, 0x80, 0x50,
    0x1, 0x50, 0x5, 0x1b, 0xfd, 0x22, 0x0, 0x82,
    0x0, 0x92, 0xc4, 0x3, 0xf4, 0xb8, 0x7, 0x27,
    0xc1, 0x88, 0x9, 0xbe, 0xb0, 0x4,

    /* U+00DC "Ü" */
    0x0, 0xff, 0xe2, 0xa6, 0xfe, 0x10, 0x2, 0xff,
    0x98, 0x3, 0x79, 0x1, 0xd0, 0x22, 0x0, 0x60,
    0x3, 0xff, 0x8f, 0xe4, 0x7, 0x40, 0x88, 0x1,
    0x80, 0xc, 0x9b, 0xf8, 0x40, 0xb, 0xfe, 0x60,
    0xf, 0xfe, 0xa6, 0x7f, 0xb0, 0x3, 0xe9, 0xff,
    0x80, 0x3f, 0xff, 0xe0, 0x1f, 0xff, 0xf0, 0xf,
    0xff, 0xb, 0x80, 0x4, 0x3, 0xe3, 0x0, 0x8,
    0x80, 0x6, 0x1, 0xfe, 0x32, 0x0, 0x8, 0x7,
    0xce, 0x0, 0x6d, 0x0, 0x98, 0x3, 0x8c, 0x80,
    0x6, 0x80, 0x14, 0xb8, 0x80, 0xae, 0x80, 0x56,
    0x2e, 0x1, 0x47, 0x7f, 0x50, 0x80, 0x10, 0xc2,
    0x18, 0x3, 0xf9, 0x2c, 0x2, 0x9c, 0x62, 0x10,
    0x1, 0x2d, 0x58, 0x0,

    /* U+00DF "ß" */
    0x0, 0x36, 0xff, 0xf4, 0x80, 0x7e, 0x89, 0x20,
    0xf, 0xfe, 0x13, 0x80, 0xc, 0xfb, 0x80, 0x3e,
    0x40, 0xb, 0x73, 0x33, 0x80, 0x7f, 0xf3, 0x4,
    0x3, 0xff, 0xb3, 0xdf, 0xff, 0xe0, 0xf, 0xfe,
    0x59, 0x9f, 0xc4, 0x1, 0xfd, 0xb9, 0x9e, 0x0,
    0x9c, 0x3, 0xff, 0x81, 0x24, 0x5, 0x0, 0x1f,
    0xf2, 0x30, 0x3, 0xc0, 0x3f, 0xe1, 0xa0, 0x4,
    0x90, 0x7, 0xfd, 0x42, 0x8, 0xc0, 0x1f, 0xf3,
    0x20, 0xd, 0x0, 0x7f, 0xc3, 0x20, 0xa, 0x10,
    0xf, 0xf8, 0x80, 0x2a, 0xb6, 0x0, 0xff, 0xe1,
    0xa, 0x4f, 0x20, 0x7, 0xe2, 0x88, 0x31, 0x0,
    0x6, 0xcc, 0x3, 0xe1, 0x77, 0x4e, 0xd8, 0x5,
    0xe0, 0x1f, 0xfc, 0x4, 0x70, 0x1, 0x90, 0x7,
    0xff, 0x3, 0x0, 0x26, 0x0, 0xff, 0xe2, 0xaf,
    0xfc, 0x20, 0x1f, 0x8, 0x4, 0xe0, 0x1f, 0xfc,
    0xe, 0x0, 0x8c, 0x3, 0xfc, 0x54, 0x80, 0x7,
    0x0, 0xf0, 0xe6, 0x5d, 0xaa, 0x0, 0x38, 0x0,
    0xf1, 0x9e, 0x10, 0x9, 0xb0, 0x3, 0xfe, 0x13,
    0x7d, 0x90, 0x8,

    /* U+00E4 "ä" */
    0x0, 0xa3, 0xbe, 0x0, 0x7, 0xbf, 0x84, 0x1,
    0xc2, 0xe2, 0xe, 0x21, 0x4, 0x7, 0x40, 0x1f,
    0xfc, 0xa1, 0x60, 0x3, 0x8, 0x78, 0x81, 0x50,
    0x7, 0xa7, 0xfd, 0x20, 0x4, 0xef, 0xd2, 0x0,
    0xff, 0xee, 0xa5, 0x6f, 0xfb, 0xad, 0x40, 0x3e,
    0x2c, 0xb5, 0x20, 0x0, 0xa5, 0x60, 0x80, 0x61,
    0xc3, 0x0, 0x9, 0x90, 0x4, 0x78, 0x1, 0x88,
    0x0, 0x79, 0xd9, 0xbc, 0xa0, 0x2, 0x60, 0x8,
    0xf1, 0xb0, 0xc0, 0x21, 0xa1, 0x0, 0x60, 0x6,
    0x29, 0x0, 0xf9, 0x40, 0xc, 0x1, 0xff, 0xc4,
    0x10, 0xe, 0x28, 0xce, 0xff, 0xc8, 0x1, 0xf4,
    0x6b, 0x98, 0x80, 0x7f, 0xcc, 0xe0, 0x3, 0x9b,
    0xcc, 0x8c, 0x3, 0xd6, 0x0, 0x3c, 0x64, 0x33,
    0x9c, 0x3, 0xc4, 0x0, 0xb0, 0xf, 0xfe, 0x27,
    0x80, 0x79, 0x80, 0x3c, 0x40, 0x5, 0x10, 0xd,
    0x24, 0x1, 0xea, 0x0, 0x17, 0x5c, 0xdf, 0xb3,
    0x0, 0x5, 0x94, 0xe, 0x80, 0x12, 0x32, 0x3,
    0xc0, 0x80, 0xd, 0x0, 0x17, 0x48, 0x20, 0x29,
    0x70, 0x3a, 0x60, 0x10,

    /* U+00F6 "ö" */
    0x0, 0x8f, 0x7f, 0x4, 0x1, 0x7f, 0xcc, 0x1,
    0xe8, 0x20, 0x39, 0x4, 0x40, 0xc, 0x0, 0x7f,
    0xf2, 0xfc, 0x40, 0xa8, 0x11, 0x0, 0x8, 0x0,
    0xf2, 0x77, 0xe9, 0x0, 0x2f, 0xfc, 0xc0, 0x1f,
    0xfd, 0xe7, 0xbe, 0xfe, 0xc8, 0x10, 0xf, 0x93,
    0xa1, 0x4, 0x4, 0xdf, 0x98, 0x3, 0x92, 0xc4,
    0x0, 0x26, 0x40, 0x14, 0xb8, 0x4, 0x34, 0x0,
    0x2c, 0xec, 0xdd, 0x18, 0x2, 0xc, 0x0, 0xc2,
    0x0, 0xf3, 0x0, 0x8b, 0x8, 0x1, 0x20, 0xa,
    0x0, 0x29, 0x0, 0x7a, 0x80, 0xa, 0x2, 0x40,
    0xd, 0x0, 0xf8, 0xc0, 0x24, 0x30, 0x8, 0x40,
    0x3e, 0x70, 0x8, 0x44, 0x1, 0xff, 0xc3, 0x31,
    0x0, 0xff, 0xe1, 0x99, 0x80, 0x21, 0x0, 0xf9,
    0xc0, 0x21, 0x11, 0x0, 0x34, 0x3, 0xe3, 0x0,
    0x90, 0x28, 0x0, 0xa4, 0x1, 0xea, 0x0, 0x28,
    0x1, 0x84, 0x1, 0xe8, 0x1, 0x16, 0x10, 0x2,
    0x40, 0x3, 0x40, 0x2, 0xbe, 0xcd, 0xd1, 0x80,
    0x20, 0xc0, 0x24, 0xb1, 0x0, 0x9, 0x90, 0x5,
    0x2e, 0x1, 0xc9, 0xd0, 0x82, 0x2, 0x6f, 0xcc,
    0x1, 0x0,

    /* U+00FC "ü" */
    0x0, 0x26, 0xfe, 0x8, 0x2, 0xff, 0x94, 0x3,
    0x79, 0x1, 0xb0, 0x2a, 0x0, 0xc0, 0x7, 0xff,
    0x1f, 0xc4, 0xd, 0x81, 0x4c, 0x6, 0xc0, 0x32,
    0x77, 0xe0, 0x80, 0x33, 0xf9, 0x80, 0x3f, 0xfa,
    0x8f, 0xff, 0x0, 0x7d, 0xff, 0x40, 0x7, 0xff,
    0xfc, 0x3, 0xff, 0xfe, 0x20, 0x11, 0x0, 0x7f,
    0x88, 0x2, 0xa0, 0xe, 0x50, 0xc, 0x80, 0x13,
    0xb0, 0x4, 0xd6, 0x1, 0xce, 0x1, 0x4f, 0xf7,
    0xcc, 0x80, 0x3a, 0x10, 0x3, 0x8, 0x23, 0x80,
    0x7a, 0xe4, 0xc0, 0x5, 0x36, 0x1, 0xc0,

    /* U+0104 "Ą" */
    0x0, 0xfb, 0xff, 0x8c, 0x3, 0xff, 0x82, 0x80,
    0x1d, 0x60, 0x1f, 0xfc, 0x1d, 0x0, 0x30, 0x1,
    0x0, 0x3f, 0xf8, 0x28, 0x0, 0x80, 0x1, 0x88,
    0x7, 0xfc, 0x44, 0x4, 0x15, 0x0, 0x38, 0x7,
    0xfc, 0xa0, 0xc, 0xc, 0x0, 0x68, 0x7, 0xfd,
    0x60, 0x4, 0x7, 0x0, 0x20, 0x7, 0xf8, 0x4c,
    0x4, 0xc0, 0x48, 0x0, 0x80, 0x1f, 0xc8, 0x0,
    0x40, 0x9, 0x0, 0x1a, 0x1, 0xfd, 0xe0, 0xf,
    0x0, 0xb4, 0x0, 0xe0, 0x1f, 0xc8, 0x0, 0x40,
    0x9, 0x0, 0x2, 0x40, 0x1f, 0x18, 0x81, 0x88,
    0x6, 0x40, 0x2, 0x80, 0x7d, 0x60, 0x3, 0xff,
    0xe4, 0x0, 0x58, 0x7, 0xca, 0x1, 0xff, 0x18,
    0x80, 0x71, 0x10, 0x3, 0xff, 0x80, 0x80, 0x1c,
    0x80, 0x2, 0xff, 0xf8, 0xc0, 0x1e, 0x1, 0xda,
    0x0, 0x40, 0xf, 0x90, 0x0, 0xa0, 0x1c, 0x80,
    0xf, 0x0, 0xfb, 0x0, 0x24, 0x0, 0x94, 0x2,
    0x40, 0xf, 0x94, 0x2, 0xc0, 0xb, 0x0, 0x2,
    0x40, 0x1f, 0x9, 0x0, 0x14, 0x2, 0x70, 0x2,
    0x0, 0x7f, 0x20, 0x0, 0x88, 0x6, 0x20, 0xc,
    0x0, 0xfe, 0xc0, 0x9, 0x40, 0xff, 0xe6, 0x0,
    0xfe, 0x75, 0x6, 0x60, 0x7, 0xff, 0x9, 0xb5,
    0x32, 0x44, 0x3, 0xff, 0x82, 0x92, 0x18, 0x60,
    0x1f, 0xfc, 0x3d, 0x0, 0x30, 0xba, 0x0, 0x7f,
    0xf0, 0x7c, 0x1, 0x7d, 0x16, 0x40, 0x1f, 0xfc,
    0x6, 0x92, 0x0, 0x14, 0x90,

    /* U+0105 "ą" */
    0x0, 0xc9, 0x5b, 0xfe, 0xeb, 0x60, 0xf, 0xc5,
    0x96, 0xa4, 0x0, 0x14, 0x9d, 0x20, 0xe, 0x1c,
    0x30, 0x1, 0x19, 0x0, 0x45, 0xe0, 0x1c, 0x40,
    0x4, 0xdd, 0x66, 0xf3, 0x0, 0x9, 0x80, 0x31,
    0xfc, 0x59, 0x0, 0x43, 0x22, 0x0, 0xd0, 0xe,
    0x17, 0x0, 0xf9, 0x40, 0xe, 0x1, 0xfc, 0x44,
    0x33, 0x9c, 0x0, 0x20, 0x1e, 0x5b, 0xfd, 0xd6,
    0x64, 0x60, 0x1f, 0xae, 0x90, 0x3, 0xff, 0x85,
    0x8, 0x0, 0x6c, 0xef, 0xf9, 0x0, 0x3e, 0x60,
    0x2, 0xc9, 0x88, 0x7, 0xfc, 0x20, 0xd, 0x0,
    0xff, 0xe2, 0xf8, 0x7, 0x94, 0x3, 0xe2, 0x0,
    0x30, 0x80, 0x43, 0x42, 0x1, 0x19, 0x0, 0x28,
    0x0, 0x3d, 0x73, 0x7c, 0xb4, 0x0, 0x2c, 0xc0,
    0x1, 0xd4, 0x2, 0x46, 0x40, 0xa5, 0x40, 0xf,
    0xaa, 0x88, 0x20, 0x2b, 0x8a, 0x17, 0x22, 0x4,
    0x1, 0x96, 0xfb, 0xfa, 0x8c, 0x0, 0x76, 0x31,
    0x80, 0x1f, 0xfc, 0x6, 0xc3, 0xc7, 0x0, 0xff,
    0xe0, 0xc, 0x84, 0x18, 0x7, 0xff, 0x5, 0x0,
    0x1c, 0x2b, 0x0, 0x1f, 0xf3, 0x80, 0x1f, 0xa9,
    0xdc, 0x1, 0xfe, 0x2c, 0x41, 0x1, 0x77, 0x0,

    /* U+0106 "Ć" */
    0x0, 0xff, 0xe7, 0xec, 0x8, 0x7, 0xff, 0x5,
    0x89, 0xf8, 0x80, 0x3f, 0xf8, 0x10, 0x0, 0x62,
    0x0, 0xff, 0x98, 0x40, 0xa4, 0x3, 0xff, 0x81,
    0x0, 0xe, 0x0, 0xff, 0xe0, 0x20, 0x84, 0x18,
    0x7, 0xff, 0x1, 0x31, 0xdc, 0x1, 0xff, 0xc2,
    0x38, 0x0, 0xff, 0xe0, 0x1c, 0xef, 0x7f, 0x5b,
    0x0, 0x7e, 0xac, 0x62, 0x10, 0x14, 0x9d, 0x20,
    0xe, 0xb5, 0x0, 0xfc, 0x58, 0x20, 0x13, 0xa0,
    0x0, 0xaf, 0xfd, 0xaa, 0x0, 0x1b, 0x0, 0xa4,
    0x0, 0x5a, 0x80, 0x2, 0xa5, 0x0, 0x29, 0x2,
    0x88, 0x2, 0x0, 0x3d, 0x60, 0x4, 0x10, 0xf0,
    0x9, 0x40, 0x3c, 0x39, 0xf6, 0x60, 0xe0, 0x3,
    0x0, 0xfc, 0x60, 0x18, 0x80, 0xe, 0x1, 0xff,
    0xc0, 0x10, 0x8, 0x40, 0x3f, 0xfe, 0x62, 0x1,
    0x8, 0x7, 0xff, 0x4, 0x80, 0xe, 0x1, 0xff,
    0xc1, 0x70, 0x1, 0x80, 0x7e, 0x30, 0xd, 0xe0,
    0x12, 0x80, 0x78, 0x73, 0xec, 0xc1, 0x44, 0x1,
    0x2, 0x1, 0xd6, 0x0, 0x41, 0x0, 0x48, 0x0,
    0xb1, 0x4, 0xa, 0xd4, 0x0, 0xa4, 0x0, 0x74,
    0x0, 0x15, 0xf7, 0xea, 0x0, 0x6, 0xc0, 0x35,
    0xa8, 0x7, 0xe2, 0xc1, 0x0, 0xea, 0xc6, 0x20,
    0x0, 0xa4, 0xe9, 0x0, 0x0,

    /* U+0107 "ć" */
    0x0, 0xfe, 0x10, 0xf, 0xfe, 0xa, 0x75, 0x10,
    0x7, 0xfd, 0x0, 0xbe, 0x1, 0xfe, 0x43, 0x0,
    0x70, 0x7, 0xfa, 0x0, 0x10, 0x60, 0x1f, 0xc8,
    0x60, 0x6e, 0x1, 0xfe, 0x30, 0x7, 0x0, 0x7f,
    0xcf, 0xd6, 0x40, 0x1f, 0xfc, 0x1, 0x40, 0xf,
    0xf1, 0xce, 0xff, 0xba, 0xd4, 0x3, 0xd3, 0x8c,
    0x40, 0x1, 0x4a, 0xb0, 0xd, 0x6c, 0x1, 0x84,
    0x2, 0x4b, 0x0, 0x32, 0x0, 0x13, 0x7f, 0xb8,
    0xc0, 0x4, 0x50, 0x80, 0x1, 0xd9, 0x0, 0x6,
    0x58, 0x61, 0x4c, 0x40, 0x10, 0x1, 0xe9, 0xe7,
    0x4, 0x0, 0x94, 0x3, 0xfd, 0xe0, 0x10, 0x80,
    0x7f, 0x84, 0x3, 0xff, 0x84, 0x20, 0x1f, 0xfc,
    0x2f, 0x0, 0x84, 0x3, 0xfc, 0x80, 0x12, 0x80,
    0x7c, 0x60, 0x3, 0x10, 0x4, 0x0, 0x79, 0x72,
    0xc8, 0x20, 0x0, 0x76, 0x60, 0x1, 0x7a, 0x4,
    0xb0, 0x64, 0x0, 0x26, 0x7f, 0xba, 0x0, 0x5,
    0x20, 0xb, 0x60, 0xf, 0xc7, 0x80, 0x1a, 0x71,
    0x88, 0x0, 0x29, 0x38, 0x20,

    /* U+0108 "Ĉ" */
    0x0, 0xfb, 0x3f, 0xe5, 0x0, 0xff, 0x9c, 0xc0,
    0x2b, 0x10, 0xf, 0xe2, 0x80, 0xc, 0x34, 0x1,
    0xfd, 0xc0, 0x4, 0xb0, 0x2, 0x28, 0x7, 0xce,
    0x60, 0x56, 0x92, 0x0, 0xb1, 0x0, 0xe2, 0x80,
    0x1f, 0x0, 0x33, 0x0, 0x6c, 0x3, 0x89, 0xc3,
    0x48, 0x2, 0x94, 0x28, 0x0, 0xf4, 0x69, 0x80,
    0x75, 0xe1, 0x0, 0x7c, 0x40, 0x1f, 0x8, 0x7,
    0xe3, 0x9d, 0xef, 0xeb, 0x60, 0xf, 0xd5, 0x8c,
    0x42, 0x2, 0x93, 0xa4, 0x1, 0xd6, 0xa0, 0x1f,
    0x8b, 0x4, 0x2, 0x74, 0x0, 0x15, 0xff, 0xb5,
    0x40, 0x3, 0x60, 0x14, 0x80, 0xb, 0x50, 0x0,
    0x54, 0xa0, 0x5, 0x20, 0x51, 0x0, 0x40, 0x7,
    0xac, 0x0, 0x82, 0x1e, 0x1, 0x28, 0x7, 0x87,
    0x3e, 0xcc, 0x1c, 0x0, 0x60, 0x1f, 0x8c, 0x3,
    0x10, 0x1, 0xc0, 0x3f, 0xf8, 0x2, 0x1, 0x8,
    0x7, 0xff, 0xcc, 0x40, 0x21, 0x0, 0xff, 0xe0,
    0x90, 0x1, 0xc0, 0x3f, 0xf8, 0x2e, 0x0, 0x30,
    0xf, 0xc6, 0x1, 0xbc, 0x2, 0x50, 0xf, 0xe,
    0x7d, 0x98, 0x28, 0x80, 0x20, 0x40, 0x3a, 0xc0,
    0x8, 0x20, 0x9, 0x0, 0x16, 0x20, 0x81, 0x5a,
    0x80, 0x14, 0x80, 0xe, 0x80, 0x2, 0xbe, 0xfd,
    0x40, 0x0, 0xd8, 0x6, 0xb5, 0x0, 0xfc, 0x58,
    0x20, 0x1d, 0x58, 0xc4, 0x0, 0x14, 0x9d, 0x20,
    0x0,

    /* U+0109 "ĉ" */
    0x0, 0xf3, 0xc4, 0x1c, 0x3, 0xfc, 0xf0, 0xee,
    0x88, 0x0, 0x7e, 0x38, 0x0, 0xce, 0x80, 0x1e,
    0x1d, 0x0, 0x32, 0x80, 0x28, 0x40, 0x3a, 0x84,
    0x16, 0x69, 0x0, 0x68, 0x3, 0x2a, 0x2, 0x50,
    0x2, 0xd0, 0x11, 0x40, 0x25, 0x64, 0xb0, 0xd,
    0x66, 0xca, 0x1, 0xa6, 0xc0, 0x3d, 0x92, 0x1,
    0xff, 0xc9, 0x39, 0xdf, 0xf7, 0x5a, 0x80, 0x7a,
    0x71, 0x88, 0x0, 0x29, 0x56, 0x1, 0xad, 0x80,
    0x30, 0x80, 0x49, 0x60, 0x6, 0x40, 0x2, 0x6f,
    0xf7, 0x18, 0x0, 0x8a, 0x10, 0x0, 0x3b, 0x20,
    0x0, 0xcb, 0xc, 0x29, 0x88, 0x2, 0x0, 0x3d,
    0x3c, 0xe0, 0x80, 0x12, 0x80, 0x7f, 0xbc, 0x2,
    0x10, 0xf, 0xf0, 0x80, 0x7f, 0xf0, 0x84, 0x3,
    0xff, 0x85, 0xe0, 0x10, 0x80, 0x7f, 0x90, 0x2,
    0x50, 0xf, 0x8c, 0x0, 0x62, 0x0, 0x80, 0xf,
    0x2e, 0x59, 0x4, 0x0, 0xe, 0xcc, 0x0, 0x2f,
    0x40, 0x96, 0xc, 0x80, 0x4, 0xcf, 0xf7, 0x40,
    0x0, 0xa4, 0x1, 0x6c, 0x1, 0xf8, 0xf0, 0x3,
    0x4e, 0x31, 0x0, 0x5, 0x27, 0x4, 0x0,

    /* U+010A "Ċ" */
    0x0, 0xf8, 0x59, 0xd0, 0x3, 0xff, 0x83, 0x93,
    0x16, 0xc0, 0x1f, 0xf0, 0x90, 0x5, 0x80, 0x1f,
    0xf0, 0x80, 0x62, 0x0, 0xff, 0xe0, 0x48, 0x81,
    0xc8, 0x7, 0xff, 0x1, 0xbb, 0xf0, 0x40, 0x3f,
    0xfc, 0x7, 0x3b, 0xdf, 0xd6, 0xc0, 0x1f, 0xab,
    0x18, 0x84, 0x5, 0x27, 0x48, 0x3, 0xad, 0x40,
    0x3f, 0x16, 0x8, 0x4, 0xe8, 0x0, 0x2b, 0xff,
    0x6a, 0x80, 0x6, 0xc0, 0x29, 0x0, 0x16, 0xa0,
    0x0, 0xa9, 0x40, 0xa, 0x40, 0xa2, 0x0, 0x80,
    0xf, 0x58, 0x1, 0x4, 0x3c, 0x2, 0x50, 0xf,
    0xe, 0x7d, 0x98, 0x38, 0x0, 0xc0, 0x3f, 0x18,
    0x6, 0x20, 0x3, 0x80, 0x7f, 0xf0, 0x4, 0x2,
    0x10, 0xf, 0xff, 0x98, 0x80, 0x42, 0x1, 0xff,
    0xc1, 0x20, 0x3, 0x80, 0x7f, 0xf0, 0x5c, 0x0,
    0x60, 0x1f, 0x8c, 0x3, 0x78, 0x4, 0xa0, 0x1e,
    0x1c, 0xfb, 0x30, 0x51, 0x0, 0x40, 0x80, 0x75,
    0x80, 0x10, 0x40, 0x12, 0x0, 0x2c, 0x41, 0x2,
    0xb5, 0x0, 0x29, 0x0, 0x1d, 0x0, 0x5, 0x7d,
    0xfa, 0x80, 0x1, 0xb0, 0xd, 0x6a, 0x1, 0xf8,
    0xb0, 0x40, 0x3a, 0xb1, 0x88, 0x0, 0x29, 0x3a,
    0x40, 0x0,

    /* U+010B "ċ" */
    0x0, 0xf4, 0xf7, 0xd0, 0x7, 0xf9, 0x18, 0x41,
    0x54, 0x1, 0xfc, 0x20, 0x18, 0xc0, 0x3f, 0x9c,
    0x3, 0x20, 0x7, 0xf1, 0x6c, 0x43, 0x48, 0x3,
    0xfc, 0x4e, 0xe2, 0x0, 0xff, 0xe6, 0x1c, 0xef,
    0xfb, 0xad, 0x40, 0x3d, 0x38, 0xc4, 0x0, 0x14,
    0xab, 0x0, 0xd6, 0xc0, 0x18, 0x40, 0x24, 0xb0,
    0x3, 0x20, 0x1, 0x37, 0xfb, 0x8c, 0x0, 0x45,
    0x8, 0x0, 0x1d, 0x90, 0x0, 0x65, 0x86, 0x14,
    0xc4, 0x1, 0x0, 0x1e, 0x9e, 0x70, 0x40, 0x9,
    0x40, 0x3f, 0xde, 0x1, 0x8, 0x7, 0xf8, 0x40,
    0x3f, 0xf8, 0x42, 0x1, 0xff, 0xc2, 0xf0, 0x8,
    0x40, 0x3f, 0xc8, 0x1, 0x28, 0x7, 0xc6, 0x0,
    0x31, 0x0, 0x40, 0x7, 0x97, 0x2c, 0x82, 0x0,
    0x7, 0x66, 0x0, 0x17, 0xa0, 0x4b, 0x6, 0x40,
    0x2, 0x67, 0xfb, 0xa0, 0x0, 0x52, 0x0, 0xb6,
    0x0, 0xfc, 0x78, 0x1, 0xa7, 0x18, 0x80, 0x2,
    0x93, 0x82, 0x0,

    /* U+010C "Č" */
    0x0, 0xff, 0xe4, 0xb7, 0x18, 0x7, 0x4e, 0x90,
    0x7, 0xc, 0xe, 0x20, 0x5, 0x2c, 0x56, 0x1,
    0xc3, 0x40, 0xb, 0x40, 0x96, 0x3, 0x90, 0xf,
    0x24, 0x0, 0x2e, 0xcc, 0x3, 0xa0, 0x1f, 0x9d,
    0x40, 0x8, 0x0, 0xd1, 0x0, 0xfe, 0xa2, 0x0,
    0xa4, 0xc0, 0x3f, 0xed, 0xff, 0x98, 0x3, 0xff,
    0xc0, 0x73, 0xbd, 0xfd, 0x6c, 0x1, 0xfa, 0xb1,
    0x88, 0x40, 0x52, 0x74, 0x80, 0x3a, 0xd4, 0x3,
    0xf1, 0x60, 0x80, 0x4e, 0x80, 0x2, 0xbf, 0xf6,
    0xa8, 0x0, 0x6c, 0x2, 0x90, 0x1, 0x6a, 0x0,
    0xa, 0x94, 0x0, 0xa4, 0xa, 0x20, 0x8, 0x0,
    0xf5, 0x80, 0x10, 0x43, 0xc0, 0x25, 0x0, 0xf0,
    0xe7, 0xd9, 0x83, 0x80, 0xc, 0x3, 0xf1, 0x80,
    0x62, 0x0, 0x38, 0x7, 0xff, 0x0, 0x40, 0x21,
    0x0, 0xff, 0xf9, 0x88, 0x4, 0x20, 0x1f, 0xfc,
    0x12, 0x0, 0x38, 0x7, 0xff, 0x5, 0xc0, 0x6,
    0x1, 0xf8, 0xc0, 0x37, 0x80, 0x4a, 0x1, 0xe1,
    0xcf, 0xb3, 0x5, 0x10, 0x4, 0x8, 0x7, 0x58,
    0x1, 0x4, 0x1, 0x20, 0x2, 0xc4, 0x10, 0x2b,
    0x50, 0x2, 0x90, 0x1, 0xd0, 0x0, 0x57, 0xdf,
    0xa8, 0x0, 0x1b, 0x0, 0xd6, 0xa0, 0x1f, 0x8b,
    0x4, 0x3, 0xab, 0x18, 0x80, 0x2, 0x93, 0xa4,
    0x0,

    /* U+010D "č" */
    0x0, 0x89, 0x80, 0x3c, 0x86, 0x1, 0x93, 0x65,
    0xc0, 0x32, 0xde, 0x20, 0x4, 0xa4, 0x10, 0xe0,
    0x5, 0xa0, 0x15, 0x0, 0x87, 0xc0, 0x11, 0x5,
    0xa0, 0x6, 0x88, 0x6, 0x2a, 0x0, 0x3d, 0x0,
    0x28, 0xc0, 0x3c, 0xae, 0x1, 0x99, 0x40, 0x3f,
    0x44, 0x1d, 0xd1, 0x20, 0x1f, 0xe7, 0x88, 0x38,
    0x7, 0xff, 0x30, 0xe7, 0x7f, 0xdd, 0x6a, 0x1,
    0xe9, 0xc6, 0x20, 0x0, 0xa5, 0x58, 0x6, 0xb6,
    0x0, 0xc2, 0x1, 0x25, 0x80, 0x19, 0x0, 0x9,
    0xbf, 0xdc, 0x60, 0x2, 0x28, 0x40, 0x0, 0xec,
    0x80, 0x3, 0x2c, 0x30, 0xa6, 0x20, 0x8, 0x0,
    0xf4, 0xf3, 0x82, 0x0, 0x4a, 0x1, 0xfe, 0xf0,
    0x8, 0x40, 0x3f, 0xc2, 0x1, 0xff, 0xc2, 0x10,
    0xf, 0xfe, 0x17, 0x80, 0x42, 0x1, 0xfe, 0x40,
    0x9, 0x40, 0x3e, 0x30, 0x1, 0x88, 0x2, 0x0,
    0x3c, 0xb9, 0x64, 0x10, 0x0, 0x3b, 0x30, 0x0,
    0xbd, 0x2, 0x58, 0x32, 0x0, 0x13, 0x3f, 0xdd,
    0x0, 0x2, 0x90, 0x5, 0xb0, 0x7, 0xe3, 0xc0,
    0xd, 0x38, 0xc4, 0x0, 0x14, 0x9c, 0x10,

    /* U+010E "Ď" */
    0x0, 0x1a, 0x80, 0x79, 0x48, 0x3, 0x97, 0x29,
    0x80, 0x33, 0x56, 0x98, 0x6, 0x41, 0x9, 0x60,
    0x3, 0xc8, 0x11, 0x80, 0x61, 0xd0, 0x4, 0xb3,
    0xc0, 0xf, 0x80, 0x78, 0xe4, 0x1, 0x30, 0x0,
    0xa2, 0x0, 0xf9, 0x94, 0x3, 0x42, 0x0, 0x7f,
    0x54, 0x3b, 0xa1, 0xc0, 0x3f, 0xe7, 0x88, 0x38,
    0x7, 0xff, 0x2d, 0xbf, 0xfe, 0xeb, 0x71, 0x0,
    0xff, 0xe0, 0xa, 0x47, 0xa8, 0x7, 0xff, 0x8,
    0x69, 0x40, 0x3d, 0xbf, 0xf6, 0xb8, 0x5, 0x42,
    0x1, 0xfc, 0x51, 0x20, 0x14, 0x80, 0x7f, 0xcc,
    0x60, 0x6, 0x0, 0xff, 0xe0, 0x50, 0x0, 0x4c,
    0x3, 0xfe, 0x50, 0x9, 0x40, 0x3f, 0xe2, 0x0,
    0xb8, 0x3, 0xff, 0x86, 0x20, 0x1f, 0xfc, 0x33,
    0x0, 0xff, 0xe9, 0x98, 0x7, 0xff, 0xc, 0x40,
    0x3f, 0xe2, 0x0, 0xb8, 0x3, 0xfe, 0x50, 0x9,
    0x40, 0x3f, 0xea, 0x0, 0x9, 0x80, 0x7f, 0x98,
    0xc0, 0xe, 0x1, 0xfc, 0x51, 0x20, 0x14, 0x0,
    0x76, 0xff, 0xda, 0xe0, 0x15, 0x8, 0x7, 0xff,
    0x0, 0x69, 0x40, 0x3f, 0xc2, 0x71, 0xea, 0x1,
    0x0,

    /* U+010F "ď" */
    0x0, 0xff, 0x47, 0xfb, 0x40, 0x7f, 0xe7, 0x0,
    0xff, 0xe3, 0xa0, 0x7, 0xff, 0xc, 0xc0, 0x2,
    0x60, 0x1f, 0xfc, 0x64, 0x0, 0xff, 0xe3, 0xe0,
    0x7, 0xff, 0x10, 0x40, 0x8, 0x1, 0xff, 0xc4,
    0x29, 0xa2, 0x0, 0xcd, 0x9f, 0xd6, 0x60, 0x1e,
    0x16, 0x50, 0xd, 0x72, 0x60, 0x29, 0x86, 0x1,
    0xff, 0x3a, 0x0, 0x44, 0x40, 0xe1, 0x0, 0xff,
    0x40, 0x0, 0xb3, 0x75, 0xce, 0xc0, 0x1f, 0xca,
    0x1, 0x49, 0x80, 0x6, 0x88, 0x3, 0xfb, 0x40,
    0x24, 0x0, 0xe4, 0x0, 0xfe, 0x30, 0x1, 0x0,
    0x78, 0x40, 0x3f, 0x9c, 0x0, 0x20, 0x1f, 0xfe,
    0xc7, 0x0, 0x8, 0x7, 0xff, 0x10, 0xc0, 0x4,
    0x1, 0xe1, 0x0, 0xfe, 0xd0, 0x9, 0x0, 0x39,
    0x0, 0x3f, 0x94, 0x2, 0x93, 0x0, 0xd, 0x10,
    0x7, 0xfa, 0x0, 0x5, 0x9d, 0xbc, 0xec, 0x1,
    0xfe, 0x74, 0x0, 0x84, 0x83, 0x84, 0x3, 0xfe,
    0xb9, 0x30, 0x14, 0xc3, 0x0, 0xff, 0x0,

    /* U+0110 "Đ" */
    0x0, 0x1f, 0xff, 0xdd, 0x6e, 0x20, 0x1f, 0xfc,
    0x21, 0x48, 0xf5, 0x0, 0xff, 0xe2, 0xd, 0x28,
    0x7, 0xe9, 0xff, 0xb5, 0xc0, 0x2a, 0x10, 0xf,
    0xf8, 0xa2, 0x40, 0x29, 0x0, 0xff, 0xe0, 0xb1,
    0x80, 0x18, 0x3, 0xff, 0x85, 0x40, 0x1, 0x30,
    0xf, 0xfe, 0xa, 0x80, 0x4a, 0x1, 0xff, 0xc1,
    0x20, 0xb, 0x9f, 0xf0, 0x2, 0x9f, 0xf9, 0xc0,
    0x3c, 0x20, 0x1f, 0xfc, 0x53, 0x24, 0x30, 0x8,
    0x91, 0x22, 0x0, 0xf9, 0x6f, 0xc0, 0x2b, 0xbc,
    0xa0, 0x1e, 0x30, 0xf, 0xfe, 0x28, 0x80, 0x7f,
    0xf0, 0x48, 0x2, 0xe0, 0xf, 0xfe, 0xa, 0x80,
    0x4a, 0x1, 0xff, 0xc1, 0xa0, 0x0, 0x98, 0x7,
    0xff, 0x1, 0x8c, 0x0, 0xe0, 0x1f, 0xf1, 0x44,
    0x80, 0x50, 0x1, 0xf4, 0xff, 0xda, 0xe0, 0x15,
    0x8, 0x7, 0xff, 0x8, 0x69, 0x40, 0x3f, 0xf8,
    0x2, 0x71, 0xea, 0x1, 0x0,

    /* U+0111 "đ" */
    0x0, 0xff, 0xe0, 0x6f, 0xfa, 0x80, 0x3f, 0xf9,
    0xf1, 0xff, 0x88, 0x0, 0xbf, 0x20, 0x1f, 0xfc,
    0xdd, 0x55, 0xc2, 0x0, 0x15, 0xf0, 0xf, 0x96,
    0xab, 0x18, 0x1, 0x29, 0x80, 0x3f, 0xf9, 0x4f,
    0x9f, 0xd8, 0xc0, 0x1f, 0xe1, 0xd8, 0x30, 0x13,
    0x9b, 0x0, 0xfe, 0xc2, 0x0, 0xc2, 0x9, 0x0,
    0x1f, 0x39, 0x0, 0xa, 0xff, 0xbe, 0x98, 0x80,
    0x3d, 0x40, 0x16, 0x20, 0x4, 0xba, 0x1, 0xe1,
    0x20, 0x3, 0x8, 0x7, 0x19, 0x0, 0x72, 0x80,
    0x58, 0x1, 0xff, 0xc1, 0x10, 0xf, 0xff, 0x48,
    0x80, 0x7f, 0xf1, 0x54, 0x2, 0xc0, 0xf, 0xfe,
    0x8, 0x90, 0x1, 0x84, 0x3, 0x8c, 0x80, 0x3d,
    0x40, 0x16, 0x20, 0x4, 0xba, 0x1, 0xf3, 0x90,
    0x0, 0xaf, 0xfb, 0xe9, 0x88, 0x3, 0xef, 0x20,
    0xc, 0x20, 0x90, 0x1, 0xf8, 0xb6, 0x8, 0x0,
    0x73, 0x60, 0x1f, 0x0,

    /* U+0112 "Ē" */
    0x0, 0xa6, 0xab, 0xf1, 0x80, 0x73, 0xaa, 0xff,
    0x0, 0x7f, 0xf2, 0x3b, 0xff, 0xf3, 0x0, 0x7f,
    0xf8, 0xd3, 0xff, 0xff, 0x83, 0x60, 0x1f, 0xfd,
    0x6a, 0xff, 0xfe, 0xb0, 0xf, 0xff, 0xf8, 0x6,
    0xaf, 0xff, 0xe5, 0x0, 0xff, 0xeb, 0x57, 0xff,
    0xf2, 0x80, 0x7f, 0xff, 0xc0, 0x3f, 0xf8, 0xf5,
    0xff, 0xfd, 0x60, 0x1f, 0xfd, 0x20,

    /* U+0113 "ē" */
    0x0, 0xdf, 0xff, 0xc8, 0x1, 0xff, 0xcc, 0x55,
    0xfe, 0x60, 0xf, 0xaa, 0xbf, 0x88, 0x3, 0xff,
    0x9a, 0xb7, 0xdf, 0xd9, 0x2, 0x1, 0xf1, 0x6d,
    0x20, 0x80, 0x9b, 0xf3, 0x80, 0x71, 0x61, 0x0,
    0x9, 0xc, 0x2, 0x87, 0x0, 0xdc, 0x20, 0x57,
    0xb7, 0x9c, 0xa0, 0x8, 0x30, 0x2, 0x18, 0x3,
    0xd0, 0x2, 0x1a, 0x40, 0x4, 0x80, 0x38, 0x0,
    0xc4, 0x1, 0xee, 0x0, 0x28, 0x1, 0x0, 0x6,
    0xab, 0xf6, 0x80, 0x44, 0x2, 0x0, 0x5a, 0xaf,
    0x9c, 0x2, 0x60, 0xf, 0xfe, 0x4c, 0x7f, 0xff,
    0xc8, 0x2, 0x0, 0xf0, 0xf, 0xfe, 0xa, 0x0,
    0x10, 0x3, 0xf1, 0x80, 0x6f, 0x0, 0x1a, 0x80,
    0x78, 0xf2, 0x80, 0x25, 0x20, 0x5, 0x38, 0x80,
    0x5, 0xf0, 0x16, 0x0, 0x2f, 0x0, 0xa3, 0xbb,
    0x40, 0x0, 0x64, 0x2, 0x2d, 0x20, 0x8, 0x44,
    0x1, 0x1f, 0x88, 0x6, 0x2d, 0xa5, 0x10, 0x1,
    0x2d, 0xe0, 0x80, 0x0,

    /* U+0114 "Ĕ" */
    0x0, 0x88, 0x80, 0x1e, 0x50, 0xe, 0x9d, 0xf0,
    0xe, 0x6a, 0xe2, 0x0, 0xb8, 0xa, 0x0, 0x21,
    0x90, 0x1, 0x0, 0x4c, 0x20, 0xec, 0x5, 0xa0,
    0x9, 0x0, 0xc3, 0x60, 0x9, 0xfd, 0x30, 0x37,
    0x0, 0xe5, 0x90, 0xe, 0x3d, 0x0, 0xf9, 0xba,
    0x5d, 0xd7, 0x82, 0x1, 0xf8, 0x5a, 0x20, 0x80,
    0x1f, 0xfc, 0x84, 0xff, 0xff, 0xe0, 0xd8, 0x7,
    0xff, 0x5a, 0xbf, 0xff, 0xac, 0x3, 0xff, 0xfe,
    0x1, 0xab, 0xff, 0xf9, 0x40, 0x3f, 0xfa, 0xd5,
    0xff, 0xfc, 0xa0, 0x1f, 0xff, 0xf0, 0xf, 0xfe,
    0x3d, 0x7f, 0xff, 0x58, 0x7, 0xff, 0x48,

    /* U+0115 "ĕ" */
    0x0, 0xc6, 0x40, 0x1e, 0x40, 0xf, 0xab, 0x24,
    0x3, 0x9e, 0xf4, 0x40, 0x38, 0xc1, 0x18, 0x2,
    0x28, 0x0, 0x8, 0x7, 0x58, 0x2, 0x54, 0xf,
    0xc0, 0x10, 0x1, 0xe2, 0x80, 0x5, 0x7e, 0x10,
    0x22, 0x80, 0x7c, 0xf0, 0x1, 0xc9, 0x60, 0x1f,
    0xcf, 0xb0, 0xf1, 0x96, 0x1, 0xff, 0x13, 0xc3,
    0x98, 0x7, 0xff, 0x41, 0x6f, 0xbf, 0xb2, 0x4,
    0x3, 0xe2, 0xda, 0x41, 0x1, 0x37, 0xe7, 0x0,
    0xe2, 0xc2, 0x0, 0x12, 0x18, 0x5, 0xe, 0x1,
    0xb8, 0x40, 0xaf, 0x6f, 0x39, 0x40, 0x10, 0x60,
    0x4, 0x30, 0x7, 0xa0, 0x4, 0x34, 0x80, 0x9,
    0x0, 0x70, 0x1, 0x88, 0x3, 0xdc, 0x0, 0x50,
    0x2, 0x0, 0xd, 0x57, 0xed, 0x0, 0x88, 0x4,
    0x0, 0xb5, 0x5f, 0x38, 0x4, 0xc0, 0x1f, 0xfc,
    0x98, 0xff, 0xff, 0x90, 0x4, 0x1, 0xe0, 0x1f,
    0xfc, 0x14, 0x0, 0x20, 0x7, 0xe3, 0x0, 0xde,
    0x0, 0x35, 0x0, 0xf1, 0xe5, 0x0, 0x4a, 0x40,
    0xa, 0x71, 0x0, 0xb, 0xe0, 0x2c, 0x0, 0x5e,
    0x1, 0x47, 0x76, 0x80, 0x0, 0xc8, 0x4, 0x5a,
    0x40, 0x10, 0x88, 0x2, 0x3f, 0x10, 0xc, 0x5b,
    0x4a, 0x20, 0x2, 0x5b, 0xc1, 0x0, 0x0,

    /* U+0116 "Ė" */
    0x0, 0xf2, 0x3b, 0x8, 0x7, 0xf9, 0xae, 0x27,
    0x0, 0x3f, 0xd8, 0x1, 0x10, 0x80, 0x7f, 0x10,
    0x6, 0x10, 0xf, 0xe9, 0x30, 0x19, 0x0, 0xff,
    0xe, 0x7f, 0x30, 0x7, 0xff, 0x5d, 0x3f, 0xff,
    0xf8, 0x36, 0x1, 0xff, 0xd6, 0xaf, 0xff, 0xeb,
    0x0, 0xff, 0xff, 0x80, 0x6a, 0xff, 0xfe, 0x50,
    0xf, 0xfe, 0xb5, 0x7f, 0xff, 0x28, 0x7, 0xff,
    0xfc, 0x3, 0xff, 0x8f, 0x5f, 0xff, 0xd6, 0x1,
    0xff, 0xd2,

    /* U+0117 "ė" */
    0x0, 0xf1, 0x67, 0xf2, 0x80, 0x7f, 0xf0, 0x20,
    0xc0, 0x6c, 0x3, 0xff, 0x80, 0x20, 0x10, 0x80,
    0x7f, 0xf0, 0x30, 0x2, 0x40, 0xf, 0xfe, 0x3,
    0xdc, 0x4d, 0x80, 0x7f, 0xf0, 0x51, 0xd8, 0x3,
    0xff, 0xa2, 0xb7, 0xdf, 0xd9, 0x2, 0x1, 0xf1,
    0x6d, 0x20, 0x80, 0x9b, 0xf3, 0x80, 0x71, 0x61,
    0x0, 0x9, 0xc, 0x2, 0x87, 0x0, 0xdc, 0x20,
    0x57, 0xb7, 0x9c, 0xa0, 0x8, 0x30, 0x2, 0x18,
    0x3, 0xd0, 0x2, 0x1a, 0x40, 0x4, 0x80, 0x38,
    0x0, 0xc4, 0x1, 0xee, 0x0, 0x28, 0x1, 0x0,
    0x6, 0xab, 0xf6, 0x80, 0x44, 0x2, 0x0, 0x5a,
    0xaf, 0x9c, 0x2, 0x60, 0xf, 0xfe, 0x4c, 0x7f,
    0xff, 0xc8, 0x2, 0x0, 0xf0, 0xf, 0xfe, 0xa,
    0x0, 0x10, 0x3, 0xf1, 0x80, 0x6f, 0x0, 0x1a,
    0x80, 0x78, 0xf2, 0x80, 0x25, 0x20, 0x5, 0x38,
    0x80, 0x5, 0xf0, 0x16, 0x0, 0x2f, 0x0, 0xa3,
    0xbb, 0x40, 0x0, 0x64, 0x2, 0x2d, 0x20, 0x8,
    0x44, 0x1, 0x1f, 0x88, 0x6, 0x2d, 0xa5, 0x10,
    0x1, 0x2d, 0xe0, 0x80, 0x0,

    /* U+0118 "Ę" */
    0x4f, 0xff, 0xfe, 0xd, 0x80, 0x7f, 0xf6, 0x6b,
    0xff, 0xfa, 0xc0, 0x3f, 0xff, 0x35, 0xff, 0xfc,
    0xa0, 0x1f, 0xfd, 0x9a, 0xff, 0xfe, 0x50, 0xf,
    0xff, 0xf8, 0x7, 0xff, 0x38, 0xc4, 0x7f, 0xc0,
    0x1d, 0x3d, 0xdf, 0xd4, 0x1, 0xff, 0xd5, 0x4f,
    0xff, 0xed, 0x50, 0x5a, 0x0, 0xff, 0x2e, 0xa5,
    0xd0, 0x80, 0x7f, 0x15, 0x5, 0x20, 0x7, 0xfc,
    0xa0, 0x2, 0x15, 0x60, 0xf, 0xe3, 0x0, 0x4f,
    0x54, 0xa8, 0x7, 0xe4, 0xa3, 0x0, 0x14, 0x28,

    /* U+0119 "ę" */
    0x0, 0xe5, 0xbe, 0xfe, 0xc8, 0x10, 0xf, 0x8b,
    0x69, 0x4, 0x4, 0xdf, 0x9c, 0x3, 0x8b, 0x8,
    0x0, 0x48, 0x60, 0x14, 0x38, 0x6, 0xe1, 0x2,
    0xbd, 0xbc, 0xe5, 0x0, 0x41, 0x80, 0x10, 0xc0,
    0x1e, 0x80, 0x10, 0xd2, 0x0, 0x24, 0x1, 0xc0,
    0x6, 0x20, 0xf, 0x70, 0x1, 0x40, 0x8, 0x0,
    0x35, 0x5f, 0xb4, 0x2, 0x20, 0x10, 0x2, 0xd5,
    0x7c, 0xe0, 0x13, 0x0, 0x7f, 0xf2, 0x63, 0xff,
    0xfe, 0x40, 0x10, 0x7, 0x80, 0x7f, 0xf0, 0x50,
    0x0, 0x80, 0x1f, 0x8c, 0x3, 0x70, 0x0, 0xd4,
    0x3, 0xc7, 0x94, 0x1, 0x21, 0x80, 0x29, 0xc4,
    0x0, 0x2f, 0x80, 0xb0, 0x1, 0x70, 0x80, 0x23,
    0xbb, 0x40, 0x0, 0xa4, 0x2, 0x2c, 0x20, 0x8,
    0x44, 0x1, 0x1e, 0x8, 0x6, 0x2d, 0xa5, 0x10,
    0x0, 0x82, 0xe0, 0x80, 0x7c, 0xb5, 0xdc, 0x61,
    0x9a, 0x0, 0xff, 0x8f, 0xda, 0xd8, 0x3, 0xff,
    0x81, 0xc2, 0xc8, 0x1, 0xff, 0xc0, 0x12, 0x2,
    0x13, 0x90, 0xf, 0xf0, 0x90, 0x27, 0x63, 0x58,
    0x7, 0xfb, 0x14, 0x40, 0x56, 0x40, 0x20,

    /* U+011A "Ě" */
    0x0, 0x94, 0xc0, 0x3c, 0xe2, 0x1, 0xa2, 0xb0,
    0xc0, 0x34, 0xc7, 0x88, 0x5, 0x60, 0xc, 0x30,
    0x5, 0x30, 0x20, 0x80, 0x47, 0x20, 0xc, 0x4a,
    0x50, 0x2a, 0x0, 0xe6, 0x60, 0x2, 0xd4, 0x7,
    0xc0, 0x3e, 0x93, 0x0, 0xd4, 0x40, 0x1f, 0xb5,
    0xde, 0xa4, 0x0, 0xfe, 0x18, 0x89, 0x40, 0x3f,
    0xf9, 0x9, 0xff, 0xff, 0xc1, 0xb0, 0xf, 0xfe,
    0xb5, 0x7f, 0xff, 0x58, 0x7, 0xff, 0xfc, 0x3,
    0x57, 0xff, 0xf2, 0x80, 0x7f, 0xf5, 0xab, 0xff,
    0xf9, 0x40, 0x3f, 0xff, 0xe0, 0x1f, 0xfc, 0x7a,
    0xff, 0xfe, 0xb0, 0xf, 0xfe, 0x90,

    /* U+011B "ě" */
    0x0, 0xcc, 0x40, 0x1e, 0x70, 0xf, 0xa6, 0x58,
    0x40, 0x1a, 0xa3, 0x40, 0x3d, 0x80, 0x38, 0x60,
    0xb, 0x50, 0x40, 0xf, 0x2b, 0x80, 0xe9, 0xda,
    0x1, 0xc8, 0x7, 0xd0, 0x80, 0x38, 0x80, 0x3a,
    0x1, 0xfd, 0x44, 0x1, 0xb4, 0x40, 0x3f, 0x87,
    0xdd, 0xeb, 0x30, 0xf, 0xf8, 0xa2, 0x24, 0x0,
    0xff, 0xe8, 0x2d, 0xf7, 0xf6, 0x40, 0x80, 0x7c,
    0x5b, 0x48, 0x20, 0x26, 0xfc, 0xe0, 0x1c, 0x58,
    0x40, 0x2, 0x43, 0x0, 0xa1, 0xc0, 0x37, 0x8,
    0x15, 0xed, 0xe7, 0x28, 0x2, 0xc, 0x0, 0x86,
    0x0, 0xf4, 0x0, 0x86, 0x90, 0x1, 0x20, 0xe,
    0x0, 0x31, 0x0, 0x7b, 0x80, 0xa, 0x0, 0x40,
    0x1, 0xaa, 0xfd, 0xa0, 0x11, 0x0, 0x80, 0x16,
    0xab, 0xe7, 0x0, 0x98, 0x3, 0xff, 0x93, 0x1f,
    0xff, 0xf2, 0x0, 0x80, 0x3c, 0x3, 0xff, 0x82,
    0x80, 0x4, 0x0, 0xfc, 0x60, 0x1b, 0xc0, 0x6,
    0xa0, 0x1e, 0x3c, 0xa0, 0x9, 0x48, 0x1, 0x4e,
    0x20, 0x1, 0x7c, 0x5, 0x80, 0xb, 0xc0, 0x28,
    0xee, 0xd0, 0x0, 0x19, 0x0, 0x8b, 0x48, 0x2,
    0x11, 0x0, 0x47, 0xe2, 0x1, 0x8b, 0x69, 0x44,
    0x0, 0x4b, 0x78, 0x20, 0x0,

    /* U+011C "Ĝ" */
    0x0, 0xf3, 0x7f, 0xd8, 0x1, 0xff, 0xc, 0x80,
    0x46, 0xe0, 0x1f, 0xea, 0x0, 0xe8, 0x20, 0xf,
    0xcc, 0x80, 0xb, 0x30, 0x7, 0x0, 0x7c, 0x32,
    0x0, 0xa4, 0xd1, 0x3, 0x70, 0xf, 0x58, 0x2,
    0x14, 0x7, 0x40, 0x10, 0x20, 0x1d, 0x22, 0xce,
    0x1, 0x1d, 0x4, 0x8, 0x7, 0x1e, 0x48, 0x7,
    0x2e, 0xb8, 0x7, 0xc4, 0x1, 0xf1, 0x0, 0x7f,
    0x35, 0xf7, 0xfb, 0x64, 0x80, 0x3e, 0x3e, 0x94,
    0x10, 0x1, 0x36, 0xc0, 0x7, 0x1e, 0x8, 0x7,
    0xe7, 0x90, 0xd, 0xc0, 0x13, 0x6f, 0xfa, 0x84,
    0x0, 0xc8, 0x0, 0x52, 0x0, 0x3c, 0x90, 0x1,
    0x70, 0x2, 0xf0, 0x7, 0x0, 0x6, 0x0, 0x38,
    0xa0, 0x9b, 0xc0, 0x8, 0x0, 0x70, 0xf, 0x9f,
    0x65, 0x0, 0xc0, 0x2f, 0x0, 0xff, 0xe0, 0x30,
    0x4, 0x60, 0x1f, 0xfc, 0x3, 0x0, 0xff, 0xe2,
    0x8, 0x7, 0xd3, 0xff, 0xf0, 0x7, 0xff, 0x3b,
    0xd1, 0x23, 0x0, 0xc2, 0x1, 0x18, 0x4, 0xd7,
    0x77, 0x80, 0x62, 0x0, 0x84, 0x3, 0xff, 0x80,
    0xa0, 0x17, 0x0, 0x7c, 0xe0, 0x18, 0x48, 0x0,
    0xe0, 0x1f, 0x60, 0x7, 0x28, 0x0, 0x60, 0x3,
    0x85, 0x80, 0x3a, 0x40, 0x27, 0x92, 0x0, 0x2e,
    0x18, 0x7, 0xc, 0x0, 0x4d, 0xbf, 0xea, 0x39,
    0x0, 0xf3, 0xb0, 0x7, 0xd4, 0xe0, 0x1f, 0x4d,
    0xa8, 0x80, 0xae, 0xa0, 0x7, 0x0,

    /* U+011D "ĝ" */
    0x0, 0xf4, 0x7f, 0xd6, 0x1, 0xff, 0xc0, 0x37,
    0x0, 0x91, 0x80, 0x3f, 0xee, 0x0, 0xe9, 0x20,
    0xf, 0xe9, 0x20, 0x2e, 0x30, 0x7, 0x0, 0x7e,
    0x56, 0x1, 0xf1, 0xd2, 0x3, 0x80, 0xf, 0xa4,
    0x1, 0xa4, 0x3, 0x82, 0xc, 0x1, 0xf6, 0xa5,
    0x98, 0x4, 0x38, 0x78, 0x1, 0xf0, 0xda, 0x0,
    0x71, 0x61, 0x0, 0x7f, 0xf3, 0x86, 0x33, 0xbf,
    0xff, 0x88, 0x2, 0x6e, 0x73, 0x10, 0xf, 0xfe,
    0x2, 0x48, 0x0, 0x9e, 0x1c, 0x80, 0x24, 0x77,
    0x18, 0x2, 0x40, 0x9, 0xb0, 0xf1, 0xa6, 0x0,
    0x68, 0x80, 0x81, 0x10, 0x1, 0xe0, 0x1d, 0x20,
    0x2, 0x10, 0x8, 0x40, 0x26, 0x0, 0xe6, 0x0,
    0x8c, 0x2, 0x20, 0x9, 0x80, 0x39, 0x80, 0x22,
    0x0, 0x84, 0x80, 0x1e, 0x1, 0xd2, 0x0, 0x30,
    0xe, 0x90, 0x2, 0x6c, 0x3c, 0x71, 0x80, 0x3c,
    0x3, 0x92, 0x80, 0x4, 0xf0, 0xe2, 0x3, 0x66,
    0x1, 0xe5, 0x70, 0x21, 0x1, 0x38, 0xf4, 0x0,
    0xf1, 0xf3, 0xde, 0xf7, 0xf6, 0x38, 0x80, 0x7d,
    0xc2, 0x68, 0x1, 0xff, 0xc2, 0x20, 0x23, 0x0,
    0xff, 0xe1, 0x10, 0xe, 0x7f, 0xfb, 0xad, 0xc0,
    0x3b, 0x84, 0x3, 0xf0, 0xa4, 0x71, 0x0, 0x42,
    0xe0, 0x1f, 0xf0, 0xf0, 0x1, 0x75, 0xa7, 0xff,
    0xed, 0x50, 0x1, 0x90, 0x50, 0x1, 0x80, 0x3e,
    0x2b, 0x0, 0x84, 0x40, 0x12, 0x80, 0x7e, 0x60,
    0x8, 0x84, 0x80, 0x15, 0x70, 0xef, 0x44, 0xec,
    0x0, 0x18, 0x43, 0x84, 0x0, 0x8f, 0x11, 0x3b,
    0x10, 0x1, 0xa4, 0x0, 0x7d, 0x2a, 0x42, 0x1,
    0x9, 0x2c, 0x74, 0x80, 0x0,

    /* U+011E "Ğ" */
    0x0, 0xc6, 0x40, 0x1e, 0x50, 0xf, 0xa7, 0x38,
    0x3, 0x9a, 0xb8, 0x40, 0x38, 0x40, 0xdc, 0x2,
    0x29, 0x0, 0x8, 0x7, 0x48, 0x2, 0x18, 0xb,
    0xc0, 0x10, 0x1, 0xe1, 0x90, 0x4, 0xfe, 0x90,
    0x1b, 0x0, 0x7c, 0xd0, 0x1, 0xc9, 0xa0, 0x1f,
    0xcf, 0xd2, 0xf1, 0x76, 0x10, 0xf, 0xf0, 0xb4,
    0x3a, 0x0, 0x7f, 0xf4, 0x1a, 0xfb, 0xfd, 0xb2,
    0x40, 0x1f, 0x1f, 0x4a, 0x8, 0x0, 0x9b, 0x60,
    0x3, 0x8f, 0x4, 0x3, 0xf3, 0xc8, 0x6, 0xe0,
    0x9, 0xb7, 0xfd, 0x42, 0x0, 0x64, 0x0, 0x29,
    0x0, 0x1e, 0x48, 0x0, 0xb8, 0x1, 0x78, 0x3,
    0x80, 0x3, 0x0, 0x1c, 0x50, 0x4d, 0xe0, 0x4,
    0x0, 0x38, 0x7, 0xcf, 0xb2, 0x80, 0x60, 0x17,
    0x80, 0x7f, 0xf0, 0x18, 0x2, 0x30, 0xf, 0xfe,
    0x1, 0x80, 0x7f, 0xf1, 0x4, 0x3, 0xe9, 0xff,
    0xf8, 0x3, 0xff, 0x9d, 0xe8, 0x91, 0x80, 0x61,
    0x0, 0x8c, 0x2, 0x6b, 0xbb, 0xc0, 0x31, 0x0,
    0x42, 0x1, 0xff, 0xc0, 0x50, 0xb, 0x80, 0x3e,
    0x70, 0xc, 0x24, 0x0, 0x70, 0xf, 0xb0, 0x3,
    0x94, 0x0, 0x30, 0x1, 0xc2, 0xc0, 0x1d, 0x20,
    0x13, 0xc9, 0x0, 0x17, 0xc, 0x3, 0x86, 0x0,
    0x26, 0xdf, 0xf5, 0x1c, 0x80, 0x79, 0xd8, 0x3,
    0xea, 0x70, 0xf, 0xa6, 0xd4, 0x40, 0x57, 0x50,
    0x3, 0x80,

    /* U+011F "ğ" */
    0x0, 0xc6, 0x20, 0x1e, 0x40, 0xf, 0xd7, 0x94,
    0x1, 0xd1, 0x7a, 0x1, 0xf1, 0x2, 0x30, 0x4,
    0x6e, 0x2, 0x1, 0xf5, 0x80, 0x25, 0x40, 0xf4,
    0x1, 0x0, 0x1f, 0x14, 0x0, 0x2b, 0xf0, 0x41,
    0x50, 0x3, 0xf3, 0xb8, 0x3, 0x96, 0x80, 0x3f,
    0xd1, 0xb0, 0xf1, 0x94, 0x1, 0xff, 0xc0, 0x27,
    0x87, 0x30, 0xf, 0xfe, 0x88, 0xc6, 0x77, 0xff,
    0xf1, 0x0, 0x4d, 0xce, 0x62, 0x1, 0xff, 0xc0,
    0x49, 0x0, 0x13, 0xc3, 0x90, 0x4, 0x8e, 0xe3,
    0x0, 0x48, 0x1, 0x36, 0x1e, 0x34, 0xc0, 0xd,
    0x10, 0x10, 0x22, 0x0, 0x3c, 0x3, 0xa4, 0x0,
    0x42, 0x1, 0x8, 0x4, 0xc0, 0x1c, 0xc0, 0x11,
    0x80, 0x44, 0x1, 0x30, 0x7, 0x30, 0x4, 0x40,
    0x10, 0x90, 0x3, 0xc0, 0x3a, 0x40, 0x6, 0x1,
    0xd2, 0x0, 0x4d, 0x87, 0x8e, 0x30, 0x7, 0x80,
    0x72, 0x50, 0x0, 0x9e, 0x1c, 0x40, 0x6c, 0xc0,
    0x3c, 0xae, 0x4, 0x20, 0x27, 0x1e, 0x80, 0x1e,
    0x3e, 0x7b, 0xde, 0xfe, 0xc7, 0x10, 0xf, 0xb8,
    0x4d, 0x0, 0x3f, 0xf8, 0x44, 0x4, 0x60, 0x1f,
    0xfc, 0x22, 0x1, 0xcf, 0xff, 0x75, 0xb8, 0x7,
    0x70, 0x80, 0x7e, 0x14, 0x8e, 0x20, 0x8, 0x5c,
    0x3, 0xfe, 0x1e, 0x0, 0x2e, 0xb4, 0xff, 0xfd,
    0xaa, 0x0, 0x32, 0xa, 0x0, 0x30, 0x7, 0xc5,
    0x60, 0x10, 0x88, 0x2, 0x50, 0xf, 0xcc, 0x1,
    0x10, 0x90, 0x2, 0xae, 0x1d, 0xe8, 0x9d, 0x80,
    0x3, 0x8, 0x70, 0x80, 0x11, 0xe2, 0x27, 0x62,
    0x0, 0x34, 0x80, 0xf, 0xa5, 0x48, 0x40, 0x21,
    0x25, 0x8e, 0x90, 0x0,

    /* U+0120 "Ġ" */
    0x0, 0xf9, 0x1d, 0x84, 0x3, 0xff, 0x80, 0xd7,
    0x13, 0xa0, 0x1f, 0xfc, 0xc, 0x0, 0x8c, 0x3,
    0xff, 0x80, 0x60, 0x1f, 0xfc, 0x4b, 0x30, 0x19,
    0x0, 0xff, 0xe0, 0x16, 0x7f, 0x30, 0x7, 0xff,
    0x85, 0xaf, 0xbf, 0xdb, 0x24, 0x1, 0xf1, 0xf4,
    0xa0, 0x80, 0x9, 0xb6, 0x0, 0x38, 0xf0, 0x40,
    0x3f, 0x3c, 0x80, 0x6e, 0x0, 0x9b, 0x7f, 0xd4,
    0x20, 0x6, 0x40, 0x2, 0x90, 0x1, 0xe4, 0x80,
    0xb, 0x80, 0x17, 0x80, 0x38, 0x0, 0x30, 0x1,
    0xc5, 0x4, 0xde, 0x0, 0x40, 0x3, 0x80, 0x7c,
    0xfb, 0x28, 0x6, 0x1, 0x78, 0x7, 0xff, 0x1,
    0x80, 0x23, 0x0, 0xff, 0xe0, 0x18, 0x7, 0xff,
    0x10, 0x40, 0x3e, 0x9f, 0xff, 0x80, 0x3f, 0xf9,
    0xde, 0x89, 0x18, 0x6, 0x10, 0x8, 0xc0, 0x26,
    0xbb, 0xbc, 0x3, 0x10, 0x4, 0x20, 0x1f, 0xfc,
    0x5, 0x0, 0xb8, 0x3, 0xe7, 0x0, 0xc2, 0x40,
    0x7, 0x0, 0xfb, 0x0, 0x39, 0x40, 0x3, 0x0,
    0x1c, 0x2c, 0x1, 0xd2, 0x1, 0x3c, 0x90, 0x1,
    0x70, 0xc0, 0x38, 0x60, 0x2, 0x6d, 0xff, 0x51,
    0xc8, 0x7, 0x9d, 0x80, 0x3e, 0xa7, 0x0, 0xfa,
    0x6d, 0x44, 0x5, 0x75, 0x0, 0x38,

    /* U+0121 "ġ" */
    0x0, 0xf2, 0x6f, 0xea, 0x0, 0x7f, 0xf0, 0x60,
    0x80, 0xa0, 0x3, 0xff, 0x82, 0x20, 0x10, 0x80,
    0x7f, 0xf0, 0x50, 0x2, 0x40, 0xf, 0xfe, 0xc,
    0xd4, 0x54, 0x84, 0xff, 0xd8, 0x1, 0xf9, 0x5d,
    0x41, 0x18, 0x3, 0xff, 0x86, 0x26, 0x6, 0x72,
    0x80, 0x70, 0xc6, 0x77, 0xfb, 0xa0, 0x33, 0x29,
    0x0, 0xcd, 0xce, 0x62, 0x1, 0xd4, 0x1, 0xe4,
    0x90, 0x1, 0x3c, 0x39, 0x0, 0x15, 0xc0, 0x3a,
    0x40, 0x9, 0xb0, 0xf1, 0xa6, 0x0, 0x90, 0xc,
    0x44, 0x0, 0x78, 0x7, 0x48, 0x0, 0x44, 0x1,
    0x8, 0x4, 0xc0, 0x1c, 0xc0, 0x11, 0x80, 0x44,
    0x1, 0x30, 0x7, 0x30, 0x4, 0x40, 0x10, 0x90,
    0x3, 0xc0, 0x3a, 0x40, 0x8, 0x1, 0xd2, 0x0,
    0x4d, 0x87, 0x8e, 0x30, 0x4, 0x0, 0x72, 0x50,
    0x0, 0x9e, 0x1c, 0x40, 0x6c, 0xc0, 0x3c, 0xae,
    0x4, 0x20, 0x27, 0x1e, 0x80, 0x1e, 0x3e, 0x7b,
    0xde, 0xfe, 0xc7, 0x10, 0xf, 0xb8, 0x4d, 0x0,
    0x3f, 0xf8, 0x44, 0x4, 0x60, 0x1f, 0xfc, 0x22,
    0x1, 0xcf, 0xff, 0x75, 0xb8, 0x7, 0x70, 0x80,
    0x7e, 0x14, 0x8e, 0x20, 0x8, 0x5c, 0x3, 0xfe,
    0x1e, 0x0, 0x2e, 0xb4, 0xff, 0xfd, 0xaa, 0x0,
    0x32, 0xa, 0x0, 0x30, 0x7, 0xc5, 0x60, 0x10,
    0x88, 0x2, 0x50, 0xf, 0xcc, 0x1, 0x10, 0x90,
    0x2, 0xae, 0x1d, 0xe8, 0x9d, 0x80, 0x3, 0x8,
    0x70, 0x80, 0x11, 0xe2, 0x27, 0x62, 0x0, 0x34,
    0x80, 0xf, 0xa5, 0x48, 0x40, 0x21, 0x25, 0x8e,
    0x90, 0x0,

    /* U+0122 "Ģ" */
    0x0, 0xe6, 0xbe, 0xff, 0x6c, 0x90, 0x7, 0xc7,
    0xd2, 0x82, 0x0, 0x26, 0xd8, 0x0, 0xe3, 0xc1,
    0x0, 0xfc, 0xf2, 0x1, 0xb8, 0x2, 0x6d, 0xff,
    0x50, 0x80, 0x19, 0x0, 0xa, 0x40, 0x7, 0x92,
    0x0, 0x2e, 0x0, 0x5e, 0x0, 0xe0, 0x0, 0xc0,
    0x7, 0x14, 0x13, 0x78, 0x1, 0x0, 0xe, 0x1,
    0xf3, 0xec, 0xa0, 0x18, 0x5, 0xe0, 0x1f, 0xfc,
    0x6, 0x0, 0x8c, 0x3, 0xff, 0x80, 0x60, 0x1f,
    0xfc, 0x41, 0x0, 0xfa, 0x7f, 0xfe, 0x0, 0xff,
    0xe7, 0x7a, 0x24, 0x60, 0x18, 0x40, 0x23, 0x0,
    0x9a, 0xee, 0xf0, 0xc, 0x40, 0x10, 0x80, 0x7f,
    0xf0, 0x14, 0x2, 0xe0, 0xf, 0x9c, 0x3, 0x9,
    0x0, 0x1c, 0x3, 0xec, 0x0, 0xe5, 0x0, 0xc,
    0x0, 0x70, 0xb0, 0x7, 0x48, 0x4, 0xf2, 0x40,
    0x5, 0xc3, 0x0, 0xe1, 0x80, 0x9, 0xb7, 0xfd,
    0x47, 0x20, 0x1e, 0x76, 0x0, 0xfa, 0x9c, 0x3,
    0xe9, 0xb5, 0x10, 0x15, 0xd4, 0x0, 0xfe, 0x4a,
    0xef, 0xea, 0x20, 0x3f, 0xf8, 0x3, 0xe3, 0x77,
    0x90, 0x3, 0xff, 0x81, 0x51, 0x10, 0x80, 0x7f,
    0xf0, 0xc, 0x0, 0x2a, 0x1, 0xff, 0xc0, 0x60,
    0x3, 0x0, 0x7f, 0xf0, 0x48, 0x1, 0x40, 0x1f,
    0xfc, 0x11, 0x4, 0x20, 0xf, 0xfe, 0x1, 0x0,
    0x38, 0x3, 0xf0,

    /* U+0123 "ģ" */
    0x0, 0xfc, 0x9f, 0xe3, 0x0, 0xff, 0xe1, 0x70,
    0x0, 0x80, 0x3f, 0xf8, 0x22, 0xa0, 0x1, 0x0,
    0xff, 0xe0, 0xb0, 0x0, 0x80, 0x3f, 0xf8, 0x54,
    0x0, 0x60, 0xf, 0xfe, 0xa, 0x10, 0x0, 0x80,
    0x3f, 0xf8, 0x2f, 0x11, 0x50, 0x4f, 0xfd, 0x80,
    0x1f, 0x1b, 0xbc, 0x68, 0xc0, 0x1f, 0xfc, 0x31,
    0x30, 0x33, 0x94, 0x3, 0x86, 0x33, 0xbf, 0xdd,
    0x1, 0x99, 0x48, 0x6, 0x6e, 0x73, 0x10, 0xe,
    0xa0, 0xf, 0x24, 0x80, 0x9, 0xe1, 0xc8, 0x0,
    0xae, 0x1, 0xd2, 0x0, 0x4d, 0x87, 0x8d, 0x30,
    0x4, 0x80, 0x62, 0x20, 0x3, 0xc0, 0x3a, 0x40,
    0x2, 0x20, 0x8, 0x40, 0x26, 0x0, 0xe6, 0x0,
    0x8c, 0x2, 0x20, 0x9, 0x80, 0x39, 0x80, 0x22,
    0x0, 0x84, 0x80, 0x1e, 0x1, 0xd2, 0x0, 0x40,
    0xe, 0x90, 0x2, 0x6c, 0x3c, 0x71, 0x80, 0x20,
    0x3, 0x92, 0x80, 0x4, 0xf0, 0xe2, 0x3, 0x66,
    0x1, 0xe5, 0x70, 0x21, 0x1, 0x38, 0xf4, 0x0,
    0xf1, 0xf3, 0xde, 0xf7, 0xf6, 0x38, 0x80, 0x7d,
    0xc2, 0x68, 0x1, 0xff, 0xc2, 0x20, 0x23, 0x0,
    0xff, 0xe1, 0x10, 0xe, 0x7f, 0xfb, 0xad, 0xc0,
    0x3b, 0x84, 0x3, 0xf0, 0xa4, 0x71, 0x0, 0x42,
    0xe0, 0x1f, 0xf0, 0xf0, 0x1, 0x75, 0xa7, 0xff,
    0xed, 0x50, 0x1, 0x90, 0x50, 0x1, 0x80, 0x3e,
    0x2b, 0x0, 0x84, 0x40, 0x12, 0x80, 0x7e, 0x60,
    0x8, 0x84, 0x80, 0x15, 0x70, 0xef, 0x44, 0xec,
    0x0, 0x18, 0x43, 0x84, 0x0, 0x8f, 0x11, 0x3b,
    0x10, 0x1, 0xa4, 0x0, 0x7d, 0x2a, 0x42, 0x1,
    0x9, 0x2c, 0x74, 0x80, 0x0,

    /* U+0124 "Ĥ" */
    0x0, 0xe2, 0x88, 0x90, 0x3, 0xfd, 0xee, 0xf5,
    0x90, 0x7, 0xea, 0x20, 0xd, 0xc0, 0x1f, 0x32,
    0x80, 0x24, 0x40, 0xe4, 0x3, 0x8a, 0x40, 0x16,
    0xda, 0x0, 0x65, 0x0, 0xdc, 0x0, 0xa4, 0x3,
    0xc0, 0x5, 0x80, 0x6e, 0x29, 0x50, 0x8, 0xec,
    0x68, 0x3, 0x16, 0xb0, 0x7, 0x27, 0x20, 0x7,
    0xff, 0x16, 0xff, 0xdc, 0x1, 0xf5, 0xff, 0xb8,
    0x3, 0xff, 0xfe, 0x1, 0xff, 0xe4, 0x1f, 0xff,
    0x90, 0x3, 0xff, 0xb0, 0x3f, 0xff, 0x20, 0x7,
    0xff, 0xfc, 0x3, 0xff, 0xe6,

    /* U+0125 "ĥ" */
    0x0, 0xd7, 0xff, 0x48, 0x7, 0xff, 0x6, 0x10,
    0x2, 0x66, 0x0, 0x7f, 0xc8, 0xe0, 0x4, 0x0,
    0x49, 0x80, 0x7f, 0x15, 0x80, 0x26, 0xdc, 0x1,
    0xa2, 0x1, 0xfb, 0xc0, 0x14, 0xc1, 0xe, 0x3,
    0x40, 0x1f, 0xa0, 0x29, 0x40, 0x28, 0x71, 0xf0,
    0xf, 0xcb, 0xea, 0x1, 0xd1, 0xc8, 0x1, 0xff,
    0x2f, 0xfc, 0x40, 0x1f, 0xff, 0xf0, 0xf, 0xff,
    0x7a, 0xe7, 0xfb, 0x5c, 0x3, 0xff, 0x81, 0x14,
    0x60, 0x2, 0x8d, 0x10, 0xf, 0xe5, 0x70, 0x10,
    0xc, 0x54, 0x1, 0xfd, 0xf, 0xdc, 0xfb, 0x10,
    0x2, 0x18, 0x7, 0xe7, 0x81, 0x0, 0x25, 0x80,
    0x48, 0x1, 0xfa, 0xc0, 0x39, 0x40, 0x2e, 0x0,
    0xfc, 0x20, 0x1e, 0x20, 0x1, 0x80, 0x7f, 0xff,
    0xc0, 0x3f, 0xff, 0xe0, 0x1f, 0xfd, 0xc0,

    /* U+0126 "Ħ" */
    0x0, 0x5f, 0xfb, 0x80, 0x3e, 0xbf, 0xf7, 0x0,
    0x7f, 0xf7, 0x33, 0xd0, 0x0, 0x3f, 0xff, 0x20,
    0x0, 0x7f, 0xc0, 0x1f, 0xfc, 0x75, 0x31, 0x0,
    0x8c, 0xfe, 0x10, 0x8, 0xd2, 0x71, 0x40, 0x3,
    0x99, 0xf2, 0x80, 0x7, 0x2c, 0x3, 0xff, 0xbe,
    0x3f, 0xff, 0x20, 0x7, 0xff, 0x90, 0x7f, 0xfe,
    0x40, 0xf, 0xff, 0xf8, 0x7, 0xff, 0xfc, 0x3,
    0xff, 0x9c,

    /* U+0127 "ħ" */
    0x0, 0x2f, 0xfc, 0x40, 0x1f, 0xfc, 0xf4, 0xfa,
    0x0, 0xb7, 0xfe, 0xe0, 0xf, 0xfe, 0x5b, 0x29,
    0x80, 0x48, 0xab, 0x30, 0x7, 0x8a, 0xa4, 0x2,
    0x9a, 0xaa, 0x0, 0x3f, 0xfa, 0x6b, 0x9f, 0xed,
    0x70, 0xf, 0xf4, 0x51, 0x80, 0xa, 0x34, 0x40,
    0x3e, 0x57, 0x1, 0x0, 0xc5, 0x40, 0x1f, 0x43,
    0xf7, 0x3e, 0xc4, 0x0, 0x86, 0x1, 0xe7, 0x81,
    0x0, 0x25, 0x80, 0x48, 0x1, 0xeb, 0x0, 0xe5,
    0x0, 0xb8, 0x3, 0xc2, 0x1, 0xe2, 0x0, 0x18,
    0x7, 0xff, 0xfc, 0x3, 0xff, 0xfe, 0x1, 0xff,
    0xc8,

    /* U+0128 "Ĩ" */
    0x0, 0xa7, 0xbf, 0x18, 0x40, 0x4, 0x1, 0xd8,
    0xc2, 0x7, 0x3d, 0x98, 0xda, 0x0, 0xd6, 0x6,
    0x80, 0x11, 0x98, 0x10, 0x40, 0x27, 0xcc, 0x5f,
    0xd2, 0x8, 0x2e, 0x8, 0x6, 0x30, 0x9, 0x6f,
    0xbe, 0x88, 0x3, 0xff, 0xa8, 0xff, 0xff, 0xfc,
    0x1a, 0x0, 0xff, 0xe1, 0x92, 0x26, 0x30, 0x8,
    0x91, 0x36, 0xad, 0xde, 0xf0, 0xa, 0xef, 0x9c,
    0x3, 0xff, 0xfe, 0x1, 0xff, 0xff, 0x0, 0xff,
    0xff, 0xad, 0xde, 0xf0, 0xa, 0xef, 0x9c, 0x91,
    0x31, 0x80, 0x44, 0x89, 0xb4, 0x3, 0xff, 0x86,

    /* U+0129 "ĩ" */
    0x0, 0x9f, 0xbe, 0xc8, 0x3, 0xfa, 0x20, 0x20,
    0x9b, 0x22, 0x2a, 0x70, 0xc, 0x80, 0x48, 0x0,
    0x6e, 0xe2, 0xc0, 0x80, 0x5b, 0x1b, 0x7a, 0x80,
    0x1a, 0x4, 0x2, 0x17, 0x0, 0x15, 0xd9, 0x99,
    0x6e, 0x1, 0xfe, 0x49, 0x92, 0x0, 0x7f, 0xf1,
    0xb3, 0xff, 0xf2, 0x80, 0x7f, 0xf2, 0x18, 0x8b,
    0x80, 0x3f, 0xab, 0x77, 0x78, 0x7, 0xff, 0xfc,
    0x3, 0xff, 0xfe, 0x1, 0xfd, 0x5b, 0xbb, 0xc0,
    0x2b, 0xdd, 0xd0, 0xc4, 0x5c, 0x1, 0x9, 0x17,
    0x0, 0x7f, 0xf0, 0xc0,

    /* U+012A "Ī" */
    0x0, 0xaa, 0xbf, 0x88, 0x3, 0x95, 0x7f, 0x84,
    0x3, 0xff, 0x91, 0xff, 0xfc, 0x60, 0x1f, 0xfe,
    0x37, 0xff, 0xff, 0xe0, 0xd0, 0x7, 0xff, 0xc,
    0x91, 0x31, 0x80, 0x44, 0x89, 0xb5, 0x6e, 0xf7,
    0x80, 0x57, 0x7c, 0xe0, 0x1f, 0xff, 0xf0, 0xf,
    0xff, 0xf8, 0x7, 0xff, 0xfd, 0x6e, 0xf7, 0x80,
    0x57, 0x7c, 0xe4, 0x89, 0x8c, 0x2, 0x24, 0x4d,
    0xa0, 0x1f, 0xfc, 0x30,

    /* U+012B "ī" */
    0x0, 0xbf, 0xff, 0x90, 0x3, 0xff, 0x90, 0xab,
    0xfc, 0xc0, 0x1d, 0x55, 0xfc, 0x40, 0x1f, 0xfc,
    0x5c, 0xff, 0xfc, 0xa0, 0x1f, 0xfc, 0x86, 0x22,
    0xe0, 0xf, 0xea, 0xdd, 0xde, 0x1, 0xff, 0xff,
    0x0, 0xff, 0xff, 0x80, 0x7f, 0x56, 0xee, 0xf0,
    0xa, 0xf7, 0x74, 0x31, 0x17, 0x0, 0x42, 0x45,
    0xc0, 0x1f, 0xfc, 0x30,

    /* U+012C "Ĭ" */
    0x0, 0x8c, 0x40, 0x3c, 0xa0, 0x1d, 0x79, 0x40,
    0x1d, 0x15, 0xa0, 0x18, 0x81, 0x18, 0x2, 0x37,
    0x1, 0x0, 0xd6, 0x0, 0x95, 0x3, 0xd0, 0x4,
    0x0, 0x62, 0x80, 0x5, 0x7e, 0x8, 0x2a, 0x0,
    0x73, 0xb8, 0x3, 0x96, 0x80, 0x3e, 0x8d, 0x87,
    0x8c, 0xa0, 0xf, 0xe2, 0x78, 0x73, 0x0, 0xff,
    0xe4, 0x3f, 0xff, 0xff, 0x6, 0x80, 0x3f, 0xf8,
    0x64, 0x89, 0x8c, 0x2, 0x24, 0x4d, 0xab, 0x77,
    0xbc, 0x2, 0xbb, 0xe7, 0x0, 0xff, 0xff, 0x80,
    0x7f, 0xff, 0xc0, 0x3f, 0xff, 0xeb, 0x77, 0xbc,
    0x2, 0xbb, 0xe7, 0x24, 0x4c, 0x60, 0x11, 0x22,
    0x6d, 0x0, 0xff, 0xe1, 0x80,

    /* U+012D "ĭ" */
    0x0, 0xff, 0xe2, 0xa6, 0x38, 0x7, 0x1f, 0x30,
    0x6, 0xf3, 0x82, 0x0, 0xdc, 0x32, 0x1, 0xb8,
    0x1, 0xc0, 0x14, 0x90, 0x30, 0x6, 0x54, 0x3,
    0xd9, 0xc6, 0x1, 0x80, 0xe, 0xa2, 0x2, 0x63,
    0x0, 0x50, 0x80, 0x70, 0xe3, 0x90, 0xa, 0xea,
    0x0, 0x7c, 0x31, 0xbf, 0xd4, 0x40, 0x1f, 0xfc,
    0x7c, 0xff, 0xfc, 0xa0, 0x1f, 0xfc, 0x86, 0x22,
    0xe0, 0xf, 0xea, 0xdd, 0xde, 0x1, 0xff, 0xff,
    0x0, 0xff, 0xff, 0x80, 0x7f, 0x56, 0xee, 0xf0,
    0xa, 0xf7, 0x74, 0x31, 0x17, 0x0, 0x42, 0x45,
    0xc0, 0x1f, 0xfc, 0x30,

    /* U+012E "Į" */
    0x7f, 0xff, 0xfe, 0xd, 0x0, 0x7f, 0xf1, 0x49,
    0x13, 0x18, 0x4, 0x48, 0x9b, 0x41, 0x6e, 0xf7,
    0x80, 0x57, 0x7c, 0xe0, 0x1f, 0xff, 0xf0, 0xf,
    0xff, 0xf8, 0x7, 0xff, 0xfc, 0x3, 0xff, 0x88,
    0xb9, 0x9b, 0x80, 0x28, 0xcc, 0xd0, 0x4, 0x67,
    0x88, 0x2, 0x13, 0x3c, 0x40, 0x1f, 0xfc, 0x57,
    0xff, 0xfe, 0xd5, 0x6, 0xb0, 0xf, 0xf3, 0x6a,
    0x64, 0x88, 0x7, 0xf2, 0x48, 0x69, 0x80, 0x7f,
    0xd8, 0x0, 0x61, 0x65, 0x0, 0xfe, 0xd0, 0x5,
    0x74, 0xd1, 0x80, 0x7e, 0x59, 0x30, 0x1, 0x49,
    0x80,

    /* U+012F "į" */
    0x0, 0xe3, 0xdf, 0xd5, 0x0, 0xff, 0xa0, 0x80,
    0xac, 0x3, 0xfe, 0x70, 0x8, 0x40, 0x3f, 0xe4,
    0x0, 0x90, 0x3, 0xfe, 0x8b, 0x8a, 0xb0, 0xf,
    0xfe, 0x2, 0x3a, 0x80, 0x7f, 0xf2, 0xf3, 0xff,
    0xf2, 0x80, 0x7f, 0xf2, 0x98, 0x8b, 0x80, 0x3f,
    0xd5, 0xbb, 0xbc, 0x3, 0xff, 0xfe, 0x1, 0xff,
    0xff, 0x0, 0xff, 0xe4, 0x57, 0x76, 0xc0, 0xa,
    0xfb, 0xb4, 0x3, 0x8, 0xf0, 0x4, 0x23, 0xc4,
    0x1, 0xff, 0xc3, 0x30, 0xcf, 0xff, 0xed, 0x50,
    0x68, 0x0, 0xff, 0x36, 0xa6, 0x48, 0x80, 0x7f,
    0x24, 0x86, 0x98, 0x7, 0xfd, 0x80, 0x7, 0x16,
    0x50, 0xf, 0xee, 0x0, 0x5f, 0x4d, 0x18, 0x7,
    0xe6, 0x93, 0x0, 0x14, 0x98,

    /* U+0130 "İ" */
    0x0, 0xf2, 0xbb, 0x0, 0x7f, 0xd1, 0x51, 0x36,
    0x1, 0xfe, 0x40, 0x9, 0x0, 0x3f, 0xce, 0x1,
    0x8, 0x7, 0xfa, 0x8, 0xa, 0xc0, 0x3f, 0xc7,
    0xbf, 0xaa, 0x1, 0xff, 0xd7, 0x7f, 0xff, 0xfe,
    0xd, 0x0, 0x7f, 0xf0, 0xc9, 0x13, 0x18, 0x4,
    0x48, 0x9b, 0x56, 0xef, 0x78, 0x5, 0x77, 0xce,
    0x1, 0xff, 0xff, 0x0, 0xff, 0xff, 0x80, 0x7f,
    0xff, 0xd6, 0xef, 0x78, 0x5, 0x77, 0xce, 0x48,
    0x98, 0xc0, 0x22, 0x44, 0xda, 0x1, 0xff, 0xc3,

    /* U+0131 "ı" */
    0xcf, 0xff, 0xca, 0x1, 0xff, 0xc8, 0x62, 0x2e,
    0x0, 0xfe, 0xad, 0xdd, 0xe0, 0x1f, 0xff, 0xf0,
    0xf, 0xff, 0xf8, 0x7, 0xf5, 0x6e, 0xef, 0x0,
    0xaf, 0x77, 0x43, 0x11, 0x70, 0x4, 0x24, 0x5c,
    0x1, 0xff, 0xc3,

    /* U+0132 "Ĳ" */
    0x8f, 0xf8, 0x40, 0x3d, 0xff, 0x40, 0x7, 0xff,
    0xfc, 0x3, 0xff, 0xfe, 0x1, 0xff, 0xc3, 0xf1,
    0x18, 0x3, 0xfe, 0x7e, 0xe8, 0x40, 0x3f, 0xfa,
    0xe2, 0x1, 0x8d, 0xeb, 0x40, 0x3c, 0x40, 0x17,
    0xdc, 0x29, 0x30, 0x7, 0x50, 0x4, 0x74, 0x1,
    0x4c, 0x10, 0x1d, 0x30, 0x0, 0x90, 0xa0, 0x2,
    0x7d, 0xfc, 0x50, 0xa, 0x40, 0xf, 0x0, 0x1f,
    0x86, 0x90, 0x2, 0x7d, 0x62, 0x0, 0x9, 0xc7,
    0xa8, 0x0,

    /* U+0133 "ĳ" */
    0x2c, 0xfe, 0x60, 0xe, 0x4d, 0xfd, 0x4b, 0x30,
    0x19, 0x0, 0xe8, 0x20, 0x28, 0x30, 0xf, 0xe1,
    0x0, 0x87, 0x0, 0x23, 0x0, 0xe4, 0x0, 0x91,
    0xae, 0x27, 0x0, 0x3a, 0x6a, 0x2a, 0x41, 0x1d,
    0x80, 0x3e, 0x57, 0x50, 0xf, 0xfe, 0x20, 0xff,
    0xce, 0x1, 0xc7, 0xff, 0x20, 0x7, 0xff, 0xfc,
    0x3, 0xff, 0xfe, 0x1, 0xff, 0xff, 0x0, 0xff,
    0xe1, 0x8f, 0xfc, 0xe0, 0x1f, 0xfc, 0xc7, 0x0,
    0xff, 0xe3, 0xbe, 0xef, 0x70, 0x0, 0x4c, 0x3,
    0x71, 0x17, 0x80, 0x12, 0x1, 0xff, 0xc0, 0x39,
    0x70,

    /* U+0134 "Ĵ" */
    0x0, 0xf0, 0xf7, 0xfc, 0x60, 0x1f, 0xd4, 0x20,
    0x17, 0x0, 0x7e, 0x64, 0x0, 0xc5, 0x40, 0x1e,
    0x29, 0x0, 0x4d, 0x80, 0x15, 0x40, 0x1d, 0xc0,
    0x7, 0x64, 0x90, 0x5, 0x88, 0x4, 0x86, 0xb,
    0x0, 0x6, 0x70, 0x16, 0x0, 0x92, 0x92, 0x80,
    0x34, 0x33, 0xb8, 0x3, 0x2d, 0x80, 0x7a, 0x60,
    0x3, 0xff, 0x8f, 0x3f, 0xff, 0xec, 0x0, 0xff,
    0xea, 0xcf, 0xff, 0xc4, 0x1, 0xff, 0xff, 0x0,
    0xff, 0xff, 0x80, 0x7f, 0xf5, 0xa3, 0x3d, 0xc0,
    0x3c, 0x40, 0x7, 0x5, 0x30, 0x91, 0x0, 0xca,
    0x1, 0x18, 0x50, 0x0, 0x71, 0x4, 0x9a, 0x80,
    0x2b, 0x7, 0x30, 0x1, 0x5f, 0x6c, 0x80, 0x4c,
    0x60, 0xd, 0x30, 0xf, 0xcd, 0x20, 0x10, 0xe5,
    0x20, 0x80, 0x9, 0xb2, 0x40, 0x0,

    /* U+0135 "ĵ" */
    0x0, 0xfc, 0xd1, 0x7, 0x0, 0xff, 0x96, 0x5d,
    0xd1, 0x60, 0x1f, 0xc7, 0x40, 0x19, 0x1c, 0x3,
    0xe1, 0xe0, 0x3, 0x48, 0x2, 0x10, 0x3, 0xd4,
    0x40, 0xd2, 0xd2, 0x0, 0xa1, 0x0, 0xc6, 0x80,
    0xb2, 0x0, 0x69, 0x1, 0x60, 0xc, 0x78, 0xf4,
    0x1, 0x9a, 0x64, 0xe0, 0x1c, 0x70, 0x1, 0xe6,
    0x60, 0x7, 0xff, 0x14, 0x7f, 0xff, 0xdc, 0x1,
    0xff, 0xc8, 0x12, 0x2f, 0x84, 0x3, 0xf6, 0xef,
    0xce, 0x1, 0xff, 0xff, 0x0, 0xff, 0xff, 0x80,
    0x7f, 0xff, 0xc0, 0x3f, 0xfa, 0xa6, 0x1, 0xd7,
    0xbb, 0xe7, 0x0, 0x38, 0x7, 0x31, 0x17, 0x84,
    0x1, 0x0, 0x1f, 0xfc, 0x1, 0x4d, 0x20, 0xc,

    /* U+0136 "Ķ" */
    0x8f, 0xf8, 0x40, 0x3c, 0x3d, 0xff, 0x18, 0x7,
    0xfd, 0x42, 0x0, 0xa3, 0x0, 0xff, 0x42, 0x0,
    0x19, 0x40, 0x3f, 0xca, 0xe0, 0x3, 0x90, 0xf,
    0xf1, 0xd0, 0x0, 0x74, 0x3, 0xfc, 0x3c, 0x1,
    0x68, 0x80, 0x7f, 0xa8, 0x80, 0x12, 0x60, 0x1f,
    0xe8, 0x40, 0x3, 0x30, 0x3, 0xfc, 0x8e, 0x0,
    0x39, 0x0, 0xff, 0x1d, 0x0, 0x54, 0x1, 0xff,
    0x70, 0x80, 0x50, 0x1, 0xff, 0x18, 0x6, 0x18,
    0x0, 0xff, 0xe0, 0x61, 0x80, 0x1c, 0x80, 0x3f,
    0xd2, 0x7e, 0x1, 0x48, 0x7, 0xf3, 0x30, 0xd,
    0x40, 0x8, 0xa0, 0x1f, 0xa0, 0x2, 0xb0, 0xa,
    0xc0, 0x3f, 0xf8, 0x3, 0x0, 0x1, 0x80, 0xf,
    0xfe, 0x3, 0x90, 0x1, 0xc8, 0x3, 0xff, 0x81,
    0x20, 0x14, 0x80, 0x7f, 0xf0, 0x11, 0x0, 0x4,
    0x50, 0xf, 0xfe, 0x4, 0x80, 0x56, 0x1, 0xff,
    0xc0, 0x27, 0x0, 0xc, 0x43, 0xfe, 0x10, 0xf,
    0xa3, 0xfe, 0x80, 0xf, 0xfe, 0x5e, 0x7f, 0xc8,
    0x1, 0xff, 0xc0, 0x10, 0x1, 0x20, 0x7, 0xff,
    0x0, 0x80, 0x14, 0x1, 0xff, 0xc0, 0x10, 0x9,
    0x80, 0x3f, 0xf8, 0x4, 0x0, 0x51, 0x0, 0xff,
    0xe0, 0x30, 0x3, 0x80, 0x3f, 0xf8, 0x2f, 0x12,
    0x80, 0x1f, 0x80,

    /* U+0137 "ķ" */
    0x3f, 0xf9, 0x0, 0x3f, 0xff, 0xe0, 0x1f, 0xfe,
    0x6c, 0xff, 0x94, 0x3, 0xfe, 0xc3, 0x0, 0x52,
    0x80, 0x7f, 0xb0, 0xc0, 0x14, 0xa0, 0x1f, 0xec,
    0x30, 0x5, 0x28, 0x7, 0xfb, 0xc, 0x1, 0x4a,
    0x1, 0xfe, 0xb3, 0x0, 0x52, 0x80, 0x7f, 0xd,
    0xa0, 0x2, 0x54, 0x3, 0xfd, 0x68, 0x1, 0x68,
    0x7, 0xfc, 0x20, 0x19, 0x1c, 0x3, 0xfe, 0x3e,
    0x20, 0x4, 0x18, 0x7, 0xf2, 0x60, 0xf8, 0x5,
    0xc0, 0x1f, 0xde, 0x0, 0x28, 0x0, 0x14, 0x80,
    0x7f, 0xf0, 0x1c, 0xc0, 0xc, 0xa0, 0x1f, 0xfc,
    0xd, 0x0, 0xac, 0x40, 0x3f, 0xe1, 0xa0, 0x0,
    0xe8, 0x7, 0xff, 0x1, 0x54, 0x0, 0x37, 0x0,
    0xff, 0xe0, 0x58, 0x80, 0x20, 0xcd, 0xff, 0x20,
    0x7, 0x87, 0xbf, 0xe3, 0x0, 0xff, 0xe5, 0xff,
    0xe0, 0xf, 0xfe, 0x0, 0x80, 0x4c, 0x1, 0xff,
    0xc0, 0x20, 0xa, 0x80, 0x3f, 0xf8, 0xc, 0x0,
    0x23, 0x0, 0xff, 0xe0, 0x10, 0x2, 0xc0, 0x3f,
    0xf8, 0x3c, 0x0, 0x70, 0xf, 0xfe, 0xe, 0xc5,
    0x8, 0x7, 0xe0,

    /* U+0138 "ĸ" */
    0x2f, 0xf9, 0x0, 0x3d, 0x5f, 0xf3, 0x0, 0x7f,
    0xd4, 0xa0, 0x9, 0x60, 0xf, 0xf4, 0xa8, 0x2,
    0x18, 0x3, 0xfd, 0xc, 0x0, 0x87, 0x0, 0xff,
    0x43, 0x80, 0x21, 0xc0, 0x3f, 0xcc, 0xe0, 0x7,
    0x70, 0x7, 0xf9, 0x24, 0x0, 0xd0, 0x1, 0xfe,
    0xcb, 0x0, 0x88, 0x3, 0xfe, 0x70, 0xc, 0x8e,
    0x1, 0xff, 0xc0, 0xa2, 0x0, 0x41, 0x80, 0x7f,
    0xad, 0x78, 0x2, 0xe0, 0xf, 0xea, 0x40, 0x38,
    0x0, 0x15, 0x0, 0x7e, 0x10, 0x9, 0xcc, 0x0,
    0xaa, 0x0, 0xff, 0xe0, 0x68, 0x80, 0x28, 0x80,
    0x3f, 0xe1, 0xb0, 0xb, 0x80, 0x3f, 0xf8, 0xa,
    0xa0, 0x1, 0xc0, 0x7, 0xff, 0x2, 0x88, 0x0,
    0xe8,

    /* U+0139 "Ĺ" */
    0x0, 0x8c, 0x3, 0xff, 0x82, 0x39, 0xce, 0x1,
    0xff, 0x48, 0xc, 0x10, 0x7, 0xf0, 0xb8, 0x2,
    0x48, 0x3, 0xfa, 0x0, 0xa, 0xc0, 0x1f, 0xc2,
    0xc0, 0x36, 0x1, 0xfe, 0x23, 0xa, 0x10, 0xf,
    0xf1, 0xe6, 0xa0, 0x7, 0xff, 0x4, 0x80, 0x3f,
    0xf8, 0x11, 0xff, 0x0, 0x7f, 0xff, 0xc0, 0x3f,
    0xff, 0xe0, 0x1f, 0xff, 0xf0, 0xf, 0xff, 0x8,
    0x80, 0x7f, 0xf0, 0xbb, 0xff, 0xf8, 0xc0, 0x3f,
    0xfa, 0x40,

    /* U+013A "ĺ" */
    0x0, 0xfc, 0x64, 0x1, 0xff, 0xc1, 0xfd, 0xa2,
    0x0, 0xff, 0x21, 0x82, 0xb8, 0x7, 0xfa, 0x0,
    0xa, 0xa0, 0xf, 0xe4, 0x30, 0x1b, 0x0, 0xff,
    0x40, 0x3, 0x44, 0x3, 0xfc, 0xa0, 0xe6, 0x1,
    0xff, 0x4f, 0x40, 0x7, 0xa7, 0xff, 0xdd, 0xea,
    0x1, 0xff, 0xc8, 0xe2, 0x2e, 0x0, 0xfe, 0x7d,
    0xdd, 0xe0, 0x1f, 0xff, 0xf0, 0xf, 0xff, 0xf8,
    0x7, 0xff, 0xfc, 0x3, 0xff, 0xb6, 0xfb, 0xbb,
    0xc0, 0x2b, 0xdd, 0xd5, 0xc4, 0x5c, 0x1, 0x9,
    0x16, 0x70, 0xf, 0xfe, 0x18,

    /* U+013B "Ļ" */
    0x8f, 0xf8, 0x3, 0xff, 0xfe, 0x1, 0xff, 0xff,
    0x0, 0xff, 0xff, 0x80, 0x7f, 0xf8, 0x44, 0x3,
    0xff, 0x85, 0xdf, 0xff, 0xc6, 0x1, 0xff, 0xd2,
    0x8f, 0xff, 0xfe, 0x9, 0x80, 0x7f, 0xf2, 0x33,
    0xfe, 0x30, 0xf, 0xf1, 0x0, 0x8, 0xc0, 0x3f,
    0xc2, 0x0, 0xb0, 0xf, 0xf1, 0x0, 0x4e, 0x1,
    0xfe, 0x60, 0x2, 0x88, 0x7, 0xf8, 0x80, 0x12,
    0x1, 0xff, 0x2c, 0x49, 0x80, 0x7c,

    /* U+013C "ļ" */
    0x9f, 0xff, 0xca, 0x1, 0xff, 0xc8, 0xe2, 0x2e,
    0x0, 0xfe, 0x7d, 0xdd, 0xe0, 0x1f, 0xff, 0xf0,
    0xf, 0xff, 0xf8, 0x7, 0xff, 0xfc, 0x3, 0xff,
    0xb6, 0xfb, 0xbb, 0xc0, 0x2b, 0xdd, 0xd5, 0xc4,
    0x5c, 0x1, 0x9, 0x16, 0x70, 0xf, 0xfe, 0x1c,
    0xff, 0xff, 0xf0, 0x74, 0x3, 0xff, 0x90, 0xff,
    0xf4, 0x0, 0x7f, 0xb8, 0x2, 0xa0, 0xf, 0xf1,
    0x0, 0x10, 0x80, 0x3f, 0xcc, 0x0, 0xe0, 0xf,
    0xf8, 0x80, 0x54, 0x3, 0xfc, 0x20, 0x6, 0x0,
    0xff, 0xe0, 0x44, 0x24, 0x3, 0xe0,

    /* U+013D "Ľ" */
    0x0, 0xf1, 0x7f, 0xd6, 0x1, 0xfe, 0x10, 0xb,
    0x0, 0x34, 0x7f, 0xc0, 0x1e, 0x40, 0xf, 0xf3,
    0x80, 0x4, 0xc0, 0x3f, 0xf8, 0x28, 0x1, 0xff,
    0x8, 0x3, 0xc0, 0x3f, 0xe7, 0x88, 0x20, 0x7,
    0xfc, 0x4e, 0xe1, 0x0, 0xff, 0xff, 0x80, 0x7f,
    0xff, 0xc0, 0x3f, 0xfb, 0x62, 0x1, 0xff, 0xc2,
    0xef, 0xff, 0xe3, 0x0, 0xff, 0xe9, 0x0,

    /* U+013E "ľ" */
    0x9f, 0xff, 0xca, 0x3, 0xff, 0x68, 0x7, 0xff,
    0xd, 0x38, 0x8b, 0x80, 0x3f, 0xb5, 0xf7, 0x77,
    0x80, 0x71, 0x80, 0x48, 0x1, 0xff, 0xc2, 0x40,
    0xf, 0xfe, 0x0, 0x80, 0x30, 0x3, 0xff, 0x80,
    0x51, 0x6, 0x0, 0xff, 0xe0, 0xb, 0xb8, 0x40,
    0x3f, 0xff, 0xe0, 0x1f, 0xff, 0xf0, 0xf, 0xff,
    0x7b, 0xee, 0xef, 0x0, 0xaf, 0x77, 0x50, 0x71,
    0x17, 0x0, 0x42, 0x45, 0x9c, 0x3, 0xff, 0x8a,

    /* U+013F "Ŀ" */
    0x8f, 0xf8, 0x3, 0xff, 0xfe, 0x1, 0xff, 0xf5,
    0x9e, 0xfa, 0x0, 0xff, 0x1b, 0x8, 0x2a, 0x80,
    0x3f, 0x9c, 0x3, 0x18, 0x7, 0xf2, 0x80, 0x64,
    0x0, 0xfe, 0x1d, 0x98, 0xd2, 0x0, 0xff, 0x13,
    0x39, 0x0, 0x7f, 0xf9, 0xc4, 0x3, 0xff, 0x85,
    0xdf, 0xff, 0xc6, 0x1, 0xff, 0xd2,

    /* U+0140 "ŀ" */
    0xcf, 0xff, 0xc6, 0x1, 0xff, 0xcc, 0x62, 0x2c,
    0x20, 0x1f, 0xf5, 0x6e, 0xea, 0x0, 0xff, 0xff,
    0x80, 0x7f, 0xff, 0xc0, 0x3f, 0x97, 0x7f, 0x8,
    0x3, 0xff, 0x81, 0x64, 0x7, 0x0, 0x1f, 0xfc,
    0x1, 0x0, 0x84, 0x3, 0xff, 0x80, 0x80, 0x16,
    0x0, 0x7f, 0xf0, 0x2e, 0x62, 0xdc, 0x3, 0xff,
    0x82, 0xce, 0x80, 0x1f, 0xfe, 0x8a, 0xdd, 0xd4,
    0x1, 0x76, 0xee, 0x80, 0x3, 0x11, 0x61, 0x0,
    0x88, 0xbc, 0x1, 0xff, 0xc7,

    /* U+0141 "Ł" */
    0x0, 0x37, 0xfc, 0x60, 0x1f, 0xff, 0xf0, 0xf,
    0xff, 0x98, 0xb5, 0xc8, 0x7, 0xf9, 0x99, 0x9d,
    0x28, 0x1, 0xff, 0x54, 0x98, 0x5, 0xc0, 0x19,
    0x26, 0x0, 0x3c, 0xb5, 0xee, 0x1, 0xa5, 0x84,
    0x2, 0x4a, 0xfa, 0x50, 0xf, 0xc2, 0x1, 0x42,
    0x80, 0x7f, 0x47, 0x40, 0x7, 0xff, 0x9, 0x44,
    0x3, 0xff, 0xf9, 0x9f, 0xff, 0xc6, 0x1, 0xff,
    0xd6,

    /* U+0142 "ł" */
    0x9f, 0xff, 0xca, 0x1, 0xff, 0xc8, 0xe2, 0x2e,
    0x0, 0xfe, 0x7d, 0xdd, 0xe0, 0x1f, 0xff, 0xf0,
    0xf, 0xfe, 0x50, 0x80, 0x7f, 0xc2, 0xd7, 0xe0,
    0x1f, 0xe8, 0xe9, 0x40, 0xf, 0x1d, 0x0, 0x44,
    0x1, 0x20, 0x0, 0xa3, 0x71, 0xc0, 0x32, 0xd7,
    0xd0, 0x2, 0x5c, 0x80, 0x3a, 0xa8, 0xa0, 0x1e,
    0x17, 0xa0, 0xf, 0xf7, 0x67, 0x43, 0x80, 0x7f,
    0x94, 0xc0, 0x3f, 0xfd, 0xaf, 0xbb, 0xbc, 0x2,
    0xbd, 0xdd, 0x5c, 0x45, 0xc0, 0x10, 0x91, 0x66,
    0x0, 0xff, 0xe1, 0x80,

    /* U+0143 "Ń" */
    0x0, 0xfc, 0x42, 0x1, 0xff, 0xc1, 0xee, 0x48,
    0x80, 0x7f, 0x90, 0xc1, 0x9c, 0x3, 0xfd, 0x0,
    0x5, 0x60, 0xf, 0xe4, 0x30, 0x1b, 0x0, 0xff,
    0x40, 0x2, 0x84, 0x3, 0xfc, 0xc0, 0xe8, 0x1,
    0xff, 0x56, 0xc0, 0x7, 0xff, 0x4, 0x80, 0x3e,
    0xbf, 0xfc, 0x20, 0x1c, 0x7f, 0xee, 0x0, 0xe6,
    0x0, 0xff, 0xe1, 0x50, 0x7, 0xff, 0x8, 0x90,
    0x3, 0xff, 0x85, 0xc0, 0x1f, 0xf2, 0x80, 0x14,
    0x40, 0x3f, 0xda, 0x60, 0x6, 0x0, 0xff, 0xa4,
    0x1, 0x40, 0x1f, 0xf2, 0x80, 0x8, 0xc0, 0x3f,
    0xe6, 0x0, 0x50, 0x7, 0xfd, 0x40, 0x6, 0x0,
    0xff, 0x8c, 0xc0, 0x6, 0x0, 0xff, 0xa8, 0x1,
    0x40, 0x1f, 0xf3, 0x80, 0xc, 0x80, 0x3f, 0xc2,
    0xa0, 0xb, 0x0, 0xff, 0xb8, 0x0, 0xee, 0x0,
    0xff, 0x21, 0x0, 0xf0, 0x7, 0xfd, 0x40, 0x5,
    0x0, 0xff, 0x98, 0x3, 0xff, 0x84, 0x28, 0x1,
    0xff, 0xc2, 0xf0, 0xf, 0xfe, 0x12, 0x8, 0x6,

    /* U+0144 "ń" */
    0x0, 0xfc, 0x44, 0x0, 0xff, 0xe0, 0xce, 0xd1,
    0x0, 0x7f, 0x8d, 0x1, 0x54, 0x1, 0xfe, 0x80,
    0x2, 0x38, 0x7, 0xf1, 0xa0, 0xd, 0x0, 0x7f,
    0xa0, 0x1, 0x62, 0x1, 0xfe, 0x10, 0x65, 0x0,
    0xff, 0xab, 0x64, 0x3, 0xff, 0x82, 0x40, 0x1f,
    0x2f, 0xfc, 0x40, 0xb9, 0xfe, 0xd7, 0x0, 0xfd,
    0x14, 0x60, 0x2, 0x8d, 0x10, 0xe, 0x57, 0x1,
    0x0, 0xc5, 0x40, 0x1d, 0xf, 0xdc, 0xfb, 0x10,
    0x2, 0x18, 0x6, 0x78, 0x10, 0x2, 0x58, 0x4,
    0x80, 0x1a, 0xc0, 0x39, 0x40, 0x2e, 0x0, 0xc2,
    0x1, 0xe2, 0x0, 0x18, 0x7, 0xff, 0xfc, 0x3,
    0xff, 0xfe,

    /* U+0145 "Ņ" */
    0xbf, 0xfc, 0x20, 0x1c, 0x7f, 0xee, 0x0, 0xe6,
    0x0, 0xff, 0xe1, 0x50, 0x7, 0xff, 0x8, 0x90,
    0x3, 0xff, 0x85, 0xc0, 0x1f, 0xf2, 0x80, 0x14,
    0x40, 0x3f, 0xda, 0x60, 0x6, 0x0, 0xff, 0xa4,
    0x1, 0x40, 0x1f, 0xf2, 0x80, 0x8, 0xc0, 0x3f,
    0xe6, 0x0, 0x50, 0x7, 0xfd, 0x40, 0x6, 0x0,
    0xff, 0x8c, 0xc0, 0x6, 0x0, 0xff, 0xa8, 0x1,
    0x40, 0x1f, 0xf3, 0x80, 0xc, 0x80, 0x3f, 0xc2,
    0xa0, 0xb, 0x0, 0xff, 0xb8, 0x0, 0xee, 0x0,
    0xff, 0x21, 0x0, 0xf0, 0x7, 0xfd, 0x40, 0x5,
    0x0, 0xff, 0x98, 0x3, 0xff, 0x84, 0x28, 0x1,
    0xff, 0xc2, 0xf0, 0xf, 0xfe, 0x12, 0x8, 0x6,
    0xbf, 0xf3, 0x80, 0x7b, 0xbf, 0xee, 0x0, 0xff,
    0xe4, 0x3f, 0xfd, 0x0, 0x1f, 0xee, 0x0, 0xa8,
    0x3, 0xfc, 0x40, 0x4, 0x20, 0xf, 0xf3, 0x0,
    0x38, 0x3, 0xfe, 0x20, 0x15, 0x0, 0xff, 0x8,
    0x1, 0x80, 0x3f, 0xf8, 0x11, 0x9, 0x0, 0xf8,

    /* U+0146 "ņ" */
    0x5f, 0xf8, 0x81, 0x73, 0xfd, 0xae, 0x1, 0xfa,
    0x28, 0xc0, 0x5, 0x1a, 0x20, 0x1c, 0xae, 0x2,
    0x1, 0x8a, 0x80, 0x3a, 0x1f, 0xb9, 0xf6, 0x20,
    0x4, 0x30, 0xc, 0xf0, 0x20, 0x4, 0xb0, 0x9,
    0x0, 0x35, 0x80, 0x72, 0x80, 0x5c, 0x1, 0x84,
    0x3, 0xc4, 0x0, 0x30, 0xf, 0xff, 0xf8, 0x7,
    0xff, 0xfd, 0x7f, 0xe2, 0x0, 0xf6, 0xff, 0xa8,
    0x3, 0xff, 0x90, 0xdf, 0xf4, 0x80, 0x7f, 0xb8,
    0x2, 0xb0, 0xf, 0xf1, 0x0, 0xc, 0x80, 0x3f,
    0xcc, 0x0, 0xa0, 0xf, 0xf8, 0x80, 0xc, 0x1,
    0xff, 0x8, 0x30, 0x7, 0xff, 0x2, 0x21, 0x60,
    0x1f, 0x0,

    /* U+0147 "Ň" */
    0x0, 0x98, 0x80, 0x3c, 0xe0, 0x1d, 0x53, 0x84,
    0x1, 0xae, 0x34, 0x3, 0x78, 0xe, 0x10, 0x2,
    0xd0, 0x14, 0x3, 0x2b, 0x80, 0xe1, 0xe2, 0x2,
    0x40, 0x7, 0x42, 0x0, 0xe1, 0x81, 0x50, 0x7,
    0xd4, 0x20, 0x1b, 0x84, 0x3, 0xe1, 0xc7, 0x7a,
    0xcc, 0x3, 0xf8, 0xa2, 0x24, 0x0, 0xff, 0xe4,
    0x5f, 0xfe, 0x10, 0xe, 0x3f, 0xf7, 0x0, 0x73,
    0x0, 0x7f, 0xf0, 0xa8, 0x3, 0xff, 0x84, 0x48,
    0x1, 0xff, 0xc2, 0xe0, 0xf, 0xf9, 0x40, 0xa,
    0x20, 0x1f, 0xed, 0x30, 0x3, 0x0, 0x7f, 0xd2,
    0x0, 0xa0, 0xf, 0xf9, 0x40, 0x4, 0x60, 0x1f,
    0xf3, 0x0, 0x28, 0x3, 0xfe, 0xa0, 0x3, 0x0,
    0x7f, 0xc6, 0x60, 0x3, 0x0, 0x7f, 0xd4, 0x0,
    0xa0, 0xf, 0xf9, 0xc0, 0x6, 0x40, 0x1f, 0xe1,
    0x50, 0x5, 0x80, 0x7f, 0xdc, 0x0, 0x77, 0x0,
    0x7f, 0x90, 0x80, 0x78, 0x3, 0xfe, 0xa0, 0x2,
    0x80, 0x7f, 0xcc, 0x1, 0xff, 0xc2, 0x14, 0x0,
    0xff, 0xe1, 0x78, 0x7, 0xff, 0x9, 0x4, 0x3,
    0x0,

    /* U+0148 "ň" */
    0x0, 0xff, 0xe2, 0x96, 0xc8, 0x7, 0x1f, 0x30,
    0x6, 0x82, 0x6a, 0x0, 0x8f, 0x6, 0x4, 0x2,
    0xa2, 0x5, 0xa0, 0x3c, 0x0, 0x68, 0x80, 0x6f,
    0x0, 0x2d, 0xe0, 0x2, 0x4c, 0x3, 0x8a, 0xc0,
    0x8, 0x0, 0x66, 0x0, 0x7c, 0x90, 0x1, 0x1c,
    0x80, 0x7f, 0x3f, 0xfd, 0x80, 0x1f, 0xfc, 0x85,
    0xff, 0x88, 0x17, 0x3f, 0xda, 0xe0, 0x1f, 0xa2,
    0x8c, 0x0, 0x51, 0xa2, 0x1, 0xca, 0xe0, 0x20,
    0x18, 0xa8, 0x3, 0xa1, 0xfb, 0x9f, 0x62, 0x0,
    0x43, 0x0, 0xcf, 0x2, 0x0, 0x4b, 0x0, 0x90,
    0x3, 0x58, 0x7, 0x28, 0x5, 0xc0, 0x18, 0x40,
    0x3c, 0x40, 0x3, 0x0, 0xff, 0xff, 0x80, 0x7f,
    0xff, 0xc0,

    /* U+0149 "ŉ" */
    0xbf, 0xf5, 0x0, 0x7f, 0xf0, 0x5c, 0x1, 0xe0,
    0x1f, 0xfc, 0x11, 0x0, 0x28, 0x7, 0xff, 0x4,
    0xc1, 0x0, 0x3f, 0xf8, 0x98, 0x1, 0xff, 0xc2,
    0x10, 0x50, 0xf, 0xfe, 0x15, 0xd8, 0x80, 0x3f,
    0xf8, 0x48, 0x80, 0xbf, 0xf5, 0x80, 0xcf, 0x7f,
    0x51, 0x0, 0x7f, 0x17, 0xb0, 0x80, 0xae, 0xa0,
    0x7, 0xee, 0x11, 0x10, 0x6, 0xa0, 0xf, 0x90,
    0x37, 0xb7, 0x90, 0x0, 0x2c, 0x1, 0xe1, 0xd2,
    0x0, 0xd, 0x0, 0x58, 0x1, 0xe5, 0x10, 0xc,
    0x26, 0x0, 0x60, 0xf, 0xfe, 0xb, 0x0, 0x7f,
    0xf1, 0xc, 0x3, 0xff, 0xfe, 0x1, 0xff, 0xff,
    0x0, 0xf0,

    /* U+014A "Ŋ" */
    0xbf, 0xfc, 0x20, 0x1c, 0x7f, 0xee, 0x0, 0xe6,
    0x0, 0xff, 0xe1, 0x50, 0x7, 0xff, 0x8, 0x90,
    0x3, 0xff, 0x85, 0xc0, 0x1f, 0xf2, 0x80, 0x14,
    0x40, 0x3f, 0xda, 0x60, 0x6, 0x0, 0xff, 0xa4,
    0x1, 0x40, 0x1f, 0xf2, 0x80, 0x8, 0xc0, 0x3f,
    0xe6, 0x0, 0x50, 0x7, 0xfd, 0x40, 0x6, 0x0,
    0xff, 0x8c, 0xc0, 0x6, 0x0, 0xff, 0xa8, 0x1,
    0x40, 0x1f, 0xf3, 0x80, 0xc, 0x80, 0x3f, 0xc2,
    0xa0, 0xb, 0x0, 0xff, 0xb8, 0x0, 0xee, 0x0,
    0xff, 0x21, 0x0, 0xf0, 0x7, 0xfd, 0x40, 0x5,
    0x0, 0xff, 0x98, 0x3, 0xff, 0x84, 0x28, 0x1,
    0xff, 0xc2, 0xf0, 0xf, 0xfe, 0x12, 0x8, 0x6,
    0xbf, 0xf3, 0x80, 0x7b, 0xa4, 0x3, 0xff, 0xa8,
    0x60, 0x13, 0x66, 0x7d, 0x60, 0x7, 0x0, 0xb8,
    0xcf, 0xe2, 0x0, 0x40, 0x7, 0xfc, 0x29, 0x84,

    /* U+014B "ŋ" */
    0x5f, 0xf8, 0x81, 0x73, 0xfd, 0xb0, 0x1, 0xfa,
    0x28, 0xc0, 0x4, 0xfa, 0x20, 0x1c, 0xae, 0x2,
    0x1, 0x8b, 0x40, 0x3a, 0x1f, 0xb9, 0xf6, 0x20,
    0x3, 0x30, 0x6, 0x78, 0x10, 0x2, 0x58, 0x5,
    0x60, 0x1a, 0xc0, 0x39, 0x40, 0x21, 0x0, 0xc2,
    0x1, 0xe2, 0x0, 0x18, 0x7, 0xff, 0xfc, 0x3,
    0xff, 0xfe, 0xbf, 0xf1, 0x0, 0x7f, 0xf6, 0xcc,
    0x3, 0x56, 0xef, 0x88, 0x1, 0xe0, 0x19, 0xc8,
    0xbc, 0x0, 0x26, 0x0, 0xff, 0x85, 0xb0, 0x0,

    /* U+014C "Ō" */
    0x0, 0xd5, 0x5f, 0xc4, 0x1, 0xf2, 0xaf, 0xf0,
    0x80, 0x7f, 0xf3, 0x3f, 0xff, 0x8c, 0x3, 0xff,
    0xdc, 0x2d, 0x9d, 0xfd, 0x90, 0x40, 0x1f, 0x27,
    0xc9, 0x88, 0x9, 0xbe, 0xb0, 0x7, 0x25, 0x88,
    0x7, 0xe9, 0x70, 0xd, 0x40, 0x14, 0x77, 0xf4,
    0x88, 0x2, 0x8, 0x0, 0xe2, 0x0, 0xa7, 0x10,
    0x16, 0xd0, 0xa, 0x0, 0x14, 0x0, 0x25, 0x0,
    0xe3, 0x50, 0x2, 0x81, 0x10, 0x0, 0xa0, 0x1f,
    0x78, 0x4, 0xac, 0x1, 0x68, 0x7, 0xce, 0x1,
    0x69, 0x80, 0x4c, 0x1, 0xf1, 0x0, 0x45, 0xe0,
    0x1f, 0xfc, 0x31, 0x10, 0x7, 0xff, 0xd, 0xc0,
    0x3f, 0xf8, 0xa2, 0x1, 0xff, 0xc3, 0x7f, 0x0,
    0xff, 0xe1, 0x89, 0x80, 0x4c, 0x1, 0xf1, 0x0,
    0x44, 0xc0, 0x16, 0x80, 0x7c, 0xe0, 0x16, 0x91,
    0x0, 0xa, 0x1, 0xf7, 0x80, 0x4a, 0x14, 0x0,
    0x25, 0x0, 0xe3, 0x50, 0x2, 0x80, 0x1c, 0x40,
    0x14, 0xe4, 0x2, 0xda, 0x1, 0x40, 0x5, 0x40,
    0x14, 0x6f, 0xf4, 0x88, 0x2, 0x8, 0x2, 0x4b,
    0x10, 0xf, 0xd2, 0xe0, 0x1c, 0x9f, 0x6, 0x20,
    0x26, 0xfa, 0xc0, 0x10,

    /* U+014D "ō" */
    0x0, 0xdf, 0xff, 0xc6, 0x1, 0xff, 0xcc, 0x55,
    0xfe, 0x10, 0xf, 0xaa, 0xbf, 0x88, 0x3, 0xff,
    0x9a, 0xf7, 0xdf, 0xd9, 0x2, 0x1, 0xf2, 0x74,
    0x20, 0x80, 0x9b, 0xf3, 0x0, 0x72, 0x58, 0x80,
    0x4, 0xc8, 0x2, 0x97, 0x0, 0x86, 0x80, 0x5,
    0x9d, 0x9b, 0xa3, 0x0, 0x41, 0x80, 0x18, 0x40,
    0x1e, 0x60, 0x11, 0x61, 0x0, 0x24, 0x1, 0x40,
    0x5, 0x20, 0xf, 0x50, 0x1, 0x40, 0x48, 0x1,
    0xa0, 0x1f, 0x18, 0x4, 0x86, 0x1, 0x8, 0x7,
    0xce, 0x1, 0x8, 0x80, 0x3f, 0xf8, 0x66, 0x20,
    0x1f, 0xfc, 0x33, 0x30, 0x4, 0x20, 0x1f, 0x38,
    0x4, 0x22, 0x20, 0x6, 0x80, 0x7c, 0x60, 0x12,
    0x5, 0x0, 0x14, 0x80, 0x3d, 0x40, 0x5, 0x0,
    0x30, 0x80, 0x3d, 0x0, 0x22, 0xc2, 0x0, 0x48,
    0x0, 0x68, 0x0, 0x57, 0xd9, 0xba, 0x30, 0x4,
    0x18, 0x4, 0x96, 0x20, 0x1, 0x32, 0x0, 0xa5,
    0xc0, 0x39, 0x3a, 0x10, 0x40, 0x4d, 0xf9, 0x80,
    0x20,

    /* U+014E "Ŏ" */
    0x0, 0xc6, 0x20, 0x1e, 0x50, 0xf, 0xaf, 0x28,
    0x3, 0xa2, 0xb4, 0x3, 0xc4, 0x8, 0xc0, 0x11,
    0xb8, 0x8, 0x7, 0xac, 0x1, 0x2a, 0x7, 0xa0,
    0x8, 0x0, 0xf1, 0x40, 0x2, 0xbf, 0x4, 0x15,
    0x0, 0x3e, 0x77, 0x0, 0x72, 0xd0, 0x7, 0xf4,
    0x6c, 0x3c, 0x65, 0x0, 0x7f, 0xc4, 0xf0, 0xe6,
    0x1, 0xff, 0xcf, 0x16, 0xce, 0xfe, 0xc8, 0x20,
    0xf, 0x93, 0xe4, 0xc4, 0x4, 0xdf, 0x58, 0x3,
    0x92, 0xc4, 0x3, 0xf4, 0xb8, 0x6, 0xa0, 0xa,
    0x3b, 0xfa, 0x44, 0x1, 0x4, 0x0, 0x71, 0x0,
    0x53, 0x88, 0xb, 0x68, 0x5, 0x0, 0xa, 0x0,
    0x12, 0x80, 0x71, 0xa8, 0x1, 0x40, 0x88, 0x0,
    0x50, 0xf, 0xbc, 0x2, 0x56, 0x0, 0xb4, 0x3,
    0xe7, 0x0, 0xb4, 0xc0, 0x26, 0x0, 0xf8, 0x80,
    0x22, 0xf0, 0xf, 0xfe, 0x18, 0x88, 0x3, 0xff,
    0x86, 0xe0, 0x1f, 0xfc, 0x51, 0x0, 0xff, 0xe1,
    0xbf, 0x80, 0x7f, 0xf0, 0xc4, 0xc0, 0x26, 0x0,
    0xf8, 0x80, 0x22, 0x60, 0xb, 0x40, 0x3e, 0x70,
    0xb, 0x48, 0x80, 0x5, 0x0, 0xfb, 0xc0, 0x25,
    0xa, 0x0, 0x12, 0x80, 0x71, 0xa8, 0x1, 0x40,
    0xe, 0x20, 0xa, 0x72, 0x1, 0x6d, 0x0, 0xa0,
    0x2, 0xa0, 0xa, 0x37, 0xfa, 0x44, 0x1, 0x4,
    0x1, 0x25, 0x88, 0x7, 0xe9, 0x70, 0xe, 0x4f,
    0x83, 0x10, 0x13, 0x7d, 0x60, 0x8,

    /* U+014F "ŏ" */
    0x0, 0xc6, 0x20, 0x1e, 0x40, 0xf, 0xaf, 0x28,
    0x3, 0xa2, 0xf4, 0x3, 0xc4, 0x8, 0xc0, 0x11,
    0xb8, 0x8, 0x7, 0xac, 0x1, 0x2a, 0x7, 0xa0,
    0x8, 0x0, 0xf1, 0x40, 0x2, 0xbf, 0x4, 0x15,
    0x0, 0x3e, 0x77, 0x0, 0x72, 0xd0, 0x7, 0xf4,
    0x6c, 0x3c, 0x65, 0x0, 0x7f, 0xc4, 0xf0, 0xe6,
    0x1, 0xff, 0xd0, 0x7b, 0xef, 0xec, 0x81, 0x0,
    0xf9, 0x3a, 0x10, 0x40, 0x4d, 0xf9, 0x80, 0x39,
    0x2c, 0x40, 0x2, 0x64, 0x1, 0x4b, 0x80, 0x43,
    0x40, 0x2, 0xce, 0xcd, 0xd1, 0x80, 0x20, 0xc0,
    0xc, 0x20, 0xf, 0x30, 0x8, 0xb0, 0x80, 0x12,
    0x0, 0xa0, 0x2, 0x90, 0x7, 0xa8, 0x0, 0xa0,
    0x24, 0x0, 0xd0, 0xf, 0x8c, 0x2, 0x43, 0x0,
    0x84, 0x3, 0xe7, 0x0, 0x84, 0x40, 0x1f, 0xfc,
    0x33, 0x10, 0xf, 0xfe, 0x19, 0x98, 0x2, 0x10,
    0xf, 0x9c, 0x2, 0x11, 0x10, 0x3, 0x40, 0x3e,
    0x30, 0x9, 0x2, 0x80, 0xa, 0x40, 0x1e, 0xa0,
    0x2, 0x80, 0x18, 0x40, 0x1e, 0x80, 0x11, 0x61,
    0x0, 0x24, 0x0, 0x34, 0x0, 0x2b, 0xec, 0xdd,
    0x18, 0x2, 0xc, 0x2, 0x4b, 0x10, 0x0, 0x99,
    0x0, 0x52, 0xe0, 0x1c, 0x9d, 0x8, 0x20, 0x26,
    0xfc, 0xc0, 0x10,

    /* U+0150 "Ő" */
    0x0, 0xff, 0xe5, 0xa6, 0x20, 0x5, 0x14, 0x40,
    0x1f, 0xa0, 0xee, 0x0, 0x5d, 0x75, 0x0, 0x3c,
    0x86, 0x3, 0x21, 0x0, 0x3, 0x40, 0xf, 0x40,
    0x2, 0xc4, 0x4c, 0x3, 0xa0, 0x1e, 0x43, 0x6,
    0x50, 0x80, 0x5, 0x88, 0x7, 0xbc, 0xa, 0x40,
    0xc, 0xa, 0xa0, 0xf, 0xae, 0x38, 0x2, 0xd7,
    0xa0, 0xf, 0xe7, 0x30, 0x8, 0xa0, 0x3, 0xf8,
    0x5b, 0x3b, 0xfb, 0x20, 0x80, 0x3e, 0x4f, 0x93,
    0x10, 0x13, 0x7d, 0x60, 0xe, 0x4b, 0x10, 0xf,
    0xd2, 0xe0, 0x1a, 0x80, 0x28, 0xef, 0xe9, 0x10,
    0x4, 0x10, 0x1, 0xc4, 0x1, 0x4e, 0x20, 0x2d,
    0xa0, 0x14, 0x0, 0x28, 0x0, 0x4a, 0x1, 0xc6,
    0xa0, 0x5, 0x2, 0x20, 0x1, 0x40, 0x3e, 0xf0,
    0x9, 0x58, 0x2, 0xd0, 0xf, 0x9c, 0x2, 0xd3,
    0x0, 0x98, 0x3, 0xe2, 0x0, 0x8b, 0xc0, 0x3f,
    0xf8, 0x62, 0x20, 0xf, 0xfe, 0x1b, 0x80, 0x7f,
    0xf1, 0x44, 0x3, 0xff, 0x86, 0xfe, 0x1, 0xff,
    0xc3, 0x13, 0x0, 0x98, 0x3, 0xe2, 0x0, 0x89,
    0x80, 0x2d, 0x0, 0xf9, 0xc0, 0x2d, 0x22, 0x0,
    0x14, 0x3, 0xef, 0x0, 0x94, 0x28, 0x0, 0x4a,
    0x1, 0xc6, 0xa0, 0x5, 0x0, 0x38, 0x80, 0x29,
    0xc8, 0x5, 0xb4, 0x2, 0x80, 0xa, 0x80, 0x28,
    0xdf, 0xe9, 0x10, 0x4, 0x10, 0x4, 0x96, 0x20,
    0x1f, 0xa5, 0xc0, 0x39, 0x3e, 0xc, 0x40, 0x4d,
    0xf5, 0x80, 0x20,

    /* U+0151 "ő" */
    0x0, 0xf8, 0x80, 0x31, 0x8, 0x7, 0xf3, 0xed,
    0x10, 0x3, 0xb9, 0x2, 0x1, 0xf4, 0x82, 0xa8,
    0x10, 0xc1, 0xc8, 0x3, 0xce, 0x20, 0x6e, 0x10,
    0x0, 0x83, 0x0, 0xf4, 0x80, 0x34, 0x10, 0xc0,
    0xdc, 0x3, 0xce, 0x21, 0x42, 0x10, 0x0, 0xe0,
    0xf, 0xbc, 0x15, 0x40, 0x1a, 0x88, 0x3, 0xe8,
    0xea, 0x0, 0xb3, 0x54, 0x3, 0xf8, 0x40, 0x38,
    0x80, 0x3f, 0xcf, 0x7d, 0xfd, 0x90, 0x20, 0x1f,
    0x27, 0x42, 0x8, 0x9, 0xbf, 0x30, 0x7, 0x25,
    0x88, 0x0, 0x4c, 0x80, 0x29, 0x70, 0x8, 0x68,
    0x0, 0x59, 0xd9, 0xba, 0x30, 0x4, 0x18, 0x1,
    0x84, 0x1, 0xe6, 0x1, 0x16, 0x10, 0x2, 0x40,
    0x14, 0x0, 0x52, 0x0, 0xf5, 0x0, 0x14, 0x4,
    0x80, 0x1a, 0x1, 0xf1, 0x80, 0x48, 0x60, 0x10,
    0x80, 0x7c, 0xe0, 0x10, 0x88, 0x3, 0xff, 0x86,
    0x62, 0x1, 0xff, 0xc3, 0x33, 0x0, 0x42, 0x1,
    0xf3, 0x80, 0x42, 0x22, 0x0, 0x68, 0x7, 0xc6,
    0x1, 0x20, 0x50, 0x1, 0x48, 0x3, 0xd4, 0x0,
    0x50, 0x3, 0x8, 0x3, 0xd0, 0x2, 0x2c, 0x20,
    0x4, 0x80, 0x6, 0x80, 0x5, 0x7d, 0x9b, 0xa3,
    0x0, 0x41, 0x80, 0x49, 0x62, 0x0, 0x13, 0x20,
    0xa, 0x5c, 0x3, 0x93, 0xa1, 0x4, 0x4, 0xdf,
    0x98, 0x2,

    /* U+0152 "Œ" */
    0x0, 0xe4, 0xad, 0xff, 0xff, 0x20, 0x4, 0x37,
    0x65, 0x20, 0xf, 0xfe, 0x16, 0xa0, 0x4, 0x24,
    0x1, 0x11, 0x73, 0x80, 0x20, 0xc0, 0xd, 0xdc,
    0x90, 0xb, 0x37, 0x71, 0x80, 0xb8, 0x1, 0xa4,
    0x40, 0x3f, 0xf8, 0xe, 0x1, 0x40, 0x7, 0xff,
    0xb, 0x40, 0xa, 0x20, 0x1f, 0xfc, 0x25, 0x0,
    0x68, 0x7, 0xff, 0xc, 0x40, 0x2, 0x1, 0xff,
    0xc2, 0x10, 0x8, 0xc0, 0x3f, 0x66, 0x6b, 0x3,
    0x0, 0xff, 0xe0, 0x11, 0x9c, 0xa0, 0x1f, 0xfc,
    0x83, 0x0, 0xff, 0xe0, 0x77, 0xfd, 0xc0, 0x20,
    0x11, 0x80, 0x7f, 0xf0, 0xc4, 0x0, 0x20, 0x1f,
    0xfc, 0x35, 0x0, 0x68, 0x7, 0xff, 0xf, 0x40,
    0xa, 0x1, 0xff, 0xc3, 0x70, 0xa, 0x40, 0x3f,
    0xf8, 0x42, 0xe0, 0x6, 0x91, 0x0, 0xff, 0xe0,
    0xc1, 0x80, 0x1b, 0xb6, 0x40, 0x2c, 0xce, 0x30,
    0xb, 0x50, 0x2, 0x22, 0x0, 0x44, 0x67, 0x9c,
    0x2, 0x1b, 0xb2, 0x90, 0x7, 0xfc,

    /* U+0153 "œ" */
    0x0, 0xa3, 0x7f, 0x60, 0x2, 0x6d, 0xfe, 0x91,
    0x0, 0xd6, 0xe4, 0x4, 0xf6, 0x13, 0x22, 0x1,
    0x6f, 0x10, 0x3, 0x20, 0x14, 0x30, 0x25, 0x30,
    0x2c, 0x20, 0xd, 0x0, 0x2c, 0x7, 0x5e, 0x60,
    0x14, 0x1e, 0x9e, 0xd4, 0x10, 0x48, 0x80, 0xc0,
    0x13, 0x0, 0x52, 0x1, 0x48, 0x1, 0xdc, 0x0,
    0xe0, 0x8, 0x40, 0x21, 0x0, 0x88, 0x1, 0xc4,
    0x0, 0x30, 0xc, 0x20, 0x1f, 0xc3, 0xe0, 0x1f,
    0xef, 0xfd, 0xc0, 0x3, 0x10, 0xf, 0xfe, 0x30,
    0x80, 0x7f, 0xbb, 0xbe, 0xaf, 0x0, 0xff, 0x8,
    0xfc, 0x4, 0x0, 0x30, 0xc, 0x20, 0x1, 0x0,
    0xf9, 0xc0, 0x1c, 0x1, 0x8, 0x4, 0x80, 0x11,
    0x74, 0x91, 0x40, 0xc2, 0x0, 0x90, 0xa, 0x40,
    0x28, 0x16, 0x0, 0x58, 0xe, 0x3d, 0x38, 0x18,
    0x1e, 0x3d, 0xa8, 0x29, 0x3, 0x20, 0x14, 0x28,
    0x2e, 0x20, 0x1c, 0x20, 0x15, 0x80, 0x56, 0xe4,
    0x5, 0x14, 0x17, 0x4, 0x2, 0xfa, 0x20,

    /* U+0154 "Ŕ" */
    0x0, 0xfc, 0x24, 0x1, 0xff, 0xc2, 0x8d, 0xa3,
    0x0, 0xff, 0x85, 0x81, 0x68, 0x3, 0xfe, 0x80,
    0x1, 0x48, 0x7, 0xf8, 0x58, 0x1, 0xc0, 0x1f,
    0xf4, 0x0, 0x20, 0xc0, 0x3f, 0xe1, 0x4, 0x70,
    0xf, 0xfe, 0x4, 0x75, 0x0, 0x7f, 0xf0, 0x84,
    0x40, 0x1f, 0x2f, 0xff, 0xf7, 0x52, 0x0, 0x7f,
    0xf0, 0x45, 0x6e, 0x40, 0x3f, 0xf8, 0x6c, 0xe0,
    0x1d, 0x9f, 0xfb, 0xa0, 0x2, 0x81, 0x0, 0xfe,
    0x17, 0x80, 0x9, 0x0, 0x3f, 0xe4, 0x0, 0xb4,
    0x3, 0xfe, 0x10, 0x8, 0x40, 0x3f, 0xe1, 0x0,
    0x84, 0x3, 0xfe, 0x40, 0xb, 0x40, 0x3f, 0x85,
    0xe0, 0x0, 0x2a, 0x1, 0xb3, 0xff, 0x74, 0x0,
    0x50, 0x1, 0xff, 0xc2, 0x96, 0x0, 0xe1, 0x18,
    0x3, 0x4f, 0x30, 0x7, 0xb7, 0xb9, 0x0, 0x11,
    0x8, 0x7, 0xf9, 0xc4, 0x1, 0x0, 0x1f, 0xfc,
    0x8, 0x0, 0x1a, 0x80, 0x7f, 0xcc, 0x20, 0xb,
    0x0, 0xff, 0xe0, 0x40, 0x0, 0x5c, 0x3, 0xfe,
    0x62, 0x0, 0x48, 0x80, 0x7f, 0xd0, 0x0, 0x19,
    0x0, 0xff, 0x94, 0x80, 0xe, 0x40, 0x1f, 0xf4,
    0x80, 0x50,

    /* U+0155 "ŕ" */
    0x0, 0xfe, 0x29, 0x20, 0xf, 0xfe, 0xc, 0x36,
    0xc8, 0x7, 0xfc, 0x4a, 0x0, 0xf0, 0xf, 0xfa,
    0x0, 0x8, 0xc0, 0x1f, 0xe2, 0x50, 0x1a, 0x0,
    0xff, 0xa0, 0x1, 0x62, 0x1, 0xff, 0x43, 0x31,
    0x40, 0x3f, 0xf8, 0x5, 0x32, 0x0, 0xff, 0xe5,
    0x4f, 0xff, 0xc8, 0x0, 0x7d, 0xff, 0x70, 0x7,
    0xfb, 0x60, 0x80, 0x2e, 0x22, 0xc0, 0x1a, 0x88,
    0x3, 0x9f, 0x76, 0xe0, 0x8, 0xd4, 0x9e, 0x6a,
    0x96, 0x1, 0xfa, 0x9b, 0x61, 0x95, 0x60, 0xf,
    0xe9, 0x0, 0xff, 0xe1, 0x50, 0x7, 0xff, 0xc,
    0x80, 0x3f, 0xf8, 0x62, 0x1, 0xff, 0xff, 0x0,
    0xff, 0xe0, 0x3e, 0xed, 0xc0, 0x15, 0x6e, 0xe0,
    0xb, 0x88, 0xb0, 0x4, 0x24, 0x58, 0x3, 0xff,
    0x8e,

    /* U+0156 "Ŗ" */
    0x5f, 0xff, 0xee, 0xa4, 0x0, 0xff, 0xe0, 0x8a,
    0xdc, 0x80, 0x7f, 0xf0, 0xd9, 0xc0, 0x3b, 0x3f,
    0xf7, 0x40, 0x5, 0x2, 0x1, 0xfc, 0x2f, 0x0,
    0x12, 0x0, 0x7f, 0xc8, 0x1, 0x68, 0x7, 0xfc,
    0x20, 0x10, 0x80, 0x7f, 0xc2, 0x1, 0x8, 0x7,
    0xfc, 0x80, 0x16, 0x80, 0x7f, 0xb, 0xc0, 0x0,
    0x54, 0x3, 0x67, 0xfe, 0xe8, 0x0, 0xa0, 0x3,
    0xff, 0x85, 0x2c, 0x1, 0xc2, 0x30, 0x6, 0x9e,
    0x60, 0xf, 0x6f, 0x72, 0x0, 0x22, 0x10, 0xf,
    0xf3, 0x88, 0x2, 0x0, 0x3f, 0xf8, 0x10, 0x0,
    0x35, 0x0, 0xff, 0x98, 0x40, 0x16, 0x1, 0xff,
    0xc0, 0x80, 0x0, 0xb8, 0x7, 0xfc, 0xc4, 0x0,
    0x91, 0x0, 0xff, 0xa0, 0x0, 0x32, 0x1, 0xff,
    0x29, 0x0, 0x1c, 0x80, 0x3f, 0xe9, 0x0, 0xa1,
    0x7f, 0xe3, 0x0, 0xf2, 0x7f, 0xd4, 0x1, 0xff,
    0xc9, 0x2f, 0xfb, 0x40, 0x3f, 0xe6, 0x0, 0xac,
    0x3, 0xfe, 0x20, 0x9, 0xc0, 0x3f, 0xee, 0x0,
    0x28, 0x80, 0x7f, 0xc4, 0x0, 0x90, 0xf, 0xfe,
    0x3, 0x1, 0x18, 0x7, 0xff, 0x2, 0x63, 0x80,
    0x3f, 0x0,

    /* U+0157 "ŗ" */
    0x9f, 0xff, 0x90, 0x0, 0xfb, 0xfe, 0xe0, 0xf,
    0xf6, 0xc1, 0x0, 0x5c, 0x45, 0x80, 0x35, 0x10,
    0x7, 0x3e, 0xed, 0xc0, 0x11, 0xa9, 0x3c, 0xd5,
    0x2c, 0x3, 0xf5, 0x36, 0xc3, 0x2a, 0xc0, 0x1f,
    0xd2, 0x1, 0xff, 0xc2, 0xa0, 0xf, 0xfe, 0x19,
    0x0, 0x7f, 0xf0, 0xc4, 0x3, 0xff, 0xfe, 0x1,
    0xff, 0xc0, 0x7d, 0xdb, 0x80, 0x2a, 0xdd, 0xc0,
    0x17, 0x11, 0x60, 0x8, 0x48, 0xb0, 0x7, 0xff,
    0x1e, 0x7f, 0xff, 0xf8, 0x0, 0x1f, 0xfc, 0xb8,
    0xff, 0x9c, 0x3, 0xfe, 0x20, 0x9, 0x80, 0x3f,
    0xe6, 0x0, 0x28, 0x80, 0x7f, 0xc4, 0x0, 0xe0,
    0xf, 0xfe, 0x0, 0x81, 0x20, 0x7, 0xfc, 0x40,
    0xa, 0x0, 0xff, 0xe0, 0x1c, 0x41, 0x80, 0x3f,
    0x80,

    /* U+0158 "Ř" */
    0x0, 0x91, 0x0, 0x1e, 0x61, 0x0, 0xe7, 0xbb,
    0x20, 0x6, 0x89, 0xf2, 0x0, 0xc8, 0x0, 0xb4,
    0x0, 0x4b, 0x82, 0x90, 0x6, 0x3a, 0x0, 0x5a,
    0x4b, 0x1, 0x50, 0x7, 0x95, 0x80, 0x16, 0xc0,
    0xf, 0x10, 0xf, 0xa5, 0x0, 0x35, 0x10, 0x7,
    0xf5, 0x43, 0xba, 0x94, 0x3, 0xfc, 0x2f, 0x10,
    0x50, 0xf, 0xfe, 0x52, 0xff, 0xff, 0x75, 0x20,
    0x7, 0xff, 0x4, 0x56, 0xe4, 0x3, 0xff, 0x86,
    0xce, 0x1, 0xd9, 0xff, 0xba, 0x0, 0x28, 0x10,
    0xf, 0xe1, 0x78, 0x0, 0x90, 0x3, 0xfe, 0x40,
    0xb, 0x40, 0x3f, 0xe1, 0x0, 0x84, 0x3, 0xfe,
    0x10, 0x8, 0x40, 0x3f, 0xe4, 0x0, 0xb4, 0x3,
    0xf8, 0x5e, 0x0, 0x2, 0xa0, 0x1b, 0x3f, 0xf7,
    0x40, 0x5, 0x0, 0x1f, 0xfc, 0x29, 0x60, 0xe,
    0x11, 0x80, 0x34, 0xf3, 0x0, 0x7b, 0x7b, 0x90,
    0x1, 0x10, 0x80, 0x7f, 0x9c, 0x40, 0x10, 0x1,
    0xff, 0xc0, 0x80, 0x1, 0xa8, 0x7, 0xfc, 0xc2,
    0x0, 0xb0, 0xf, 0xfe, 0x4, 0x0, 0x5, 0xc0,
    0x3f, 0xe6, 0x20, 0x4, 0x88, 0x7, 0xfd, 0x0,
    0x1, 0x90, 0xf, 0xf9, 0x48, 0x0, 0xe4, 0x1,
    0xff, 0x48, 0x5, 0x0,

    /* U+0159 "ř" */
    0x0, 0xff, 0xe3, 0x8d, 0xe0, 0x80, 0x61, 0xd9,
    0x0, 0xe7, 0x43, 0xd1, 0x0, 0xe, 0x13, 0x18,
    0x6, 0x65, 0x3, 0xc1, 0x16, 0x10, 0x41, 0x80,
    0x75, 0x18, 0x16, 0x60, 0x81, 0x5c, 0x3, 0xed,
    0x10, 0x22, 0x1, 0x50, 0x7, 0xe1, 0xa0, 0x8,
    0x7c, 0x3, 0xfc, 0x9f, 0xf7, 0x10, 0x7, 0xff,
    0x22, 0x7f, 0xfe, 0x40, 0x3, 0xef, 0xfb, 0x80,
    0x3f, 0xdb, 0x4, 0x1, 0x71, 0x16, 0x0, 0xd4,
    0x40, 0x1c, 0xfb, 0xb7, 0x0, 0x46, 0xa4, 0xf3,
    0x54, 0xb0, 0xf, 0xd4, 0xdb, 0xc, 0xab, 0x0,
    0x7f, 0x48, 0x7, 0xff, 0xa, 0x80, 0x3f, 0xf8,
    0x64, 0x1, 0xff, 0xc3, 0x10, 0xf, 0xff, 0xf8,
    0x7, 0xff, 0x1, 0xf7, 0x6e, 0x0, 0xab, 0x77,
    0x0, 0x5c, 0x45, 0x80, 0x21, 0x22, 0xc0, 0x1f,
    0xfc, 0x70,

    /* U+015A "Ś" */
    0x0, 0xff, 0xe7, 0x4d, 0x98, 0x7, 0xff, 0x4,
    0x59, 0x31, 0xc0, 0x3f, 0xf8, 0x10, 0x0, 0x16,
    0x0, 0xff, 0x85, 0x80, 0x14, 0x20, 0x1f, 0xf4,
    0x0, 0x1d, 0x0, 0x3f, 0xf8, 0xe, 0x7, 0x0,
    0x1f, 0xfc, 0x1f, 0x7e, 0x0, 0xff, 0xe1, 0xc,
    0x10, 0x7, 0xfc, 0x73, 0x9d, 0xfd, 0xb6, 0xc2,
    0x1, 0xea, 0xc6, 0x31, 0x1, 0x24, 0x9f, 0x60,
    0xd, 0x8a, 0x1, 0xfc, 0x33, 0x20, 0x3, 0x18,
    0x0, 0x67, 0x7f, 0xda, 0xe2, 0x0, 0x41, 0xd,
    0x0, 0xb1, 0x88, 0x0, 0x51, 0xe8, 0x58, 0x20,
    0xc0, 0x3, 0x20, 0xf, 0xd, 0xe0, 0x80, 0xc,
    0x3, 0xff, 0x80, 0x20, 0x11, 0x0, 0xc, 0x40,
    0x3f, 0xf8, 0x16, 0x1, 0x62, 0x0, 0x7f, 0xce,
    0x40, 0x2, 0xbe, 0xb9, 0x63, 0x0, 0xfb, 0xc,
    0x2, 0x14, 0x69, 0xce, 0x70, 0xe, 0x1c, 0xb5,
    0x10, 0xe, 0x18, 0xd1, 0x0, 0xe4, 0xae, 0xe6,
    0x53, 0x0, 0x45, 0x40, 0x1f, 0x84, 0xd6, 0x78,
    0x80, 0x8, 0x40, 0x1f, 0xf0, 0xc8, 0x4, 0x80,
    0x1f, 0xfc, 0x5, 0x0, 0xb8, 0x1, 0x2, 0x1,
    0xf8, 0x80, 0x2e, 0x1c, 0x7c, 0x20, 0xf, 0xa0,
    0x2, 0x56, 0x30, 0x2d, 0x94, 0x10, 0x14, 0xc4,
    0x0, 0x19, 0x9d, 0x80, 0x26, 0xbe, 0xfe, 0xb3,
    0x0, 0xf, 0x0, 0x26, 0x84, 0x3, 0xf8, 0xf0,
    0x80, 0x25, 0xe9, 0x52, 0x0, 0x9, 0x35, 0xe1,
    0x0, 0x0,

    /* U+015B "ś" */
    0x0, 0xfe, 0x21, 0x0, 0xff, 0xe1, 0x77, 0x24,
    0x80, 0x3f, 0xe4, 0x30, 0x64, 0x0, 0xff, 0xa0,
    0x0, 0xac, 0x1, 0xfe, 0x43, 0x1, 0xb0, 0xf,
    0xfa, 0x0, 0x14, 0x20, 0x1f, 0xf3, 0x3, 0xa0,
    0x7, 0xff, 0x2, 0xb6, 0x0, 0x3f, 0xf8, 0x44,
    0x1, 0xff, 0x14, 0x67, 0x7f, 0xb6, 0x98, 0x3,
    0xcf, 0xae, 0x62, 0x0, 0x25, 0x9e, 0x50, 0x9,
    0xe0, 0x2, 0x34, 0x41, 0x0, 0x6, 0x94, 0x1,
    0x20, 0x3, 0xec, 0xbb, 0x6e, 0x94, 0x11, 0x40,
    0x84, 0x1, 0x22, 0x1, 0x8a, 0xa9, 0x60, 0x1e,
    0x30, 0xf, 0x94, 0x2, 0x21, 0x0, 0x4c, 0x20,
    0x80, 0x7f, 0x40, 0x4, 0xf7, 0xdf, 0x92, 0xa0,
    0x1c, 0xd4, 0x40, 0x1c, 0x6d, 0x5c, 0xa0, 0x19,
    0x76, 0xe1, 0x48, 0x3, 0xd, 0x18, 0x7, 0x23,
    0xd6, 0xfe, 0xb8, 0x5, 0x0, 0x1f, 0xe2, 0x85,
    0x0, 0x30, 0x2, 0x68, 0x3, 0xf1, 0x80, 0x4,
    0x2d, 0x97, 0x50, 0x3, 0x95, 0x80, 0x8, 0x1a,
    0x0, 0x2b, 0xfc, 0xbb, 0x75, 0x0, 0x6, 0x41,
    0xac, 0x80, 0x23, 0x44, 0x8, 0x0, 0xb0, 0x40,
    0x9, 0xb6, 0xc4, 0x20, 0x2, 0x5a, 0xd2, 0x0,

    /* U+015C "Ŝ" */
    0x0, 0xf3, 0xff, 0xd6, 0x1, 0xff, 0x14, 0x0,
    0x48, 0xa0, 0x1f, 0xee, 0x0, 0xeb, 0x10, 0xf,
    0xce, 0x60, 0x38, 0x40, 0x34, 0x1, 0xf1, 0x40,
    0x3, 0x4f, 0xc0, 0x8, 0xa0, 0x1e, 0xe0, 0x5,
    0x18, 0x15, 0x80, 0x2c, 0x3, 0xd0, 0xe, 0xa0,
    0x12, 0x48, 0x40, 0x7, 0x93, 0x60, 0x3, 0x9b,
    0x58, 0x3, 0xe2, 0x0, 0xf8, 0x80, 0x3f, 0x1c,
    0xe7, 0x7f, 0x6d, 0xb0, 0x80, 0x7a, 0xb1, 0x8c,
    0x40, 0x49, 0x27, 0xd8, 0x3, 0x62, 0x80, 0x7f,
    0xc, 0xc8, 0x0, 0xc6, 0x0, 0x19, 0xdf, 0xf6,
    0xb8, 0x80, 0x10, 0x43, 0x40, 0x2c, 0x62, 0x0,
    0x14, 0x7a, 0x16, 0x8, 0x30, 0x0, 0xc8, 0x3,
    0xc3, 0x78, 0x20, 0x3, 0x0, 0xff, 0xe0, 0x8,
    0x4, 0x40, 0x3, 0x10, 0xf, 0xfe, 0x5, 0x80,
    0x58, 0x80, 0x1f, 0xf3, 0x90, 0x0, 0xaf, 0xae,
    0x58, 0xc0, 0x3e, 0xc3, 0x0, 0x85, 0x1a, 0x73,
    0x9c, 0x3, 0x87, 0x2d, 0x44, 0x3, 0x86, 0x34,
    0x40, 0x39, 0x2b, 0xb9, 0x94, 0xc0, 0x11, 0x50,
    0x7, 0xe1, 0x35, 0x9e, 0x20, 0x2, 0x10, 0x7,
    0xfc, 0x32, 0x1, 0x20, 0x7, 0xff, 0x1, 0x40,
    0x2e, 0x0, 0x40, 0x80, 0x7e, 0x20, 0xb, 0x87,
    0x1f, 0x8, 0x3, 0xe8, 0x0, 0x95, 0x8c, 0xb,
    0x65, 0x4, 0x5, 0x31, 0x0, 0x6, 0x67, 0x60,
    0x9, 0xaf, 0xbf, 0xac, 0xc0, 0x3, 0xc0, 0x9,
    0xa1, 0x0, 0xfe, 0x3c, 0x20, 0x9, 0x7a, 0x54,
    0x80, 0x2, 0x4d, 0x78, 0x40, 0x0,

    /* U+015D "ŝ" */
    0x0, 0xf1, 0x44, 0x48, 0x1, 0xff, 0x7b, 0xbd,
    0x64, 0x1, 0xfd, 0x44, 0x1, 0xb8, 0x3, 0xf3,
    0x28, 0x2, 0x44, 0xe, 0x40, 0x3c, 0x52, 0x0,
    0xb6, 0xd0, 0x3, 0x28, 0x7, 0x70, 0x2, 0x90,
    0xf, 0x0, 0x16, 0x1, 0xdc, 0x52, 0xa0, 0x11,
    0xd8, 0xd0, 0x7, 0x16, 0xb0, 0x7, 0x27, 0x20,
    0x7, 0xff, 0x28, 0xa3, 0x3b, 0xfd, 0xb4, 0xc0,
    0x1e, 0x7d, 0x73, 0x10, 0x1, 0x2c, 0xf2, 0x80,
    0x4f, 0x0, 0x11, 0xa2, 0x8, 0x0, 0x34, 0xa0,
    0x9, 0x0, 0x1f, 0x65, 0xdb, 0x74, 0xa0, 0x8a,
    0x4, 0x20, 0x9, 0x10, 0xc, 0x55, 0x4b, 0x0,
    0xf1, 0x80, 0x7c, 0xa0, 0x11, 0x8, 0x2, 0x61,
    0x4, 0x3, 0xfa, 0x0, 0x27, 0xbe, 0xfc, 0x95,
    0x0, 0xe6, 0xa2, 0x0, 0xe3, 0x6a, 0xe5, 0x0,
    0xcb, 0xb7, 0xa, 0x40, 0x18, 0x68, 0xc0, 0x39,
    0x1e, 0xb7, 0xf5, 0xc0, 0x28, 0x0, 0xff, 0x14,
    0x28, 0x1, 0x80, 0x13, 0x40, 0x1f, 0x8c, 0x0,
    0x21, 0x6c, 0xba, 0x80, 0x1c, 0xac, 0x0, 0x40,
    0xd0, 0x1, 0x5f, 0xe5, 0xdb, 0xa8, 0x0, 0x32,
    0xd, 0x64, 0x1, 0x1a, 0x20, 0x40, 0x5, 0x82,
    0x0, 0x4d, 0xb6, 0x21, 0x0, 0x12, 0xd6, 0x90,
    0x0,

    /* U+015E "Ş" */
    0x0, 0xc7, 0x39, 0xdf, 0xdb, 0x6c, 0x20, 0x1e,
    0xac, 0x63, 0x10, 0x12, 0x49, 0xf6, 0x0, 0xd8,
    0xa0, 0x1f, 0xc3, 0x32, 0x0, 0x31, 0x80, 0x6,
    0x77, 0xfd, 0x8e, 0x1, 0x38, 0x86, 0x80, 0x58,
    0xc4, 0x0, 0x38, 0xe3, 0x2f, 0x10, 0x60, 0x1,
    0x90, 0x7, 0x87, 0x30, 0x20, 0x3, 0x0, 0xff,
    0xe0, 0x8, 0x4, 0x40, 0x3, 0x10, 0xf, 0xfe,
    0x5, 0x80, 0x5a, 0x60, 0x1f, 0xf3, 0x90, 0x0,
    0xf3, 0x69, 0xd0, 0x40, 0x3e, 0xf2, 0x0, 0x89,
    0x62, 0xfb, 0x58, 0x3, 0x8b, 0x69, 0x0, 0x3c,
    0x53, 0x60, 0x1e, 0x5b, 0xfe, 0xb9, 0x50, 0x9,
    0x28, 0x3, 0xf0, 0xa3, 0x56, 0x90, 0x1, 0x48,
    0x3, 0xfe, 0x29, 0x0, 0x90, 0x3, 0xff, 0x80,
    0xa0, 0x17, 0x0, 0x1c, 0x3, 0xf8, 0x80, 0x2f,
    0xb, 0x8c, 0x10, 0xf, 0xa4, 0x2, 0x37, 0x40,
    0x3e, 0x82, 0x0, 0x8e, 0x94, 0x0, 0x28, 0xe8,
    0x1, 0x3e, 0xff, 0x7e, 0x28, 0x5, 0x60, 0xb,
    0x70, 0xe, 0x10, 0xe, 0xa5, 0x0, 0xa3, 0x5c,
    0xc0, 0x30, 0x9b, 0xf2, 0x80, 0x71, 0x46, 0x7a,
    0x86, 0xf6, 0x40, 0x80, 0x7f, 0x9c, 0x29, 0xd0,
    0x3, 0xff, 0x81, 0xba, 0xf8, 0xb6, 0x0, 0xff,
    0x3a, 0x12, 0x80, 0x30, 0x3, 0xf9, 0xa2, 0xff,
    0x40, 0x18, 0x1, 0xfc, 0xd0, 0x40, 0x3, 0xa6,
    0x0, 0xc0,

    /* U+015F "ş" */
    0x0, 0xc5, 0x19, 0xdf, 0xed, 0xa6, 0x0, 0xf3,
    0xeb, 0x98, 0x80, 0x9, 0x67, 0x94, 0x2, 0x68,
    0x0, 0x8d, 0x10, 0x40, 0x1, 0xa5, 0x0, 0x40,
    0x0, 0xfb, 0x2e, 0xdb, 0xa5, 0x4, 0x50, 0x21,
    0x0, 0x48, 0x80, 0x62, 0xaa, 0x58, 0x7, 0x8c,
    0x3, 0xe5, 0x0, 0x88, 0x40, 0x12, 0xe6, 0x1,
    0xfe, 0x80, 0xa, 0x33, 0xfa, 0xe1, 0x0, 0x39,
    0xa8, 0x40, 0x30, 0xa3, 0xdf, 0x20, 0x6, 0x5e,
    0xb7, 0x41, 0x0, 0xc3, 0x66, 0x1, 0xc9, 0x17,
    0xdf, 0x8c, 0x1, 0x48, 0x7, 0xf8, 0xe5, 0x40,
    0xe, 0x0, 0x89, 0x0, 0xfc, 0x60, 0x1a, 0x9d,
    0xb0, 0xc0, 0x39, 0x18, 0x0, 0x81, 0xa0, 0x3,
    0xce, 0xba, 0xa6, 0xd8, 0x5, 0x60, 0xf4, 0x20,
    0x1, 0x45, 0x51, 0x0, 0x6, 0xc8, 0x0, 0xbd,
    0x4a, 0x40, 0x10, 0x9c, 0x7a, 0x0, 0x72, 0xd6,
    0xa8, 0x6f, 0x63, 0x88, 0x7, 0xf3, 0x85, 0x42,
    0x0, 0x7f, 0xdb, 0xaf, 0x7b, 0x70, 0xf, 0xe7,
    0x42, 0x50, 0x6, 0x0, 0x7e, 0x58, 0xbf, 0xd0,
    0x6, 0x80, 0x7e, 0x58, 0x20, 0x1, 0xcb, 0x0,
    0x40,

    /* U+0160 "Š" */
    0x0, 0xff, 0xe4, 0x1e, 0xc0, 0x7, 0x27, 0x28,
    0x7, 0xa0, 0x9e, 0x0, 0x24, 0xb1, 0x80, 0xf,
    0x51, 0x3, 0xc0, 0x2d, 0x80, 0x3c, 0x3, 0xc3,
    0xc0, 0x7, 0xba, 0x0, 0x51, 0x0, 0x7c, 0x74,
    0x0, 0x40, 0x3, 0xa8, 0x7, 0xf2, 0xb8, 0x4,
    0x90, 0x1, 0xff, 0x47, 0xfd, 0x60, 0x1f, 0xfe,
    0x3, 0x9c, 0xef, 0xed, 0xb6, 0x10, 0xf, 0x56,
    0x31, 0x88, 0x9, 0x24, 0xfb, 0x0, 0x6c, 0x50,
    0xf, 0xe1, 0x99, 0x0, 0x18, 0xc0, 0x3, 0x3b,
    0xfe, 0xd7, 0x10, 0x2, 0x8, 0x68, 0x5, 0x8c,
    0x40, 0x2, 0x8f, 0x42, 0xc1, 0x6, 0x0, 0x19,
    0x0, 0x78, 0x6f, 0x4, 0x0, 0x60, 0x1f, 0xfc,
    0x1, 0x0, 0x88, 0x0, 0x62, 0x1, 0xff, 0xc0,
    0xb0, 0xb, 0x10, 0x3, 0xfe, 0x72, 0x0, 0x15,
    0xf5, 0xcb, 0x18, 0x7, 0xd8, 0x60, 0x10, 0xa3,
    0x4e, 0x73, 0x80, 0x70, 0xe5, 0xa8, 0x80, 0x70,
    0xc6, 0x88, 0x7, 0x25, 0x77, 0x32, 0x98, 0x2,
    0x2a, 0x0, 0xfc, 0x26, 0xb3, 0xc4, 0x0, 0x42,
    0x0, 0xff, 0x86, 0x40, 0x24, 0x0, 0xff, 0xe0,
    0x28, 0x5, 0xc0, 0x8, 0x10, 0xf, 0xc4, 0x1,
    0x70, 0xe3, 0xe1, 0x0, 0x7d, 0x0, 0x12, 0xb1,
    0x81, 0x6c, 0xa0, 0x80, 0xa6, 0x20, 0x0, 0xcc,
    0xec, 0x1, 0x35, 0xf7, 0xf5, 0x98, 0x0, 0x78,
    0x1, 0x34, 0x20, 0x1f, 0xc7, 0x84, 0x1, 0x2f,
    0x4a, 0x90, 0x0, 0x49, 0xaf, 0x8, 0x0,

    /* U+0161 "š" */
    0x0, 0xcc, 0x40, 0x1e, 0x70, 0xf, 0x54, 0xe1,
    0x0, 0x6b, 0x8d, 0x0, 0xef, 0x1, 0xc2, 0x0,
    0x5a, 0x2, 0x80, 0x72, 0xb8, 0xe, 0x1d, 0xa0,
    0x24, 0x0, 0x7a, 0x10, 0x7, 0x10, 0xa, 0x80,
    0x3f, 0x50, 0x80, 0x6e, 0x10, 0xf, 0xc3, 0x8e,
    0xf5, 0x98, 0x7, 0xf8, 0xa2, 0x24, 0x0, 0xff,
    0xe6, 0x94, 0x67, 0x7f, 0xb6, 0x98, 0x3, 0xcf,
    0xae, 0x62, 0x0, 0x25, 0x9e, 0x50, 0x9, 0xe0,
    0x2, 0x34, 0x41, 0x0, 0x6, 0x94, 0x1, 0x20,
    0x3, 0xec, 0xbb, 0x6e, 0x94, 0x11, 0x40, 0x84,
    0x1, 0x22, 0x1, 0x8a, 0xa9, 0x60, 0x1e, 0x30,
    0xf, 0x94, 0x2, 0x21, 0x0, 0x4c, 0x20, 0x80,
    0x7f, 0x40, 0x4, 0xf7, 0xdf, 0x92, 0xa0, 0x1c,
    0xd4, 0x40, 0x1c, 0x6d, 0x5c, 0xa0, 0x19, 0x76,
    0xe1, 0x48, 0x3, 0xd, 0x18, 0x7, 0x23, 0xd6,
    0xfe, 0xb8, 0x5, 0x0, 0x1f, 0xe2, 0x85, 0x0,
    0x30, 0x2, 0x68, 0x3, 0xf1, 0x80, 0x4, 0x2d,
    0x97, 0x50, 0x3, 0x95, 0x80, 0x8, 0x1a, 0x0,
    0x2b, 0xfc, 0xbb, 0x75, 0x0, 0x6, 0x41, 0xac,
    0x80, 0x23, 0x44, 0x8, 0x0, 0xb0, 0x40, 0x9,
    0xb6, 0xc4, 0x20, 0x2, 0x5a, 0xd2, 0x0,

    /* U+0162 "Ţ" */
    0x3f, 0xff, 0xfe, 0x2b, 0x0, 0x7f, 0xf6, 0x8f,
    0xff, 0xd8, 0x1, 0x4f, 0xff, 0x98, 0x3, 0xff,
    0xfe, 0x1, 0xff, 0xff, 0x0, 0xff, 0xff, 0x80,
    0x7f, 0xff, 0xc0, 0x3f, 0xfc, 0xa7, 0x1, 0x2c,
    0x1, 0xff, 0xc3, 0xd0, 0x15, 0x30, 0xf, 0xfe,
    0x15, 0xe0, 0x56, 0x38, 0x7, 0xff, 0x1, 0x50,
    0xd8, 0x82, 0x80, 0x3f, 0xe3, 0xaa, 0x7f, 0x10,
    0x20, 0x7, 0xfc, 0x72, 0x60, 0x2, 0x89, 0x0,
    0xe0,

    /* U+0163 "ţ" */
    0x0, 0xe6, 0xff, 0x68, 0x7, 0xff, 0xbc, 0x74,
    0x3, 0xfd, 0x7f, 0xf7, 0x20, 0x0, 0xbf, 0xfd,
    0xc0, 0x1f, 0xfc, 0x42, 0x2e, 0x0, 0xc4, 0x5f,
    0x4e, 0xee, 0x50, 0x1, 0x6e, 0xfb, 0x0, 0x3f,
    0xff, 0xe0, 0x1f, 0xfe, 0xe3, 0x0, 0xff, 0xe1,
    0x88, 0x7, 0xff, 0xf, 0x40, 0x5, 0xbb, 0xeb,
    0x0, 0xe5, 0x30, 0x1, 0x17, 0x94, 0x3, 0xda,
    0xc2, 0x1, 0xff, 0xc1, 0x19, 0xec, 0x6, 0xff,
    0xb8, 0x3, 0xf9, 0x0, 0xa, 0x60, 0x1f, 0xf3,
    0x67, 0xde, 0x58, 0x7, 0xf1, 0xb9, 0x32, 0x82,
    0x0, 0x7e, 0x1c, 0x9e, 0xf4, 0x3, 0x0, 0xfc,
    0x36, 0x80, 0x2, 0x7c, 0x0,

    /* U+0164 "Ť" */
    0x0, 0xe6, 0x20, 0xf, 0x38, 0x7, 0xf5, 0x4e,
    0x10, 0x6, 0xb8, 0xd0, 0xf, 0xde, 0x3, 0x84,
    0x0, 0xb4, 0x5, 0x0, 0xfc, 0xae, 0x3, 0x87,
    0x88, 0x9, 0x0, 0x1f, 0xd0, 0x80, 0x38, 0x60,
    0x54, 0x1, 0xff, 0x50, 0x80, 0x6e, 0x10, 0xf,
    0xf8, 0x71, 0xde, 0xb3, 0x0, 0xff, 0xe0, 0x94,
    0x44, 0x80, 0x1f, 0xfc, 0xe3, 0xff, 0xff, 0xe2,
    0xb0, 0x7, 0xff, 0x68, 0xff, 0xfd, 0x80, 0x14,
    0xff, 0xf9, 0x80, 0x3f, 0xff, 0xe0, 0x1f, 0xff,
    0xf0, 0xf, 0xff, 0xf8, 0x7, 0xff, 0xfc, 0x3,
    0xff, 0xbc,

    /* U+0165 "ť" */
    0x0, 0xff, 0x97, 0xfe, 0x90, 0xf, 0xfe, 0x1e,
    0x0, 0x7f, 0xf0, 0xd4, 0x3, 0x9b, 0xfd, 0xa0,
    0x3, 0x0, 0x18, 0x7, 0xff, 0xe, 0xc0, 0x3f,
    0xf8, 0x2, 0x0, 0x40, 0xf, 0xfe, 0x2, 0x44,
    0x98, 0x7, 0xe, 0x80, 0x71, 0xbb, 0x0, 0x2f,
    0xfe, 0xe4, 0x0, 0x17, 0xff, 0xb8, 0x3, 0xff,
    0x88, 0x45, 0xc0, 0x18, 0x8b, 0xe9, 0xdd, 0xca,
    0x0, 0x2d, 0xdf, 0x60, 0x7, 0xff, 0xfc, 0x3,
    0xff, 0xdc, 0x60, 0x1f, 0xfc, 0x31, 0x0, 0xff,
    0xe1, 0xe8, 0x0, 0xb7, 0x7d, 0x60, 0x1c, 0xa6,
    0x0, 0x22, 0xf2, 0x80, 0x7b, 0x58, 0x40, 0x3e,

    /* U+0166 "Ŧ" */
    0x3f, 0xff, 0xfe, 0x2b, 0x0, 0x7f, 0xf6, 0x8f,
    0xff, 0xd8, 0x1, 0x4f, 0xff, 0x98, 0x3, 0xff,
    0xfe, 0x1, 0xff, 0xca, 0x3b, 0xbd, 0xe0, 0x15,
    0xdf, 0x30, 0x6, 0x64, 0x4c, 0x60, 0x11, 0x22,
    0x6e, 0x0, 0xff, 0xe5, 0xaf, 0xfe, 0xc0, 0xa,
    0x7f, 0xf4, 0x0, 0x7f, 0xff, 0xc0, 0x3f, 0xff,
    0xe0, 0x1f, 0xfc, 0xb0,

    /* U+0167 "ŧ" */
    0x0, 0xe6, 0xff, 0x68, 0x7, 0xff, 0xbc, 0x74,
    0x3, 0xfd, 0x7f, 0xf7, 0x20, 0x0, 0xbf, 0xfd,
    0xc0, 0x1f, 0xfc, 0x42, 0x2e, 0x0, 0xc4, 0x5f,
    0x4e, 0xee, 0x50, 0x1, 0x6e, 0xfb, 0x0, 0x3f,
    0xfc, 0xdb, 0xfe, 0x50, 0x1, 0x7f, 0xf0, 0x80,
    0x7f, 0xf1, 0xe9, 0x98, 0x40, 0x13, 0x37, 0x8,
    0x4, 0xf3, 0x27, 0x0, 0x14, 0xcf, 0x0, 0x7f,
    0xf2, 0xcc, 0x3, 0xff, 0xa7, 0x80, 0x2, 0xdd,
    0xf5, 0x80, 0x72, 0x90, 0x0, 0x8b, 0xca, 0x1,
    0xec, 0x61, 0x0, 0xf8,

    /* U+0168 "Ũ" */
    0x0, 0x8e, 0x69, 0x80, 0x3f, 0xcd, 0x8c, 0xb3,
    0xce, 0x22, 0x94, 0x0, 0xd6, 0x1, 0x86, 0x3b,
    0x8d, 0x62, 0x1, 0x7a, 0x6f, 0x49, 0x0, 0x66,
    0x10, 0x8, 0xac, 0x85, 0xb6, 0x95, 0xaa, 0x40,
    0x3f, 0xcb, 0x52, 0xa0, 0x1f, 0xfd, 0x5c, 0xff,
    0x60, 0x7, 0xd3, 0xff, 0x0, 0x7f, 0xff, 0xc0,
    0x3f, 0xff, 0xe0, 0x1f, 0xfe, 0x17, 0x0, 0x8,
    0x7, 0xc6, 0x0, 0x11, 0x0, 0xc, 0x3, 0xfc,
    0x64, 0x0, 0x10, 0xf, 0x9c, 0x0, 0xda, 0x1,
    0x30, 0x7, 0x19, 0x0, 0xd, 0x0, 0x29, 0x71,
    0x1, 0x5d, 0x0, 0xac, 0x5c, 0x2, 0x8e, 0xfe,
    0xa1, 0x0, 0x21, 0x84, 0x30, 0x7, 0xf2, 0x58,
    0x5, 0x38, 0xc4, 0x20, 0x2, 0x5a, 0xb0, 0x0,

    /* U+0169 "ũ" */
    0x0, 0x9f, 0xbe, 0x88, 0x3, 0xfa, 0x60, 0x41,
    0x76, 0x4, 0x54, 0xc0, 0x19, 0x40, 0xd0, 0x0,
    0xfd, 0xc5, 0x91, 0x0, 0xb6, 0x32, 0xf5, 0x0,
    0x34, 0x8, 0x4, 0x2e, 0x0, 0x2b, 0xb3, 0x32,
    0xdc, 0x3, 0xfc, 0x93, 0x24, 0x0, 0xff, 0xe3,
    0x3f, 0xfc, 0x1, 0xf7, 0xfd, 0x0, 0x1f, 0xff,
    0xf0, 0xf, 0xff, 0xf8, 0x80, 0x44, 0x1, 0xfe,
    0x20, 0xa, 0x80, 0x39, 0x40, 0x32, 0x0, 0x4e,
    0xc0, 0x13, 0x58, 0x7, 0x38, 0x5, 0x3f, 0xdf,
    0x32, 0x0, 0xe8, 0x40, 0xc, 0x20, 0x8e, 0x1,
    0xeb, 0x93, 0x0, 0x14, 0xd8, 0x7, 0x0,

    /* U+016A "Ū" */
    0x0, 0xaa, 0xbf, 0x88, 0x3, 0x95, 0x7f, 0x84,
    0x3, 0xff, 0x91, 0xff, 0xfc, 0x60, 0x1f, 0xfe,
    0x3c, 0xff, 0x60, 0x7, 0xd3, 0xff, 0x0, 0x7f,
    0xff, 0xc0, 0x3f, 0xff, 0xe0, 0x1f, 0xfe, 0x17,
    0x0, 0x8, 0x7, 0xc6, 0x0, 0x11, 0x0, 0xc,
    0x3, 0xfc, 0x64, 0x0, 0x10, 0xf, 0x9c, 0x0,
    0xda, 0x1, 0x30, 0x7, 0x19, 0x0, 0xd, 0x0,
    0x29, 0x71, 0x1, 0x5d, 0x0, 0xac, 0x5c, 0x2,
    0x8e, 0xfe, 0xa1, 0x0, 0x21, 0x84, 0x30, 0x7,
    0xf2, 0x58, 0x5, 0x38, 0xc4, 0x20, 0x2, 0x5a,
    0xb0, 0x0,

    /* U+016B "ū" */
    0x0, 0xf, 0xff, 0xf1, 0x80, 0x7f, 0xf1, 0xc5,
    0x57, 0xf8, 0x40, 0x3a, 0xab, 0xf8, 0x80, 0x3f,
    0xf8, 0xaf, 0xff, 0x0, 0x7d, 0xff, 0x40, 0x7,
    0xff, 0xfc, 0x3, 0xff, 0xfe, 0x20, 0x11, 0x0,
    0x7f, 0x88, 0x2, 0xa0, 0xe, 0x50, 0xc, 0x80,
    0x13, 0xb0, 0x4, 0xd6, 0x1, 0xce, 0x1, 0x4f,
    0xf7, 0xcc, 0x80, 0x3a, 0x10, 0x3, 0x8, 0x23,
    0x80, 0x7a, 0xe4, 0xc0, 0x5, 0x36, 0x1, 0xc0,

    /* U+016C "Ŭ" */
    0x0, 0x8c, 0x40, 0x3c, 0xa0, 0x1d, 0x79, 0x40,
    0x1d, 0x15, 0xa0, 0x18, 0x81, 0x18, 0x2, 0x37,
    0x1, 0x0, 0xd6, 0x0, 0x95, 0x3, 0xd0, 0x4,
    0x0, 0x62, 0x80, 0x5, 0x7e, 0x8, 0x2a, 0x0,
    0x73, 0xb8, 0x3, 0x96, 0x80, 0x3e, 0x8d, 0x87,
    0x8c, 0xa0, 0xf, 0xe2, 0x78, 0x73, 0x0, 0xff,
    0xe4, 0x67, 0xfb, 0x0, 0x3e, 0x9f, 0xf8, 0x3,
    0xff, 0xfe, 0x1, 0xff, 0xff, 0x0, 0xff, 0xf0,
    0xb8, 0x0, 0x40, 0x3e, 0x30, 0x0, 0x88, 0x0,
    0x60, 0x1f, 0xe3, 0x20, 0x0, 0x80, 0x7c, 0xe0,
    0x6, 0xd0, 0x9, 0x80, 0x38, 0xc8, 0x0, 0x68,
    0x1, 0x4b, 0x88, 0xa, 0xe8, 0x5, 0x62, 0xe0,
    0x14, 0x77, 0xf5, 0x8, 0x1, 0xc, 0x21, 0x80,
    0x3f, 0x92, 0xc0, 0x29, 0xc6, 0x21, 0x0, 0x12,
    0xd5, 0x80, 0x0,

    /* U+016D "ŭ" */
    0x0, 0x8c, 0x40, 0x3c, 0x80, 0x1d, 0x79, 0x60,
    0x1d, 0x17, 0xa0, 0x18, 0x41, 0x54, 0x1, 0x1b,
    0x80, 0x80, 0x68, 0x0, 0x52, 0x1, 0xe8, 0x2,
    0x0, 0x31, 0x38, 0x2, 0xff, 0x4, 0x15, 0x0,
    0x3a, 0x1c, 0x3, 0x96, 0x80, 0x3e, 0x8d, 0x87,
    0x8c, 0xa0, 0xf, 0xe2, 0x78, 0x73, 0x0, 0xff,
    0xe4, 0x3f, 0xfc, 0x1, 0xf7, 0xfd, 0x0, 0x1f,
    0xff, 0xf0, 0xf, 0xff, 0xf8, 0x80, 0x44, 0x1,
    0xfe, 0x20, 0xa, 0x80, 0x39, 0x40, 0x32, 0x0,
    0x4e, 0xc0, 0x13, 0x58, 0x7, 0x38, 0x5, 0x3f,
    0xdf, 0x32, 0x0, 0xe8, 0x40, 0xc, 0x20, 0x8e,
    0x1, 0xeb, 0x93, 0x0, 0x14, 0xd8, 0x7, 0x0,

    /* U+016E "Ů" */
    0x0, 0xe6, 0xdf, 0xe8, 0x0, 0xfe, 0x99, 0x10,
    0xb, 0xe0, 0x7, 0xc6, 0xc1, 0x7f, 0xa2, 0x6c,
    0x1, 0xe4, 0x2, 0x40, 0x24, 0xc, 0x0, 0xff,
    0xe4, 0xa0, 0x12, 0x81, 0xa0, 0x60, 0x7, 0x8d,
    0xc2, 0xbf, 0x5, 0x18, 0x3, 0xe8, 0xa3, 0x12,
    0x8b, 0x0, 0xfe, 0x5c, 0xed, 0x70, 0xf, 0xfe,
    0x46, 0x7f, 0xb0, 0x3, 0xe9, 0xff, 0x80, 0x3f,
    0xff, 0xe0, 0x1f, 0xff, 0xf0, 0xf, 0xff, 0xb,
    0x80, 0x4, 0x3, 0xe3, 0x0, 0x8, 0x80, 0x6,
    0x1, 0xfe, 0x32, 0x0, 0x8, 0x7, 0xce, 0x0,
    0x6d, 0x0, 0x98, 0x3, 0x8c, 0x80, 0x6, 0x80,
    0x14, 0xb8, 0x80, 0xae, 0x80, 0x56, 0x2e, 0x1,
    0x47, 0x7f, 0x50, 0x80, 0x10, 0xc2, 0x18, 0x3,
    0xf9, 0x2c, 0x2, 0x9c, 0x62, 0x10, 0x1, 0x2d,
    0x58, 0x0,

    /* U+016F "ů" */
    0x0, 0xe5, 0xce, 0xd7, 0x0, 0xfe, 0x9a, 0x31,
    0x28, 0xb0, 0xf, 0x8d, 0x82, 0xff, 0x1, 0x14,
    0x3, 0xd6, 0x4, 0x80, 0x68, 0x1e, 0x1, 0xff,
    0xc9, 0xc0, 0x23, 0x2, 0x50, 0xc0, 0xf, 0x22,
    0x86, 0x7e, 0x89, 0xb0, 0x7, 0xd5, 0x24, 0x2,
    0xf8, 0x1, 0xfc, 0xdb, 0xfd, 0x0, 0x1f, 0xfc,
    0x87, 0xff, 0x80, 0x3e, 0xff, 0xa0, 0x3, 0xff,
    0xfe, 0x1, 0xff, 0xff, 0x10, 0x8, 0x80, 0x3f,
    0xc4, 0x1, 0x50, 0x7, 0x28, 0x6, 0x40, 0x9,
    0xd8, 0x2, 0x6b, 0x0, 0xe7, 0x0, 0xa7, 0xfb,
    0xe6, 0x40, 0x1d, 0x8, 0x1, 0x84, 0x11, 0xc0,
    0x3d, 0x72, 0x60, 0x2, 0x9b, 0x0, 0xe0,

    /* U+0170 "Ű" */
    0x0, 0xf1, 0x0, 0x62, 0x10, 0xf, 0x9f, 0x68,
    0x80, 0x1d, 0xc8, 0x10, 0xe, 0x90, 0x55, 0x2,
    0x18, 0x39, 0x0, 0x67, 0x10, 0x37, 0x8, 0x0,
    0x41, 0x80, 0x69, 0x0, 0x68, 0x21, 0x81, 0xb8,
    0x6, 0x71, 0xa, 0x10, 0x80, 0x7, 0x0, 0x77,
    0x82, 0xa8, 0x3, 0x51, 0x0, 0x74, 0x75, 0x0,
    0x59, 0xaa, 0x1, 0xf0, 0x80, 0x71, 0x0, 0x6c,
    0xff, 0x60, 0x7, 0xd3, 0xff, 0x0, 0x7f, 0xff,
    0xc0, 0x3f, 0xff, 0xe0, 0x1f, 0xfe, 0x17, 0x0,
    0x8, 0x7, 0xc6, 0x0, 0x11, 0x0, 0xc, 0x3,
    0xfc, 0x64, 0x0, 0x10, 0xf, 0x9c, 0x0, 0xda,
    0x1, 0x30, 0x7, 0x19, 0x0, 0xd, 0x0, 0x29,
    0x71, 0x1, 0x5d, 0x0, 0xac, 0x5c, 0x2, 0x8e,
    0xfe, 0xa1, 0x0, 0x21, 0x84, 0x30, 0x7, 0xf2,
    0x58, 0x5, 0x38, 0xc4, 0x20, 0x2, 0x5a, 0xb0,
    0x0,

    /* U+0171 "ű" */
    0x0, 0xe3, 0x81, 0x0, 0x99, 0x40, 0x3e, 0x87,
    0xe6, 0x0, 0x45, 0x69, 0x80, 0x63, 0x40, 0x2,
    0x83, 0x88, 0x0, 0xc0, 0x34, 0x0, 0x20, 0xc2,
    0x40, 0x1c, 0x1, 0x8d, 0x0, 0xdc, 0x1c, 0x42,
    0xc, 0x3, 0x40, 0x3, 0x40, 0x12, 0x6, 0xe0,
    0x1d, 0xe9, 0x42, 0x0, 0x83, 0xe0, 0xf, 0x25,
    0xa8, 0x4, 0xd8, 0x40, 0x1f, 0xfc, 0x67, 0xff,
    0x80, 0x3e, 0xff, 0xa0, 0x3, 0xff, 0xfe, 0x1,
    0xff, 0xff, 0x10, 0x8, 0x80, 0x3f, 0xc4, 0x1,
    0x50, 0x7, 0x28, 0x6, 0x40, 0x9, 0xd8, 0x2,
    0x6b, 0x0, 0xe7, 0x0, 0xa7, 0xfb, 0xe6, 0x40,
    0x1d, 0x8, 0x1, 0x84, 0x11, 0xc0, 0x3d, 0x72,
    0x60, 0x2, 0x9b, 0x0, 0xe0,

    /* U+0172 "Ų" */
    0xcf, 0xf6, 0x0, 0x7d, 0x3f, 0xf0, 0x7, 0xff,
    0xfc, 0x3, 0xff, 0xfe, 0x1, 0xff, 0xe1, 0x70,
    0x0, 0x80, 0x7c, 0x60, 0x10, 0x80, 0xc, 0x3,
    0xfc, 0x24, 0x0, 0x10, 0xf, 0x9c, 0x0, 0x5a,
    0x1, 0x28, 0x7, 0x11, 0x0, 0x8, 0x80, 0xa,
    0x98, 0x2, 0x4f, 0x0, 0xa8, 0x60, 0x2, 0x9f,
    0xfa, 0xc8, 0x0, 0xe4, 0xe, 0xc0, 0x1f, 0xcd,
    0x0, 0x14, 0xe3, 0x10, 0x80, 0x69, 0x90, 0x7,
    0x1c, 0xef, 0x59, 0x96, 0xb0, 0x7, 0xf4, 0xdb,
    0x69, 0x0, 0x7f, 0x3b, 0x5, 0x0, 0x7f, 0xd8,
    0x0, 0x31, 0x83, 0x0, 0xfd, 0x80, 0xc, 0xe7,
    0xc1, 0x0, 0xf9, 0xe0, 0x80, 0x7, 0x42, 0x0,

    /* U+0173 "ų" */
    0x7f, 0xf8, 0x3, 0xef, 0xfa, 0x0, 0x3f, 0xff,
    0xe0, 0x1f, 0xff, 0xf0, 0xf, 0xf8, 0x40, 0x22,
    0x0, 0xff, 0x88, 0x2, 0xa0, 0xe, 0x50, 0xe,
    0x40, 0x9, 0xd8, 0x2, 0x6b, 0x0, 0xf3, 0x80,
    0x53, 0xfd, 0xf3, 0x20, 0xf, 0x42, 0x0, 0x61,
    0x4, 0x70, 0xf, 0xae, 0x4c, 0x0, 0x53, 0x60,
    0xa0, 0xe, 0x0, 0xcd, 0x9f, 0xed, 0x60, 0x75,
    0x2c, 0x60, 0xf, 0xf5, 0xc2, 0x69, 0x80, 0x7f,
    0x9d, 0x2, 0xc0, 0x3f, 0xf8, 0x18, 0x0, 0x31,
    0x84, 0x0, 0xfe, 0xc0, 0x6, 0x73, 0xd8, 0x80,
    0x7e, 0x78, 0x20, 0x1, 0xd0, 0x80,

    /* U+0174 "Ŵ" */
    0x0, 0xf8, 0xa2, 0x24, 0x0, 0xff, 0xe1, 0x7b,
    0xbd, 0x64, 0x1, 0xff, 0xc0, 0xa2, 0x0, 0xdc,
    0x1, 0xff, 0x32, 0x80, 0x24, 0x40, 0xe4, 0x3,
    0xf8, 0xa4, 0x1, 0x6d, 0xa0, 0x6, 0x50, 0xf,
    0xdc, 0x0, 0xa4, 0x3, 0xc0, 0x5, 0x80, 0x7e,
    0xe2, 0x95, 0x0, 0x8e, 0xc6, 0x80, 0x3f, 0x16,
    0xb0, 0x7, 0x27, 0x20, 0x7, 0xff, 0x2c, 0xbf,
    0xe0, 0xf, 0xfa, 0xbf, 0xca, 0x60, 0x1f, 0xfc,
    0x21, 0x0, 0x8, 0x80, 0x21, 0x0, 0xff, 0x38,
    0x1, 0xc0, 0x31, 0x80, 0x7f, 0x84, 0x0, 0x20,
    0x20, 0x1, 0x0, 0xff, 0x18, 0x0, 0xc0, 0x80,
    0xe, 0x0, 0x3f, 0xfa, 0x0, 0x21, 0x0, 0x8,
    0x38, 0x0, 0x40, 0xa, 0x1, 0x18, 0x7, 0x8,
    0x0, 0x40, 0x6, 0x0, 0xf0, 0x9, 0x40, 0x2,
    0x0, 0x30, 0x1, 0x80, 0x4, 0x0, 0xa0, 0x10,
    0x88, 0xc, 0x0, 0x20, 0x1, 0x0, 0x78, 0x0,
    0xc1, 0x80, 0xa, 0x2, 0x0, 0x70, 0x7, 0x80,
    0x4, 0x8, 0x1, 0x40, 0x3, 0x7, 0x0, 0x8,
    0x0, 0x80, 0x6, 0xe, 0x0, 0x32, 0xd, 0x1,
    0x0, 0x18, 0x0, 0x40, 0x2, 0x1a, 0x4, 0xe,
    0xe, 0x6, 0x0, 0xe0, 0x3, 0x80, 0x1c, 0xc,
    0x1c, 0x34, 0x8, 0x4, 0x0, 0x20, 0x1, 0x0,
    0x8, 0x28, 0x10, 0x18, 0x0, 0xfc, 0x0, 0x60,
    0x3, 0x0, 0x18, 0x88, 0x34, 0x18, 0x0, 0xa2,
    0x0, 0x10, 0x0, 0x80, 0x5, 0x40, 0xe, 0x4,
    0x0, 0xf3, 0x0, 0x38, 0x4, 0x20, 0xc, 0x0,
    0x10, 0x0, 0xc1, 0x44, 0x0, 0x40, 0x11, 0x80,
    0x18, 0x8, 0x2, 0x50, 0x35, 0x0, 0x8, 0x4,
    0x20, 0x1, 0x7, 0x0, 0xb8, 0x0, 0x20, 0x1e,
    0x70, 0xd, 0xa0, 0x11, 0x80, 0x61, 0x0, 0xc2,
    0x1, 0x8c, 0x2, 0x50, 0xc, 0x60, 0x0,

    /* U+0175 "ŵ" */
    0x0, 0xfa, 0x7f, 0xeb, 0x0, 0xff, 0xe0, 0xb3,
    0x0, 0x24, 0x90, 0xf, 0xf8, 0xe4, 0x0, 0xc0,
    0x6, 0x60, 0x7, 0xf1, 0x68, 0x2, 0xa6, 0xc0,
    0x12, 0x80, 0x1f, 0xa4, 0x42, 0x94, 0x13, 0x0,
    0x14, 0x1, 0xfa, 0x92, 0xd4, 0x2, 0x3c, 0x4c,
    0x0, 0xfc, 0x36, 0x80, 0x1c, 0x76, 0x40, 0x1f,
    0xfc, 0xb4, 0xff, 0x50, 0x4, 0x3f, 0xf3, 0x80,
    0x4b, 0xfe, 0x76, 0x0, 0x30, 0x4, 0xa0, 0x17,
    0x0, 0x44, 0x0, 0x22, 0x0, 0x8, 0x2, 0x30,
    0x9, 0x40, 0x2e, 0x0, 0x30, 0x8, 0x8, 0x5,
    0xa0, 0x20, 0x60, 0x11, 0x80, 0x8, 0x8, 0x0,
    0x20, 0x6, 0x9, 0x0, 0x8, 0x1, 0x80, 0x2,
    0xa, 0x0, 0x20, 0x1, 0x82, 0x80, 0x14, 0x0,
    0x40, 0x40, 0xe, 0x0, 0x30, 0x10, 0x0, 0x8c,
    0xc, 0x0, 0x20, 0xe0, 0x2, 0x0, 0x10, 0x38,
    0x10, 0x28, 0x68, 0x10, 0x0, 0x80, 0xc, 0x0,
    0xf0, 0x20, 0x70, 0xe0, 0x60, 0x60, 0x7, 0x0,
    0x8, 0x0, 0x41, 0xa1, 0xa0, 0x60, 0x60, 0x20,
    0x2, 0x0, 0x8, 0x1, 0x81, 0xc0, 0x81, 0x40,
    0x4, 0x40, 0x3, 0x0, 0x46, 0x4, 0x4, 0xe,
    0x2, 0x0, 0x6e, 0x0, 0x10, 0x4, 0xc0, 0x26,
    0x0, 0x20, 0x1, 0x81, 0x90, 0x10, 0x6, 0x20,
    0x2, 0x1, 0x0, 0x4a, 0x1a, 0xc0, 0xc0, 0x1b,
    0x80, 0x12, 0xe, 0x1, 0x70, 0x21, 0x1, 0x0,
    0x62, 0x0, 0x8, 0x68, 0x4, 0x60, 0x20, 0xe,
    0x0, 0xcc, 0x1, 0x88, 0x2, 0x50, 0xc, 0x40,
    0x0,

    /* U+0176 "Ŷ" */
    0x0, 0xf8, 0xa2, 0x24, 0x0, 0xff, 0xe1, 0x7b,
    0xbd, 0x64, 0x1, 0xff, 0xc0, 0xa2, 0x0, 0xdc,
    0x1, 0xff, 0x32, 0x80, 0x24, 0x40, 0xe4, 0x3,
    0xf8, 0xa4, 0x1, 0x6d, 0xa0, 0x6, 0x50, 0xf,
    0xdc, 0x0, 0xa4, 0x3, 0xc0, 0x5, 0x80, 0x7e,
    0xe2, 0x95, 0x0, 0x8e, 0xc6, 0x80, 0x3f, 0x16,
    0xb0, 0x7, 0x27, 0x20, 0x7, 0xff, 0x2d, 0x7f,
    0xea, 0x0, 0xfe, 0x5f, 0xfa, 0x14, 0xc0, 0xa,
    0x40, 0x1f, 0xa0, 0x0, 0x32, 0x10, 0x1, 0x40,
    0x7, 0xcc, 0x40, 0x9, 0x10, 0x44, 0x0, 0x14,
    0xc0, 0x3d, 0x0, 0x1, 0x70, 0xa, 0x40, 0x28,
    0x0, 0xe6, 0x10, 0x5, 0x80, 0x62, 0x50, 0x2,
    0x18, 0x6, 0x80, 0x1, 0x28, 0x7, 0x58, 0x5,
    0x0, 0x13, 0x88, 0x2, 0x40, 0x3c, 0x2e, 0x0,
    0x43, 0x0, 0x48, 0x1, 0x10, 0x1, 0xf4, 0x88,
    0x2, 0x1, 0x84, 0x1, 0x0, 0x1f, 0x86, 0x40,
    0x8, 0x70, 0x0, 0x53, 0x0, 0xfe, 0x71, 0x0,
    0x60, 0x80, 0x20, 0x3, 0xfe, 0x80, 0xe, 0x62,
    0x0, 0xff, 0x98, 0x80, 0x34, 0x0, 0x7f, 0xf0,
    0x60, 0x2, 0x71, 0x0, 0xff, 0xe0, 0xb0, 0x5,
    0xc0, 0x1f, 0xff, 0xf0, 0xf, 0xff, 0xa8,

    /* U+0177 "ŷ" */
    0x0, 0xf1, 0x44, 0x48, 0x1, 0xff, 0xc0, 0xf7,
    0x7a, 0xcc, 0x3, 0xfd, 0x44, 0x1, 0xb8, 0x40,
    0x3f, 0x3a, 0x80, 0xd9, 0x1, 0x50, 0x7, 0xc9,
    0x0, 0x38, 0x98, 0x40, 0x90, 0x1, 0xef, 0x1,
    0xd2, 0x1, 0xc2, 0x6, 0x0, 0xf5, 0xbe, 0x98,
    0x4, 0x38, 0xde, 0x1, 0xf4, 0x18, 0x7, 0xc,
    0x88, 0x7, 0xff, 0x22, 0x3f, 0xe1, 0x0, 0xfd,
    0x9f, 0xeb, 0xa0, 0x9, 0x80, 0x3e, 0x23, 0x0,
    0x71, 0x20, 0x2, 0x80, 0x3e, 0xa0, 0x0, 0xa8,
    0x70, 0x0, 0x8c, 0x3, 0xcc, 0x0, 0x60, 0x2,
    0x88, 0x2, 0x80, 0x39, 0x4, 0x1, 0x40, 0x13,
    0x0, 0x1c, 0x3, 0xb8, 0x0, 0x84, 0x1, 0x48,
    0x0, 0x54, 0x3, 0x28, 0x3, 0x80, 0x30, 0xa0,
    0x3, 0x80, 0x26, 0x0, 0xa, 0x80, 0x77, 0x80,
    0x10, 0x40, 0x1a, 0x0, 0x60, 0xf, 0x20, 0x80,
    0x1c, 0x5, 0x0, 0x12, 0x1, 0xf4, 0x80, 0x28,
    0x18, 0x0, 0x82, 0x1, 0xf3, 0x0, 0xc, 0xa8,
    0x1, 0xe0, 0x1f, 0x85, 0x40, 0x12, 0x40, 0x28,
    0x1, 0xfd, 0xc0, 0x4, 0x0, 0x48, 0x7, 0xf9,
    0x8, 0x3, 0x30, 0x7, 0xfd, 0x40, 0x12, 0x8,
    0x7, 0xfc, 0x80, 0x17, 0x80, 0x7f, 0xf0, 0x2c,
    0x0, 0x48, 0x1, 0xff, 0xc0, 0x60, 0x5, 0x0,
    0x7f, 0xf0, 0x14, 0x40, 0xc, 0x1, 0xf9, 0xb7,
    0x6b, 0x0, 0x30, 0x80, 0x7e, 0xe2, 0x28, 0x40,
    0xa0, 0x3, 0xff, 0x82, 0x4d, 0x82, 0x1, 0xf8,

    /* U+0178 "Ÿ" */
    0x0, 0xff, 0xe5, 0xa6, 0xfe, 0x10, 0x2, 0xff,
    0x98, 0x3, 0xf7, 0x90, 0x1d, 0x2, 0x20, 0x6,
    0x0, 0x3f, 0xf9, 0xfe, 0x40, 0x74, 0x8, 0x80,
    0x18, 0x0, 0xfc, 0x9b, 0xf8, 0x40, 0xb, 0xfe,
    0x60, 0xf, 0xfe, 0xf2, 0xff, 0xd4, 0x1, 0xfc,
    0xbf, 0xf4, 0x29, 0x80, 0x14, 0x80, 0x3f, 0x40,
    0x0, 0x64, 0x20, 0x2, 0x80, 0xf, 0x98, 0x80,
    0x12, 0x20, 0x88, 0x0, 0x29, 0x80, 0x7a, 0x0,
    0x2, 0xe0, 0x14, 0x80, 0x50, 0x1, 0xcc, 0x20,
    0xb, 0x0, 0xc4, 0xa0, 0x4, 0x30, 0xd, 0x0,
    0x2, 0x50, 0xe, 0xb0, 0xa, 0x0, 0x27, 0x10,
    0x4, 0x80, 0x78, 0x5c, 0x0, 0x86, 0x0, 0x90,
    0x2, 0x20, 0x3, 0xe9, 0x10, 0x4, 0x3, 0x8,
    0x2, 0x0, 0x3f, 0xc, 0x80, 0x10, 0xe0, 0x0,
    0xa6, 0x1, 0xfc, 0xe2, 0x0, 0xc1, 0x0, 0x40,
    0x7, 0xfd, 0x0, 0x1c, 0xc4, 0x1, 0xff, 0x31,
    0x0, 0x68, 0x0, 0xff, 0xe0, 0xc0, 0x4, 0xe2,
    0x1, 0xff, 0xc1, 0x60, 0xb, 0x80, 0x3f, 0xff,
    0xe0, 0x1f, 0xff, 0x50,

    /* U+0179 "Ź" */
    0x0, 0xfe, 0x21, 0x0, 0xff, 0xe1, 0xf7, 0x24,
    0x40, 0x3f, 0xf8, 0x8, 0x60, 0xce, 0x1, 0xff,
    0xc0, 0x80, 0x2, 0xb0, 0x7, 0xfc, 0x86, 0x3,
    0x60, 0x1f, 0xfc, 0x8, 0x0, 0x50, 0x80, 0x7f,
    0xf0, 0x18, 0x1d, 0x0, 0x3f, 0xf8, 0x35, 0xb0,
    0x1, 0xff, 0xc3, 0x20, 0xf, 0xef, 0xff, 0xfe,
    0x19, 0x80, 0x7f, 0xf5, 0xff, 0xff, 0xda, 0x1,
    0x9, 0x0, 0x7f, 0xdc, 0x1, 0x50, 0x80, 0x7f,
    0xa0, 0xc0, 0x10, 0x80, 0x1f, 0xe4, 0x70, 0x2,
    0x38, 0x7, 0xf8, 0x68, 0x0, 0x34, 0x1, 0xff,
    0x68, 0x80, 0x28, 0x40, 0x3f, 0xd0, 0x60, 0x7,
    0x40, 0xf, 0xf2, 0x38, 0x0, 0xe0, 0x3, 0xfc,
    0x34, 0x0, 0x1d, 0x0, 0xff, 0xb4, 0x40, 0x14,
    0x20, 0x1f, 0xe8, 0x30, 0x3, 0xa0, 0x7, 0xf9,
    0x1c, 0x0, 0x70, 0x1, 0xfe, 0x1a, 0x0, 0xe,
    0x80, 0x7f, 0xd4, 0x20, 0xa, 0x10, 0xf, 0xf3,
    0xa0, 0x1, 0xd0, 0x3, 0xfc, 0x70, 0x0, 0x38,
    0x0, 0xff, 0x90, 0x2, 0x3f, 0xff, 0xfa, 0x80,
    0x3f, 0xfa, 0xc0,

    /* U+017A "ź" */
    0x0, 0xfc, 0xce, 0x1, 0xff, 0xc1, 0x88, 0x72,
    0x80, 0x7f, 0x9c, 0x40, 0x5c, 0x3, 0xfd, 0x20,
    0x9, 0x20, 0xf, 0xe7, 0x10, 0x46, 0x0, 0xff,
    0x48, 0xd, 0x0, 0x7f, 0xd4, 0x74, 0x20, 0x1f,
    0xf2, 0x62, 0x0, 0x7f, 0xf2, 0x4f, 0xff, 0xff,
    0x82, 0xc0, 0x1f, 0xfc, 0x31, 0x22, 0xfe, 0x10,
    0xc, 0x5b, 0xbf, 0xbc, 0x2, 0x14, 0x0, 0xfc,
    0x38, 0x20, 0xd, 0x20, 0xf, 0x87, 0x4, 0x1,
    0x66, 0x1, 0xfb, 0x48, 0x1, 0x48, 0x1, 0xfa,
    0xcc, 0x1, 0x2a, 0x1, 0xfa, 0x50, 0x0, 0xec,
    0x1, 0xfa, 0x18, 0x0, 0xd0, 0x1, 0xf9, 0xdc,
    0x0, 0x49, 0x0, 0xfc, 0xb0, 0x0, 0x3b, 0x0,
    0xfc, 0x94, 0x0, 0x2d, 0x0, 0xfc, 0x76, 0x0,
    0x1c, 0x10, 0xf, 0xd6, 0x1, 0xb3, 0x77, 0xf4,
    0x80, 0x61, 0x22, 0xff, 0x0, 0x7f, 0xf0, 0xc0,

    /* U+017B "Ż" */
    0x0, 0xf9, 0x5d, 0x80, 0x3f, 0xf8, 0x31, 0x51,
    0x36, 0x1, 0xff, 0xc0, 0x40, 0x9, 0x0, 0x3f,
    0xf8, 0xe, 0x1, 0x8, 0x7, 0xff, 0x2, 0x8,
    0xa, 0xc0, 0x3f, 0xf8, 0x7, 0xbf, 0xaa, 0x1,
    0xff, 0xdd, 0xff, 0xff, 0xe1, 0x98, 0x7, 0xff,
    0x5f, 0xff, 0xfd, 0xa0, 0x10, 0x90, 0x7, 0xfd,
    0xc0, 0x15, 0x8, 0x7, 0xfa, 0xc, 0x1, 0x8,
    0x1, 0xfe, 0x47, 0x0, 0x23, 0x80, 0x7f, 0x86,
    0x80, 0x3, 0x40, 0x1f, 0xf6, 0x88, 0x2, 0x84,
    0x3, 0xfd, 0x6, 0x0, 0x74, 0x0, 0xff, 0x23,
    0x80, 0xe, 0x0, 0x3f, 0xc3, 0x40, 0x1, 0xd0,
    0xf, 0xfb, 0x44, 0x1, 0x42, 0x1, 0xfe, 0x83,
    0x0, 0x3a, 0x0, 0x7f, 0x91, 0xc0, 0x7, 0x0,
    0x1f, 0xe1, 0xa0, 0x0, 0xe8, 0x7, 0xfd, 0x42,
    0x0, 0xa1, 0x0, 0xff, 0x3a, 0x0, 0x1d, 0x0,
    0x3f, 0xc7, 0x0, 0x3, 0x80, 0xf, 0xf9, 0x0,
    0x23, 0xff, 0xff, 0xa8, 0x3, 0xff, 0xac,

    /* U+017C "ż" */
    0x0, 0xe3, 0xdf, 0xd5, 0x0, 0xff, 0x41, 0x1,
    0x58, 0x7, 0xf9, 0xc0, 0x21, 0x0, 0xff, 0x20,
    0x4, 0x80, 0x1f, 0xe8, 0xa8, 0xab, 0x0, 0xff,
    0x95, 0xd4, 0x3, 0xff, 0x92, 0x7f, 0xff, 0xfc,
    0x16, 0x0, 0xff, 0xe1, 0x89, 0x17, 0xf0, 0x80,
    0x62, 0xdd, 0xfd, 0xe0, 0x10, 0xa0, 0x7, 0xe1,
    0xc1, 0x0, 0x69, 0x0, 0x7c, 0x38, 0x20, 0xb,
    0x30, 0xf, 0xda, 0x40, 0xa, 0x40, 0xf, 0xd6,
    0x60, 0x9, 0x50, 0xf, 0xd2, 0x80, 0x7, 0x60,
    0xf, 0xd0, 0xc0, 0x6, 0x80, 0xf, 0xce, 0xe0,
    0x2, 0x48, 0x7, 0xe5, 0x80, 0x1, 0xd8, 0x7,
    0xe4, 0xa0, 0x1, 0x68, 0x7, 0xe3, 0xb0, 0x0,
    0xe0, 0x80, 0x7e, 0xb0, 0xd, 0x9b, 0xbf, 0xa4,
    0x3, 0x9, 0x17, 0xf8, 0x3, 0xff, 0x86,

    /* U+2014 "—" */
    0x0, 0xff, 0xe4, 0x7f, 0xff, 0xf1, 0xcc, 0x3,
    0xff, 0xb8,

    /* U+2192 "→" */
    0x0, 0xff, 0x88, 0x3, 0xff, 0x8a, 0x9b, 0x0,
    0x1f, 0xfc, 0x31, 0xb0, 0x78, 0x0, 0xff, 0xe1,
    0xc, 0x0, 0x1e, 0x0, 0x3f, 0xf8, 0x4f, 0x20,
    0x7, 0x80, 0xf, 0xfe, 0x13, 0x50, 0x1, 0xe0,
    0x0, 0x39, 0x9f, 0xeb, 0xf2, 0x0, 0x3c, 0x0,
    0xc, 0xff, 0xc8, 0xa4, 0x1, 0x3b, 0x0, 0x7f,
    0xf1, 0x49, 0xc7, 0x77, 0xfd, 0xda, 0x60, 0x2,
    0xc1, 0x2, 0x2f, 0xf1, 0xe1, 0x81, 0x60, 0x80,
    0x7f, 0xc5, 0x82, 0x5, 0x82, 0x1, 0xff, 0xe,
    0x8, 0x16, 0x8, 0x7, 0xff, 0x0, 0x5c, 0xb,
    0x4, 0x3, 0xff, 0x85, 0x31, 0x82, 0x1, 0xc0
};


/*---------------------
 *  GLYPH DESCRIPTION
 *--------------------*/

static const lv_font_fmt_txt_glyph_dsc_t glyph_dsc[] = {
    {.bitmap_index = 0, .adv_w = 0, .box_w = 0, .box_h = 0, .ofs_x = 0, .ofs_y = 0} /* id = 0 reserved */,
    {.bitmap_index = 0, .adv_w = 307, .box_w = 0, .box_h = 0, .ofs_x = 0, .ofs_y = 0},
    {.bitmap_index = 0, .adv_w = 307, .box_w = 7, .box_h = 22, .ofs_x = 6, .ofs_y = 0},
    {.bitmap_index = 53, .adv_w = 307, .box_w = 11, .box_h = 10, .ofs_x = 4, .ofs_y = 14},
    {.bitmap_index = 71, .adv_w = 307, .box_w = 19, .box_h = 22, .ofs_x = 0, .ofs_y = 0},
    {.bitmap_index = 240, .adv_w = 307, .box_w = 17, .box_h = 30, .ofs_x = 1, .ofs_y = -4},
    {.bitmap_index = 414, .adv_w = 307, .box_w = 19, .box_h = 22, .ofs_x = 0, .ofs_y = 0},
    {.bitmap_index = 601, .adv_w = 307, .box_w = 19, .box_h = 22, .ofs_x = 0, .ofs_y = 0},
    {.bitmap_index = 776, .adv_w = 307, .box_w = 4, .box_h = 10, .ofs_x = 8, .ofs_y = 14},
    {.bitmap_index = 783, .adv_w = 307, .box_w = 11, .box_h = 29, .ofs_x = 6, .ofs_y = -4},
    {.bitmap_index = 897, .adv_w = 307, .box_w = 12, .box_h = 29, .ofs_x = 2, .ofs_y = -4},
    {.bitmap_index = 1004, .adv_w = 307, .box_w = 17, .box_h = 17, .ofs_x = 1, .ofs_y = 1},
    {.bitmap_index = 1101, .adv_w = 307, .box_w = 17, .box_h = 16, .ofs_x = 1, .ofs_y = 2},
    {.bitmap_index = 1142, .adv_w = 307, .box_w = 7, .box_h = 10, .ofs_x = 6, .ofs_y = -5},
    {.bitmap_index = 1176, .adv_w = 307, .box_w = 11, .box_h = 4, .ofs_x = 4, .ofs_y = 8},
    {.bitmap_index = 1186, .adv_w = 307, .box_w = 7, .box_h = 6, .ofs_x = 6, .ofs_y = 0},
    {.bitmap_index = 1205, .adv_w = 307, .box_w = 15, .box_h = 29, .ofs_x = 2, .ofs_y = -4},
    {.bitmap_index = 1337, .adv_w = 307, .box_w = 17, .box_h = 22, .ofs_x = 1, .ofs_y = 0},
    {.bitmap_index = 1488, .adv_w = 307, .box_w = 18, .box_h = 22, .ofs_x = 1, .ofs_y = 0},
    {.bitmap_index = 1553, .adv_w = 307, .box_w = 17, .box_h = 22, .ofs_x = 1, .ofs_y = 0},
    {.bitmap_index = 1679, .adv_w = 307, .box_w = 17, .box_h = 22, .ofs_x = 1, .ofs_y = 0},
    {.bitmap_index = 1818, .adv_w = 307, .box_w = 19, .box_h = 22, .ofs_x = 0, .ofs_y = 0},
    {.bitmap_index = 1927, .adv_w = 307, .box_w = 17, .box_h = 22, .ofs_x = 1, .ofs_y = 0},
    {.bitmap_index = 2069, .adv_w = 307, .box_w = 17, .box_h = 22, .ofs_x = 1, .ofs_y = 0},
    {.bitmap_index = 2220, .adv_w = 307, .box_w = 17, .box_h = 22, .ofs_x = 1, .ofs_y = 0},
    {.bitmap_index = 2329, .adv_w = 307, .box_w = 17, .box_h = 22, .ofs_x = 1, .ofs_y = 0},
    {.bitmap_index = 2489, .adv_w = 307, .box_w = 17, .box_h = 22, .ofs_x = 1, .ofs_y = 0},
    {.bitmap_index = 2638, .adv_w = 307, .box_w = 7, .box_h = 17, .ofs_x = 6, .ofs_y = 0},
    {.bitmap_index = 2680, .adv_w = 307, .box_w = 7, .box_h = 22, .ofs_x = 6, .ofs_y = -5},
    {.bitmap_index = 2737, .adv_w = 307, .box_w = 15, .box_h = 20, .ofs_x = 2, .ofs_y = 0},
    {.bitmap_index = 2843, .adv_w = 307, .box_w = 17, .box_h = 10, .ofs_x = 1, .ofs_y = 5},
    {.bitmap_index = 2871, .adv_w = 307, .box_w = 15, .box_h = 20, .ofs_x = 2, .ofs_y = 0},
    {.bitmap_index = 2978, .adv_w = 307, .box_w = 15, .box_h = 22, .ofs_x = 2, .ofs_y = 0},
    {.bitmap_index = 3083, .adv_w = 307, .box_w = 17, .box_h = 25, .ofs_x = 1, .ofs_y = -3},
    {.bitmap_index = 3256, .adv_w = 307, .box_w = 19, .box_h = 22, .ofs_x = 0, .ofs_y = 0},
    {.bitmap_index = 3409, .adv_w = 307, .box_w = 16, .box_h = 22, .ofs_x = 2, .ofs_y = 0},
    {.bitmap_index = 3526, .adv_w = 307, .box_w = 17, .box_h = 22, .ofs_x = 1, .ofs_y = 0},
    {.bitmap_index = 3656, .adv_w = 307, .box_w = 16, .box_h = 22, .ofs_x = 2, .ofs_y = 0},
    {.bitmap_index = 3758, .adv_w = 307, .box_w = 15, .box_h = 22, .ofs_x = 2, .ofs_y = 0},
    {.bitmap_index = 3795, .adv_w = 307, .box_w = 16, .box_h = 22, .ofs_x = 2, .ofs_y = 0},
    {.bitmap_index = 3826, .adv_w = 307, .box_w = 17, .box_h = 22, .ofs_x = 1, .ofs_y = 0},
    {.bitmap_index = 3961, .adv_w = 307, .box_w = 15, .box_h = 22, .ofs_x = 2, .ofs_y = 0},
    {.bitmap_index = 3989, .adv_w = 307, .box_w = 15, .box_h = 22, .ofs_x = 2, .ofs_y = 0},
    {.bitmap_index = 4032, .adv_w = 307, .box_w = 15, .box_h = 22, .ofs_x = 1, .ofs_y = 0},
    {.bitmap_index = 4092, .adv_w = 307, .box_w = 17, .box_h = 22, .ofs_x = 2, .ofs_y = 0},
    {.bitmap_index = 4217, .adv_w = 307, .box_w = 15, .box_h = 22, .ofs_x = 3, .ofs_y = 0},
    {.bitmap_index = 4241, .adv_w = 307, .box_w = 17, .box_h = 22, .ofs_x = 1, .ofs_y = 0},
    {.bitmap_index = 4341, .adv_w = 307, .box_w = 15, .box_h = 22, .ofs_x = 2, .ofs_y = 0},
    {.bitmap_index = 4437, .adv_w = 307, .box_w = 17, .box_h = 22, .ofs_x = 1, .ofs_y = 0},
    {.bitmap_index = 4578, .adv_w = 307, .box_w = 16, .box_h = 22, .ofs_x = 2, .ofs_y = 0},
    {.bitmap_index = 4653, .adv_w = 307, .box_w = 17, .box_h = 29, .ofs_x = 1, .ofs_y = -7},
    {.bitmap_index = 4832, .adv_w = 307, .box_w = 16, .box_h = 22, .ofs_x = 2, .ofs_y = 0},
    {.bitmap_index = 4944, .adv_w = 307, .box_w = 17, .box_h = 22, .ofs_x = 1, .ofs_y = 0},
    {.bitmap_index = 5096, .adv_w = 307, .box_w = 19, .box_h = 22, .ofs_x = 0, .ofs_y = 0},
    {.bitmap_index = 5126, .adv_w = 307, .box_w = 15, .box_h = 22, .ofs_x = 2, .ofs_y = 0},
    {.bitmap_index = 5192, .adv_w = 307, .box_w = 19, .box_h = 22, .ofs_x = 0, .ofs_y = 0},
    {.bitmap_index = 5350, .adv_w = 307, .box_w = 19, .box_h = 22, .ofs_x = 0, .ofs_y = 0},
    {.bitmap_index = 5542, .adv_w = 307, .box_w = 19, .box_h = 22, .ofs_x = 0, .ofs_y = 0},
    {.bitmap_index = 5706, .adv_w = 307, .box_w = 19, .box_h = 22, .ofs_x = 0, .ofs_y = 0},
    {.bitmap_index = 5818, .adv_w = 307, .box_w = 17, .box_h = 22, .ofs_x = 1, .ofs_y = 0},
    {.bitmap_index = 5920, .adv_w = 307, .box_w = 11, .box_h = 29, .ofs_x = 6, .ofs_y = -4},
    {.bitmap_index = 5954, .adv_w = 307, .box_w = 15, .box_h = 29, .ofs_x = 2, .ofs_y = -4},
    {.bitmap_index = 6085, .adv_w = 307, .box_w = 10, .box_h = 29, .ofs_x = 3, .ofs_y = -4},
    {.bitmap_index = 6114, .adv_w = 307, .box_w = 18, .box_h = 14, .ofs_x = 1, .ofs_y = 8},
    {.bitmap_index = 6213, .adv_w = 307, .box_w = 17, .box_h = 4, .ofs_x = 1, .ofs_y = -6},
    {.bitmap_index = 6224, .adv_w = 307, .box_w = 7, .box_h = 8, .ofs_x = 5, .ofs_y = 18},
    {.bitmap_index = 6251, .adv_w = 307, .box_w = 17, .box_h = 17, .ofs_x = 1, .ofs_y = 0},
    {.bitmap_index = 6366, .adv_w = 307, .box_w = 16, .box_h = 24, .ofs_x = 2, .ofs_y = 0},
    {.bitmap_index = 6463, .adv_w = 307, .box_w = 15, .box_h = 17, .ofs_x = 2, .ofs_y = 0},
    {.bitmap_index = 6565, .adv_w = 307, .box_w = 16, .box_h = 24, .ofs_x = 1, .ofs_y = 0},
    {.bitmap_index = 6664, .adv_w = 307, .box_w = 17, .box_h = 17, .ofs_x = 1, .ofs_y = 0},
    {.bitmap_index = 6780, .adv_w = 307, .box_w = 16, .box_h = 24, .ofs_x = 2, .ofs_y = 0},
    {.bitmap_index = 6851, .adv_w = 307, .box_w = 18, .box_h = 26, .ofs_x = 1, .ofs_y = -6},
    {.bitmap_index = 7037, .adv_w = 307, .box_w = 15, .box_h = 24, .ofs_x = 2, .ofs_y = 0},
    {.bitmap_index = 7093, .adv_w = 307, .box_w = 15, .box_h = 24, .ofs_x = 3, .ofs_y = 0},
    {.bitmap_index = 7157, .adv_w = 307, .box_w = 13, .box_h = 30, .ofs_x = 2, .ofs_y = -6},
    {.bitmap_index = 7224, .adv_w = 307, .box_w = 17, .box_h = 24, .ofs_x = 2, .ofs_y = 0},
    {.bitmap_index = 7326, .adv_w = 307, .box_w = 15, .box_h = 24, .ofs_x = 2, .ofs_y = 0},
    {.bitmap_index = 7366, .adv_w = 307, .box_w = 17, .box_h = 17, .ofs_x = 1, .ofs_y = 0},
    {.bitmap_index = 7425, .adv_w = 307, .box_w = 15, .box_h = 17, .ofs_x = 2, .ofs_y = 0},
    {.bitmap_index = 7475, .adv_w = 307, .box_w = 17, .box_h = 17, .ofs_x = 1, .ofs_y = 0},
    {.bitmap_index = 7597, .adv_w = 307, .box_w = 16, .box_h = 23, .ofs_x = 2, .ofs_y = -6},
    {.bitmap_index = 7698, .adv_w = 307, .box_w = 16, .box_h = 23, .ofs_x = 1, .ofs_y = -6},
    {.bitmap_index = 7799, .adv_w = 307, .box_w = 16, .box_h = 17, .ofs_x = 2, .ofs_y = 0},
    {.bitmap_index = 7864, .adv_w = 307, .box_w = 16, .box_h = 17, .ofs_x = 1, .ofs_y = 0},
    {.bitmap_index = 7983, .adv_w = 307, .box_w = 16, .box_h = 22, .ofs_x = 1, .ofs_y = 0},
    {.bitmap_index = 8042, .adv_w = 307, .box_w = 15, .box_h = 17, .ofs_x = 2, .ofs_y = 0},
    {.bitmap_index = 8088, .adv_w = 307, .box_w = 17, .box_h = 17, .ofs_x = 1, .ofs_y = 0},
    {.bitmap_index = 8205, .adv_w = 307, .box_w = 19, .box_h = 17, .ofs_x = 0, .ofs_y = 0},
    {.bitmap_index = 8364, .adv_w = 307, .box_w = 17, .box_h = 17, .ofs_x = 1, .ofs_y = 0},
    {.bitmap_index = 8484, .adv_w = 307, .box_w = 17, .box_h = 23, .ofs_x = 1, .ofs_y = -6},
    {.bitmap_index = 8632, .adv_w = 307, .box_w = 15, .box_h = 17, .ofs_x = 2, .ofs_y = 0},
    {.bitmap_index = 8714, .adv_w = 307, .box_w = 13, .box_h = 29, .ofs_x = 3, .ofs_y = -4},
    {.bitmap_index = 8837, .adv_w = 307, .box_w = 4, .box_h = 29, .ofs_x = 8, .ofs_y = -4},
    {.bitmap_index = 8847, .adv_w = 307, .box_w = 13, .box_h = 29, .ofs_x = 3, .ofs_y = -4},
    {.bitmap_index = 8973, .adv_w = 307, .box_w = 17, .box_h = 8, .ofs_x = 1, .ofs_y = 6},
    {.bitmap_index = 9037, .adv_w = 307, .box_w = 13, .box_h = 12, .ofs_x = 3, .ofs_y = 11},
    {.bitmap_index = 9110, .adv_w = 307, .box_w = 7, .box_h = 6, .ofs_x = 6, .ofs_y = 7},
    {.bitmap_index = 9129, .adv_w = 307, .box_w = 19, .box_h = 30, .ofs_x = 0, .ofs_y = 0},
    {.bitmap_index = 9316, .adv_w = 307, .box_w = 17, .box_h = 30, .ofs_x = 1, .ofs_y = 0},
    {.bitmap_index = 9490, .adv_w = 307, .box_w = 15, .box_h = 30, .ofs_x = 2, .ofs_y = 0},
    {.bitmap_index = 9590, .adv_w = 307, .box_w = 17, .box_h = 30, .ofs_x = 2, .ofs_y = -6},
    {.bitmap_index = 9737, .adv_w = 307, .box_w = 17, .box_h = 24, .ofs_x = 1, .ofs_y = 0},
    {.bitmap_index = 9885, .adv_w = 307, .box_w = 17, .box_h = 24, .ofs_x = 1, .ofs_y = 0},
    {.bitmap_index = 10039, .adv_w = 307, .box_w = 15, .box_h = 24, .ofs_x = 2, .ofs_y = 0},
    {.bitmap_index = 10118, .adv_w = 307, .box_w = 20, .box_h = 28, .ofs_x = 0, .ofs_y = -6},
    {.bitmap_index = 10315, .adv_w = 307, .box_w = 18, .box_h = 23, .ofs_x = 1, .ofs_y = -6},
    {.bitmap_index = 10475, .adv_w = 307, .box_w = 17, .box_h = 31, .ofs_x = 1, .ofs_y = 0},
    {.bitmap_index = 10648, .adv_w = 307, .box_w = 15, .box_h = 26, .ofs_x = 2, .ofs_y = 0},
    {.bitmap_index = 10789, .adv_w = 307, .box_w = 17, .box_h = 31, .ofs_x = 1, .ofs_y = 0},
    {.bitmap_index = 10974, .adv_w = 307, .box_w = 15, .box_h = 26, .ofs_x = 2, .ofs_y = 0},
    {.bitmap_index = 11125, .adv_w = 307, .box_w = 17, .box_h = 30, .ofs_x = 1, .ofs_y = 0},
    {.bitmap_index = 11287, .adv_w = 307, .box_w = 15, .box_h = 24, .ofs_x = 2, .ofs_y = 0},
    {.bitmap_index = 11418, .adv_w = 307, .box_w = 17, .box_h = 32, .ofs_x = 1, .ofs_y = 0},
    {.bitmap_index = 11595, .adv_w = 307, .box_w = 15, .box_h = 26, .ofs_x = 2, .ofs_y = 0},
    {.bitmap_index = 11746, .adv_w = 307, .box_w = 16, .box_h = 31, .ofs_x = 2, .ofs_y = 0},
    {.bitmap_index = 11899, .adv_w = 307, .box_w = 20, .box_h = 24, .ofs_x = 1, .ofs_y = 0},
    {.bitmap_index = 12034, .adv_w = 307, .box_w = 18, .box_h = 22, .ofs_x = 0, .ofs_y = 0},
    {.bitmap_index = 12159, .adv_w = 307, .box_w = 18, .box_h = 24, .ofs_x = 1, .ofs_y = 0},
    {.bitmap_index = 12283, .adv_w = 307, .box_w = 15, .box_h = 29, .ofs_x = 2, .ofs_y = 0},
    {.bitmap_index = 12337, .adv_w = 307, .box_w = 17, .box_h = 22, .ofs_x = 1, .ofs_y = 0},
    {.bitmap_index = 12469, .adv_w = 307, .box_w = 15, .box_h = 31, .ofs_x = 2, .ofs_y = 0},
    {.bitmap_index = 12556, .adv_w = 307, .box_w = 17, .box_h = 26, .ofs_x = 1, .ofs_y = 0},
    {.bitmap_index = 12723, .adv_w = 307, .box_w = 15, .box_h = 30, .ofs_x = 2, .ofs_y = 0},
    {.bitmap_index = 12789, .adv_w = 307, .box_w = 17, .box_h = 24, .ofs_x = 1, .ofs_y = 0},
    {.bitmap_index = 12938, .adv_w = 307, .box_w = 16, .box_h = 28, .ofs_x = 2, .ofs_y = -6},
    {.bitmap_index = 13010, .adv_w = 307, .box_w = 17, .box_h = 23, .ofs_x = 1, .ofs_y = -6},
    {.bitmap_index = 13161, .adv_w = 307, .box_w = 15, .box_h = 31, .ofs_x = 2, .ofs_y = 0},
    {.bitmap_index = 13247, .adv_w = 307, .box_w = 17, .box_h = 26, .ofs_x = 1, .ofs_y = 0},
    {.bitmap_index = 13412, .adv_w = 307, .box_w = 17, .box_h = 31, .ofs_x = 1, .ofs_y = 0},
    {.bitmap_index = 13602, .adv_w = 307, .box_w = 18, .box_h = 32, .ofs_x = 1, .ofs_y = -6},
    {.bitmap_index = 13823, .adv_w = 307, .box_w = 17, .box_h = 31, .ofs_x = 1, .ofs_y = 0},
    {.bitmap_index = 14009, .adv_w = 307, .box_w = 18, .box_h = 32, .ofs_x = 1, .ofs_y = -6},
    {.bitmap_index = 14229, .adv_w = 307, .box_w = 17, .box_h = 30, .ofs_x = 1, .ofs_y = 0},
    {.bitmap_index = 14395, .adv_w = 307, .box_w = 18, .box_h = 30, .ofs_x = 1, .ofs_y = -6},
    {.bitmap_index = 14605, .adv_w = 307, .box_w = 17, .box_h = 30, .ofs_x = 1, .ofs_y = -8},
    {.bitmap_index = 14784, .adv_w = 307, .box_w = 18, .box_h = 32, .ofs_x = 1, .ofs_y = -6},
    {.bitmap_index = 15005, .adv_w = 307, .box_w = 15, .box_h = 31, .ofs_x = 2, .ofs_y = 0},
    {.bitmap_index = 15082, .adv_w = 307, .box_w = 19, .box_h = 31, .ofs_x = -2, .ofs_y = 0},
    {.bitmap_index = 15193, .adv_w = 307, .box_w = 19, .box_h = 22, .ofs_x = 0, .ofs_y = 0},
    {.bitmap_index = 15251, .adv_w = 307, .box_w = 17, .box_h = 24, .ofs_x = 0, .ofs_y = 0},
    {.bitmap_index = 15332, .adv_w = 307, .box_w = 15, .box_h = 29, .ofs_x = 2, .ofs_y = 0},
    {.bitmap_index = 15412, .adv_w = 307, .box_w = 15, .box_h = 24, .ofs_x = 3, .ofs_y = 0},
    {.bitmap_index = 15488, .adv_w = 307, .box_w = 15, .box_h = 29, .ofs_x = 2, .ofs_y = 0},
    {.bitmap_index = 15548, .adv_w = 307, .box_w = 15, .box_h = 22, .ofs_x = 3, .ofs_y = 0},
    {.bitmap_index = 15600, .adv_w = 307, .box_w = 15, .box_h = 31, .ofs_x = 2, .ofs_y = 0},
    {.bitmap_index = 15693, .adv_w = 307, .box_w = 15, .box_h = 26, .ofs_x = 3, .ofs_y = 0},
    {.bitmap_index = 15777, .adv_w = 307, .box_w = 16, .box_h = 28, .ofs_x = 2, .ofs_y = -6},
    {.bitmap_index = 15858, .adv_w = 307, .box_w = 16, .box_h = 30, .ofs_x = 3, .ofs_y = -6},
    {.bitmap_index = 15959, .adv_w = 307, .box_w = 15, .box_h = 30, .ofs_x = 2, .ofs_y = 0},
    {.bitmap_index = 16031, .adv_w = 307, .box_w = 15, .box_h = 17, .ofs_x = 3, .ofs_y = 0},
    {.bitmap_index = 16066, .adv_w = 307, .box_w = 15, .box_h = 22, .ofs_x = 2, .ofs_y = 0},
    {.bitmap_index = 16132, .adv_w = 307, .box_w = 15, .box_h = 30, .ofs_x = 2, .ofs_y = -6},
    {.bitmap_index = 16213, .adv_w = 307, .box_w = 15, .box_h = 31, .ofs_x = 1, .ofs_y = 0},
    {.bitmap_index = 16323, .adv_w = 307, .box_w = 16, .box_h = 32, .ofs_x = 2, .ofs_y = -6},
    {.bitmap_index = 16419, .adv_w = 307, .box_w = 17, .box_h = 31, .ofs_x = 2, .ofs_y = -9},
    {.bitmap_index = 16590, .adv_w = 307, .box_w = 17, .box_h = 33, .ofs_x = 2, .ofs_y = -9},
    {.bitmap_index = 16737, .adv_w = 307, .box_w = 17, .box_h = 17, .ofs_x = 2, .ofs_y = 0},
    {.bitmap_index = 16834, .adv_w = 307, .box_w = 15, .box_h = 31, .ofs_x = 3, .ofs_y = 0},
    {.bitmap_index = 16900, .adv_w = 307, .box_w = 15, .box_h = 32, .ofs_x = 2, .ofs_y = 0},
    {.bitmap_index = 16977, .adv_w = 307, .box_w = 15, .box_h = 31, .ofs_x = 3, .ofs_y = -9},
    {.bitmap_index = 17039, .adv_w = 307, .box_w = 15, .box_h = 33, .ofs_x = 2, .ofs_y = -9},
    {.bitmap_index = 17117, .adv_w = 307, .box_w = 15, .box_h = 24, .ofs_x = 3, .ofs_y = 0},
    {.bitmap_index = 17172, .adv_w = 307, .box_w = 16, .box_h = 24, .ofs_x = 2, .ofs_y = 0},
    {.bitmap_index = 17236, .adv_w = 307, .box_w = 15, .box_h = 22, .ofs_x = 3, .ofs_y = 0},
    {.bitmap_index = 17282, .adv_w = 307, .box_w = 17, .box_h = 24, .ofs_x = 2, .ofs_y = 0},
    {.bitmap_index = 17351, .adv_w = 307, .box_w = 17, .box_h = 22, .ofs_x = 1, .ofs_y = 0},
    {.bitmap_index = 17408, .adv_w = 307, .box_w = 15, .box_h = 24, .ofs_x = 2, .ofs_y = 0},
    {.bitmap_index = 17484, .adv_w = 307, .box_w = 15, .box_h = 31, .ofs_x = 2, .ofs_y = 0},
    {.bitmap_index = 17620, .adv_w = 307, .box_w = 15, .box_h = 26, .ofs_x = 2, .ofs_y = 0},
    {.bitmap_index = 17710, .adv_w = 307, .box_w = 15, .box_h = 31, .ofs_x = 2, .ofs_y = -9},
    {.bitmap_index = 17846, .adv_w = 307, .box_w = 15, .box_h = 26, .ofs_x = 2, .ofs_y = -9},
    {.bitmap_index = 17936, .adv_w = 307, .box_w = 15, .box_h = 31, .ofs_x = 2, .ofs_y = 0},
    {.bitmap_index = 18081, .adv_w = 307, .box_w = 15, .box_h = 26, .ofs_x = 2, .ofs_y = 0},
    {.bitmap_index = 18179, .adv_w = 307, .box_w = 17, .box_h = 24, .ofs_x = 0, .ofs_y = 0},
    {.bitmap_index = 18269, .adv_w = 307, .box_w = 15, .box_h = 28, .ofs_x = 2, .ofs_y = -6},
    {.bitmap_index = 18389, .adv_w = 307, .box_w = 15, .box_h = 23, .ofs_x = 2, .ofs_y = -6},
    {.bitmap_index = 18461, .adv_w = 307, .box_w = 17, .box_h = 29, .ofs_x = 1, .ofs_y = 0},
    {.bitmap_index = 18617, .adv_w = 307, .box_w = 17, .box_h = 22, .ofs_x = 1, .ofs_y = 0},
    {.bitmap_index = 18754, .adv_w = 307, .box_w = 17, .box_h = 31, .ofs_x = 1, .ofs_y = 0},
    {.bitmap_index = 18944, .adv_w = 307, .box_w = 17, .box_h = 26, .ofs_x = 1, .ofs_y = 0},
    {.bitmap_index = 19115, .adv_w = 307, .box_w = 17, .box_h = 31, .ofs_x = 1, .ofs_y = 0},
    {.bitmap_index = 19310, .adv_w = 307, .box_w = 17, .box_h = 26, .ofs_x = 1, .ofs_y = 0},
    {.bitmap_index = 19488, .adv_w = 307, .box_w = 19, .box_h = 22, .ofs_x = 0, .ofs_y = 0},
    {.bitmap_index = 19622, .adv_w = 307, .box_w = 19, .box_h = 17, .ofs_x = 0, .ofs_y = 0},
    {.bitmap_index = 19757, .adv_w = 307, .box_w = 16, .box_h = 31, .ofs_x = 2, .ofs_y = 0},
    {.bitmap_index = 19911, .adv_w = 307, .box_w = 16, .box_h = 26, .ofs_x = 2, .ofs_y = 0},
    {.bitmap_index = 20016, .adv_w = 307, .box_w = 16, .box_h = 31, .ofs_x = 2, .ofs_y = -9},
    {.bitmap_index = 20170, .adv_w = 307, .box_w = 16, .box_h = 26, .ofs_x = 2, .ofs_y = -9},
    {.bitmap_index = 20275, .adv_w = 307, .box_w = 16, .box_h = 31, .ofs_x = 2, .ofs_y = 0},
    {.bitmap_index = 20439, .adv_w = 307, .box_w = 16, .box_h = 26, .ofs_x = 2, .ofs_y = 0},
    {.bitmap_index = 20553, .adv_w = 307, .box_w = 17, .box_h = 31, .ofs_x = 1, .ofs_y = 0},
    {.bitmap_index = 20747, .adv_w = 307, .box_w = 16, .box_h = 26, .ofs_x = 1, .ofs_y = 0},
    {.bitmap_index = 20907, .adv_w = 307, .box_w = 17, .box_h = 31, .ofs_x = 1, .ofs_y = 0},
    {.bitmap_index = 21113, .adv_w = 307, .box_w = 16, .box_h = 26, .ofs_x = 1, .ofs_y = 0},
    {.bitmap_index = 21282, .adv_w = 307, .box_w = 17, .box_h = 28, .ofs_x = 1, .ofs_y = -6},
    {.bitmap_index = 21468, .adv_w = 307, .box_w = 16, .box_h = 23, .ofs_x = 1, .ofs_y = -6},
    {.bitmap_index = 21621, .adv_w = 307, .box_w = 17, .box_h = 32, .ofs_x = 1, .ofs_y = 0},
    {.bitmap_index = 21820, .adv_w = 307, .box_w = 16, .box_h = 26, .ofs_x = 1, .ofs_y = 0},
    {.bitmap_index = 21987, .adv_w = 307, .box_w = 19, .box_h = 28, .ofs_x = 0, .ofs_y = -6},
    {.bitmap_index = 22052, .adv_w = 307, .box_w = 16, .box_h = 28, .ofs_x = 1, .ofs_y = -6},
    {.bitmap_index = 22145, .adv_w = 307, .box_w = 19, .box_h = 31, .ofs_x = 0, .ofs_y = 0},
    {.bitmap_index = 22227, .adv_w = 307, .box_w = 16, .box_h = 25, .ofs_x = 1, .ofs_y = 0},
    {.bitmap_index = 22315, .adv_w = 307, .box_w = 19, .box_h = 22, .ofs_x = 0, .ofs_y = 0},
    {.bitmap_index = 22367, .adv_w = 307, .box_w = 16, .box_h = 22, .ofs_x = 1, .ofs_y = 0},
    {.bitmap_index = 22443, .adv_w = 307, .box_w = 15, .box_h = 30, .ofs_x = 2, .ofs_y = 0},
    {.bitmap_index = 22547, .adv_w = 307, .box_w = 15, .box_h = 24, .ofs_x = 2, .ofs_y = 0},
    {.bitmap_index = 22634, .adv_w = 307, .box_w = 15, .box_h = 29, .ofs_x = 2, .ofs_y = 0},
    {.bitmap_index = 22716, .adv_w = 307, .box_w = 15, .box_h = 22, .ofs_x = 2, .ofs_y = 0},
    {.bitmap_index = 22780, .adv_w = 307, .box_w = 15, .box_h = 31, .ofs_x = 2, .ofs_y = 0},
    {.bitmap_index = 22895, .adv_w = 307, .box_w = 15, .box_h = 26, .ofs_x = 2, .ofs_y = 0},
    {.bitmap_index = 22991, .adv_w = 307, .box_w = 15, .box_h = 32, .ofs_x = 2, .ofs_y = 0},
    {.bitmap_index = 23105, .adv_w = 307, .box_w = 15, .box_h = 27, .ofs_x = 2, .ofs_y = 0},
    {.bitmap_index = 23200, .adv_w = 307, .box_w = 15, .box_h = 31, .ofs_x = 2, .ofs_y = 0},
    {.bitmap_index = 23321, .adv_w = 307, .box_w = 15, .box_h = 26, .ofs_x = 2, .ofs_y = 0},
    {.bitmap_index = 23422, .adv_w = 307, .box_w = 15, .box_h = 28, .ofs_x = 2, .ofs_y = -6},
    {.bitmap_index = 23518, .adv_w = 307, .box_w = 16, .box_h = 23, .ofs_x = 2, .ofs_y = -6},
    {.bitmap_index = 23604, .adv_w = 307, .box_w = 19, .box_h = 31, .ofs_x = 0, .ofs_y = 0},
    {.bitmap_index = 23851, .adv_w = 307, .box_w = 19, .box_h = 25, .ofs_x = 0, .ofs_y = 0},
    {.bitmap_index = 24060, .adv_w = 307, .box_w = 19, .box_h = 31, .ofs_x = 0, .ofs_y = 0},
    {.bitmap_index = 24227, .adv_w = 307, .box_w = 17, .box_h = 32, .ofs_x = 1, .ofs_y = -6},
    {.bitmap_index = 24427, .adv_w = 307, .box_w = 19, .box_h = 30, .ofs_x = 0, .ofs_y = 0},
    {.bitmap_index = 24575, .adv_w = 307, .box_w = 17, .box_h = 31, .ofs_x = 1, .ofs_y = 0},
    {.bitmap_index = 24722, .adv_w = 307, .box_w = 15, .box_h = 26, .ofs_x = 2, .ofs_y = 0},
    {.bitmap_index = 24842, .adv_w = 307, .box_w = 17, .box_h = 30, .ofs_x = 1, .ofs_y = 0},
    {.bitmap_index = 24977, .adv_w = 307, .box_w = 15, .box_h = 24, .ofs_x = 2, .ofs_y = 0},
    {.bitmap_index = 25088, .adv_w = 307, .box_w = 20, .box_h = 4, .ofs_x = 0, .ofs_y = 8},
    {.bitmap_index = 25098, .adv_w = 307, .box_w = 19, .box_h = 15, .ofs_x = 0, .ofs_y = 4}
};

/*---------------------
 *  CHARACTER MAPPING
 *--------------------*/

static const uint16_t unicode_list_1[] = {
    0x0, 0x7, 0x14, 0x26, 0x2c, 0x2f, 0x34, 0x46,
    0x4c
};

static const uint16_t unicode_list_3[] = {
    0x0, 0x17e
};

/*Collect the unicode lists and glyph_id offsets*/
static const lv_font_fmt_txt_cmap_t cmaps[] =
{
    {
        .range_start = 32, .range_length = 95, .glyph_id_start = 1,
        .unicode_list = NULL, .glyph_id_ofs_list = NULL, .list_length = 0, .type = LV_FONT_FMT_TXT_CMAP_FORMAT0_TINY
    },
    {
        .range_start = 176, .range_length = 77, .glyph_id_start = 96,
        .unicode_list = unicode_list_1, .glyph_id_ofs_list = NULL, .list_length = 9, .type = LV_FONT_FMT_TXT_CMAP_SPARSE_TINY
    },
    {
        .range_start = 260, .range_length = 121, .glyph_id_start = 105,
        .unicode_list = NULL, .glyph_id_ofs_list = NULL, .list_length = 0, .type = LV_FONT_FMT_TXT_CMAP_FORMAT0_TINY
    },
    {
        .range_start = 8212, .range_length = 383, .glyph_id_start = 226,
        .unicode_list = unicode_list_3, .glyph_id_ofs_list = NULL, .list_length = 2, .type = LV_FONT_FMT_TXT_CMAP_SPARSE_TINY
    }
};



/*--------------------
 *  ALL CUSTOM DATA
 *--------------------*/

#if LVGL_VERSION_MAJOR == 8
/*Store all the custom data of the font*/
static  lv_font_fmt_txt_glyph_cache_t cache;
#endif

#if LVGL_VERSION_MAJOR >= 8
static const lv_font_fmt_txt_dsc_t font_dsc = {
#else
static lv_font_fmt_txt_dsc_t font_dsc = {
#endif
    .glyph_bitmap = glyph_bitmap,
    .glyph_dsc = glyph_dsc,
    .cmaps = cmaps,
    .kern_dsc = NULL,
    .kern_scale = 0,
    .cmap_num = 4,
    .bpp = 4,
    .kern_classes = 0,
    .bitmap_format = 1,
#if LVGL_VERSION_MAJOR == 8
    .cache = &cache
#endif
};



/*-----------------
 *  PUBLIC FONT
 *----------------*/

/*Initialize a public general font descriptor*/
#if LVGL_VERSION_MAJOR >= 8
const lv_font_t plex_mono_32 = {
#else
lv_font_t plex_mono_32 = {
#endif
    .get_glyph_dsc = lv_font_get_glyph_dsc_fmt_txt,    /*Function pointer to get glyph's data*/
    .get_glyph_bitmap = lv_font_get_bitmap_fmt_txt,    /*Function pointer to get glyph's bitmap*/
    .line_height = 41,          /*The maximum line height required by the font*/
    .base_line = 9,             /*Baseline measured from the bottom of the line*/
#if !(LVGL_VERSION_MAJOR == 6 && LVGL_VERSION_MINOR == 0)
    .subpx = LV_FONT_SUBPX_NONE,
#endif
#if LV_VERSION_CHECK(7, 4, 0) || LVGL_VERSION_MAJOR >= 8
    .underline_position = -4,
    .underline_thickness = 2,
#endif
    .dsc = &font_dsc,          /*The custom font data. Will be accessed by `get_glyph_bitmap/dsc` */
#if LV_VERSION_CHECK(8, 2, 0) || LVGL_VERSION_MAJOR >= 9
    .fallback = NULL,
#endif
    .user_data = NULL,
};



#endif /*#if PLEX_MONO_32*/

