/*******************************************************************************
 * Size: 76 px
 * Bpp: 4
 * Opts: --font /Users/monsjovis/repositories/esp-flight-monitor/tools/fonts/IBMPlexSansCondensed-SemiBold.ttf --format lvgl --bpp 4 --size 76 --lv-font-name plex_sans_cond_76 -o /Users/monsjovis/repositories/esp-flight-monitor/main/ui/fonts/plex_sans_cond_76.c -r 0x20-0x7F -r 0xC4,0xD6,0xDC,0xE4,0xF6,0xFC,0xDF -r 0xB0,0xB7 -r 0x2192,0x2014
 ******************************************************************************/

#ifdef LV_LVGL_H_INCLUDE_SIMPLE
#include "lvgl.h"
#else
#include "lvgl/lvgl.h"
#endif

#ifndef PLEX_SANS_COND_76
#define PLEX_SANS_COND_76 1
#endif

#if PLEX_SANS_COND_76

/*-----------------
 *    BITMAPS
 *----------------*/

/*Store the image of the glyphs*/
static LV_ATTRIBUTE_LARGE_CONST const uint8_t glyph_bitmap[] = {
    /* U+0020 " " */

    /* U+0021 "!" */
    0xc, 0xcf, 0xe8, 0x1, 0x33, 0xfe, 0x20, 0xf,
    0xff, 0xf8, 0x7, 0xff, 0xfc, 0x3, 0xe1, 0x0,
    0xff, 0xe4, 0x90, 0x0, 0x80, 0x3f, 0x70, 0x1,
    0x80, 0x3f, 0x10, 0x0, 0x80, 0x3f, 0x30, 0x3,
    0x80, 0x3f, 0x10, 0x0, 0x80, 0x3e, 0x10, 0x9,
    0x80, 0x3e, 0x20, 0x8, 0x80, 0x3e, 0x60, 0x8,
    0x40, 0x3e, 0x20, 0xc, 0x40, 0x1e, 0xe0, 0xc,
    0xc0, 0x1e, 0x30, 0xc, 0x40, 0x1e, 0x60, 0xd,
    0xc0, 0x1e, 0x20, 0xc, 0x40, 0x1e, 0x10, 0xc,
    0xc0, 0x1c, 0x40, 0x1c, 0x40, 0x1c, 0xc0, 0x1c,
    0x20, 0x1c, 0x40, 0x1e, 0x20, 0xd, 0xc0, 0x1e,
    0x60, 0xc, 0x40, 0x1e, 0x20, 0xc, 0xc0, 0x1e,
    0xe0, 0xc, 0x40, 0x1e, 0x20, 0xc, 0x20, 0x1e,
    0x5f, 0xfc, 0x1, 0xff, 0xea, 0x38, 0xbc, 0xc5,
    0x30, 0x80, 0x51, 0x8e, 0x86, 0x65, 0x9f, 0x30,
    0x57, 0x0, 0xf8, 0x74, 0x38, 0x3, 0xf8, 0x55,
    0x40, 0x1f, 0xed, 0x10, 0xf, 0xfe, 0x50, 0x80,
    0x7f, 0xc2, 0x60, 0x1f, 0xed, 0xa0, 0xf, 0xf2,
    0x32, 0x0, 0x7e, 0xa1, 0xb, 0x94, 0x10, 0x1,
    0x36, 0xa8, 0x0,

    /* U+0022 "\"" */
    0x2f, 0xff, 0xc0, 0x1e, 0x6f, 0xff, 0xac, 0x3,
    0xff, 0xfe, 0x1, 0xff, 0xff, 0x0, 0xff, 0xff,
    0x80, 0x7f, 0xff, 0xc0, 0x3f, 0xff, 0xe0, 0x1f,
    0xff, 0xf0, 0xf, 0xff, 0xf8, 0x4, 0x6c, 0xdf,
    0x80, 0x3c, 0xac, 0xdf, 0x68,

    /* U+0023 "#" */
    0x0, 0xff, 0xe0, 0x94, 0x47, 0x20, 0x7, 0xf8,
    0xa2, 0x39, 0x0, 0x3f, 0xf8, 0xc8, 0xef, 0xc4,
    0x1, 0xfe, 0x57, 0x7e, 0x30, 0xf, 0xfe, 0x37,
    0x0, 0x71, 0x0, 0x7f, 0xb8, 0x3, 0x8c, 0x3,
    0xff, 0x8c, 0x60, 0x1c, 0xa0, 0x1f, 0xe5, 0x0,
    0xe6, 0x0, 0xff, 0xe3, 0x30, 0x7, 0x8, 0x7,
    0xf8, 0x80, 0x38, 0x80, 0x3f, 0xf8, 0xc4, 0x1,
    0x8c, 0x3, 0xfc, 0x22, 0x0, 0xc4, 0x1, 0xff,
    0xc6, 0x20, 0xe, 0x60, 0xf, 0xf1, 0x0, 0x73,
    0x80, 0x7f, 0xf1, 0x9c, 0x3, 0xb4, 0x3, 0xfc,
    0xc0, 0x1c, 0x40, 0x1f, 0xfc, 0x62, 0x0, 0xe2,
    0x0, 0xff, 0x68, 0x7, 0x68, 0x7, 0xff, 0x1b,
    0x80, 0x39, 0xc0, 0x3f, 0xc4, 0x1, 0xcc, 0x1,
    0xff, 0xc6, 0x50, 0xe, 0x20, 0xf, 0xf3, 0x80,
    0x71, 0x80, 0x7f, 0xf1, 0x88, 0x3, 0x10, 0x7,
    0xfc, 0x40, 0x18, 0x40, 0x3f, 0xf8, 0xc2, 0x20,
    0xc, 0xc0, 0x1f, 0xe2, 0x0, 0xe5, 0x0, 0xff,
    0xe3, 0x10, 0x7, 0x18, 0x7, 0xf9, 0x80, 0x38,
    0x80, 0x3f, 0xc8, 0xef, 0xf4, 0x80, 0x71, 0xbb,
    0xff, 0xb8, 0x3, 0x89, 0xdf, 0xca, 0x1, 0x74,
    0x47, 0xca, 0x1, 0xc9, 0x11, 0xfe, 0x50, 0xe,
    0x48, 0x8f, 0x70, 0x7, 0xff, 0xfc, 0x3, 0xff,
    0xfe, 0x1, 0xff, 0xc9, 0xaf, 0xff, 0x58, 0x7,
    0x47, 0xff, 0xfa, 0x80, 0x3a, 0x3f, 0xfe, 0xb0,
    0xf, 0xf1, 0x80, 0x71, 0x0, 0x7f, 0x88, 0x3,
    0x88, 0x3, 0xff, 0x8d, 0xc0, 0x1c, 0xe0, 0x1f,
    0xed, 0x0, 0xe7, 0x0, 0xff, 0xe3, 0x28, 0x7,
    0x10, 0x7, 0xf9, 0x80, 0x38, 0x80, 0x3f, 0xf8,
    0xc4, 0x1, 0x84, 0x3, 0xfe, 0x30, 0xc, 0x40,
    0x1f, 0xfc, 0x61, 0x10, 0x6, 0x50, 0xf, 0xf0,
    0x80, 0x73, 0x0, 0x7f, 0xf1, 0x88, 0x3, 0x88,
    0x3, 0xfc, 0xa0, 0x1c, 0x60, 0x1f, 0xfc, 0x65,
    0x0, 0xef, 0x0, 0xff, 0x10, 0x7, 0x70, 0x7,
    0xff, 0x1b, 0x80, 0x38, 0x80, 0x3f, 0xdc, 0x1,
    0xca, 0x1, 0xff, 0xc6, 0x30, 0xe, 0x50, 0xf,
    0xf1, 0x80, 0x71, 0x0, 0x7f, 0xf1, 0x98, 0x3,
    0x84, 0x3, 0xfc, 0xc0, 0x18, 0x44, 0x1, 0xff,
    0xc6, 0x20, 0xc, 0x40, 0x1f, 0xf1, 0x0, 0x62,
    0x0, 0xff, 0xe3, 0x10, 0x7, 0x38, 0x7, 0xf8,
    0x80, 0x39, 0x40, 0x3f, 0xf8, 0xce, 0x1, 0xc4,
    0x1, 0xfe, 0x70, 0xe, 0xe0, 0xf, 0xf2, 0x3b,
    0xfd, 0xc0, 0x1c, 0x4e, 0xff, 0xef, 0x0, 0xed,
    0x77, 0xf2, 0x80, 0x5d, 0x11, 0xf2, 0x0, 0x72,
    0xc4, 0x7f, 0x94, 0x3, 0x96, 0x23, 0xd2, 0x1,
    0xff, 0xff, 0x0, 0xff, 0xff, 0x80, 0x7f, 0xf2,
    0x6b, 0xff, 0xd2, 0x1, 0xd1, 0xff, 0xfe, 0x90,
    0xe, 0x9f, 0xff, 0xb0, 0x3, 0xfd, 0xe0, 0x1c,
    0x60, 0x1f, 0xee, 0x0, 0xe5, 0x0, 0xff, 0xe3,
    0x10, 0x7, 0x30, 0x7, 0xf8, 0xc0, 0x38, 0x80,
    0x3f, 0xf8, 0xca, 0x1, 0xc4, 0x1, 0xfe, 0x60,
    0xc, 0x22, 0x0, 0xff, 0xe3, 0x8, 0x6, 0x20,
    0xf, 0xf8, 0x80, 0x31, 0x0, 0x7f, 0xf1, 0x8c,
    0x3, 0x9c, 0x3, 0xfc, 0x40, 0x1c, 0xc0, 0x1f,
    0xfc, 0x66, 0x0, 0xe2, 0x0, 0xff, 0x38, 0x7,
    0x68, 0x7, 0xff, 0x1b, 0x40, 0x3b, 0x80, 0x3f,
    0xc4, 0x1, 0xc4, 0x1, 0xff, 0xc6, 0x20, 0xe,
    0x50, 0xf, 0xf6, 0x80, 0x73, 0x80, 0x7f, 0xf1,
    0x9c, 0x3, 0x88, 0x3, 0xfc, 0xc0, 0x1c, 0x40,
    0x1f, 0xfc, 0x62, 0x0, 0xc2, 0x20, 0xf, 0xf1,
    0x80, 0x62, 0x0, 0xff, 0xe3, 0x10, 0x7, 0x10,
    0x7, 0xf8, 0x80, 0x39, 0x80, 0x3f, 0xf8, 0xce,
    0x1, 0xca, 0x1, 0xfe, 0x60, 0xe, 0x20, 0xf,
    0xfe, 0x31, 0x0, 0x77, 0x0, 0x7f, 0x8c, 0x3,
    0xbc, 0x3, 0xff, 0x82,

    /* U+0024 "$" */
    0x0, 0xff, 0xe1, 0x91, 0x9f, 0x84, 0x3, 0xff,
    0xa3, 0x19, 0x9e, 0x90, 0xf, 0xff, 0xf8, 0x7,
    0xff, 0xfc, 0x3, 0xff, 0xe4, 0x28, 0xc0, 0x1e,
    0x34, 0x20, 0xf, 0xfe, 0x52, 0x4f, 0x72, 0xcc,
    0x3, 0xc9, 0x7b, 0xd4, 0x80, 0x1f, 0xfc, 0x56,
    0xeb, 0x61, 0x0, 0xff, 0xe0, 0xa, 0xdf, 0x38,
    0x7, 0xff, 0x4, 0xb6, 0x44, 0x3, 0xff, 0x8c,
    0x31, 0xa8, 0x1, 0xfe, 0x4d, 0x20, 0xf, 0xfe,
    0x51, 0x5c, 0x0, 0x7e, 0x3b, 0x0, 0xff, 0xe7,
    0x3d, 0x0, 0x78, 0x74, 0x3, 0xff, 0xa0, 0xb4,
    0x1, 0xd0, 0x20, 0x1f, 0xfd, 0x15, 0x40, 0x8,
    0x58, 0x3, 0xf9, 0x6f, 0xc4, 0x3, 0x1f, 0xdb,
    0x0, 0x7f, 0x42, 0x0, 0x4c, 0x1, 0xfd, 0x54,
    0x40, 0xf, 0xc9, 0x3c, 0xc0, 0x1e, 0x97, 0x0,
    0xd8, 0x1, 0xfa, 0x54, 0x3, 0xff, 0x80, 0x33,
    0x42, 0x1, 0x5b, 0x0, 0x72, 0x80, 0x7c, 0x2c,
    0x1, 0xff, 0xc3, 0x5d, 0x1, 0xc4, 0x0, 0xe1,
    0x10, 0x7, 0xce, 0x1, 0xff, 0xc5, 0x3b, 0xc3,
    0x0, 0xf1, 0x80, 0x7e, 0xe0, 0xf, 0xfe, 0x32,
    0x10, 0x7, 0xc2, 0x1, 0xf8, 0x40, 0x3f, 0xfb,
    0x2, 0x1, 0xff, 0xcf, 0x10, 0xf, 0xdc, 0x1,
    0xff, 0xcf, 0x30, 0xf, 0xce, 0x1, 0xff, 0xcf,
    0x11, 0x0, 0x7c, 0x2e, 0x1, 0xff, 0xcf, 0x40,
    0xf, 0xd0, 0xc0, 0x1f, 0xfc, 0xef, 0x0, 0xfe,
    0x9b, 0x30, 0xf, 0xfe, 0x62, 0x90, 0x7, 0xf2,
    0x66, 0x88, 0x7, 0xff, 0x2e, 0x0, 0x3f, 0xe2,
    0x0, 0xff, 0xe6, 0x2b, 0x80, 0x7f, 0xf1, 0xf,
    0xe9, 0x40, 0x3f, 0xf8, 0x90, 0xc0, 0x1f, 0xfc,
    0x55, 0xaf, 0xa4, 0x0, 0xff, 0xe1, 0x4c, 0x80,
    0x3f, 0xf8, 0xeb, 0x7a, 0x80, 0x1f, 0xfc, 0x16,
    0xd4, 0x0, 0xff, 0xe3, 0x95, 0xd8, 0x40, 0x3f,
    0xf8, 0x5, 0x76, 0x40, 0xf, 0xfe, 0x3a, 0x79,
    0x80, 0x7f, 0xf0, 0x52, 0xf9, 0xc8, 0x3, 0xff,
    0x8a, 0x38, 0x60, 0x1f, 0xfc, 0x21, 0x8d, 0xd4,
    0x80, 0x7f, 0xf1, 0x74, 0x40, 0x3f, 0xf8, 0x84,
    0xc2, 0x1, 0xff, 0xc4, 0x18, 0x0, 0xff, 0xe5,
    0x9e, 0xb0, 0x7, 0xf9, 0x88, 0x3, 0xff, 0x96,
    0x53, 0x84, 0x1, 0xfc, 0xa0, 0x1f, 0xfc, 0xd3,
    0xc2, 0x0, 0xfd, 0x60, 0x1f, 0xfc, 0xe1, 0xf0,
    0xf, 0xc6, 0x1, 0xff, 0xcf, 0x24, 0x0, 0xfc,
    0x20, 0x1f, 0xfc, 0xfd, 0x0, 0xfc, 0x60, 0x1f,
    0xfc, 0xf2, 0x0, 0xfc, 0x20, 0x1f, 0xfc, 0xf7,
    0x0, 0xfc, 0x20, 0x1f, 0xfc, 0xf7, 0x0, 0xfc,
    0x60, 0x1c, 0x90, 0x1, 0xff, 0xc8, 0x20, 0xf,
    0xc2, 0x1, 0x96, 0xdd, 0x80, 0x3f, 0xf8, 0xfa,
    0x1, 0xf1, 0x0, 0x67, 0xa0, 0x4, 0xb0, 0x7,
    0xff, 0x14, 0x90, 0x3, 0xe4, 0x0, 0xa2, 0x0,
    0x1a, 0x68, 0x3, 0xff, 0x89, 0xc0, 0x1f, 0xbc,
    0x1, 0x2e, 0x1, 0xe5, 0xe6, 0x0, 0xff, 0xe0,
    0x16, 0x18, 0x7, 0xe6, 0x6, 0x60, 0x7, 0xe1,
    0x9e, 0x95, 0x20, 0xe, 0x16, 0xad, 0x30, 0xf,
    0xce, 0x0, 0x64, 0x0, 0xff, 0xb, 0x56, 0x88,
    0x6, 0x29, 0x50, 0xf, 0xe1, 0x90, 0xa, 0xd0,
    0x3, 0xff, 0xa5, 0x62, 0x1, 0xad, 0x40, 0x3f,
    0xfa, 0xe, 0xa0, 0x1e, 0xa8, 0x0, 0xff, 0xe7,
    0x44, 0x0, 0x3f, 0x3e, 0xa0, 0x7, 0xff, 0x28,
    0xad, 0xc0, 0x3f, 0xc5, 0x78, 0xa0, 0x1f, 0xfc,
    0x62, 0x8d, 0x40, 0xf, 0xfe, 0x9, 0xd7, 0xd3,
    0x10, 0x7, 0xfc, 0x6f, 0x9a, 0xe0, 0x1f, 0xfc,
    0x65, 0x9d, 0xfd, 0x40, 0xf, 0x37, 0xe4, 0x18,
    0x7, 0xff, 0x30, 0x84, 0x3, 0xc2, 0x1, 0xff,
    0xff, 0x0, 0xff, 0xff, 0x80, 0x7f, 0xf9, 0x40,

    /* U+0025 "%" */
    0x0, 0xff, 0x9, 0xa1, 0x90, 0x7, 0xff, 0xa1,
    0x6b, 0xb9, 0x97, 0x9b, 0xf8, 0xe2, 0x1, 0xff,
    0xcb, 0x36, 0x6f, 0x88, 0x3, 0xff, 0x84, 0x9b,
    0x4a, 0x20, 0x1e, 0x38, 0xe8, 0x0, 0xff, 0xe4,
    0x8e, 0xcc, 0xfc, 0x60, 0x1f, 0xfc, 0x16, 0xb2,
    0x0, 0xff, 0xe0, 0x3d, 0x80, 0x7f, 0xf2, 0x2c,
    0x40, 0x3d, 0x22, 0x1, 0xff, 0xc0, 0x59, 0x0,
    0xff, 0xe1, 0xa6, 0x0, 0x7f, 0xf1, 0x8d, 0x40,
    0x3c, 0x6c, 0x1, 0xff, 0xc0, 0x1a, 0x0, 0xff,
    0xe2, 0x9c, 0x0, 0x7f, 0xf1, 0x78, 0x3, 0xef,
    0x0, 0xff, 0xe0, 0xc0, 0x7, 0xcb, 0x9f, 0xd2,
    0x20, 0x1e, 0x71, 0x0, 0xff, 0xe1, 0xb9, 0x0,
    0x79, 0x8c, 0x3, 0xff, 0x80, 0x2c, 0x1, 0xe5,
    0xa3, 0x1, 0x6d, 0x0, 0xf9, 0x80, 0x3f, 0xf8,
    0x45, 0x0, 0x1e, 0x19, 0x0, 0xff, 0xe0, 0xb8,
    0x7, 0xd0, 0x1, 0xc6, 0xa0, 0x1e, 0xa0, 0xf,
    0xfe, 0x14, 0x80, 0x7d, 0x60, 0x1f, 0xfc, 0x2c,
    0x0, 0xf1, 0x10, 0x3, 0xd8, 0x1, 0xe2, 0x10,
    0xf, 0xfe, 0x2, 0xa0, 0x7, 0x91, 0x40, 0x3f,
    0xf8, 0x4e, 0x1, 0xe6, 0x0, 0xf9, 0x40, 0x3e,
    0x50, 0xf, 0xfe, 0x5, 0x80, 0x7d, 0x20, 0x1f,
    0xfc, 0x32, 0x0, 0xf0, 0x80, 0x7c, 0x20, 0x1f,
    0x18, 0x7, 0xfd, 0x22, 0x1, 0xe8, 0x20, 0xf,
    0xfe, 0x10, 0x80, 0x7f, 0xf2, 0xf8, 0x3, 0xfc,
    0x6c, 0x1, 0xe2, 0x70, 0xf, 0xfe, 0x19, 0x0,
    0x7f, 0xf2, 0xcc, 0x3, 0xfd, 0xe0, 0x1f, 0x48,
    0x7, 0xff, 0x11, 0xc0, 0x3f, 0xf9, 0x62, 0x1,
    0xfc, 0xc6, 0x1, 0xe5, 0x40, 0xf, 0xff, 0x28,
    0xc0, 0x7, 0x86, 0xc0, 0x3f, 0xfc, 0xd6, 0x20,
    0x1e, 0x81, 0x0, 0xff, 0xe2, 0xb8, 0x7, 0xff,
    0x4d, 0x14, 0x3, 0xc6, 0xc0, 0x1f, 0xfc, 0x61,
    0x0, 0xff, 0xe5, 0x88, 0x7, 0xd2, 0x1, 0xf7,
    0x0, 0x7f, 0xf1, 0xcc, 0x3, 0xff, 0x96, 0x40,
    0x1e, 0x82, 0x0, 0xf3, 0x90, 0x7, 0xff, 0x1c,
    0x40, 0x3f, 0xf8, 0x62, 0x1, 0xf7, 0x0, 0x71,
    0x38, 0x7, 0x86, 0x0, 0x3f, 0xf9, 0x26, 0x1,
    0xe1, 0x0, 0xf9, 0xc0, 0x3e, 0x50, 0xe, 0x90,
    0xf, 0xac, 0x3, 0xff, 0x94, 0xa0, 0x1e, 0x50,
    0xf, 0x8c, 0x3, 0xe3, 0x0, 0xca, 0x80, 0x1e,
    0x45, 0x0, 0xff, 0xe5, 0x68, 0x7, 0x85, 0x0,
    0x3d, 0x60, 0x1e, 0x40, 0xe, 0xb0, 0xf, 0xa8,
    0x3, 0xff, 0x96, 0x82, 0x1, 0xe9, 0x10, 0xc,
    0xc6, 0x1, 0xee, 0x0, 0xd2, 0x20, 0x1e, 0x81,
    0x0, 0xff, 0xe6, 0x48, 0x7, 0x8b, 0xdd, 0x5a,
    0xa4, 0x3, 0xc2, 0xa0, 0x11, 0xb0, 0x7, 0x89,
    0xc0, 0x3f, 0x11, 0xa1, 0x88, 0x7, 0xff, 0x1,
    0xc8, 0x3, 0xc3, 0x15, 0x2a, 0x1, 0xf5, 0x80,
    0x6f, 0x0, 0xfb, 0x80, 0x38, 0x5f, 0x3f, 0x72,
    0xf3, 0xbe, 0x94, 0x3, 0xfd, 0xc2, 0x1, 0xff,
    0xc4, 0x75, 0x0, 0x9c, 0xc0, 0x3c, 0xc6, 0x1,
    0x9f, 0xa0, 0xc0, 0x3e, 0x5a, 0xd4, 0x0, 0xfc,
    0x78, 0x20, 0x1f, 0xfc, 0x28, 0x80, 0x4, 0x30,
    0x1, 0xe1, 0x80, 0xd, 0x50, 0x1, 0xff, 0xc0,
    0x2b, 0x60, 0xf, 0xc5, 0xee, 0x1, 0xff, 0x1e,
    0x38, 0x6, 0xb0, 0xf, 0xa0, 0x40, 0x2b, 0x50,
    0xf, 0xfe, 0x1c, 0xb0, 0x7, 0xe1, 0x8e, 0xa5,
    0x21, 0x0, 0x12, 0x46, 0x60, 0xc0, 0x32, 0x28,
    0x7, 0x8d, 0x80, 0x26, 0x40, 0xf, 0xfe, 0x2c,
    0x90, 0x7, 0xf0, 0xad, 0x6f, 0x7f, 0xb6, 0xdc,
    0xc0, 0x3d, 0x20, 0x1f, 0x70, 0x6, 0x80, 0xf,
    0xa3, 0xbf, 0x58, 0x3, 0xe9, 0x0, 0xff, 0xe6,
    0xc1, 0x0, 0x79, 0xc8, 0x2, 0x61, 0x0, 0xf5,
    0x38, 0x81, 0x4b, 0x80, 0x79, 0x8, 0x3, 0xff,
    0x96, 0x4e, 0x1, 0xe2, 0x80, 0xd, 0xa0, 0x1e,
    0x35, 0x0, 0xe8, 0x0, 0xf9, 0x40, 0x3f, 0xf9,
    0x7c, 0x1, 0xf4, 0x80, 0x72, 0x0, 0x79, 0x0,
    0x3e, 0x40, 0xf, 0x60, 0x7, 0xff, 0x29, 0x8c,
    0x3, 0xca, 0x80, 0x18, 0xc0, 0x3e, 0xd0, 0xf,
    0x88, 0x3, 0xc8, 0x1, 0xff, 0xc9, 0x18, 0x0,
    0xfa, 0xc0, 0x39, 0x80, 0x3e, 0x10, 0xf, 0x84,
    0x3, 0xe1, 0x0, 0xff, 0xe4, 0x40, 0x80, 0x7a,
    0x4, 0x3, 0x88, 0x3, 0xff, 0x96, 0x40, 0x1f,
    0xfc, 0x73, 0x60, 0xf, 0x1b, 0x80, 0x7b, 0xc0,
    0x3f, 0xf9, 0x6e, 0x1, 0xff, 0xc7, 0xe0, 0xf,
    0xbc, 0x3, 0xe1, 0x0, 0xff, 0xe5, 0x88, 0x7,
    0xff, 0x19, 0xc8, 0x3, 0xcc, 0x60, 0x1f, 0xfd,
    0x33, 0x0, 0xff, 0xe2, 0x8c, 0x0, 0x78, 0x60,
    0x3, 0xff, 0xa8, 0x60, 0x1f, 0xfc, 0x5a, 0x0,
    0xfa, 0xc4, 0x3, 0xff, 0xca, 0x88, 0x0, 0xf2,
    0x28, 0x7, 0xf0, 0x80, 0x7f, 0xf2, 0xc4, 0x3,
    0xff, 0x89, 0x40, 0x1f, 0x48, 0x7, 0xfb, 0xc0,
    0x3f, 0xf9, 0x6e, 0x1, 0xff, 0xc3, 0x81, 0x0,
    0xf3, 0x90, 0x7, 0xf8, 0xc0, 0x3f, 0xf9, 0x66,
    0x1, 0xff, 0xc2, 0x27, 0x0, 0xf1, 0x40, 0x7,
    0xfc, 0xc0, 0x1f, 0x10, 0x7, 0xc4, 0x1, 0xe1,
    0x0, 0xff, 0xe1, 0xf0, 0x7, 0xd2, 0x1, 0xff,
    0xc0, 0x21, 0x0, 0xf7, 0x80, 0x7c, 0xc0, 0x1e,
    0x40, 0xf, 0xfe, 0x13, 0x18, 0x7, 0x95, 0x0,
    0x3f, 0xf8, 0x28, 0x1, 0xe7, 0x0, 0xf1, 0x18,
    0x7, 0xb0, 0x3, 0xff, 0x82, 0x30, 0x1, 0xf5,
    0x80, 0x7f, 0xf0, 0xb8, 0x3, 0xc3, 0x0, 0x1d,
    0xc0, 0x1f, 0x38, 0x7, 0xff, 0x6, 0xc4, 0x3,
    0xd2, 0x20, 0x1f, 0xfc, 0x24, 0x20, 0xf, 0x3d,
    0xb2, 0xbe, 0x98, 0x7, 0x9c, 0x40, 0x3f, 0xf8,
    0x6, 0xa0, 0x1e, 0x36, 0x0, 0xff, 0xe2, 0x48,
    0x7, 0xc9, 0x35, 0x4, 0x1, 0xe1, 0x90, 0xf,
    0xfe, 0xf, 0x0, 0x7d, 0xe0, 0x1f, 0xfc, 0x54,
    0x80, 0xf, 0xfe, 0x2e, 0x88, 0x7, 0xff, 0x1,
    0xc8, 0x3, 0xcc, 0x60, 0x1f, 0xfc, 0x67, 0x90,
    0xf, 0xfe, 0x10, 0xe1, 0x80, 0x7f, 0xf0, 0xa,
    0x0, 0x3c, 0x32, 0x1, 0xff, 0xc8, 0x6c, 0x40,
    0xf, 0xf9, 0xbc, 0xc0, 0x3f, 0xf8, 0x25, 0xdd,
    0xf8, 0x3, 0xff, 0x94, 0x77, 0xb0, 0x84, 0x20,
    0x24, 0xb3, 0xd2, 0x20, 0x1c,

    /* U+0026 "&" */
    0x0, 0xff, 0xe2, 0x88, 0xc0, 0x1f, 0xfd, 0xa5,
    0x9c, 0xff, 0x77, 0x5f, 0xd7, 0x6, 0x1, 0xff,
    0xd3, 0x8e, 0xa6, 0x30, 0xf, 0xa, 0x3e, 0x6b,
    0x0, 0x7f, 0xf3, 0xd3, 0x9c, 0x40, 0x3f, 0xf8,
    0x25, 0x36, 0x20, 0x1f, 0xfc, 0xc5, 0xb1, 0x0,
    0xff, 0xe2, 0xa7, 0x88, 0x7, 0xff, 0x28, 0xe8,
    0x3, 0xff, 0x90, 0x38, 0x1, 0xff, 0xca, 0xf0,
    0xf, 0xfe, 0x51, 0x40, 0x7, 0xff, 0x21, 0x4c,
    0x3, 0xff, 0x96, 0xe2, 0x1, 0xff, 0xc7, 0xe0,
    0xf, 0xe5, 0xbe, 0xfe, 0xa2, 0x0, 0xfe, 0x70,
    0xf, 0xfe, 0x3a, 0x0, 0x7e, 0x8a, 0x41, 0x1,
    0x5d, 0x40, 0xf, 0xd8, 0x1, 0xff, 0xc6, 0x20,
    0xf, 0xc4, 0xe0, 0x1f, 0x50, 0x7, 0xe7, 0x0,
    0xff, 0xe3, 0x8, 0x7, 0xe5, 0x0, 0xfc, 0x24,
    0x1, 0xf1, 0x80, 0x7f, 0xf1, 0x9c, 0x3, 0xf7,
    0x0, 0x7f, 0x30, 0x7, 0xc2, 0x1, 0xff, 0xf4,
    0x70, 0xf, 0xc2, 0x1, 0xff, 0xc5, 0x10, 0xf,
    0xfe, 0x31, 0x80, 0x7e, 0xd0, 0xf, 0xe6, 0x0,
    0xf9, 0x40, 0x3f, 0xf8, 0xe6, 0x1, 0xf2, 0x80,
    0x7e, 0x22, 0x0, 0x7d, 0x80, 0x1f, 0xfc, 0x74,
    0x0, 0xfc, 0xe0, 0x1f, 0x50, 0x7, 0xe5, 0x0,
    0xff, 0xe3, 0xd0, 0x7, 0xe8, 0x10, 0xe, 0x27,
    0x0, 0xf9, 0x8, 0x3, 0xff, 0x8e, 0x46, 0x1,
    0xfa, 0xc0, 0x30, 0xf8, 0x7, 0xe8, 0x0, 0xff,
    0xe4, 0xc0, 0x7, 0xe5, 0x70, 0x0, 0xe1, 0x0,
    0x7c, 0xc6, 0x1, 0xff, 0xc9, 0x43, 0x0, 0xfd,
    0xa, 0xaf, 0x20, 0xf, 0x8a, 0x40, 0x3f, 0xf9,
    0x7c, 0x1, 0xfd, 0x54, 0x10, 0xf, 0x87, 0xc0,
    0x3f, 0xf9, 0x84, 0xe0, 0x1f, 0xfc, 0x51, 0xc2,
    0x0, 0xff, 0xe6, 0xc1, 0x80, 0x7f, 0xf0, 0xcf,
    0xc8, 0x3, 0xff, 0x9f, 0xc2, 0x1, 0xff, 0xc1,
    0x6c, 0x10, 0xf, 0xfe, 0x82, 0x0, 0x7f, 0xf0,
    0x6, 0xe4, 0x3, 0xe8, 0xff, 0xff, 0x40, 0x7,
    0xf0, 0xdc, 0x88, 0x7, 0xfc, 0x48, 0x1, 0xf8,
    0x80, 0x3f, 0xf8, 0xe9, 0xe8, 0x1, 0xff, 0xc1,
    0x38, 0x0, 0xfc, 0x20, 0x1f, 0xfc, 0x66, 0xb1,
    0x0, 0xff, 0xe1, 0xba, 0x0, 0x7c, 0xc0, 0x1f,
    0xfc, 0x57, 0x90, 0xf, 0xfe, 0x35, 0x8, 0x7,
    0x88, 0x3, 0xff, 0x88, 0x90, 0x1, 0xf8, 0x69,
    0x0, 0x3f, 0xe, 0x80, 0x70, 0x80, 0x7f, 0xf1,
    0x6, 0xc0, 0x3f, 0x17, 0xad, 0x8, 0x7, 0xe3,
    0x80, 0xc, 0xa0, 0x1f, 0xfc, 0x48, 0x0, 0xfc,
    0x38, 0x20, 0x3a, 0x1, 0xfc, 0xea, 0x1, 0x18,
    0x7, 0xc8, 0x9b, 0x40, 0x21, 0x60, 0xf, 0xd6,
    0x20, 0x11, 0xc8, 0x7, 0xf5, 0x10, 0x3, 0x40,
    0x3c, 0x37, 0x79, 0x40, 0x26, 0x0, 0xfc, 0x6a,
    0x1, 0xcc, 0xa0, 0x1f, 0xdc, 0x0, 0x40, 0xf,
    0x28, 0x7, 0xeb, 0x0, 0xfd, 0x60, 0x1f, 0x51,
    0x0, 0x7e, 0x39, 0x31, 0x0, 0xf6, 0x0, 0x7e,
    0x30, 0xf, 0xc8, 0x1, 0xfb, 0xc0, 0x3f, 0x9b,
    0xc0, 0x3e, 0x50, 0xf, 0x84, 0x3, 0xf8, 0x40,
    0x3f, 0x15, 0x0, 0x7f, 0x18, 0x7, 0x84, 0x80,
    0x3e, 0x20, 0xf, 0xe3, 0x0, 0xfe, 0x57, 0x0,
    0xff, 0xe1, 0xb8, 0x7, 0xe7, 0x0, 0xff, 0xe4,
    0x42, 0x0, 0x7f, 0xf0, 0xa8, 0x3, 0xff, 0xa5,
    0x42, 0x1, 0xff, 0xc0, 0x23, 0x0, 0xfc, 0xc0,
    0x1f, 0xc4, 0x1, 0xff, 0xe, 0x80, 0x7f, 0xf0,
    0x2c, 0x3, 0xf8, 0xc0, 0x3f, 0x90, 0x3, 0xff,
    0x80, 0x72, 0x1, 0xff, 0x38, 0x7, 0xf0, 0x80,
    0x7f, 0x50, 0x7, 0xff, 0x5, 0x90, 0x3, 0xfd,
    0x60, 0x1f, 0xe3, 0x0, 0xfc, 0x4c, 0x1, 0xff,
    0xc0, 0x54, 0x0, 0xff, 0x2b, 0x80, 0x7f, 0x20,
    0x7, 0xf4, 0xa8, 0x7, 0xf9, 0xe8, 0x3, 0xff,
    0x81, 0x8, 0x1, 0xfa, 0xc0, 0x3f, 0xd5, 0x68,
    0x1, 0xc2, 0xdb, 0x0, 0x17, 0x40, 0x7, 0xf5,
    0x90, 0x7, 0xc6, 0x60, 0xf, 0xf2, 0x5f, 0xee,
    0x63, 0xb9, 0x24, 0x1, 0x18, 0xba, 0x0, 0x7f,
    0x78, 0x80, 0x7d, 0x20, 0x1f, 0xfc, 0x12, 0x33,
    0x8, 0x7, 0xa8, 0x1, 0x42, 0x1, 0xf8, 0xb4,
    0x3, 0xe5, 0x40, 0xf, 0xfe, 0x48, 0xb0, 0x0,
    0x74, 0x3, 0xf8, 0xe4, 0x3, 0xea, 0x10, 0xf,
    0xfe, 0x45, 0x0, 0x63, 0x80, 0xf, 0xe6, 0x70,
    0xf, 0xe, 0x10, 0x7, 0xff, 0x1a, 0x10, 0x3,
    0x9d, 0x0, 0x3f, 0xa1, 0x0, 0x3c, 0x58, 0x80,
    0x1f, 0xfc, 0x49, 0x70, 0xf, 0xa8, 0x40, 0x3f,
    0xac, 0x80, 0x3c, 0x37, 0x63, 0x0, 0xff, 0xe0,
    0x2f, 0x30, 0x7, 0xe1, 0xd0, 0xf, 0xf7, 0x88,
    0x7, 0xc9, 0x9b, 0x2a, 0x62, 0x0, 0x12, 0x59,
    0xea, 0x10, 0xf, 0xf1, 0xff, 0x77, 0xf6, 0x8,

    /* U+0027 "'" */
    0x2f, 0xff, 0xc0, 0x1f, 0xff, 0xf0, 0xf, 0xff,
    0xf8, 0x7, 0xff, 0x90, 0xd9, 0xbf, 0x0,

    /* U+0028 "(" */
    0x0, 0xff, 0x93, 0xff, 0xf2, 0x80, 0x7f, 0x8e,
    0xc0, 0x3e, 0x75, 0x0, 0xfe, 0x2d, 0x0, 0xf9,
    0x60, 0x3, 0xfd, 0xe2, 0x1, 0xe3, 0xa0, 0xf,
    0xf4, 0x90, 0x7, 0xdc, 0x1, 0xfe, 0x46, 0x0,
    0xfa, 0x48, 0x3, 0xfd, 0x40, 0x1f, 0x23, 0x0,
    0x7f, 0x9c, 0x40, 0x3e, 0x90, 0xf, 0xf0, 0xc0,
    0x7, 0xce, 0x40, 0x1f, 0xe8, 0x0, 0xf8, 0x60,
    0x3, 0xfc, 0x2c, 0x1, 0xf4, 0x0, 0x7f, 0xcc,
    0x1, 0xf0, 0xb0, 0x7, 0xfd, 0x20, 0x1f, 0x48,
    0x7, 0xfc, 0xa2, 0x1, 0xf3, 0x80, 0x7f, 0xde,
    0x1, 0xf2, 0x80, 0x7f, 0xf0, 0x14, 0x3, 0xee,
    0x0, 0xff, 0x90, 0x3, 0xe1, 0x40, 0xf, 0xfb,
    0x40, 0x3e, 0x70, 0xf, 0xfe, 0x3, 0x80, 0x7d,
    0x80, 0x1f, 0xf1, 0x8, 0x7, 0xc8, 0x1, 0xff,
    0x38, 0x7, 0xc4, 0x20, 0x1f, 0xf6, 0x0, 0x7c,
    0x80, 0x1f, 0xfc, 0x5, 0x0, 0xfb, 0x80, 0x3f,
    0xf8, 0x6, 0x1, 0xf1, 0x80, 0x7f, 0xc4, 0x1,
    0xf9, 0x80, 0x3f, 0xe6, 0x0, 0xfc, 0x40, 0x1f,
    0xf1, 0x0, 0x7f, 0xf2, 0x38, 0x3, 0xe1, 0x0,
    0xff, 0xe0, 0x10, 0x7, 0xc6, 0x1, 0xff, 0xc0,
    0x10, 0xf, 0x84, 0x3, 0xff, 0xaa, 0xe0, 0x1f,
    0xfc, 0x81, 0x0, 0xff, 0xee, 0x98, 0x7, 0xff,
    0x20, 0xc0, 0x3f, 0xfb, 0xa2, 0x1, 0xff, 0xc8,
    0x70, 0xf, 0xfe, 0xe8, 0x80, 0x7c, 0x20, 0x1f,
    0xfc, 0x2, 0x0, 0xf8, 0xc0, 0x3f, 0xf8, 0x1c,
    0x1, 0xf0, 0x80, 0x7f, 0xf0, 0x8, 0x3, 0xff,
    0x90, 0xc0, 0x1f, 0x88, 0x3, 0xfe, 0x20, 0xf,
    0xcc, 0x1, 0xff, 0xc0, 0x20, 0xf, 0x88, 0x3,
    0xff, 0x80, 0x80, 0x1f, 0x78, 0x7, 0xff, 0x3,
    0x0, 0x3e, 0x40, 0xf, 0xfe, 0x3, 0x80, 0x7c,
    0x42, 0x1, 0xff, 0x10, 0x80, 0x7c, 0xa0, 0x1f,
    0xfc, 0x4, 0x0, 0xfb, 0x0, 0x3f, 0xf8, 0x1e,
    0x1, 0xf3, 0x0, 0x7f, 0xf0, 0x14, 0x3, 0xe1,
    0x40, 0xf, 0xfe, 0x2, 0x0, 0x7d, 0xa0, 0x1f,
    0xfc, 0xe, 0x0, 0xf9, 0x80, 0x3f, 0xf8, 0xa,
    0x20, 0x1f, 0x30, 0x7, 0xff, 0x1, 0x80, 0x3e,
    0x80, 0xf, 0xfe, 0x4, 0x80, 0x7c, 0x2c, 0x1,
    0xff, 0xa, 0x80, 0x7d, 0x60, 0x1f, 0xfc, 0xb,
    0x0, 0xf8, 0x9c, 0x3, 0xfe, 0x17, 0x0, 0xfa,
    0x4, 0x3, 0xfe, 0x81, 0x0, 0xfa, 0xc0, 0x3f,
    0xf8, 0x16, 0x1, 0xf2, 0xa8, 0x3, 0xfe, 0x56,
    0x0, 0xfa, 0x84, 0x3, 0xfe, 0x92, 0x0, 0xfb,
    0x40, 0x3f, 0xf8, 0x1e, 0x1, 0xf1, 0xc8, 0x7,
    0xfc, 0x56, 0x1, 0xf3, 0x38, 0x7, 0xfc, 0x94,
    0x1, 0xf4, 0x28,

    /* U+0029 ")" */
    0x5f, 0xff, 0xca, 0x1, 0xff, 0x2c, 0x0, 0x7d,
    0x46, 0x1, 0xff, 0x3b, 0x0, 0x7d, 0xa4, 0x1,
    0xff, 0x49, 0x80, 0x78, 0x7c, 0x3, 0xff, 0x81,
    0xc0, 0x1f, 0x14, 0x80, 0x7f, 0xc5, 0x40, 0x1f,
    0x32, 0x0, 0x7f, 0xca, 0xa0, 0xf, 0xa8, 0x3,
    0xff, 0x81, 0x60, 0x1f, 0xc, 0x0, 0x7f, 0xc3,
    0x0, 0x1f, 0x38, 0x80, 0x7f, 0xce, 0x40, 0x1f,
    0x40, 0x7, 0xff, 0x2, 0xc0, 0x3e, 0x61, 0x0,
    0xff, 0x98, 0x40, 0x3e, 0x60, 0xf, 0xfe, 0x4,
    0x80, 0x7d, 0x20, 0x1f, 0xfc, 0x7, 0x0, 0xf8,
    0x54, 0x3, 0xff, 0x80, 0xc0, 0x1f, 0x70, 0x7,
    0xff, 0x3, 0x40, 0x3e, 0x40, 0xf, 0xfe, 0x2,
    0x8, 0x7, 0xca, 0x1, 0xff, 0xc0, 0x60, 0xf,
    0xbc, 0x3, 0xff, 0x81, 0x80, 0x1f, 0x20, 0x7,
    0xff, 0x1, 0x0, 0x3e, 0x12, 0x0, 0xff, 0xe0,
    0x18, 0x7, 0xc8, 0x1, 0xff, 0xc0, 0x50, 0xf,
    0xbc, 0x3, 0xff, 0x81, 0xe0, 0x1f, 0x28, 0x7,
    0xff, 0x0, 0x80, 0x3e, 0x30, 0xf, 0xfe, 0x3,
    0x0, 0x7e, 0x20, 0xf, 0xf8, 0x80, 0x3f, 0x30,
    0x7, 0xff, 0x0, 0x40, 0x3e, 0x20, 0xf, 0xfe,
    0x47, 0x0, 0x7f, 0xf0, 0xc, 0x3, 0xe2, 0x0,
    0xff, 0xe0, 0x8, 0x7, 0xc2, 0x1, 0xff, 0xdd,
    0x70, 0xf, 0xfe, 0x40, 0x80, 0x7f, 0xf7, 0x4c,
    0x3, 0xff, 0x90, 0x60, 0x1f, 0xfd, 0xd1, 0x0,
    0xff, 0xee, 0xb8, 0x7, 0xff, 0x0, 0x40, 0x3e,
    0x10, 0xf, 0xfe, 0x41, 0x0, 0x7f, 0xf0, 0xc,
    0x3, 0xee, 0x0, 0xff, 0xe0, 0x8, 0x7, 0xc4,
    0x1, 0xff, 0x8, 0x7, 0xe6, 0x0, 0xff, 0x94,
    0x3, 0xf1, 0x0, 0x7f, 0xc4, 0x1, 0xf1, 0x0,
    0x7f, 0xf0, 0x38, 0x3, 0xe4, 0x0, 0xff, 0xe0,
    0x20, 0x7, 0xde, 0x1, 0xff, 0xc0, 0x30, 0xf,
    0x90, 0x3, 0xfe, 0x40, 0xf, 0xc4, 0x1, 0xff,
    0x60, 0x7, 0xca, 0x1, 0xff, 0xc0, 0x50, 0xf,
    0xbc, 0x3, 0xfe, 0x32, 0x0, 0xf9, 0x40, 0x3f,
    0xea, 0x0, 0xf9, 0x0, 0x3f, 0xf8, 0xe, 0x1,
    0xf7, 0x0, 0x7f, 0xcc, 0x20, 0x1e, 0x15, 0x0,
    0xff, 0xa0, 0x3, 0xe6, 0x0, 0xff, 0x94, 0x40,
    0x3e, 0x90, 0xf, 0xfa, 0x0, 0x3e, 0x51, 0x0,
    0xff, 0x39, 0x0, 0x7d, 0x60, 0x1f, 0xe1, 0x80,
    0xf, 0x9c, 0x40, 0x3f, 0xd6, 0x1, 0xf0, 0xc0,
    0x7, 0xf9, 0x54, 0x1, 0xf5, 0x80, 0x7f, 0x86,
    0xc0, 0x3e, 0x55, 0x0, 0x7f, 0xb4, 0x40, 0x3c,
    0x54, 0x1, 0xfe, 0x93, 0x0, 0xfb, 0x80, 0x3f,
    0xce, 0xc0, 0x1f, 0x59, 0x80, 0x7f, 0x2c, 0x0,
    0x7d, 0x48, 0x1, 0xfe,

    /* U+002A "*" */
    0x0, 0xff, 0xe1, 0x11, 0x9f, 0xc4, 0x1, 0xff,
    0xd0, 0x8c, 0xcf, 0xa0, 0x3, 0xff, 0xa1, 0xa0,
    0x1f, 0x10, 0x7, 0xff, 0x40, 0x80, 0x3e, 0xe0,
    0xf, 0xfe, 0x83, 0x0, 0x7c, 0x40, 0x1f, 0xfd,
    0x2, 0x0, 0xf9, 0x80, 0x3f, 0xfa, 0x2, 0x1,
    0xf1, 0x0, 0x7f, 0xf4, 0x48, 0x3, 0x88, 0x3,
    0xff, 0x8c, 0x20, 0x1f, 0xf3, 0x80, 0x73, 0x0,
    0x7f, 0xc2, 0x1, 0xed, 0xc4, 0x0, 0xfe, 0x20,
    0xe, 0x20, 0xf, 0xe4, 0xbc, 0x0, 0xe1, 0x33,
    0x5e, 0x20, 0x7, 0xdc, 0x1, 0xdc, 0x1, 0xf2,
    0x65, 0xa1, 0x10, 0x3, 0x38, 0x4, 0x77, 0x88,
    0x1, 0xc4, 0x1, 0xc4, 0x1, 0xc9, 0x96, 0x60,
    0x12, 0x80, 0x6a, 0x0, 0xe3, 0xbc, 0x50, 0x9,
    0x80, 0x39, 0x80, 0x24, 0xcb, 0x30, 0xe, 0xa0,
    0x8, 0x4c, 0x3, 0xe3, 0xad, 0x50, 0x20, 0xe,
    0x30, 0x4c, 0xb3, 0x0, 0xf8, 0x88, 0x0, 0x70,
    0xf, 0xf1, 0x56, 0xc0, 0x7, 0x46, 0x59, 0x80,
    0x7f, 0x94, 0x1, 0x40, 0x1f, 0xfc, 0x2, 0x70,
    0xe, 0x73, 0x0, 0xff, 0xe0, 0x58, 0x0, 0x80,
    0x3f, 0xfa, 0xa4, 0x21, 0xdc, 0xb8, 0x52, 0x0,
    0xff, 0xe5, 0x92, 0xc5, 0xf7, 0x4, 0x0, 0x28,
    0xf5, 0xbf, 0xb4, 0xe8, 0x20, 0x1f, 0xf0, 0xa3,
    0xd6, 0x7e, 0xd3, 0xa0, 0x80, 0x7f, 0x89, 0x62,
    0xfb, 0x80, 0x1f, 0xdb, 0xd7, 0xa, 0x60, 0x1f,
    0xfc, 0x94, 0x0, 0xfe, 0x40, 0xf, 0xfe, 0x6a,
    0xd0, 0x7, 0xf4, 0xa8, 0x7, 0xff, 0x2d, 0x28,
    0x3, 0xfe, 0xa5, 0x0, 0xff, 0xe4, 0x9d, 0x80,
    0x71, 0xf9, 0x80, 0x75, 0x20, 0x7, 0xff, 0x1c,
    0xf0, 0x3, 0xd0, 0x1e, 0x1, 0xeb, 0x30, 0xf,
    0xfe, 0x29, 0x68, 0x7, 0x8d, 0x0, 0xd0, 0x3,
    0xd8, 0x60, 0x1f, 0xfc, 0x32, 0xc1, 0x0, 0xf7,
    0x80, 0x52, 0x1, 0xf6, 0x90, 0x7, 0xff, 0x4,
    0x70, 0x40, 0x3c, 0x86, 0x1, 0x12, 0x80, 0x78,
    0x70, 0x80, 0x3f, 0xe1, 0xc1, 0x0, 0xfa, 0x40,
    0x3a, 0xc0, 0x3e, 0x1c, 0x10, 0xf, 0xf6, 0x90,
    0x7, 0xca, 0x40, 0x1c, 0x2c, 0x1, 0xf0, 0xe0,
    0x7, 0xfb, 0x88, 0x3, 0xeb, 0x0, 0xfa, 0x0,
    0x3e, 0x2f, 0x0, 0xff, 0x16, 0xb0, 0x7, 0x30,
    0x80, 0x7c, 0x2e, 0x1, 0xcd, 0xa4, 0x1, 0xff,
    0xc0, 0x9b, 0x10, 0xa, 0x0, 0x3f, 0xa0, 0x40,
    0x2a, 0x90, 0xf, 0xfe, 0x1a, 0x79, 0x83, 0x88,
    0x7, 0xfa, 0x40, 0xf5, 0x40, 0x3f, 0xf8, 0xa3,
    0x91, 0x0, 0xf, 0xf9, 0xe3, 0x8, 0x3, 0xf8,

    /* U+002B "+" */
    0x0, 0xff, 0xe0, 0x12, 0x27, 0xc4, 0x1, 0xff,
    0xcc, 0xab, 0xbf, 0xa8, 0x3, 0xff, 0xfe, 0x1,
    0xff, 0xff, 0x0, 0xff, 0xff, 0x80, 0x7f, 0xff,
    0xc0, 0x3f, 0xff, 0xe6, 0x89, 0xff, 0x10, 0x7,
    0xc4, 0x89, 0xff, 0x1f, 0xdd, 0xff, 0xca, 0x1,
    0xf2, 0xdd, 0xff, 0xde, 0x1, 0xff, 0xff, 0x0,
    0xff, 0xff, 0x80, 0x7f, 0xf9, 0x33, 0xff, 0xfe,
    0x70, 0xf, 0x9f, 0xff, 0xfe, 0xc0, 0xf, 0xff,
    0xf8, 0x7, 0xff, 0xfc, 0x3, 0xff, 0xfe, 0x1,
    0xff, 0xff, 0x0, 0xff, 0xff, 0x80, 0x7f, 0xf2,
    0x40,

    /* U+002C "," */
    0x0, 0xe7, 0xce, 0xfe, 0xb6, 0x0, 0xf0, 0xec,
    0x18, 0x80, 0xa4, 0xd8, 0x7, 0x59, 0x0, 0x7c,
    0x90, 0x1, 0xa, 0x80, 0x7f, 0x30, 0x4, 0x40,
    0x1f, 0xe1, 0x0, 0x9c, 0x3, 0xfe, 0x10, 0xf,
    0xfe, 0x2b, 0x80, 0x7f, 0xf0, 0x88, 0x3, 0xfe,
    0x10, 0x0, 0xa0, 0x7, 0xf0, 0x80, 0x6a, 0x20,
    0xf, 0xca, 0x1, 0x87, 0x60, 0xc0, 0x3d, 0x80,
    0x1e, 0x78, 0x0, 0xf2, 0x0, 0x7d, 0xc0, 0x1c,
    0x46, 0x1, 0xf2, 0x80, 0x75, 0x0, 0x7d, 0x0,
    0x1e, 0x60, 0xf, 0xb, 0x80, 0x73, 0x88, 0x7,
    0xac, 0x3, 0x8a, 0x0, 0x3c, 0xaa, 0x0, 0xee,
    0x0, 0xf1, 0xd0, 0x7, 0x41, 0x80, 0x70, 0xe8,
    0x7, 0x3b, 0x80, 0x38, 0x70, 0x40, 0x34, 0x40,
    0x3, 0xc0,

    /* U+002D "-" */
    0x3, 0x3f, 0xfe, 0x39, 0x1e, 0x67, 0xff, 0x1e,
    0x40, 0x3f, 0xff, 0xe0, 0x1f, 0xff, 0xf0, 0xf,
    0xfe, 0x30,

    /* U+002E "." */
    0x0, 0x9f, 0x3b, 0xfa, 0xd8, 0x3, 0xe, 0xc1,
    0x88, 0xa, 0x4e, 0x0, 0x54, 0x40, 0x1f, 0x1c,
    0x0, 0xa0, 0x7, 0xf3, 0x1, 0x0, 0x7f, 0x84,
    0x1c, 0x3, 0xfe, 0x10, 0xf, 0xfe, 0xb, 0x80,
    0x7f, 0xf0, 0x8, 0x3, 0xfc, 0x23, 0x20, 0x7,
    0xf3, 0x0, 0x28, 0x80, 0x3e, 0x38, 0x0, 0xe,
    0xc1, 0x80, 0x4, 0xe7, 0x0, 0x0,

    /* U+002F "/" */
    0x0, 0xff, 0xe4, 0x6f, 0xff, 0xb4, 0x3, 0xff,
    0x8e, 0x44, 0x0, 0xf2, 0x80, 0x7f, 0xf1, 0xd0,
    0x3, 0xeb, 0x0, 0xff, 0xe3, 0xe8, 0x7, 0x84,
    0xc0, 0x3f, 0xf8, 0xe8, 0x1, 0xe4, 0x0, 0xff,
    0xe3, 0xa0, 0x7, 0xde, 0x1, 0xff, 0xc7, 0xd0,
    0xf, 0x90, 0x3, 0xff, 0x8e, 0xe0, 0x1e, 0x31,
    0x0, 0xff, 0xe3, 0x10, 0x80, 0x7a, 0xc0, 0x3f,
    0xf8, 0xea, 0x1, 0xf2, 0x0, 0x7f, 0xf1, 0xec,
    0x3, 0xc2, 0x60, 0x1f, 0xfc, 0x61, 0x30, 0xf,
    0x20, 0x7, 0xff, 0x1d, 0x0, 0x3e, 0xf0, 0xf,
    0xfe, 0x3f, 0x80, 0x7c, 0xa0, 0x1f, 0xfc, 0x74,
    0x0, 0xf1, 0x80, 0x7f, 0xf1, 0xcc, 0x40, 0x3d,
    0x60, 0x1f, 0xfc, 0x7b, 0x0, 0xf9, 0x40, 0x3f,
    0xf8, 0xe8, 0x1, 0xe1, 0x20, 0xf, 0xfe, 0x30,
    0x98, 0x7, 0x9c, 0x3, 0xff, 0x8e, 0xe0, 0x1f,
    0x68, 0x7, 0xff, 0x1f, 0x0, 0x3e, 0x40, 0xf,
    0xfe, 0x3a, 0x80, 0x79, 0x0, 0x3f, 0xf8, 0xe6,
    0x1, 0xf6, 0x80, 0x7f, 0xf1, 0xec, 0x3, 0xe4,
    0x0, 0xff, 0xe3, 0xa8, 0x7, 0x88, 0x80, 0x1f,
    0xfc, 0x61, 0x20, 0xf, 0x28, 0x7, 0xff, 0x1d,
    0xc0, 0x3e, 0xc0, 0xf, 0xfe, 0x3e, 0x80, 0x7c,
    0x80, 0x1f, 0xfc, 0x74, 0x0, 0xf2, 0x80, 0x7f,
    0xf1, 0xd0, 0x3, 0xec, 0x0, 0xff, 0xe3, 0xe8,
    0x7, 0xce, 0x1, 0xff, 0xc7, 0x40, 0xf, 0x10,
    0x80, 0x7f, 0xf1, 0x88, 0x80, 0x1e, 0x50, 0xf,
    0xfe, 0x3a, 0x80, 0x7d, 0x60, 0x1f, 0xfc, 0x7c,
    0x0, 0xf0, 0x98, 0x7, 0xff, 0x1d, 0x0, 0x3c,
    0x80, 0x1f, 0xfc, 0x75, 0x0, 0xfb, 0xc0, 0x3f,
    0xf8, 0xf8, 0x1, 0xf2, 0x0, 0x7f, 0xf1, 0xdc,
    0x3, 0xc6, 0x20, 0x1f, 0xfc, 0x63, 0x10, 0xf,
    0x58, 0x7, 0xff, 0x1d, 0x0, 0x3e, 0x40, 0xf,
    0xfe, 0x3d, 0x80, 0x78, 0x4c, 0x3, 0xff, 0x8c,
    0x26, 0x1, 0xe7, 0x0, 0xff, 0xe3, 0xa0, 0x7,
    0xd8, 0x1, 0xff, 0xc7, 0xf0, 0xf, 0x94, 0x3,
    0xff, 0x8e, 0x80, 0x1e, 0x40, 0xf, 0xfe, 0x39,
    0x88, 0x7, 0xb0, 0x3, 0xff, 0x8f, 0x60, 0x1f,
    0x28, 0x7, 0xff, 0x1d, 0x0, 0x3c, 0x44, 0x0,
    0xff, 0xe3, 0x9, 0x80, 0x79, 0x0, 0x3f, 0xf8,
    0xee, 0x1, 0xf6, 0x80, 0x7f, 0xf1, 0xf0, 0x3,
    0xe4, 0x0, 0xff, 0xe3, 0xa8, 0x7, 0x90, 0x3,
    0xff, 0x8e, 0x80, 0x1f, 0x68, 0x7, 0xff, 0x1f,
    0x0, 0x3e, 0x40, 0xf, 0xfe, 0x3a, 0x80, 0x78,
    0x88, 0x1, 0xff, 0xc6, 0x22, 0x0, 0x79, 0x40,
    0x3f, 0xf8, 0xe8, 0x1, 0xf6, 0x0, 0x7f, 0xf1,
    0xf4, 0x3, 0xe4, 0x0, 0xff, 0xe3, 0xa0, 0x7,
    0x94, 0x3, 0xff, 0x8e, 0x80, 0x1f, 0x60, 0x7,
    0xff, 0x1f, 0x40, 0x3e, 0x70, 0xf, 0xfe, 0x3b,
    0x80, 0x78, 0xc4, 0x3, 0xff, 0x8c, 0x42, 0x1,
    0xe4, 0x0, 0xff, 0xe3, 0xa8, 0x7, 0xd6, 0x1,
    0xff, 0xc7, 0xb0, 0xf, 0x9, 0x80, 0x7f, 0xf1,
    0xcc, 0x3, 0xc8, 0x1, 0xff, 0xc7, 0x50, 0xf,
    0xbc, 0x3, 0xff, 0x8e, 0x2e, 0xff, 0x20, 0x7,
    0xff, 0x1c,

    /* U+0030 "0" */
    0x0, 0xff, 0xe2, 0x11, 0xc, 0x88, 0x1, 0xff,
    0xcf, 0x16, 0xad, 0xfd, 0xd6, 0x6e, 0xbf, 0x69,
    0x84, 0x3, 0xff, 0x90, 0x33, 0xd2, 0xa4, 0x1,
    0xf1, 0x2c, 0xf5, 0x10, 0x7, 0xff, 0x15, 0xb9,
    0x80, 0x3f, 0xf8, 0x6b, 0xae, 0x1, 0xff, 0xc3,
    0x99, 0x0, 0x7f, 0xf1, 0xe2, 0x80, 0x3f, 0xf8,
    0x32, 0xc0, 0x1f, 0xfc, 0x95, 0xa0, 0xf, 0xf9,
    0x98, 0x1, 0xff, 0xcb, 0x57, 0x0, 0xfe, 0x29,
    0x0, 0xff, 0xe6, 0xc1, 0x0, 0x7e, 0x80, 0xf,
    0xfe, 0x7c, 0x80, 0x7c, 0x6a, 0x1, 0xfc, 0x51,
    0x9d, 0xfd, 0x90, 0x40, 0x1f, 0xc8, 0x60, 0x1e,
    0x90, 0xf, 0xe6, 0xd7, 0x31, 0x1, 0x37, 0xd6,
    0x0, 0xfe, 0x90, 0xf, 0x28, 0x7, 0xe4, 0x90,
    0xf, 0xe9, 0x50, 0xf, 0xca, 0x1, 0xca, 0x1,
    0xfd, 0x20, 0x1f, 0xf5, 0x80, 0x7f, 0x28, 0x6,
    0xf0, 0xf, 0xc8, 0x40, 0x1f, 0xf0, 0xa8, 0x7,
    0xef, 0x0, 0xc8, 0x1, 0xfb, 0x40, 0x3f, 0xf8,
    0x38, 0x1, 0xf9, 0x0, 0x22, 0x10, 0xf, 0xca,
    0x1, 0xff, 0xc1, 0x40, 0xf, 0xc2, 0x40, 0x7,
    0x0, 0xfe, 0x30, 0xf, 0xfe, 0x9, 0x0, 0x7f,
    0x38, 0x0, 0x80, 0x3f, 0x8, 0x7, 0xff, 0xc,
    0x40, 0x3f, 0x68, 0x3, 0x40, 0x3f, 0x18, 0x7,
    0xff, 0xc, 0xc0, 0x3f, 0x10, 0x1, 0x80, 0x3f,
    0xf9, 0x82, 0x1, 0xf9, 0x80, 0x4, 0x1, 0xf8,
    0x40, 0x3f, 0xf9, 0x84, 0x0, 0x10, 0xf, 0xfe,
    0x63, 0x80, 0x7e, 0x10, 0xf, 0xfe, 0xc8, 0x88,
    0x3, 0xff, 0xae, 0x66, 0x0, 0xff, 0xeb, 0x88,
    0x80, 0x3f, 0xff, 0x8e, 0xe0, 0xf, 0xff, 0xeb,
    0x80, 0x7f, 0xff, 0xc0, 0x3f, 0xfa, 0xce, 0x20,
    0x1f, 0xfd, 0x83, 0x0, 0xff, 0xeb, 0x88, 0x80,
    0x3f, 0xfa, 0xe6, 0x1, 0xff, 0xd8, 0x10, 0x20,
    0xf, 0xfe, 0x63, 0x80, 0x7e, 0x10, 0x0, 0x80,
    0x7e, 0x10, 0xf, 0xfe, 0x61, 0x0, 0x14, 0x3,
    0xff, 0x98, 0x20, 0x1f, 0x98, 0x1, 0xc0, 0x1f,
    0x88, 0x3, 0xff, 0x86, 0x60, 0x1f, 0xb4, 0x0,
    0x60, 0x1f, 0xc2, 0x1, 0xff, 0xc2, 0x10, 0xf,
    0xc6, 0x0, 0x50, 0xf, 0xe2, 0x0, 0xff, 0xe0,
    0x98, 0x7, 0xf2, 0x80, 0x4, 0x80, 0x3f, 0x20,
    0x7, 0xff, 0x5, 0x0, 0x3f, 0x10, 0x80, 0x48,
    0x1, 0xfa, 0xc0, 0x3f, 0xf8, 0x36, 0x1, 0xf9,
    0x0, 0x36, 0x80, 0x7e, 0x33, 0x0, 0x7f, 0xc6,
    0x60, 0xf, 0xda, 0x1, 0x90, 0x40, 0x3f, 0x70,
    0x7, 0xfd, 0xe0, 0x1f, 0xc8, 0x1, 0xcc, 0x1,
    0xf8, 0xb0, 0x80, 0x3e, 0x2c, 0x30, 0xf, 0xce,
    0x1, 0xe9, 0x0, 0xfe, 0x3d, 0xb6, 0x43, 0x46,
    0xbd, 0x30, 0xf, 0xea, 0x0, 0xf0, 0xb8, 0x7,
    0xf9, 0x26, 0xf2, 0xe5, 0x0, 0x3f, 0xcc, 0x40,
    0x1f, 0x48, 0x80, 0x7f, 0xf3, 0x46, 0x0, 0x3f,
    0xd, 0x0, 0x7f, 0xf3, 0x68, 0x40, 0x3f, 0x92,
    0x40, 0x3f, 0xf9, 0x70, 0x80, 0x1f, 0xf3, 0x48,
    0x7, 0xff, 0x26, 0x5c, 0x3, 0xff, 0x82, 0xd8,
    0x40, 0x1f, 0xfc, 0x52, 0xc6, 0x0, 0xff, 0xe1,
    0x9e, 0xc9, 0x80, 0x7f, 0xf0, 0x4a, 0x74, 0xc0,
    0x3f, 0xf8, 0xcd, 0x9b, 0x2a, 0x62, 0x1, 0x9,
    0xac, 0x6e, 0x98, 0x3, 0xfc,

    /* U+0031 "1" */
    0x0, 0xff, 0x14, 0x47, 0xff, 0x8, 0x40, 0x3f,
    0xf8, 0xe3, 0x8e, 0xff, 0xfc, 0x22, 0x0, 0xff,
    0xe3, 0xd0, 0x80, 0x7f, 0xf5, 0x65, 0x0, 0x3f,
    0xfa, 0xaa, 0xc0, 0x1f, 0xfd, 0x53, 0xa0, 0xf,
    0xfe, 0xa8, 0xe8, 0x7, 0xff, 0x5b, 0x44, 0x3,
    0xf4, 0x0, 0x7f, 0xf3, 0x24, 0xc0, 0x3f, 0x5a,
    0x80, 0x7f, 0xf2, 0xd9, 0x80, 0x1f, 0xa1, 0x0,
    0x3f, 0xf9, 0x67, 0x20, 0x1f, 0x95, 0xc0, 0x3f,
    0xf9, 0x63, 0xa0, 0x1f, 0x8a, 0x80, 0x3f, 0xf9,
    0x9a, 0x20, 0x1f, 0xf, 0x80, 0x7f, 0xf3, 0x8,
    0x80, 0x1f, 0xa8, 0x80, 0x3f, 0xf9, 0x85, 0xe8,
    0x1, 0xe8, 0x40, 0xf, 0xfe, 0x70, 0xdc, 0x0,
    0x65, 0x70, 0xf, 0xfe, 0x8b, 0xe0, 0x81, 0x50,
    0x7, 0xff, 0x4c, 0xfd, 0x7c, 0x3, 0xff, 0xaa,
    0x34, 0x40, 0x1f, 0xff, 0xf0, 0xf, 0xff, 0xf8,
    0x7, 0xff, 0xfc, 0x3, 0xff, 0xfe, 0x1, 0xff,
    0xff, 0x0, 0xff, 0xff, 0x80, 0x7f, 0xff, 0xc0,
    0x3f, 0xff, 0xe0, 0x1f, 0xff, 0xf0, 0xf, 0xff,
    0xf8, 0x7, 0xff, 0xfc, 0x3, 0xff, 0xfe, 0x1,
    0xff, 0xff, 0x0, 0xff, 0xe8, 0x27, 0xff, 0xfd,
    0xa0, 0x1f, 0xd9, 0xff, 0xfe, 0x0, 0xff, 0xff,
    0x80, 0x7f, 0xff, 0xc0, 0x3f, 0xff, 0xe0, 0x1f,
    0xfc, 0xf0,

    /* U+0032 "2" */
    0x0, 0xff, 0xe2, 0x9, 0x8, 0x7, 0xff, 0x38,
    0x56, 0x73, 0xfd, 0xdb, 0xdf, 0xed, 0xa6, 0x20,
    0xf, 0xfe, 0x31, 0xd7, 0x53, 0x18, 0x7, 0xc4,
    0xb3, 0xb8, 0xa0, 0x1f, 0xfc, 0x21, 0x9c, 0x50,
    0xf, 0xfe, 0x19, 0xd6, 0x10, 0x7, 0xfc, 0x5e,
    0xc0, 0x1f, 0xfc, 0x73, 0xd4, 0x0, 0xfe, 0x3d,
    0x10, 0xf, 0xfe, 0x55, 0x98, 0x7, 0xc5, 0x80,
    0x1f, 0xfc, 0xdd, 0x10, 0xf, 0x78, 0x7, 0xff,
    0x38, 0x64, 0x3, 0xa0, 0x80, 0x3f, 0xf9, 0xee,
    0x1, 0x85, 0xc0, 0x3f, 0xcd, 0x7d, 0xfd, 0x90,
    0x20, 0x1f, 0xf3, 0x0, 0x50, 0x1, 0xfc, 0x7d,
    0x28, 0x20, 0x26, 0xfc, 0x80, 0x1f, 0xec, 0x0,
    0x98, 0x3, 0xf1, 0x60, 0x80, 0x7e, 0xb3, 0x0,
    0xfe, 0x70, 0x2, 0x80, 0x7f, 0x78, 0x7, 0xfd,
    0x0, 0x1f, 0xc4, 0x21, 0xa0, 0x1f, 0x98, 0x80,
    0x3f, 0xe4, 0x10, 0xf, 0xe3, 0x8, 0xc6, 0x0,
    0xf5, 0x80, 0x7f, 0xf0, 0x54, 0x3, 0xf8, 0x40,
    0x7, 0x3f, 0x46, 0x0, 0x22, 0x0, 0x7f, 0xf0,
    0x44, 0x3, 0xf9, 0xc0, 0x39, 0x73, 0x5e, 0x80,
    0x3f, 0xfa, 0x85, 0xe, 0x1, 0xff, 0xef, 0x70,
    0xf, 0xfe, 0x60, 0x80, 0x7f, 0x18, 0x7, 0xff,
    0x31, 0x40, 0x3f, 0x8, 0x7, 0xff, 0x30, 0x44,
    0x1, 0xf9, 0x0, 0x3f, 0xf9, 0x8c, 0x1, 0xfd,
    0xe0, 0x1f, 0xfc, 0xc9, 0x0, 0xfc, 0x2a, 0x1,
    0xff, 0xcb, 0x61, 0x0, 0xfd, 0x20, 0x1f, 0xfc,
    0xb1, 0x80, 0xf, 0xc2, 0xc0, 0x1f, 0xfc, 0xba,
    0x10, 0xf, 0xd0, 0x20, 0x1f, 0xfc, 0xa8, 0x40,
    0xf, 0xc6, 0xc0, 0x1f, 0xfc, 0xa5, 0x70, 0xf,
    0xc3, 0xa0, 0x1f, 0xfc, 0xa4, 0xa0, 0xf, 0xea,
    0x10, 0xf, 0xfe, 0x4a, 0x58, 0x7, 0xf4, 0x20,
    0x7, 0xff, 0x25, 0x2c, 0x3, 0xf9, 0xdc, 0x1,
    0xff, 0xc9, 0x4b, 0x0, 0xfe, 0x58, 0x0, 0xff,
    0xe4, 0xa5, 0x80, 0x7f, 0x25, 0x0, 0x7f, 0xf2,
    0x52, 0xc0, 0x3f, 0x92, 0xc0, 0x3f, 0xf9, 0x29,
    0x60, 0x1f, 0xc9, 0x60, 0x1f, 0xfc, 0x94, 0xb0,
    0xf, 0xe4, 0xb0, 0xf, 0xfe, 0x4a, 0x58, 0x7,
    0xf2, 0x58, 0x7, 0xff, 0x25, 0x2c, 0x3, 0xf9,
    0x2c, 0x3, 0xff, 0x92, 0x96, 0x1, 0xfc, 0x96,
    0x1, 0xff, 0xc9, 0x4b, 0x0, 0xfe, 0x4b, 0x0,
    0xff, 0xe4, 0xa5, 0x80, 0x7f, 0x25, 0x80, 0x7f,
    0xf2, 0x52, 0xc0, 0x3f, 0x92, 0xc0, 0x3f, 0xf9,
    0x29, 0x60, 0x1f, 0xc9, 0x60, 0x1f, 0xfc, 0x94,
    0xb0, 0xf, 0xe4, 0xb0, 0xf, 0xfe, 0x4a, 0x58,
    0x7, 0xf2, 0x58, 0x7, 0xff, 0x2a, 0x0, 0x3f,
    0x92, 0x84, 0x7f, 0xf9, 0x20, 0x1, 0x0, 0xfe,
    0x4e, 0xef, 0xfe, 0x53, 0x80, 0x7f, 0xff, 0xc0,
    0x3f, 0xff, 0xe0, 0x1f, 0xff, 0xf0, 0xf, 0xfe,
    0x40,

    /* U+0033 "3" */
    0x0, 0xff, 0xe0, 0x13, 0xd6, 0x77, 0xfb, 0xb9,
    0xb4, 0xe8, 0x1, 0xff, 0xc9, 0x7d, 0xd4, 0x29,
    0x88, 0x0, 0x44, 0x4b, 0x17, 0xf4, 0x60, 0x1f,
    0xfc, 0x47, 0xe8, 0x20, 0xf, 0xfe, 0x12, 0xe5,
    0x90, 0x7, 0xff, 0x0, 0xb2, 0x4, 0x3, 0xff,
    0x8c, 0x9a, 0xa0, 0x1f, 0xe3, 0xc3, 0x0, 0xff,
    0xe5, 0x53, 0x0, 0x7e, 0x4c, 0x10, 0xf, 0xfe,
    0x64, 0x98, 0x7, 0x8e, 0xc0, 0x3f, 0xf9, 0xfc,
    0x1, 0xee, 0x0, 0xff, 0xe0, 0x88, 0x7, 0xff,
    0x8, 0x94, 0x3, 0x49, 0x0, 0x7f, 0x1c, 0xef,
    0xf7, 0xfa, 0xd8, 0x3, 0xfe, 0xe0, 0xd, 0x42,
    0x1, 0xf0, 0xd6, 0x31, 0x0, 0x64, 0x9c, 0x10,
    0xf, 0xe4, 0x0, 0xc7, 0xe4, 0x1, 0xc5, 0x8a,
    0x1, 0xfc, 0x74, 0x1, 0xfe, 0x20, 0xc, 0x3a,
    0x80, 0x10, 0xe1, 0x0, 0x7f, 0xc8, 0x80, 0xf,
    0xe6, 0x0, 0xf5, 0xb0, 0x3, 0x44, 0x3, 0xff,
    0x83, 0x80, 0x1f, 0xc4, 0x1, 0xf4, 0xc9, 0xcc,
    0x3, 0xff, 0x84, 0x40, 0x1f, 0xfc, 0x66, 0x80,
    0xf, 0xfe, 0x69, 0x80, 0x7f, 0xf5, 0xc4, 0x3,
    0xff, 0x9a, 0x60, 0x1f, 0xca, 0x1, 0xff, 0xcd,
    0xe0, 0xf, 0xc2, 0x20, 0xf, 0xfe, 0x6b, 0x0,
    0x7e, 0x60, 0xf, 0xfe, 0x6c, 0x8, 0x7, 0xea,
    0x0, 0xff, 0xe6, 0x43, 0x80, 0x7e, 0x62, 0x0,
    0xff, 0xe4, 0x93, 0x6b, 0x80, 0x7e, 0x29, 0x0,
    0xff, 0xe1, 0xce, 0xee, 0xef, 0xd9, 0x20, 0xf,
    0xc5, 0x80, 0x1f, 0xfc, 0x42, 0x2e, 0x10, 0xf,
    0xf9, 0x74, 0x40, 0x3f, 0xfa, 0x69, 0x94, 0x1,
    0xff, 0xd3, 0x7f, 0xb3, 0x0, 0xff, 0xea, 0x12,
    0x8, 0x7, 0xff, 0x55, 0x6f, 0xad, 0x0, 0x3f,
    0xfa, 0xc9, 0x76, 0x10, 0xf, 0xfe, 0xb2, 0x79,
    0x0, 0x7f, 0xf0, 0xef, 0xff, 0xba, 0xdc, 0x40,
    0x3f, 0x87, 0x4, 0x3, 0xff, 0x90, 0x29, 0x1d,
    0x20, 0x1f, 0xc3, 0x60, 0x1f, 0xfc, 0xc6, 0xc0,
    0xf, 0xe5, 0x30, 0xf, 0xfe, 0x61, 0xc0, 0x7,
    0xf5, 0x0, 0x7f, 0xf3, 0x5c, 0x40, 0x3f, 0x38,
    0x7, 0xff, 0x39, 0x0, 0x3f, 0x8, 0x80, 0x3f,
    0xf9, 0xba, 0x1, 0xfc, 0xa0, 0x1f, 0xfc, 0xd1,
    0x0, 0xfe, 0x10, 0xf, 0xfe, 0xb9, 0x80, 0x7c,
    0x20, 0x1f, 0xfc, 0xf3, 0x0, 0xf4, 0xe8, 0x7,
    0xff, 0x14, 0x40, 0x3f, 0x84, 0x3, 0x16, 0x31,
    0xa8, 0x7, 0xff, 0x13, 0x80, 0x3f, 0x9c, 0x2,
    0x4c, 0x30, 0x5, 0x88, 0x7, 0xff, 0xd, 0xc0,
    0x3f, 0x8c, 0x1, 0x16, 0x20, 0x10, 0xe8, 0x7,
    0xff, 0x9, 0x44, 0x3, 0xf1, 0x80, 0xdb, 0x80,
    0x78, 0xec, 0x3, 0xff, 0x80, 0x36, 0x1, 0xfc,
    0x80, 0xa8, 0x1, 0xf9, 0x34, 0xc0, 0x3f, 0x8f,
    0x4, 0x3, 0xfa, 0x81, 0x14, 0x3, 0xf8, 0xb2,
    0xd4, 0x40, 0x21, 0x4a, 0xc2, 0x0, 0xfe, 0x42,
    0x0, 0x58, 0x80, 0x7f, 0x92, 0xbb, 0xfb, 0xfa,
    0xd4, 0x3, 0xfe, 0x90, 0x8, 0x74, 0x3, 0xff,
    0x84, 0x20, 0x1f, 0xfc, 0x27, 0x20, 0xc, 0x76,
    0x1, 0xff, 0xcf, 0x48, 0x0, 0xf2, 0x58, 0x7,
    0xff, 0x35, 0x2c, 0x3, 0xf2, 0x69, 0x80, 0x7f,
    0xf2, 0x9a, 0xc0, 0x3f, 0xc5, 0x90, 0x20, 0x1f,
    0xfc, 0x62, 0xb9, 0x0, 0xff, 0xe0, 0xbf, 0x41,
    0x0, 0x7f, 0xf0, 0x92, 0xb5, 0x0, 0x3f, 0xf8,
    0x8f, 0xba, 0x96, 0x31, 0x0, 0xc4, 0x8f, 0x5d,
    0x6a, 0x1, 0xfc,

    /* U+0034 "4" */
    0x0, 0xff, 0xe3, 0x11, 0x9f, 0xfc, 0x20, 0x1f,
    0xfc, 0xb3, 0xdc, 0xcf, 0xfa, 0x40, 0x3f, 0xf9,
    0x70, 0x1, 0xff, 0xd7, 0x34, 0x0, 0xff, 0xeb,
    0xf8, 0x7, 0xff, 0x5d, 0xc, 0x3, 0xff, 0xaf,
    0x0, 0x1f, 0xfd, 0x74, 0x30, 0xf, 0xfe, 0xbc,
    0x0, 0x7f, 0xf5, 0xd0, 0xc0, 0x3f, 0xfa, 0xf2,
    0x1, 0xeb, 0xa0, 0xf, 0xfe, 0x7a, 0x90, 0x7,
    0x1a, 0x0, 0x7f, 0xf4, 0x20, 0x3, 0xd0, 0x1,
    0xff, 0xd0, 0x52, 0x0, 0xe3, 0x40, 0xf, 0xfe,
    0x84, 0x0, 0x7a, 0x0, 0x3f, 0xfa, 0xc, 0x40,
    0x1c, 0x48, 0x1, 0xff, 0xd0, 0xb0, 0xf, 0x40,
    0x7, 0xff, 0x41, 0x88, 0x3, 0x89, 0x40, 0x3f,
    0xfa, 0x10, 0x1, 0xe8, 0x0, 0xff, 0xe8, 0x30,
    0x80, 0x71, 0x28, 0x7, 0xff, 0x42, 0x0, 0x3d,
    0x60, 0x1f, 0xfd, 0x7, 0x10, 0xe, 0x16, 0x0,
    0xff, 0xe8, 0x48, 0x7, 0xa0, 0x3, 0xff, 0xa0,
    0xe2, 0x1, 0xc2, 0xc0, 0x1f, 0xfd, 0x9, 0x0,
    0xf4, 0x80, 0x7f, 0xf4, 0x1c, 0x40, 0x38, 0x5c,
    0x3, 0xff, 0x9e, 0x30, 0x1, 0xe9, 0x0, 0xff,
    0xe8, 0x48, 0x7, 0x85, 0xc0, 0x3f, 0xf9, 0xe2,
    0xe0, 0x1e, 0x60, 0xf, 0xfe, 0x84, 0x80, 0x7d,
    0x20, 0x1f, 0xfc, 0xf1, 0x70, 0xf, 0x38, 0x80,
    0x7f, 0xf3, 0xe4, 0x3, 0xe9, 0x0, 0xff, 0xe7,
    0x8b, 0x80, 0x79, 0xc4, 0x3, 0xff, 0x9f, 0x0,
    0x1f, 0x48, 0x7, 0xff, 0x3c, 0x58, 0x3, 0xcc,
    0x20, 0x1f, 0xfc, 0xf8, 0x0, 0xfa, 0x0, 0x3f,
    0xfa, 0xa, 0x1, 0xe1, 0x89, 0x9f, 0xfe, 0x7,
    0x0, 0x7e, 0x49, 0x9e, 0x80, 0xf, 0x85, 0x9b,
    0xff, 0x82, 0x80, 0x1f, 0x8d, 0x9b, 0x94, 0x3,
    0xff, 0xfe, 0x1, 0xff, 0xff, 0x0, 0xff, 0xfe,
    0x67, 0xff, 0xff, 0x22, 0x80, 0x3f, 0x3f, 0xff,
    0x68, 0x7, 0xff, 0xfc, 0x3, 0xff, 0xfe, 0x1,
    0xff, 0xff, 0x0, 0xff, 0xff, 0x80, 0x7f, 0xfa,
    0x9d, 0xff, 0xb0, 0x3, 0xc0,

    /* U+0035 "5" */
    0x0, 0xc2, 0x3f, 0xfd, 0x0, 0xf, 0x93, 0xbb,
    0xff, 0xa0, 0xc0, 0x1e, 0x10, 0xf, 0xfe, 0xb9,
    0x80, 0x7f, 0xf5, 0xc4, 0x3, 0xff, 0xaf, 0xe0,
    0x1f, 0xfd, 0x71, 0x0, 0xff, 0xeb, 0x98, 0x7,
    0xff, 0x5c, 0x40, 0x3f, 0xfa, 0xee, 0x1, 0xf7,
    0xff, 0xff, 0x25, 0x80, 0x3c, 0x20, 0x1f, 0xfd,
    0x73, 0x0, 0xf0, 0x80, 0x7f, 0xf4, 0x4, 0x3,
    0xc6, 0x1, 0xff, 0xd7, 0x10, 0xf, 0xfe, 0x78,
    0x80, 0x7c, 0xe0, 0x1f, 0xfc, 0xf3, 0x0, 0xf8,
    0x40, 0x3f, 0xf9, 0xe2, 0x1, 0xf1, 0x80, 0x7f,
    0xf3, 0xdc, 0x3, 0xe1, 0x0, 0xff, 0xe7, 0x88,
    0x7, 0xde, 0x1, 0xff, 0xd7, 0x10, 0xf, 0xfe,
    0x79, 0x80, 0x7c, 0x40, 0x1c, 0x51, 0x9d, 0xfe,
    0xdc, 0x95, 0x10, 0xf, 0xf8, 0x40, 0x3e, 0x70,
    0x8, 0x6b, 0x5c, 0xc4, 0x0, 0x46, 0xd5, 0xd4,
    0x40, 0x1f, 0xde, 0x1, 0xf0, 0x80, 0xb, 0xd4,
    0x3, 0xfe, 0x5d, 0x80, 0xf, 0xc2, 0x1, 0xf1,
    0x80, 0xf8, 0x80, 0x7f, 0xf0, 0x9e, 0x80, 0x3e,
    0x30, 0xf, 0x84, 0x2c, 0x80, 0x3f, 0xf8, 0x8b,
    0x60, 0x1e, 0x10, 0xf, 0xc6, 0xa0, 0x1f, 0xfc,
    0x64, 0x80, 0xe, 0x70, 0xf, 0x8, 0x50, 0x7,
    0xff, 0x21, 0xc8, 0x3, 0x8, 0x7, 0xca, 0xe0,
    0x18, 0x8c, 0x80, 0x3f, 0xf8, 0x56, 0x1, 0x8c,
    0x3, 0xc3, 0x42, 0xb, 0x9f, 0xb9, 0xbf, 0x8c,
    0x1, 0xff, 0x30, 0x6, 0x10, 0xf, 0xc3, 0x94,
    0x60, 0x1c, 0x73, 0x82, 0x1, 0xfe, 0x50, 0x8,
    0x80, 0x3e, 0x1c, 0x30, 0xf, 0xe3, 0xd0, 0xf,
    0xf6, 0x0, 0x5b, 0xfd, 0x72, 0xea, 0x74, 0x40,
    0x1f, 0xf1, 0xa8, 0x7, 0xf2, 0x80, 0x70, 0xa3,
    0x45, 0x62, 0x0, 0x7f, 0xf0, 0x64, 0x3, 0xf8,
    0xc0, 0x3f, 0xf9, 0xa6, 0x1, 0xfe, 0x10, 0xf,
    0xfe, 0x69, 0x0, 0x7f, 0x18, 0x7, 0xff, 0x34,
    0x40, 0x3f, 0x84, 0x3, 0xff, 0x9a, 0xe0, 0x1f,
    0xff, 0xf0, 0xf, 0x8, 0x7, 0xff, 0x35, 0xc0,
    0x3f, 0x8c, 0x3, 0xcd, 0x40, 0x1f, 0xfc, 0x51,
    0x0, 0xfe, 0x10, 0xe, 0x99, 0x2a, 0x0, 0x7f,
    0xf1, 0x8, 0x3, 0xf1, 0x0, 0x62, 0xc6, 0x0,
    0x50, 0x80, 0x7f, 0xf0, 0x90, 0x3, 0xf9, 0xc0,
    0x24, 0xc3, 0x0, 0x86, 0x80, 0x3f, 0xf8, 0x5e,
    0x1, 0xfd, 0x80, 0x8, 0xb1, 0x0, 0xe4, 0xb0,
    0xf, 0xfe, 0x2, 0xa0, 0x7, 0xf3, 0x81, 0xb8,
    0x7, 0xe4, 0xd3, 0x0, 0xfe, 0x5a, 0x0, 0xfe,
    0x41, 0x3, 0x50, 0xf, 0xe2, 0xcb, 0x51, 0x0,
    0x85, 0x72, 0x80, 0x3f, 0xde, 0x1, 0x58, 0x80,
    0x7f, 0x92, 0xbb, 0xfb, 0xfa, 0x8c, 0x3, 0xfc,
    0x88, 0x0, 0x86, 0x80, 0x3f, 0xf8, 0x42, 0x1,
    0xff, 0xc2, 0x90, 0xe, 0x48, 0x0, 0xff, 0xe7,
    0xd1, 0x0, 0x79, 0xe4, 0x3, 0xff, 0x9b, 0x2a,
    0x1, 0xf9, 0xac, 0x40, 0x3f, 0xf9, 0x54, 0xc0,
    0x1f, 0xe4, 0xf6, 0x0, 0xff, 0xe3, 0xa6, 0xa8,
    0x7, 0xff, 0x0, 0x67, 0x98, 0x40, 0x3f, 0xf8,
    0x4b, 0x96, 0x40, 0x1f, 0xfc, 0x31, 0x9e, 0xc8,
    0x52, 0x10, 0x8, 0x49, 0x1e, 0xfe, 0x8c, 0x3,
    0xf8,

    /* U+0036 "6" */
    0x0, 0xff, 0xe2, 0xbc, 0x47, 0xfc, 0xc0, 0x1f,
    0xfc, 0x91, 0xc8, 0x77, 0xff, 0x23, 0x80, 0x7f,
    0xf2, 0xf, 0xcc, 0x3, 0xfc, 0xf8, 0x20, 0x1f,
    0xfc, 0x75, 0xc1, 0x0, 0xff, 0x4c, 0x0, 0x7f,
    0xf2, 0x12, 0x80, 0x3f, 0xc3, 0x8c, 0x1, 0xff,
    0xc8, 0x4b, 0x0, 0xff, 0x16, 0x18, 0x7, 0xff,
    0x20, 0xec, 0x3, 0xfc, 0x78, 0x40, 0x1f, 0xfc,
    0x81, 0xd0, 0xf, 0xf2, 0x60, 0x80, 0x7f, 0xf2,
    0x74, 0x40, 0x3f, 0x92, 0xc0, 0x3f, 0xf9, 0x50,
    0x60, 0x1f, 0xc9, 0x60, 0x1f, 0xfc, 0xa4, 0x70,
    0xf, 0xe3, 0xb0, 0xf, 0xfe, 0x50, 0xd0, 0x7,
    0xf1, 0x68, 0x7, 0xff, 0x2e, 0x4, 0x3, 0xf0,
    0xf8, 0x80, 0x7f, 0xf2, 0x89, 0x80, 0x3f, 0xa8,
    0x80, 0x3f, 0xf9, 0x7c, 0x1, 0xfc, 0xe8, 0x1,
    0xff, 0xcb, 0x53, 0x0, 0xfc, 0x50, 0x1, 0xff,
    0xcc, 0x80, 0xf, 0xee, 0x0, 0xff, 0xe6, 0x21,
    0x0, 0x7e, 0x63, 0x0, 0xff, 0xe6, 0x78, 0x7,
    0xf4, 0x0, 0x7f, 0xf3, 0x9, 0x0, 0x3f, 0x30,
    0x80, 0x7f, 0xf3, 0x28, 0x3, 0xfa, 0x0, 0x32,
    0xce, 0xf7, 0xfb, 0xae, 0xc, 0x3, 0xfe, 0x50,
    0xf, 0xc8, 0x20, 0x5, 0xea, 0x62, 0x10, 0x0,
    0xa3, 0xe6, 0xa8, 0x7, 0xe3, 0x20, 0xf, 0xdc,
    0x0, 0x9a, 0x10, 0xf, 0xf1, 0x55, 0x88, 0x7,
    0x90, 0x3, 0xf9, 0x42, 0x58, 0x3, 0xff, 0x84,
    0x98, 0x20, 0x1d, 0x60, 0x1f, 0x94, 0x19, 0x80,
    0x1f, 0xfc, 0x42, 0xc0, 0xe, 0x30, 0xf, 0xda,
    0x30, 0x1, 0xff, 0xc6, 0x29, 0x0, 0x8c, 0x3,
    0xf9, 0x18, 0x40, 0x3f, 0xf8, 0xec, 0x60, 0x5,
    0x0, 0xfe, 0x6a, 0x0, 0xc4, 0x66, 0x10, 0xf,
    0xfe, 0xc, 0x0, 0x38, 0x3, 0xfa, 0x88, 0x12,
    0xff, 0x73, 0x1d, 0xc8, 0x10, 0xf, 0xf2, 0x8,
    0x10, 0x7, 0xfd, 0x36, 0x80, 0x1c, 0x2f, 0xe6,
    0x1, 0xfe, 0x60, 0x60, 0xf, 0xf3, 0xb0, 0x7,
    0xf0, 0xe8, 0x80, 0x7f, 0x60, 0x8, 0x7, 0xf0,
    0xc0, 0x7, 0xfc, 0x30, 0x1, 0xfc, 0xa0, 0x60,
    0x1f, 0xcc, 0x1, 0xff, 0xc1, 0x60, 0xf, 0xe1,
    0x21, 0x0, 0xfe, 0xc0, 0xf, 0xfe, 0x11, 0x80,
    0x7f, 0x30, 0x7, 0xf9, 0x40, 0x3f, 0xf8, 0x4a,
    0x1, 0xfc, 0x22, 0x0, 0xfe, 0x10, 0xf, 0xfe,
    0x10, 0x80, 0x7f, 0x18, 0x7, 0xff, 0x60, 0x80,
    0x3f, 0xfa, 0xee, 0x1, 0xff, 0xd7, 0x20, 0xf,
    0xfe, 0xb1, 0x78, 0x7, 0xf1, 0x0, 0x7f, 0xf0,
    0x88, 0x3, 0xf9, 0xd4, 0x3, 0xf9, 0xc0, 0x3f,
    0xf8, 0x4e, 0x1, 0xfc, 0x66, 0x0, 0xfe, 0xc0,
    0xf, 0xfe, 0x8, 0x90, 0x7, 0xe2, 0x0, 0x20,
    0x7, 0xe6, 0x0, 0xff, 0xe0, 0xb0, 0x7, 0xf2,
    0x0, 0x38, 0x3, 0xfa, 0x40, 0x3f, 0xe2, 0x80,
    0xf, 0xed, 0x0, 0x28, 0x80, 0x7e, 0x68, 0x0,
    0xfe, 0x2c, 0x0, 0xfe, 0x24, 0x0, 0x98, 0x3,
    0xf9, 0xf5, 0x88, 0x3, 0x24, 0xe8, 0x80, 0x7f,
    0x58, 0x6, 0x91, 0x0, 0xfe, 0x29, 0xdf, 0xef,
    0xf5, 0xb0, 0x7, 0xf8, 0x98, 0x3, 0xd, 0x80,
    0x7f, 0xf0, 0x44, 0x3, 0xff, 0x85, 0x20, 0x1e,
    0x55, 0x0, 0x7f, 0xf3, 0xa1, 0x0, 0x3e, 0xa4,
    0x0, 0xff, 0xe6, 0x33, 0x80, 0x7f, 0x5b, 0x0,
    0x7f, 0xf2, 0xa2, 0x40, 0x3f, 0xe9, 0xa1, 0x0,
    0xff, 0xe3, 0x1e, 0x38, 0x7, 0xff, 0x5, 0x7a,
    0x48, 0x3, 0xff, 0x84, 0x97, 0x86, 0x1, 0xff,
    0xc4, 0x6d, 0xd4, 0xa9, 0x88, 0x6, 0x24, 0x6a,
    0xeb, 0x40, 0xf, 0xe0,

    /* U+0037 "7" */
    0xf, 0xff, 0xfe, 0xa9, 0x80, 0x7f, 0xff, 0xc0,
    0x3f, 0xff, 0xe0, 0x1f, 0xff, 0xf0, 0xf, 0xfe,
    0x8f, 0xff, 0xff, 0xf, 0x0, 0x3f, 0x84, 0x3,
    0xff, 0x99, 0x40, 0x1f, 0x8c, 0x80, 0x3f, 0xf9,
    0x8e, 0x1, 0xfa, 0xc0, 0x3f, 0xf9, 0x88, 0x20,
    0x1f, 0x98, 0x3, 0xff, 0x99, 0xc0, 0x1f, 0x90,
    0x40, 0x3f, 0xf9, 0x62, 0xa0, 0x1f, 0xb4, 0x3,
    0xff, 0x98, 0xe0, 0x1f, 0xce, 0x1, 0xff, 0xcc,
    0xa0, 0xf, 0xca, 0x20, 0x1f, 0xfc, 0xb2, 0x30,
    0xf, 0xde, 0x1, 0x9d, 0xfe, 0x80, 0xf, 0xfe,
    0x2, 0x80, 0x7f, 0x28, 0x6, 0x88, 0xf9, 0xc0,
    0x3f, 0xf8, 0x14, 0x1, 0xf9, 0x40, 0x3f, 0xf9,
    0x86, 0x40, 0x1f, 0xb8, 0x3, 0xff, 0x99, 0x40,
    0x1f, 0x85, 0x0, 0x3f, 0xf9, 0x8e, 0x1, 0xf9,
    0xc0, 0x3f, 0xf9, 0x88, 0x20, 0x1f, 0xa8, 0x3,
    0xff, 0x99, 0xc0, 0x1f, 0x84, 0xc0, 0x3f, 0xf9,
    0x62, 0xa0, 0x1f, 0x98, 0x3, 0xff, 0x98, 0xe0,
    0x1f, 0xd4, 0x1, 0xff, 0xcc, 0xa0, 0xf, 0xc4,
    0x40, 0xf, 0xfe, 0x59, 0x18, 0x7, 0xea, 0x0,
    0xff, 0xe6, 0x28, 0x7, 0xf2, 0x80, 0x7f, 0xf3,
    0x28, 0x3, 0xf1, 0x90, 0x7, 0xff, 0x2c, 0xc8,
    0x3, 0xf5, 0x0, 0x7f, 0xf3, 0x28, 0x3, 0xf9,
    0xc0, 0x3f, 0xf9, 0x8e, 0x1, 0xf9, 0x4, 0x3,
    0xff, 0x96, 0xa2, 0x1, 0xfb, 0x80, 0x3f, 0xf9,
    0x9e, 0x1, 0xfc, 0xa0, 0x1f, 0xfc, 0xb1, 0x50,
    0xf, 0xca, 0x1, 0xff, 0xcc, 0x70, 0xf, 0xef,
    0x0, 0xff, 0xe6, 0x50, 0x7, 0xf2, 0x80, 0x7f,
    0xf2, 0xc8, 0xc0, 0x3f, 0x30, 0x7, 0xff, 0x31,
    0x40, 0x3f, 0xb4, 0x3, 0xff, 0x99, 0x40, 0x1f,
    0x85, 0x0, 0x3f, 0xf9, 0x66, 0x40, 0x1f, 0x9c,
    0x3, 0xff, 0x99, 0x40, 0x1f, 0xd4, 0x1, 0xff,
    0xcc, 0x70, 0xf, 0xc4, 0x60, 0x1f, 0xfc, 0xb5,
    0x10, 0xf, 0xca, 0x1, 0xff, 0xcc, 0xf0, 0xf,
    0xea, 0x0, 0xff, 0xe5, 0x8a, 0x80, 0x7e, 0x22,
    0x0, 0x7f, 0xf2, 0xdc, 0x3, 0xfa, 0x80, 0x3f,
    0xf9, 0x94, 0x1, 0xfc, 0xc0, 0x1f, 0xfc, 0xb2,
    0x30, 0xf, 0xc6, 0x20, 0x1f, 0xfc, 0xba, 0x0,
    0xfe, 0xa0, 0xf, 0xfe, 0x62, 0x80, 0x7f, 0x38,
    0x7, 0xff, 0x2c, 0xc8, 0x3, 0xf2, 0x8, 0x7,
    0xff, 0x2d, 0xdf, 0xfd, 0x0, 0x1f, 0xfc, 0x40,

    /* U+0038 "8" */
    0x0, 0xff, 0xe0, 0x8a, 0x2b, 0xba, 0x1d, 0xca,
    0x82, 0x1, 0xff, 0xcb, 0x4a, 0xee, 0x5d, 0x44,
    0x1e, 0x21, 0x57, 0xdc, 0xa4, 0x0, 0xff, 0xe3,
    0x36, 0xda, 0x88, 0x7, 0xfc, 0x2b, 0x7c, 0xc0,
    0x1f, 0xfc, 0x21, 0xc9, 0x20, 0xf, 0xfe, 0x28,
    0xce, 0x8, 0x7, 0xfc, 0x3e, 0x60, 0x1f, 0xfc,
    0x93, 0xf1, 0x0, 0xff, 0x68, 0x80, 0x7f, 0xf2,
    0xc7, 0x0, 0x3f, 0xa4, 0xc0, 0x3f, 0xf9, 0xa5,
    0x20, 0x1f, 0x13, 0x0, 0x7f, 0xf3, 0xd8, 0x80,
    0x3d, 0x60, 0x1f, 0xe2, 0x8c, 0xef, 0xec, 0x82,
    0x0, 0xff, 0x58, 0x7, 0x9c, 0x3, 0xf9, 0xb5,
    0xcc, 0x40, 0x4d, 0xf5, 0xc0, 0x3f, 0x9c, 0x3,
    0x88, 0x40, 0x3f, 0x34, 0x80, 0x7f, 0x43, 0x0,
    0x7e, 0x12, 0x0, 0xce, 0x1, 0xfd, 0x0, 0x1f,
    0xf4, 0x80, 0x7f, 0x20, 0x6, 0x20, 0xf, 0xca,
    0x20, 0x1f, 0xfc, 0x6, 0x0, 0xfc, 0x20, 0x1b,
    0xc0, 0x3f, 0x60, 0x7, 0xff, 0x7, 0xc0, 0x3f,
    0x78, 0x6, 0x10, 0xf, 0xc6, 0x1, 0xff, 0xc1,
    0x20, 0xf, 0xc2, 0x1, 0x84, 0x3, 0xf0, 0x80,
    0x7f, 0xf2, 0x84, 0x3, 0x78, 0x7, 0xff, 0x4f,
    0xc0, 0x31, 0x0, 0x7e, 0x10, 0xf, 0xfe, 0x8,
    0x80, 0x7e, 0x20, 0xc, 0x80, 0x1f, 0x88, 0x3,
    0xff, 0x82, 0x60, 0x1f, 0x9c, 0x3, 0x9, 0x0,
    0x7d, 0x80, 0x1f, 0xfc, 0x1c, 0x0, 0xf8, 0x88,
    0x1, 0xd4, 0x1, 0xf2, 0x10, 0x7, 0xfc, 0x2a,
    0x1, 0xf5, 0x0, 0x79, 0xc4, 0x3, 0xee, 0x0,
    0xff, 0xa8, 0x3, 0xe1, 0x70, 0xf, 0xac, 0x3,
    0xe3, 0xc1, 0x0, 0xf8, 0x6d, 0x0, 0x3e, 0xb0,
    0xf, 0xca, 0xe0, 0x1f, 0x1f, 0x53, 0x21, 0xa3,
    0x57, 0x20, 0x7, 0xce, 0xa0, 0x1f, 0xd1, 0x0,
    0xf, 0xcb, 0x37, 0x97, 0x2a, 0x1, 0xfa, 0x20,
    0x1, 0xff, 0x3e, 0x18, 0x7, 0xff, 0x1c, 0xad,
    0xc0, 0x3f, 0xf8, 0x27, 0x98, 0x40, 0xf, 0xfe,
    0x19, 0xde, 0xa0, 0x7, 0xff, 0x10, 0xc8, 0x3,
    0xff, 0x86, 0xa8, 0x1, 0xff, 0xc4, 0x4b, 0xf6,
    0x0, 0xff, 0xe1, 0xb7, 0xda, 0x0, 0x7f, 0xf0,
    0x6, 0xec, 0x80, 0x1f, 0xfc, 0x74, 0xbc, 0x20,
    0xf, 0xe3, 0xe4, 0x0, 0xff, 0xe5, 0x9e, 0xa0,
    0x7, 0xc7, 0x80, 0x1f, 0xc7, 0x3b, 0xdf, 0xdb,
    0x26, 0x1, 0xfd, 0x66, 0x1, 0xed, 0x0, 0xfe,
    0xac, 0x62, 0x10, 0x12, 0x6c, 0xa0, 0xf, 0xed,
    0x10, 0xd, 0x2, 0x1, 0xfa, 0xd4, 0x3, 0xf9,
    0x6c, 0x3, 0xf0, 0xc0, 0x6, 0x70, 0xf, 0xca,
    0x80, 0x1f, 0xf2, 0x28, 0x7, 0xe6, 0x0, 0x94,
    0x3, 0xfa, 0x40, 0x3f, 0xf8, 0x32, 0x1, 0xfc,
    0xc0, 0xc, 0x0, 0xfe, 0x30, 0xf, 0xfe, 0x9,
    0x80, 0x7f, 0x60, 0x1, 0x40, 0x3f, 0x10, 0x7,
    0xff, 0xc, 0x80, 0x3f, 0x38, 0x0, 0x80, 0x3f,
    0x8, 0x7, 0xff, 0xd, 0x80, 0x3f, 0x10, 0x0,
    0x40, 0x3f, 0xff, 0x62, 0x1, 0xff, 0xce, 0x70,
    0xf, 0xe1, 0x1, 0x0, 0xfc, 0x40, 0x1f, 0xfc,
    0x31, 0x0, 0xff, 0x88, 0x3, 0xf0, 0x88, 0x3,
    0xff, 0x82, 0x24, 0x1, 0xf8, 0x80, 0xa, 0x1,
    0xfc, 0xe0, 0x1f, 0xfc, 0x17, 0x0, 0xfe, 0x70,
    0x7, 0x80, 0x7f, 0x40, 0x80, 0x7f, 0xf0, 0x20,
    0x3, 0xfb, 0x0, 0xe, 0x1, 0xfc, 0x34, 0x1,
    0xff, 0x58, 0x80, 0x7f, 0x38, 0x0, 0x54, 0x3,
    0xf9, 0x35, 0x40, 0x3e, 0x5d, 0x40, 0xf, 0xe4,
    0x10, 0xa, 0x0, 0x3f, 0xc5, 0x5d, 0x73, 0x13,
    0x7d, 0x44, 0x1, 0xfe, 0x80, 0xc, 0x4c, 0x1,
    0xff, 0xa, 0x33, 0xb2, 0x8, 0x7, 0xfc, 0xc6,
    0x1, 0xd2, 0x60, 0x1f, 0xfc, 0xf2, 0x90, 0xf,
    0xb4, 0x80, 0x3f, 0xf9, 0xa5, 0x80, 0x1f, 0x87,
    0x10, 0x3, 0xff, 0x96, 0x78, 0x20, 0x1f, 0xc3,
    0x72, 0x20, 0x1f, 0xfc, 0x88, 0xc1, 0x0, 0xff,
    0xe0, 0x37, 0x41, 0x0, 0x7f, 0xf0, 0xca, 0x39,
    0xc0, 0x3f, 0xf8, 0x8f, 0xba, 0x96, 0x42, 0x10,
    0x8, 0x49, 0x1a, 0x77, 0x4e, 0x20, 0x1f, 0x80,

    /* U+0039 "9" */
    0x0, 0xff, 0x85, 0x62, 0xf7, 0xbf, 0xee, 0xca,
    0x62, 0x0, 0xff, 0xe4, 0x25, 0xf5, 0x3a, 0x10,
    0x80, 0x42, 0x6b, 0x3b, 0xa7, 0x0, 0xff, 0xe2,
    0x1e, 0x5a, 0x0, 0x7f, 0xf0, 0x8a, 0x39, 0x40,
    0x3f, 0xf8, 0x2d, 0x86, 0x1, 0xff, 0xc6, 0x1a,
    0xa0, 0x7, 0xfd, 0x12, 0x1, 0xff, 0xca, 0x5b,
    0x0, 0xfe, 0x77, 0x0, 0x7f, 0xf3, 0x12, 0x80,
    0x3e, 0x38, 0x0, 0xff, 0xe7, 0x2b, 0x0, 0x7b,
    0x80, 0x3f, 0xf8, 0x42, 0x1, 0xff, 0xc1, 0x91,
    0x0, 0xcc, 0x40, 0x1f, 0xe5, 0xbe, 0xfe, 0xfd,
    0x92, 0x0, 0xff, 0x40, 0x6, 0xb0, 0xf, 0xe1,
    0xca, 0x41, 0x0, 0x89, 0xb5, 0xc0, 0x3f, 0x98,
    0x40, 0x6, 0x40, 0x1f, 0xd8, 0x60, 0x1f, 0xd0,
    0xc0, 0x1f, 0xce, 0x0, 0xb0, 0xf, 0xe7, 0x20,
    0xf, 0xfa, 0x44, 0x3, 0xf6, 0x80, 0x14, 0x3,
    0xfa, 0x40, 0x3f, 0xf8, 0x2c, 0x1, 0xf9, 0x0,
    0x4, 0x1, 0xf8, 0x84, 0x3, 0xff, 0x83, 0x80,
    0x1f, 0xc8, 0x40, 0x1f, 0xce, 0x1, 0xff, 0xc2,
    0x50, 0xf, 0xe3, 0x60, 0xf, 0xe3, 0x0, 0xff,
    0xe1, 0x8, 0x7, 0xf7, 0x8, 0x7, 0xf0, 0x80,
    0x7f, 0xf3, 0x14, 0xc0, 0x3f, 0xfa, 0xc2, 0x1,
    0xff, 0xd7, 0x33, 0x0, 0x7f, 0x8, 0x7, 0xff,
    0x30, 0x44, 0x1, 0xfc, 0x60, 0x1f, 0xfc, 0x21,
    0x0, 0xff, 0x38, 0x7, 0xf3, 0x80, 0x7f, 0xf0,
    0x88, 0x3, 0xfc, 0x40, 0x1f, 0xc4, 0x20, 0x1f,
    0xfc, 0x14, 0x0, 0xff, 0x8, 0x80, 0x3f, 0x98,
    0x3, 0xff, 0x83, 0x40, 0x1f, 0xc2, 0xa, 0x1,
    0xfd, 0x22, 0x1, 0xff, 0x39, 0x0, 0x7f, 0x18,
    0x60, 0x7, 0xf0, 0xe0, 0x80, 0x7f, 0x34, 0x0,
    0x7f, 0x98, 0x18, 0x3, 0xfc, 0x5e, 0xe4, 0x1,
    0xc9, 0x72, 0x1, 0xff, 0x10, 0xa, 0x80, 0x7f,
    0x86, 0x37, 0xb7, 0x37, 0xed, 0x0, 0x68, 0x3,
    0xfb, 0xc0, 0x12, 0x1, 0xff, 0xc1, 0x12, 0x32,
    0x0, 0xcc, 0xe0, 0x1f, 0xca, 0x0, 0x37, 0x0,
    0xff, 0xe3, 0x8c, 0xa0, 0x7, 0xf1, 0x80, 0x50,
    0x40, 0x1f, 0xfc, 0x68, 0x1c, 0x0, 0xfc, 0x60,
    0x1d, 0x84, 0x1, 0xff, 0xc4, 0x56, 0x4, 0x0,
    0xfc, 0x80, 0x1c, 0x38, 0x80, 0x1f, 0xfc, 0x26,
    0xa0, 0x41, 0x0, 0xfd, 0x60, 0x1e, 0x1b, 0xa2,
    0x0, 0xff, 0xd, 0x48, 0x3, 0x80, 0x3f, 0x9,
    0x80, 0x7e, 0x5d, 0xc7, 0x41, 0x0, 0x9, 0x2d,
    0x72, 0x80, 0x5, 0x40, 0x3f, 0x30, 0x7, 0xfc,
    0x71, 0x7d, 0xfe, 0xed, 0xa5, 0x0, 0xd2, 0x1,
    0xfd, 0x40, 0x1f, 0xfc, 0xc1, 0x70, 0xf, 0xc6,
    0x40, 0x1f, 0xfc, 0xc9, 0x0, 0xfe, 0x90, 0xf,
    0xfe, 0x61, 0xb8, 0x7, 0xe2, 0x50, 0xf, 0xfe,
    0x67, 0x80, 0x7f, 0x40, 0x7, 0xff, 0x31, 0xcc,
    0x3, 0xf1, 0xa8, 0x7, 0xff, 0x2c, 0xe0, 0x3,
    0xfb, 0xc0, 0x3f, 0xf9, 0x63, 0xa0, 0x1f, 0xcc,
    0x60, 0x1f, 0xfc, 0xbc, 0x10, 0xf, 0xe8, 0x0,
    0xff, 0xe5, 0xd9, 0x0, 0x7f, 0x50, 0x80, 0x7f,
    0xf2, 0xad, 0x0, 0x3f, 0x99, 0x40, 0x3f, 0xf9,
    0x56, 0x80, 0x1f, 0xc7, 0x20, 0x1f, 0xfc, 0xab,
    0x40, 0xf, 0xf7, 0x0, 0x7f, 0xf2, 0x47, 0x10,
    0x3, 0xfd, 0x84, 0x1, 0xff, 0xc8, 0x2c, 0x30,
    0xf, 0xf5, 0x98, 0x7, 0xff, 0x20, 0xf0, 0x80,
    0x3f, 0xd4, 0x80, 0x1f, 0xfc, 0x86, 0xc1, 0x0,
    0xff, 0x52, 0x80, 0x7f, 0xf2, 0x22, 0x40, 0x3f,
    0xc3, 0x8a, 0x1, 0xff, 0xc7, 0x1b, 0x70, 0xf,
    0xf1, 0x61, 0x80, 0x7f, 0xf2, 0x1c, 0xdd, 0xff,
    0xd1, 0xa4, 0x1, 0xff, 0xc3,

    /* U+003A ":" */
    0x0, 0x2d, 0xf7, 0xfb, 0x60, 0x40, 0x2a, 0xa2,
    0x8, 0x0, 0x9f, 0xcc, 0x19, 0x40, 0x3e, 0x1e,
    0xa, 0x0, 0xfe, 0x23, 0x30, 0x7, 0xf9, 0x40,
    0x3f, 0xfa, 0xe6, 0x60, 0xf, 0xf3, 0x50, 0x7,
    0xf1, 0x1b, 0x28, 0x7, 0xc3, 0xe0, 0xa, 0xa2,
    0x8, 0x0, 0xdf, 0xc8, 0x2, 0x5b, 0xef, 0xf6,
    0x40, 0x80, 0x7f, 0xff, 0xc0, 0x3f, 0xff, 0xe0,
    0x1f, 0xfe, 0x25, 0xbe, 0xfe, 0xc8, 0x10, 0xa,
    0xa8, 0x82, 0x2, 0x6f, 0xe4, 0xc, 0xa0, 0x1f,
    0xf, 0x85, 0x0, 0x7f, 0x11, 0x98, 0x3, 0xfc,
    0xc0, 0x1f, 0xf1, 0x80, 0x7f, 0xf3, 0xc, 0x3,
    0xfc, 0xb4, 0x1, 0xfc, 0x46, 0xca, 0x1, 0xf0,
    0xf0, 0x2, 0xa8, 0x82, 0x0, 0x27, 0xf3, 0x0,

    /* U+003B ";" */
    0x0, 0xe5, 0xbe, 0xfe, 0xc8, 0x10, 0xf, 0x55,
    0x10, 0x40, 0x4d, 0xfc, 0x80, 0x33, 0x28, 0x7,
    0xc3, 0xe0, 0x1a, 0x80, 0x3f, 0x88, 0xc0, 0x23,
    0x0, 0xff, 0x30, 0x7, 0xff, 0x8, 0xc0, 0x3f,
    0xfa, 0xa6, 0x1, 0xfe, 0x50, 0xa, 0x80, 0x3f,
    0x88, 0xc0, 0x26, 0x50, 0xf, 0x87, 0x80, 0x3a,
    0xa8, 0x82, 0x0, 0x27, 0xf3, 0x0, 0xf2, 0xdf,
    0x7f, 0xb6, 0x4, 0x3, 0xff, 0xfe, 0x1, 0xff,
    0xff, 0x0, 0xff, 0xff, 0x80, 0x7f, 0xf6, 0x56,
    0xfb, 0xfb, 0x20, 0x40, 0x3d, 0x54, 0x41, 0x1,
    0x37, 0xf2, 0x0, 0xcc, 0xa0, 0x1f, 0xf, 0x80,
    0x6a, 0x0, 0xfe, 0x23, 0x0, 0x8c, 0x3, 0xfc,
    0xc0, 0x1f, 0xfc, 0x23, 0x0, 0xff, 0xea, 0x98,
    0x7, 0xf8, 0xc0, 0x2a, 0x0, 0xff, 0x30, 0x4,
    0xca, 0x1, 0xfc, 0x60, 0x1a, 0xad, 0x40, 0x3c,
    0x60, 0x1e, 0x4a, 0x10, 0xe, 0x40, 0xf, 0x94,
    0x40, 0x3a, 0x80, 0x3e, 0xe0, 0xe, 0x32, 0x0,
    0xf1, 0xa0, 0x7, 0x48, 0x7, 0xd0, 0x1, 0xc6,
    0xa0, 0x1e, 0x54, 0x0, 0xef, 0x0, 0xf1, 0x58,
    0x7, 0x39, 0x80, 0x7b, 0x84, 0x3, 0x24, 0x0,
    0x7a, 0xcc, 0x3, 0x1d, 0x80, 0x7a, 0x90, 0x3,
    0x26, 0x0, 0x78,

    /* U+003C "<" */
    0x0, 0xff, 0xf6, 0x52, 0x80, 0x7f, 0xf3, 0x4f,
    0x54, 0x3, 0xff, 0x9b, 0x18, 0x40, 0x1f, 0xfc,
    0xc2, 0xc7, 0x0, 0xff, 0xe6, 0xb6, 0x98, 0x7,
    0xff, 0x30, 0x6e, 0x40, 0x3f, 0xf9, 0xa9, 0xe8,
    0x1, 0xff, 0xcd, 0x9b, 0x10, 0xf, 0xfe, 0x61,
    0xeb, 0x0, 0x7f, 0xf3, 0x5f, 0x8, 0x3, 0xfe,
    0x10, 0xf, 0xfe, 0x0, 0xdc, 0x0, 0x7f, 0xc3,
    0x68, 0x1, 0xff, 0x2f, 0xa0, 0x7, 0xfc, 0xdc,
    0x80, 0x1f, 0xf5, 0x50, 0x40, 0x3f, 0xc3, 0x72,
    0x1, 0xff, 0x1e, 0xa8, 0x7, 0xfc, 0xbe, 0x80,
    0x1f, 0xf4, 0x61, 0x0, 0x7f, 0x86, 0xe8, 0x40,
    0x3f, 0xc5, 0x8e, 0x1, 0xff, 0x2f, 0xa0, 0x7,
    0xfc, 0xda, 0x60, 0x1f, 0xe1, 0xaa, 0x8, 0x7,
    0xf8, 0x6e, 0x40, 0x3f, 0xe5, 0xf5, 0x0, 0xff,
    0x93, 0xd0, 0x3, 0xfc, 0x35, 0x41, 0x0, 0xff,
    0x92, 0xc4, 0x3, 0xfc, 0x9e, 0xa0, 0x1f, 0xfc,
    0x11, 0x0, 0xff, 0xa6, 0xc4, 0x3, 0xff, 0x98,
    0x9c, 0xc0, 0x1f, 0xfc, 0xeb, 0x10, 0xf, 0xfe,
    0x7b, 0x80, 0x7f, 0xf4, 0x23, 0x8, 0x3, 0xff,
    0x9e, 0x7a, 0xc0, 0x1f, 0xfc, 0x35, 0x60, 0xf,
    0xfa, 0x6c, 0x80, 0x3f, 0xf8, 0x53, 0x62, 0x1,
    0xfe, 0x4d, 0x60, 0xf, 0xfe, 0x12, 0x7a, 0x0,
    0x7f, 0xd3, 0x62, 0x1, 0xff, 0xc1, 0x1b, 0x90,
    0xf, 0xf9, 0x39, 0x80, 0x3f, 0xf8, 0x4d, 0xa6,
    0x1, 0xff, 0x4d, 0x88, 0x7, 0xff, 0x4, 0xb1,
    0xc0, 0x3f, 0xe4, 0xe6, 0x0, 0xff, 0xe1, 0x46,
    0x10, 0x7, 0xfd, 0x36, 0x20, 0x1f, 0xfc, 0x13,
    0xd6, 0x0, 0xff, 0x93, 0xd4, 0x3, 0xff, 0x85,
    0x34, 0x20, 0x1f, 0xe1, 0xaa, 0x8, 0x7, 0xff,
    0x5, 0x7d, 0x0, 0x3f, 0xe5, 0xf3, 0x0, 0xff,
    0xe0, 0x8d, 0xc8, 0x7, 0xfc, 0x2c, 0x1, 0xff,
    0xc3, 0x6d, 0x30, 0xf, 0xfe, 0x79, 0x63, 0x80,
    0x7f, 0xf4, 0x23, 0x4, 0x3, 0xff, 0x9e, 0x7c,
    0xa0, 0x1f, 0xfd, 0xa, 0xa0, 0x80, 0x7f, 0xf3,
    0xd7, 0xd0, 0x3, 0xff, 0x9e, 0x37, 0x0, 0x1f,
    0xfd, 0x7, 0xd2, 0x0, 0xff, 0xe7, 0x96, 0xa0,

    /* U+003D "=" */
    0xcf, 0xff, 0xfe, 0x9e, 0x0, 0x7f, 0xff, 0xc0,
    0x3f, 0xff, 0xe0, 0x1f, 0xfe, 0x48, 0x99, 0xff,
    0xe9, 0xc2, 0x33, 0x7f, 0xf4, 0xd0, 0x3, 0xff,
    0xfe, 0x1, 0xff, 0xff, 0x0, 0xff, 0xff, 0x80,
    0x79, 0x19, 0xbf, 0xfa, 0x69, 0x13, 0x3f, 0xfd,
    0x38, 0x0, 0xff, 0xff, 0x80, 0x7f, 0xff, 0xc0,
    0x3f, 0xfc, 0x80,

    /* U+003E ">" */
    0x0, 0xff, 0xe8, 0xad, 0x8, 0x7, 0xff, 0x3d,
    0x7d, 0x0, 0x3f, 0xf9, 0xe3, 0x70, 0x1, 0xff,
    0xd0, 0x7d, 0x20, 0xf, 0xfe, 0x79, 0x6b, 0x80,
    0x7f, 0xf4, 0x22, 0xc4, 0x3, 0xff, 0x9e, 0x9e,
    0xa0, 0x1f, 0xfc, 0xf1, 0xaa, 0x0, 0x7f, 0xf4,
    0x17, 0x8c, 0x3, 0xff, 0x86, 0xc0, 0x1f, 0xf0,
    0xe4, 0x0, 0x7f, 0xf0, 0x8f, 0x8, 0x3, 0xfe,
    0x7c, 0x20, 0xf, 0xfe, 0x9, 0xeb, 0x0, 0x7f,
    0xc7, 0xac, 0x1, 0xff, 0xc2, 0x9c, 0x20, 0xf,
    0xfa, 0x6c, 0x40, 0x3f, 0xf8, 0x27, 0xac, 0x1,
    0xff, 0x27, 0xa8, 0x7, 0xff, 0xa, 0x6c, 0x40,
    0x3f, 0xc3, 0x52, 0x1, 0xff, 0xc2, 0x4e, 0x60,
    0xf, 0xf9, 0xb4, 0xc0, 0x3f, 0xf8, 0x53, 0x62,
    0x1, 0xfe, 0x2c, 0x80, 0xf, 0xfe, 0x12, 0x73,
    0x0, 0x7f, 0xcf, 0x84, 0x1, 0xff, 0xc2, 0x9b,
    0x10, 0xf, 0xf1, 0xeb, 0x0, 0x7f, 0xf0, 0x93,
    0xd4, 0x3, 0xfe, 0x95, 0x0, 0xff, 0xe1, 0xd,
    0x50, 0x40, 0x3f, 0xf9, 0xeb, 0xea, 0x1, 0xff,
    0xcf, 0x1a, 0x10, 0xf, 0xfe, 0x7b, 0x88, 0x7,
    0xff, 0x34, 0xb2, 0x0, 0x3f, 0xf9, 0xaf, 0xa6,
    0x1, 0xff, 0xcc, 0x2c, 0x80, 0xf, 0xf9, 0xd4,
    0x3, 0xff, 0x80, 0xda, 0x60, 0x1f, 0xe1, 0xb8,
    0x0, 0xff, 0x8b, 0x24, 0x3, 0xfe, 0x5f, 0x40,
    0xf, 0xf9, 0xb4, 0xc0, 0x3f, 0xe9, 0xa1, 0x0,
    0xff, 0xd, 0xc8, 0x7, 0xfc, 0x7a, 0xc0, 0x1f,
    0xf2, 0xf2, 0x0, 0x7f, 0xd1, 0x84, 0x1, 0xfe,
    0x1b, 0xa0, 0xf, 0xf8, 0xb1, 0xc0, 0x3f, 0xe5,
    0xf4, 0x0, 0xff, 0x9b, 0x4c, 0x3, 0xfc, 0x35,
    0x41, 0x0, 0xff, 0xd, 0xc8, 0x7, 0xfc, 0x5e,
    0xa0, 0x1f, 0xf2, 0x7a, 0x0, 0x7f, 0xf0, 0x1c,
    0x40, 0x3f, 0xe9, 0xb1, 0x0, 0xff, 0xe6, 0x1e,
    0xb0, 0x7, 0xff, 0x35, 0xf0, 0x80, 0x3f, 0xf9,
    0x83, 0x70, 0x1, 0xff, 0xcd, 0x5f, 0x40, 0xf,
    0xfe, 0x6d, 0x50, 0x40, 0x3f, 0xf9, 0x87, 0xca,
    0x1, 0xff, 0xcd, 0x8c, 0x10, 0xf, 0xfe, 0x61,
    0x63, 0x80, 0x7f, 0xf3, 0x53, 0x4c, 0x3, 0xff,
    0x9c,

    /* U+003F "?" */
    0x0, 0xff, 0xe1, 0x8, 0xc0, 0x1f, 0xfc, 0xb2,
    0x7b, 0xef, 0xee, 0xbf, 0xb2, 0x54, 0x40, 0x3f,
    0xf8, 0x69, 0x7b, 0x8, 0x20, 0x1c, 0x26, 0xd5,
    0xd4, 0x60, 0x1f, 0xfc, 0x9, 0xb4, 0x0, 0xff,
    0xe1, 0x2e, 0x40, 0x7, 0xf0, 0xeb, 0x0, 0x7f,
    0xf1, 0x9f, 0x4, 0x3, 0xc3, 0x84, 0x1, 0xff,
    0xc8, 0x3d, 0x0, 0xf6, 0x90, 0x7, 0xff, 0x28,
    0xe4, 0x3, 0x41, 0x80, 0x7f, 0xf3, 0x18, 0x80,
    0x2, 0xe0, 0x1f, 0xfc, 0xe8, 0x0, 0x40, 0x7,
    0xf0, 0xc6, 0xff, 0xb6, 0x48, 0x3, 0xfc, 0xa2,
    0xc, 0x1, 0xf8, 0xfd, 0xc8, 0x0, 0x4d, 0xac,
    0x1, 0xfe, 0x55, 0x0, 0x7e, 0x2c, 0x10, 0xf,
    0xa4, 0xc0, 0x3f, 0xb3, 0xc0, 0x3f, 0x70, 0x7,
    0xfa, 0x0, 0x3f, 0x92, 0x54, 0x3, 0xca, 0x60,
    0x1f, 0xe4, 0x0, 0xfe, 0x13, 0xae, 0x81, 0x0,
    0xb8, 0x3, 0xff, 0x80, 0x20, 0x1f, 0x8c, 0x0,
    0x2f, 0xd4, 0x62, 0x80, 0x1f, 0xfc, 0x3, 0x0,
    0xfc, 0x20, 0x1c, 0xb9, 0xe0, 0x1f, 0xfd, 0x21,
    0x0, 0xff, 0xe5, 0x8, 0x7, 0xff, 0x24, 0xc0,
    0x3f, 0x10, 0x7, 0xff, 0x24, 0x40, 0x3f, 0x30,
    0x7, 0xff, 0x21, 0x0, 0x3f, 0xb0, 0x3, 0xff,
    0x91, 0xc0, 0x1f, 0xc8, 0x1, 0xff, 0xc7, 0x35,
    0x0, 0xfc, 0x64, 0x1, 0xff, 0xc6, 0x3d, 0x0,
    0xfe, 0x90, 0xf, 0xfe, 0x28, 0xc6, 0x8, 0x7,
    0xe2, 0x50, 0xf, 0xf8, 0x48, 0xd6, 0x33, 0x9c,
    0x3, 0xfd, 0xc0, 0x1f, 0xfc, 0xc, 0xdc, 0xa7,
    0x30, 0xf, 0xfa, 0xc, 0x3, 0xff, 0xa1, 0xe,
    0x1, 0xff, 0xd0, 0x97, 0x0, 0xff, 0xe7, 0xaf,
    0x30, 0x7, 0xff, 0x34, 0x5b, 0x68, 0x40, 0x3f,
    0xf9, 0x83, 0x9d, 0x24, 0x1, 0xff, 0xce, 0x33,
    0x0, 0x7f, 0xff, 0xc0, 0x3f, 0xff, 0xe0, 0x1f,
    0xfc, 0xed, 0xff, 0xfb, 0x40, 0x3f, 0xff, 0xe0,
    0x1f, 0xff, 0xf0, 0xf, 0xfe, 0x82, 0x4e, 0x65,
    0x4c, 0x1, 0xff, 0xcb, 0xab, 0x63, 0x39, 0x67,
    0x48, 0x3, 0xff, 0x90, 0xea, 0x1, 0xf1, 0x70,
    0x7, 0xff, 0x22, 0x40, 0x3f, 0x8c, 0xc0, 0x1f,
    0xfc, 0x61, 0x10, 0x7, 0xf9, 0x40, 0x3f, 0xfc,
    0xa6, 0x1, 0xff, 0x8, 0x7, 0xff, 0x18, 0xc0,
    0x3f, 0xe1, 0x0, 0xff, 0xe3, 0x8, 0x80, 0x3f,
    0xca, 0x1, 0xff, 0xc7, 0x70, 0xf, 0xe2, 0x30,
    0xf, 0xfe, 0x3c, 0x98, 0x7, 0xee, 0x0, 0xff,
    0xe4, 0xe4, 0x18, 0x80, 0x9, 0xb8, 0xc0, 0x3f,
    0xe0,

    /* U+0040 "@" */
    0x0, 0xff, 0xe4, 0xa3, 0xd6, 0x77, 0x3f, 0xee,
    0xdb, 0x96, 0x30, 0xf, 0xfe, 0xc8, 0xbe, 0x7d,
    0xc2, 0x98, 0x88, 0x2, 0x12, 0x46, 0x9c, 0xfb,
    0x50, 0xf, 0xfe, 0xa1, 0xd7, 0x41, 0x80, 0x7f,
    0xf1, 0x52, 0xbe, 0x48, 0x3, 0xff, 0x9e, 0x57,
    0x8a, 0x1, 0xff, 0xcb, 0x6d, 0x80, 0xf, 0xfe,
    0x6b, 0xea, 0x0, 0x7f, 0xf3, 0xdf, 0x90, 0x3,
    0xff, 0x95, 0x70, 0x1, 0xfc, 0x4d, 0x37, 0x9b,
    0xac, 0xba, 0x74, 0x0, 0xfe, 0x1b, 0x80, 0xf,
    0xfe, 0x39, 0x6a, 0x0, 0x7c, 0x53, 0xdb, 0x2c,
    0x86, 0x44, 0x34, 0x58, 0xbf, 0xb6, 0x0, 0xfc,
    0xf4, 0x1, 0xff, 0xc5, 0x1c, 0x20, 0xf, 0x1d,
    0xeb, 0x8, 0x7, 0xff, 0x5, 0x27, 0x9c, 0x3,
    0xe5, 0xa0, 0xf, 0xfe, 0x18, 0xe0, 0x80, 0x7a,
    0x31, 0x0, 0x3f, 0xf8, 0xc3, 0x1c, 0x80, 0x1e,
    0x58, 0x0, 0xff, 0xe1, 0x51, 0x0, 0x70, 0xe3,
    0x80, 0x7f, 0xf2, 0x86, 0xe0, 0x3, 0xce, 0xa0,
    0x1f, 0xfc, 0x8, 0x40, 0xe, 0x2f, 0x30, 0xf,
    0xfe, 0x6b, 0xc8, 0x7, 0xac, 0x40, 0x3f, 0xc6,
    0xe0, 0x1c, 0x58, 0x20, 0x1f, 0xfc, 0xf6, 0x90,
    0xe, 0x1a, 0x0, 0xff, 0x78, 0x7, 0xbc, 0x40,
    0x3f, 0xfa, 0x2c, 0xc0, 0xe, 0x43, 0x0, 0xfc,
    0xa6, 0x1, 0xd2, 0x40, 0x1f, 0xfd, 0x39, 0x20,
    0xe, 0xf0, 0xf, 0xd0, 0x1, 0xc6, 0xc0, 0x1f,
    0xfd, 0x59, 0x0, 0xe3, 0x30, 0x7, 0x94, 0x80,
    0x3b, 0xc0, 0x3f, 0xfa, 0xc8, 0x60, 0x1d, 0x20,
    0x1e, 0xe0, 0xe, 0x43, 0x0, 0xff, 0x24, 0xef,
    0x7f, 0x51, 0x80, 0x7f, 0xf1, 0x60, 0x3, 0x94,
    0x40, 0x30, 0xa0, 0x7, 0x78, 0x7, 0xf1, 0xed,
    0xb1, 0x8, 0xa, 0xe4, 0x0, 0x13, 0xff, 0xda,
    0x1, 0xe4, 0x20, 0xe, 0x40, 0xc, 0xc0, 0x1c,
    0x28, 0x1, 0xf9, 0x70, 0x80, 0x3f, 0x3b, 0x0,
    0x7f, 0xf1, 0x14, 0x3, 0xbc, 0x3, 0x58, 0x7,
    0x30, 0x7, 0xe4, 0xa0, 0xf, 0xfa, 0x44, 0x3,
    0xff, 0x87, 0x60, 0x1c, 0x80, 0x18, 0xc0, 0x3b,
    0x0, 0x3e, 0x1a, 0x0, 0xff, 0xe0, 0xb0, 0x7,
    0xff, 0xc, 0xc0, 0x38, 0x48, 0x0, 0x80, 0x1e,
    0x40, 0xf, 0xa0, 0x40, 0x3f, 0xf8, 0x36, 0x40,
    0x1f, 0xfc, 0x33, 0x0, 0xe7, 0x0, 0x60, 0x7,
    0x18, 0x7, 0xe6, 0x0, 0xfc, 0xf7, 0xb9, 0x2,
    0x72, 0x1, 0xff, 0xc3, 0x50, 0xe, 0xd0, 0x1,
    0x0, 0x72, 0x80, 0x7c, 0xc0, 0x1f, 0x17, 0x42,
    0x11, 0xbf, 0x98, 0x7, 0xff, 0x13, 0x80, 0x38,
    0x80, 0xe, 0x1, 0xdc, 0x1, 0xf6, 0x0, 0x7d,
    0xe2, 0x1, 0xc3, 0xa0, 0x1f, 0xfc, 0x42, 0x0,
    0xe6, 0x0, 0x10, 0x7, 0x10, 0x7, 0xc8, 0x1,
    0xe6, 0x20, 0xf, 0x85, 0x80, 0x3f, 0xf8, 0x62,
    0x1, 0xc4, 0x2, 0x1, 0xe6, 0x0, 0xf0, 0x88,
    0x3, 0xda, 0x1, 0xfd, 0xe0, 0x1f, 0xfc, 0x91,
    0x2, 0x0, 0xf0, 0x80, 0x78, 0x80, 0x3e, 0x50,
    0xf, 0xe2, 0x0, 0xff, 0xe5, 0xb8, 0x7, 0xff,
    0x5, 0x80, 0x3e, 0x10, 0xf, 0xfe, 0xa8, 0x80,
    0x78, 0xc0, 0x3c, 0x60, 0x1f, 0xfd, 0xd3, 0x0,
    0xff, 0xe0, 0x88, 0x7, 0xff, 0xaf, 0xc0, 0x3f,
    0xff, 0xe0, 0x1f, 0xfd, 0x8f, 0x0, 0xff, 0xea,
    0x88, 0x7, 0x10, 0x18, 0x7, 0xff, 0xa4, 0x40,
    0x40, 0x3c, 0x60, 0x1e, 0x10, 0xf, 0xfe, 0xa9,
    0x0, 0x72, 0x83, 0x80, 0x7f, 0xf0, 0x48, 0x3,
    0xff, 0xab, 0xc0, 0x1d, 0xc0, 0x40, 0x1e, 0x10,
    0xf, 0x38, 0x7, 0xc4, 0x1, 0xff, 0xcd, 0x50,
    0xe, 0x40, 0x10, 0xf, 0x30, 0x7, 0x8c, 0x3,
    0xe7, 0x0, 0xfe, 0x20, 0xf, 0xfe, 0x19, 0x80,
    0x71, 0x80, 0x8, 0x3, 0x88, 0x3, 0xe2, 0x0,
    0xf7, 0x0, 0x7f, 0x68, 0x7, 0x8c, 0x3, 0xe6,
    0x0, 0xe5, 0x0, 0x9c, 0x3, 0xb8, 0x3, 0xe4,
    0x0, 0xf2, 0x28, 0x7, 0xc8, 0x80, 0xf, 0x8,
    0x80, 0x3d, 0x60, 0x1d, 0xe0, 0x11, 0x0, 0x72,
    0x80, 0x7d, 0xa0, 0x1f, 0x52, 0x80, 0x72, 0x50,
    0x7, 0xe7, 0x0, 0xe9, 0x20, 0xc, 0x2a, 0x1,
    0x60, 0x7, 0x18, 0x7, 0xc8, 0x20, 0x1f, 0x56,
    0xcb, 0xc6, 0x58, 0x9a, 0x0, 0x7a, 0x58, 0x40,
    0xed, 0x80, 0x3a, 0x0, 0x32, 0x0, 0x79, 0x0,
    0x3e, 0x80, 0xf, 0xc4, 0xd0, 0xe6, 0x0, 0x9e,
    0x0, 0xfa, 0x7b, 0xf1, 0x0, 0x38, 0xd8, 0x3,
    0x8c, 0x3, 0xb0, 0x3, 0xe6, 0x30, 0xf, 0xfe,
    0x8, 0xaa, 0x84, 0x3, 0xff, 0x86, 0x3c, 0x1,
    0xeb, 0x0, 0xe6, 0x0, 0xfd, 0xa4, 0x1, 0xff,
    0xc0, 0x80, 0x4, 0x80, 0x7f, 0xf0, 0xf4, 0x80,
    0x3c, 0xc0, 0x1c, 0x28, 0x1, 0xf0, 0xf9, 0x0,
    0x7f, 0x95, 0x80, 0xe, 0xc0, 0x1f, 0xfc, 0x2,
    0xd3, 0x0, 0xf8, 0x50, 0x3, 0xbc, 0x3, 0xf1,
    0x6b, 0x88, 0x7, 0xcf, 0x40, 0x1a, 0x64, 0x20,
    0x1f, 0x86, 0x34, 0x80, 0x3f, 0xb8, 0x3, 0x90,
    0xc0, 0x3f, 0xa3, 0xad, 0xd9, 0x5a, 0x7a, 0x0,
    0x3c, 0xdd, 0x70, 0xca, 0xa6, 0x8c, 0xe7, 0x0,
    0xff, 0x94, 0x80, 0x3b, 0xc0, 0x3f, 0xe4, 0x89,
    0xa9, 0x61, 0x0, 0xfe, 0x47, 0x9a, 0xa4, 0xb9,
    0x80, 0x7f, 0xf0, 0xa0, 0x3, 0x8d, 0x80, 0x3f,
    0xfc, 0x8a, 0x60, 0x1d, 0x26, 0x1, 0xff, 0xe4,
    0xf0, 0xf, 0x68, 0x80, 0x7f, 0xf8, 0xcd, 0xc0,
    0x38, 0x70, 0x40, 0x3f, 0xfc, 0x70, 0x60, 0x1c,
    0x5e, 0x60, 0x1f, 0xfe, 0x3d, 0x20, 0xe, 0x1c,
    0x70, 0xf, 0xff, 0x10, 0xe0, 0x80, 0x7a, 0x31,
    0x0, 0x3f, 0xfc, 0x23, 0x84, 0x1, 0xe3, 0xbd,
    0x61, 0x0, 0xff, 0xef, 0x96, 0x20, 0x7, 0xc5,
    0x3d, 0xb2, 0xe8, 0x64, 0x5f, 0xfc, 0x40, 0xf,
    0xfe, 0x58, 0xdc, 0x0, 0x7f, 0x13, 0x45, 0xe6,
    0xef, 0xff, 0x10, 0x3, 0xff, 0x9a, 0xfa, 0x80,
    0x1f, 0xfe, 0xa2, 0xbc, 0x40, 0xf, 0xff, 0x51,
    0xdf, 0x41, 0x80, 0x7f, 0xfa, 0x45, 0xf3, 0xee,
    0x14, 0xc4, 0x40, 0x1f, 0xfd, 0x10,

    /* U+0041 "A" */
    0x0, 0xff, 0xe2, 0x55, 0x7f, 0xf0, 0x4, 0x3,
    0xff, 0xa4, 0x8a, 0xbf, 0xfc, 0x4, 0x0, 0xff,
    0xe9, 0x68, 0x7, 0xff, 0x3, 0xc0, 0x3f, 0xfa,
    0x4e, 0x1, 0xff, 0xc0, 0x40, 0xf, 0xfe, 0x89,
    0x8, 0x7, 0xff, 0x0, 0x4c, 0x3, 0xff, 0xa0,
    0xa0, 0x1f, 0xfc, 0x2b, 0x0, 0xff, 0xe8, 0x58,
    0x7, 0xff, 0x9, 0x40, 0x3f, 0xfa, 0x6, 0x1,
    0xff, 0xc2, 0x21, 0x0, 0xff, 0xe7, 0x28, 0x7,
    0xff, 0x11, 0xc0, 0x3f, 0xf9, 0xd8, 0x1, 0xf6,
    0x40, 0x7, 0xd8, 0x1, 0xff, 0xce, 0x70, 0xf,
    0x8c, 0xc0, 0x1f, 0x28, 0x7, 0xff, 0x34, 0xc4,
    0x3, 0xc4, 0xa, 0x1, 0xf9, 0x0, 0x3f, 0xf9,
    0x88, 0x1, 0xf3, 0x80, 0x88, 0x3, 0xec, 0x0,
    0xff, 0xe6, 0x58, 0x7, 0xda, 0x0, 0x50, 0xf,
    0x94, 0x3, 0xff, 0x96, 0x26, 0x1, 0xf1, 0x80,
    0xc, 0x3, 0xe2, 0x10, 0xf, 0xfe, 0x52, 0x0,
    0x7e, 0x50, 0x6, 0x80, 0x7e, 0x70, 0xf, 0xfe,
    0x57, 0x80, 0x7c, 0x42, 0x0, 0x70, 0xf, 0xda,
    0x1, 0xff, 0xca, 0x40, 0xf, 0x9c, 0x2, 0x21,
    0x0, 0xf9, 0x0, 0x3f, 0xf9, 0x26, 0x20, 0x1f,
    0x60, 0x6, 0x40, 0xf, 0xc8, 0x1, 0xff, 0xc8,
    0xb0, 0xf, 0xc8, 0x1, 0xbc, 0x3, 0xf6, 0x80,
    0x7f, 0xf2, 0x10, 0x3, 0xe2, 0x20, 0x6, 0x40,
    0xf, 0xc8, 0x1, 0xff, 0xc7, 0x13, 0x0, 0xf9,
    0x0, 0x38, 0x48, 0x3, 0xe2, 0x20, 0x7, 0xff,
    0x19, 0xc0, 0x3f, 0x68, 0x7, 0x94, 0x3, 0xf2,
    0x0, 0x7f, 0xf1, 0xb0, 0x3, 0xf2, 0x0, 0x7b,
    0x0, 0x3f, 0x68, 0x7, 0xff, 0x19, 0x40, 0x3e,
    0x30, 0xf, 0x90, 0x3, 0xf2, 0x0, 0x7f, 0xf1,
    0x4c, 0x3, 0xf5, 0x80, 0x7e, 0x40, 0xf, 0xc8,
    0x1, 0xff, 0xc4, 0xb0, 0xf, 0xc8, 0x1, 0xfb,
    0x40, 0x3f, 0x68, 0x7, 0xff, 0x11, 0x40, 0x3e,
    0x13, 0x0, 0xfc, 0x80, 0x1f, 0x9c, 0x3, 0xff,
    0x86, 0x24, 0x1, 0xf2, 0x0, 0x7f, 0x11, 0x0,
    0x3e, 0x12, 0x0, 0xff, 0xe1, 0x38, 0x7, 0xec,
    0x0, 0xff, 0x20, 0x7, 0xe5, 0x0, 0xff, 0xe1,
    0x68, 0x7, 0xe7, 0x0, 0xff, 0x68, 0x7, 0xec,
    0x0, 0xff, 0xe1, 0x20, 0x7, 0xc4, 0x20, 0x1f,
    0xe4, 0x0, 0xfc, 0x80, 0x1f, 0xfc, 0x14, 0x0,
    0xfc, 0x79, 0x9f, 0xfc, 0x0, 0xf, 0xe5, 0x0,
    0xff, 0xe0, 0x60, 0x7, 0xe1, 0x33, 0xff, 0xe0,
    0x0, 0x7f, 0x60, 0x7, 0xff, 0x1, 0x40, 0x3f,
    0xfa, 0x4e, 0x1, 0xff, 0x11, 0x0, 0x3f, 0xfa,
    0x42, 0x60, 0x1f, 0xe4, 0x0, 0xff, 0xea, 0x20,
    0x7, 0xfb, 0x40, 0x3f, 0xfa, 0x96, 0x1, 0xfe,
    0x40, 0xf, 0xfe, 0xa1, 0x88, 0x7, 0xe4, 0x0,
    0xff, 0xeb, 0x20, 0x7, 0xed, 0x0, 0xfd, 0x9f,
    0xff, 0xfc, 0x49, 0x0, 0xfd, 0xe0, 0x1f, 0x90,
    0x3, 0xf1, 0x80, 0x7f, 0xf1, 0x10, 0x3, 0xf2,
    0x0, 0x7c, 0x44, 0x0, 0xf9, 0x0, 0x3f, 0xf8,
    0xa4, 0x40, 0xf, 0x84, 0xc0, 0x3c, 0xa0, 0x1f,
    0xb4, 0x3, 0xff, 0x8c, 0x80, 0x1f, 0x90, 0x3,
    0xd8, 0x1, 0xf9, 0x0, 0x3f, 0xf8, 0xd8, 0x1,
    0xfa, 0xc0, 0x3c, 0x80, 0x1f, 0x9, 0x0, 0x7f,
    0xf1, 0x90, 0x3, 0xf1, 0x88, 0x6, 0x50, 0xf,
    0xc8, 0x1, 0xff, 0xc7, 0x13, 0x0, 0xfc, 0x80,
    0x1b, 0x0, 0x3f, 0x78, 0x7, 0xff, 0x21, 0x0,
    0x3f, 0x78, 0x6, 0x70, 0xf, 0xc8, 0x1, 0xff,
    0xc8, 0xc0, 0xf, 0xc8, 0x1, 0x10, 0x80, 0x7c,
    0x42, 0x1, 0xff, 0xc8, 0x40, 0xf, 0xc2, 0x60,
    0x5, 0x0, 0xfc, 0x80, 0x1f, 0xfc, 0xa4, 0x0,
    0xfd, 0x60, 0xb, 0x0, 0xfd, 0xa0, 0x1f, 0xfc,
    0xac, 0x0, 0xfc, 0x80, 0x26, 0x1, 0xf9, 0x0,
    0x3f, 0xf9, 0x48, 0x1, 0xf8, 0xc5, 0x0, 0x3f,
    0x18, 0x7, 0xff, 0x2c, 0xc4, 0x3, 0xf3, 0x80,

    /* U+0042 "B" */
    0x25, 0x5f, 0xfe, 0x5a, 0x10, 0x7, 0xff, 0x1,
    0x6a, 0xbf, 0xf9, 0x77, 0xbf, 0x6e, 0x1, 0xff,
    0xd8, 0x48, 0xe6, 0x0, 0xff, 0xec, 0xc, 0xd0,
    0x7, 0xff, 0x65, 0x68, 0x3, 0xff, 0xb2, 0xaa,
    0x0, 0xff, 0xec, 0xd8, 0x7, 0xff, 0x64, 0x58,
    0x3, 0xff, 0xb3, 0x40, 0x1f, 0xfc, 0x1f, 0xff,
    0xfe, 0x6, 0xb8, 0x7, 0xf8, 0xc0, 0x3f, 0xf9,
    0xa5, 0x18, 0x1, 0xfe, 0x40, 0xf, 0xfe, 0x71,
    0xb0, 0x7, 0xf1, 0x80, 0x7f, 0xf3, 0xf4, 0x3,
    0xfb, 0xc0, 0x3f, 0xf9, 0xec, 0x1, 0xfc, 0x20,
    0x1f, 0xfd, 0x93, 0x0, 0xff, 0xec, 0x98, 0x7,
    0xff, 0x64, 0x40, 0x3f, 0xfb, 0x3c, 0x1, 0xff,
    0xcf, 0x10, 0xf, 0xe5, 0x0, 0xff, 0xe7, 0xb0,
    0x7, 0xf1, 0x80, 0x7f, 0xf3, 0xfc, 0x3, 0xf3,
    0x0, 0x7f, 0xf3, 0xd1, 0x40, 0x3f, 0x58, 0x7,
    0xff, 0x4, 0x8b, 0xff, 0x80, 0x95, 0x60, 0x1f,
    0x9c, 0x80, 0x3f, 0xf8, 0x3b, 0xbf, 0xfc, 0xb,
    0x50, 0xf, 0xcb, 0x0, 0x1f, 0xfd, 0x61, 0x9a,
    0x0, 0xff, 0xea, 0x34, 0x5f, 0x30, 0x7, 0xff,
    0x50, 0x65, 0xd0, 0x3, 0xff, 0xac, 0x3f, 0xd8,
    0xc2, 0x1, 0xff, 0xd6, 0x13, 0x9e, 0x70, 0xf,
    0xfe, 0xcc, 0x58, 0x7, 0xff, 0x65, 0x2c, 0x3,
    0xff, 0x83, 0xff, 0xff, 0xc1, 0xeb, 0x30, 0xf,
    0xc8, 0xe0, 0x1f, 0xfc, 0xd1, 0x4c, 0x60, 0xf,
    0xd0, 0x20, 0x1f, 0xfc, 0xf9, 0x0, 0xfe, 0x60,
    0xf, 0xfe, 0x82, 0x80, 0x7e, 0xa0, 0xf, 0xfe,
    0x81, 0x0, 0x7e, 0x21, 0x0, 0xff, 0xe7, 0xf8,
    0x7, 0xf2, 0x80, 0x7f, 0xf6, 0x48, 0x3, 0xff,
    0xb2, 0x20, 0x1f, 0xfd, 0x91, 0x0, 0xff, 0xec,
    0x98, 0x7, 0xff, 0x3f, 0x80, 0x3f, 0x84, 0x3,
    0xff, 0x9e, 0xa0, 0x1f, 0xcc, 0x1, 0xff, 0xce,
    0x23, 0x0, 0xfc, 0x24, 0x1, 0xff, 0xcd, 0x2f,
    0x0, 0xfe, 0x40, 0xf, 0xf9, 0x9b, 0xff, 0x82,
    0xf5, 0xa4, 0x1, 0xfd, 0xe0, 0x1f, 0xf4, 0xcf,
    0xff, 0x6, 0x14, 0x3, 0xfc, 0x2a, 0x1, 0xff,
    0xd8, 0x90, 0xf, 0xfe, 0xc1, 0x38, 0x7, 0xff,
    0x63, 0x80, 0x3f, 0xfb, 0x14, 0x60, 0x1f, 0xfd,
    0x7a, 0x50, 0xf, 0xfe, 0xb2, 0x72, 0x80, 0x7f,
    0xf4, 0xc4, 0xdf, 0x2c, 0x40, 0x3c,

    /* U+0043 "C" */
    0x0, 0xff, 0xe3, 0x9, 0x99, 0xc, 0x84, 0x3,
    0xff, 0xa2, 0x93, 0x9f, 0xd9, 0x8b, 0xcd, 0xee,
    0x5b, 0x90, 0x7, 0xff, 0x28, 0x63, 0xad, 0x8c,
    0x3, 0xf0, 0xa4, 0x6e, 0x28, 0x7, 0xff, 0x1d,
    0xf9, 0xc4, 0x3, 0xff, 0x86, 0x75, 0x64, 0x1,
    0xff, 0xc3, 0x1c, 0x80, 0xf, 0xfe, 0x42, 0x6a,
    0x0, 0x7f, 0xf0, 0x4b, 0xcc, 0x3, 0xff, 0x97,
    0x6a, 0x1, 0xff, 0x16, 0x8, 0x7, 0xff, 0x36,
    0x8c, 0x3, 0xfd, 0xe2, 0x1, 0xff, 0xcf, 0xd1,
    0x0, 0xfd, 0x24, 0x1, 0xff, 0xd0, 0x1b, 0x0,
    0xf9, 0x18, 0x3, 0xfc, 0x2d, 0x5b, 0xdf, 0xd9,
    0x26, 0x1, 0xfe, 0x54, 0x0, 0xf4, 0x0, 0x7f,
    0x9b, 0xe5, 0x48, 0x40, 0x4d, 0xb2, 0xc4, 0x3,
    0xfa, 0x0, 0x39, 0x4c, 0x3, 0xfa, 0xa4, 0x40,
    0x3f, 0x93, 0xc4, 0x3, 0xf1, 0xa0, 0x6, 0xe0,
    0xf, 0xea, 0x50, 0xf, 0xfe, 0x0, 0xe8, 0x7,
    0xf7, 0x80, 0x44, 0x80, 0x1f, 0x95, 0x40, 0x1f,
    0xfc, 0x23, 0x70, 0xf, 0x96, 0x40, 0x25, 0x0,
    0xfe, 0xb0, 0xf, 0xfe, 0x24, 0x80, 0x72, 0x65,
    0x10, 0x5, 0x60, 0x1f, 0x90, 0x40, 0x3f, 0xf8,
    0x82, 0xa0, 0x3, 0xbb, 0x18, 0x6, 0x13, 0x0,
    0xfd, 0xc0, 0x1f, 0xfc, 0x6f, 0x2a, 0xc4, 0x0,
    0xf2, 0x0, 0x7f, 0x38, 0x7, 0xff, 0x19, 0x75,
    0x40, 0x3f, 0x68, 0x7, 0xe1, 0x20, 0xf, 0xfe,
    0x89, 0x80, 0x7e, 0x30, 0xf, 0xfe, 0x93, 0x0,
    0x7e, 0x10, 0xf, 0xfe, 0x91, 0x0, 0x7e, 0x70,
    0xf, 0xfe, 0x88, 0x80, 0x7f, 0xf6, 0xc8, 0x3,
    0xff, 0xb6, 0xe0, 0x1f, 0xfd, 0xb1, 0x0, 0xff,
    0xff, 0x80, 0x63, 0x0, 0xff, 0xff, 0x80, 0x7f,
    0xff, 0xc0, 0x3f, 0x8c, 0x3, 0xff, 0xb6, 0x20,
    0x1f, 0xfd, 0xb7, 0x0, 0xff, 0xed, 0x88, 0x7,
    0xff, 0x6c, 0x80, 0x3f, 0xfb, 0x82, 0x1, 0xf9,
    0xc0, 0x3f, 0xfa, 0x44, 0x1, 0xf8, 0x40, 0x3f,
    0xfa, 0x4a, 0x1, 0xf8, 0x80, 0x3f, 0xfa, 0x58,
    0x1, 0xfc, 0x60, 0x1f, 0xfc, 0x7a, 0x60, 0xf,
    0xce, 0x1, 0xfc, 0xa0, 0x1f, 0xfc, 0x61, 0x59,
    0xc3, 0x0, 0xf1, 0x10, 0x3, 0xf5, 0x0, 0x7f,
    0xf1, 0xa4, 0x0, 0x79, 0x22, 0x1, 0xca, 0x1,
    0xf8, 0xcc, 0x1, 0xff, 0xc5, 0x60, 0xc, 0xde,
    0xc0, 0x1a, 0xc0, 0x3f, 0xb8, 0x3, 0xff, 0x89,
    0x22, 0x1, 0xc3, 0x3a, 0x1, 0x19, 0x80, 0x3f,
    0x14, 0x80, 0x7f, 0xf0, 0x91, 0x80, 0x3f, 0x30,
    0x6, 0x90, 0xf, 0xe6, 0x90, 0xf, 0xfe, 0x2,
    0x58, 0x7, 0xf4, 0x0, 0x65, 0x20, 0xf, 0xe6,
    0xd4, 0x0, 0xfc, 0x33, 0x60, 0x1f, 0xc8, 0x60,
    0x1d, 0x20, 0x1f, 0xe2, 0xbe, 0x97, 0x55, 0x34,
    0x5f, 0x30, 0x7, 0xfa, 0x40, 0x3c, 0x8a, 0x1,
    0xff, 0xb, 0x45, 0x52, 0x5d, 0x0, 0x3f, 0xe8,
    0x20, 0xf, 0xa8, 0x80, 0x3f, 0xfa, 0xa, 0xe0,
    0x1f, 0xde, 0x20, 0x1f, 0xfc, 0xe3, 0xa0, 0xf,
    0xf1, 0x60, 0x80, 0x7f, 0xf3, 0x13, 0x40, 0x3f,
    0xf8, 0x5, 0xe8, 0x1, 0xff, 0xca, 0x6b, 0x10,
    0xf, 0xfe, 0x8, 0xdc, 0x88, 0x7, 0xff, 0x18,
    0xae, 0x40, 0x3f, 0xf8, 0xad, 0xd2, 0x60, 0x1f,
    0xfc, 0x23, 0xad, 0x40, 0xf, 0xfe, 0x43, 0x67,
    0x53, 0x21, 0x8, 0x0, 0x48, 0xda, 0xb7, 0x14,
    0x3, 0xfc,

    /* U+0044 "D" */
    0x25, 0x5f, 0xfe, 0x3a, 0x18, 0x80, 0x7f, 0xf1,
    0x16, 0xab, 0xff, 0x8f, 0x79, 0xdc, 0xb6, 0x10,
    0xf, 0xfe, 0xb8, 0xa4, 0xf5, 0xa0, 0x7, 0xff,
    0x65, 0x2e, 0xc2, 0x1, 0xff, 0xd9, 0x4f, 0x40,
    0xf, 0xfe, 0xc8, 0xda, 0x80, 0x7f, 0xf6, 0xa9,
    0x0, 0x3f, 0xfb, 0x54, 0x20, 0x1f, 0xfd, 0x91,
    0xa0, 0xf, 0xfe, 0x17, 0xff, 0xf7, 0x6d, 0x28,
    0x7, 0xfc, 0x88, 0x0, 0xff, 0xe5, 0x9, 0x2d,
    0x73, 0x0, 0x7f, 0xa4, 0x3, 0xff, 0x9c, 0x33,
    0x0, 0x1f, 0xc4, 0x80, 0x1f, 0xfc, 0xf7, 0x70,
    0x7, 0xf7, 0x0, 0x7f, 0xf4, 0x20, 0x80, 0x3f,
    0x28, 0x7, 0xff, 0x46, 0x0, 0x3f, 0x94, 0x3,
    0xff, 0xa0, 0xa0, 0x1f, 0xd8, 0x1, 0xff, 0xd1,
    0x40, 0xf, 0xc8, 0x1, 0xff, 0xd1, 0x30, 0xf,
    0xc4, 0x20, 0x1f, 0xfd, 0xd, 0x0, 0xfe, 0x20,
    0xf, 0xfe, 0x80, 0x80, 0x7f, 0x28, 0x7, 0xff,
    0x41, 0xc0, 0x3f, 0xb8, 0x3, 0xff, 0xb4, 0x40,
    0x1f, 0xfd, 0xa1, 0x0, 0xff, 0xed, 0x38, 0x7,
    0xff, 0x68, 0x40, 0x3f, 0xfb, 0x46, 0x1, 0xff,
    0xff, 0x0, 0xff, 0xff, 0x80, 0x71, 0x80, 0x7f,
    0xff, 0xc0, 0x2, 0x1, 0xff, 0xda, 0x70, 0xf,
    0xfe, 0xd1, 0x0, 0x7f, 0xf6, 0xb8, 0x3, 0xff,
    0xa0, 0xe0, 0x1f, 0xc4, 0x1, 0xff, 0xd0, 0x20,
    0xf, 0xe6, 0x0, 0xff, 0xe8, 0x78, 0x7, 0xf1,
    0x80, 0x7f, 0xf4, 0x14, 0x3, 0xf1, 0x80, 0x7f,
    0xf4, 0x4, 0xc0, 0x3f, 0x20, 0x7, 0xff, 0x42,
    0x40, 0x3f, 0xac, 0x3, 0xff, 0x9e, 0x4e, 0x1,
    0xf8, 0x4c, 0x3, 0xff, 0x9f, 0xc0, 0x1f, 0xcc,
    0x1, 0xff, 0xce, 0x1c, 0x30, 0xf, 0xe9, 0x0,
    0xff, 0xe6, 0xb7, 0x98, 0x7, 0xf2, 0x88, 0x7,
    0xff, 0x1, 0x9b, 0xf9, 0xe2, 0xfe, 0x44, 0x3,
    0xfd, 0x60, 0x1f, 0xfc, 0x19, 0x9f, 0xe8, 0x74,
    0x0, 0xff, 0xe0, 0x40, 0x80, 0x7f, 0xf6, 0x11,
    0xc0, 0x3f, 0xfb, 0x5, 0x40, 0x1f, 0xfd, 0x82,
    0xc1, 0x0, 0xff, 0xeb, 0xae, 0x88, 0x7, 0xff,
    0x58, 0x6a, 0x80, 0x1f, 0xfd, 0x64, 0xae, 0x50,
    0xf, 0xfe, 0x88, 0x92, 0x3d, 0x75, 0xa8, 0x7,
    0xfc,

    /* U+0045 "E" */
    0x25, 0x5f, 0xfe, 0x99, 0x2d, 0x57, 0xff, 0x4d,
    0x0, 0x3f, 0xff, 0xe0, 0x1f, 0xff, 0xf0, 0xf,
    0xff, 0xf8, 0x7, 0xff, 0x13, 0xff, 0xff, 0x94,
    0xc0, 0x1f, 0xff, 0xf0, 0xf, 0xff, 0xf8, 0x7,
    0xff, 0xfc, 0x3, 0xff, 0xfe, 0x1, 0xff, 0xff,
    0x0, 0xff, 0xe9, 0x91, 0x7f, 0xf1, 0xc4, 0x3,
    0xff, 0x83, 0xbb, 0xff, 0xc7, 0x80, 0xf, 0xff,
    0xf8, 0x7, 0xff, 0xfc, 0x3, 0xff, 0xfe, 0x1,
    0xff, 0xc7, 0xff, 0xff, 0xe3, 0xc8, 0x7, 0xff,
    0xfc, 0x3, 0xff, 0xfe, 0x1, 0xff, 0xff, 0x0,
    0xff, 0xff, 0x80, 0x7f, 0xff, 0xc0, 0x3f, 0xfe,
    0xec, 0xdf, 0xfc, 0xa2, 0x0, 0xff, 0x4c, 0xff,
    0xf2, 0x90, 0x3, 0xff, 0xfe, 0x1, 0xff, 0xff,
    0x0, 0xff, 0xff, 0x80, 0x78,

    /* U+0046 "F" */
    0x25, 0x5f, 0xfe, 0x91, 0xad, 0x57, 0xff, 0x4c,
    0x3, 0xff, 0xfe, 0x1, 0xff, 0xff, 0x0, 0xff,
    0xff, 0x80, 0x7f, 0x7f, 0xff, 0xf2, 0x64, 0x3,
    0xff, 0xfe, 0x1, 0xff, 0xff, 0x0, 0xff, 0xff,
    0x80, 0x7f, 0xff, 0xc0, 0x3f, 0xff, 0xe0, 0x1f,
    0xfc, 0x72, 0x2f, 0xfe, 0x30, 0x80, 0x7f, 0xf0,
    0x77, 0x7f, 0xf8, 0xd6, 0x1, 0xff, 0xff, 0x0,
    0xff, 0xff, 0x80, 0x7f, 0xff, 0xc0, 0x3f, 0xf8,
    0x1f, 0xff, 0xfc, 0x6a, 0x0, 0xff, 0xff, 0x80,
    0x7f, 0xff, 0xc0, 0x3f, 0xff, 0xe0, 0x1f, 0xff,
    0xf0, 0xf, 0xff, 0xf8, 0x7, 0xff, 0xfc, 0x3,
    0xff, 0xfe, 0x1, 0xff, 0xff, 0x0, 0xff, 0xff,
    0x80, 0x7f, 0xf5, 0x0,

    /* U+0047 "G" */
    0x0, 0xff, 0xe3, 0x9, 0x99, 0xc, 0x84, 0x3,
    0xff, 0xa6, 0x91, 0x9f, 0xd9, 0x8b, 0xcd, 0xef,
    0xc9, 0x40, 0xf, 0xfe, 0x60, 0xc7, 0x5b, 0x98,
    0x7, 0xf1, 0xb5, 0xf4, 0x88, 0x7, 0xff, 0x21,
    0xf9, 0xc4, 0x3, 0xff, 0x86, 0x2d, 0xd0, 0x1,
    0xff, 0xc5, 0x1c, 0x80, 0xf, 0xfe, 0x4b, 0xe9,
    0x0, 0x7f, 0xf0, 0x8b, 0xcc, 0x3, 0xff, 0x96,
    0x58, 0x60, 0x1f, 0xfc, 0x2, 0xc1, 0x0, 0xff,
    0xe6, 0x8e, 0x18, 0x7, 0xfd, 0xe2, 0x1, 0xff,
    0xd0, 0xd2, 0x0, 0xfe, 0x92, 0x0, 0xff, 0xe8,
    0x8f, 0x0, 0x7e, 0x46, 0x0, 0xff, 0x96, 0xb7,
    0xbf, 0xb6, 0x98, 0x40, 0x3f, 0xc6, 0xe0, 0x1f,
    0x40, 0x7, 0xf9, 0x7a, 0x94, 0x84, 0x4, 0x96,
    0x7a, 0x0, 0x3f, 0xd0, 0x20, 0x1c, 0xa6, 0x1,
    0xfd, 0x34, 0x20, 0x1f, 0xe7, 0xc1, 0x0, 0xfe,
    0x80, 0xe, 0xe0, 0xf, 0xe9, 0x60, 0xf, 0xfe,
    0x9, 0xe0, 0x7, 0xf3, 0x8, 0x4, 0x48, 0x1,
    0xf9, 0x18, 0x3, 0xff, 0x86, 0x54, 0x1, 0xf2,
    0x68, 0x80, 0x4a, 0x1, 0xfd, 0x20, 0x1f, 0xfc,
    0x55, 0x40, 0xc, 0x57, 0x62, 0x0, 0xd4, 0x1,
    0xf9, 0x8, 0x3, 0xff, 0x8d, 0x0, 0x1, 0x9d,
    0x40, 0xe, 0x12, 0x0, 0xfd, 0xc0, 0x1f, 0xfc,
    0x73, 0x33, 0x7b, 0x0, 0x7c, 0x80, 0x1f, 0xce,
    0x1, 0xff, 0xc8, 0xc9, 0x10, 0xf, 0xda, 0x1,
    0xf8, 0x48, 0x3, 0xff, 0xa6, 0x60, 0x1f, 0x8c,
    0x3, 0xff, 0xa8, 0xa0, 0x1f, 0x84, 0x3, 0xff,
    0xa8, 0x20, 0x1f, 0x9c, 0x3, 0xff, 0xa6, 0x40,
    0x1f, 0xfd, 0xd1, 0x0, 0xff, 0xee, 0xb8, 0x7,
    0xff, 0x74, 0x40, 0x3f, 0xfe, 0x67, 0xff, 0xff,
    0xc6, 0x13, 0x0, 0xff, 0xff, 0x80, 0x7f, 0xff,
    0xc0, 0x3f, 0xf8, 0xa6, 0x1, 0xff, 0xdd, 0x10,
    0xf, 0xfe, 0xeb, 0x80, 0x7f, 0xf7, 0x44, 0x3,
    0xff, 0x92, 0x7b, 0xbf, 0xc0, 0x1f, 0xe2, 0x0,
    0xff, 0xe5, 0x11, 0x7f, 0x0, 0x7f, 0xc2, 0x1,
    0xf9, 0xc0, 0x3f, 0xfa, 0x8a, 0x1, 0xf8, 0x40,
    0x3f, 0xfa, 0x86, 0x1, 0xf8, 0x80, 0x3f, 0xfa,
    0x9a, 0x1, 0xfc, 0x60, 0x1f, 0xfc, 0x71, 0x0,
    0xff, 0x90, 0x3, 0xf9, 0x0, 0x3f, 0xf8, 0xe4,
    0x1, 0xff, 0x9, 0x0, 0x7e, 0xa0, 0xf, 0xfe,
    0x3d, 0x80, 0x7f, 0xf0, 0x14, 0x3, 0xf1, 0x20,
    0x7, 0xff, 0x19, 0x40, 0x3f, 0xf8, 0x16, 0x1,
    0xfd, 0x20, 0x1f, 0xfc, 0x57, 0x20, 0xf, 0xfe,
    0x1, 0x90, 0x7, 0xe2, 0xa0, 0xf, 0xfe, 0x1a,
    0xc0, 0x7, 0xff, 0xa, 0xc0, 0x3f, 0x96, 0x80,
    0x3f, 0xf8, 0x2f, 0x40, 0x1f, 0xfc, 0x36, 0x10,
    0xf, 0xe5, 0xe5, 0x0, 0xfe, 0x4c, 0x80, 0xf,
    0xfe, 0x2d, 0x80, 0x7f, 0x86, 0xba, 0x9d, 0x56,
    0x7a, 0xeb, 0x30, 0x8, 0xbc, 0x3, 0xff, 0x82,
    0xa8, 0x1, 0xff, 0xa, 0xc5, 0x55, 0xa, 0x20,
    0x1c, 0x80, 0x1f, 0xfc, 0x3a, 0x10, 0xf, 0xfe,
    0x65, 0x0, 0x7f, 0xf0, 0xc7, 0x40, 0x3f, 0xf9,
    0x68, 0x60, 0x1f, 0xfc, 0x43, 0xb0, 0xf, 0xfe,
    0x48, 0xd0, 0x7, 0xff, 0x19, 0x30, 0x40, 0x3f,
    0xf8, 0xfa, 0x20, 0x1f, 0xfc, 0x73, 0xf5, 0x0,
    0xff, 0xe2, 0x16, 0x18, 0x7, 0xff, 0x24, 0x6b,
    0x14, 0x3, 0xff, 0x80, 0x2f, 0xa6, 0x1, 0xff,
    0xcc, 0x3a, 0xea, 0x64, 0x10, 0x8, 0x4d, 0xab,
    0xa0, 0x3, 0xdd, 0xdf, 0x84,

    /* U+0048 "H" */
    0x49, 0x9f, 0xe0, 0xf, 0xfe, 0x3a, 0xcc, 0xfe,
    0x83, 0x66, 0xfe, 0x0, 0xff, 0xe3, 0xe3, 0x37,
    0xf0, 0x7, 0xff, 0xfc, 0x3, 0xff, 0xfe, 0x1,
    0xff, 0xff, 0x0, 0xff, 0xff, 0x80, 0x7f, 0xff,
    0xc0, 0x3f, 0xff, 0xe0, 0x1f, 0xff, 0xf0, 0xf,
    0xff, 0xf8, 0x7, 0xff, 0xfc, 0x3, 0xff, 0xfe,
    0x1, 0xff, 0xdc, 0x22, 0xff, 0xe3, 0x98, 0x7,
    0xff, 0x1f, 0x77, 0xff, 0x8e, 0xa0, 0x1f, 0xff,
    0xf0, 0xf, 0xff, 0xf8, 0x7, 0xff, 0xfc, 0x3,
    0xff, 0xef, 0xff, 0xff, 0xc7, 0x60, 0xf, 0xff,
    0xf8, 0x7, 0xff, 0xfc, 0x3, 0xff, 0xfe, 0x1,
    0xff, 0xff, 0x0, 0xff, 0xff, 0x80, 0x7f, 0xff,
    0xc0, 0x3f, 0xff, 0xe0, 0x1f, 0xff, 0xf0, 0xf,
    0xff, 0xf8, 0x7, 0xff, 0xfc, 0x3, 0xff, 0xfe,
    0x1, 0xff, 0xde,

    /* U+0049 "I" */
    0x39, 0x9f, 0xfe, 0x4b, 0xb3, 0x7f, 0xf2, 0xac,
    0x3, 0xff, 0xfe, 0x1, 0xff, 0xf3, 0x5f, 0xff,
    0x0, 0x7f, 0x47, 0xff, 0x60, 0x7, 0xff, 0xfc,
    0x3, 0xff, 0xfe, 0x1, 0xff, 0xff, 0x0, 0xff,
    0xff, 0x80, 0x7f, 0xff, 0xc0, 0x3f, 0xff, 0xe0,
    0x1f, 0xff, 0xf0, 0xf, 0xff, 0xf8, 0x7, 0xff,
    0xfc, 0x3, 0xff, 0xfe, 0x1, 0xff, 0xff, 0x0,
    0xff, 0xe7, 0x1c, 0xcf, 0x50, 0x7, 0xf5, 0xcc,
    0xf3, 0xb3, 0x79, 0x40, 0x3f, 0x8d, 0x9b, 0xac,
    0x3, 0xff, 0xfe, 0x1, 0xff, 0xf3,

    /* U+004A "J" */
    0x0, 0xfb, 0x3b, 0xbf, 0xf9, 0x6a, 0x1, 0xf1,
    0x8, 0xff, 0xf2, 0xcc, 0x3, 0xff, 0xfe, 0x1,
    0xff, 0xff, 0x0, 0xff, 0xf2, 0xf7, 0xff, 0xff,
    0x7, 0x40, 0x3f, 0xff, 0xe0, 0x1f, 0xff, 0xf0,
    0xf, 0xff, 0xf8, 0x7, 0xff, 0xfc, 0x3, 0xff,
    0xfe, 0x1, 0xff, 0xff, 0x0, 0xff, 0xff, 0x80,
    0x7f, 0xff, 0xc0, 0x3f, 0xff, 0xe0, 0x1f, 0xff,
    0xf0, 0xf, 0xff, 0xf8, 0x7, 0xff, 0xfc, 0x3,
    0xff, 0xfe, 0x6, 0xd4, 0xa0, 0x1f, 0xfc, 0xb1,
    0x58, 0xcf, 0xc9, 0x5c, 0x0, 0xff, 0x84, 0x3,
    0xf8, 0xcb, 0xa9, 0xcc, 0x3, 0x20, 0x7, 0xfc,
    0xe0, 0x1f, 0xc2, 0x42, 0x1, 0xf1, 0x10, 0x3,
    0xfc, 0x60, 0x1f, 0xce, 0xa, 0x1, 0xfa, 0xc0,
    0x3f, 0xd6, 0x1, 0xfc, 0x41, 0x80, 0x1f, 0x98,
    0xc0, 0x3f, 0x29, 0x80, 0x7e, 0x21, 0x6, 0x0,
    0xfe, 0xd3, 0x0, 0xf2, 0xd0, 0x7, 0xf2, 0x0,
    0x5, 0x0, 0x3f, 0xe, 0x5b, 0xaa, 0x9f, 0x28,
    0x3, 0xfd, 0xa0, 0x14, 0x0, 0x7f, 0x92, 0x2a,
    0x90, 0x60, 0x1f, 0xe2, 0x40, 0x8, 0xd4, 0x3,
    0xff, 0x9b, 0x0, 0x1d, 0x2, 0x1, 0xff, 0xcb,
    0x55, 0x0, 0x71, 0x50, 0x7, 0xff, 0x28, 0xa8,
    0x3, 0xe4, 0x90, 0xf, 0xfe, 0x41, 0xe0, 0x7,
    0xf3, 0x60, 0x80, 0x7f, 0xf1, 0x5f, 0x4, 0x3,
    0xfc, 0x7d, 0x2, 0x1, 0xff, 0xc1, 0x6d, 0x80,
    0xf, 0xfe, 0x13, 0xf6, 0x42, 0x10, 0x80, 0x4,
    0x91, 0xef, 0xe4, 0x80, 0x3e,

    /* U+004B "K" */
    0x49, 0x9f, 0xe0, 0xf, 0xfe, 0x32, 0x4c, 0xff,
    0x88, 0xd, 0x9b, 0xf8, 0x3, 0xff, 0x8a, 0x34,
    0xcd, 0xfc, 0x64, 0x1, 0xff, 0xd0, 0xa1, 0x0,
    0xfc, 0x54, 0x1, 0xff, 0xd0, 0x64, 0x0, 0xfe,
    0xe0, 0xf, 0xfe, 0x81, 0x48, 0x7, 0xf4, 0x18,
    0x7, 0xff, 0x43, 0x80, 0x3f, 0x91, 0xc0, 0x3f,
    0xfa, 0xe, 0x60, 0x1f, 0x86, 0x80, 0x3f, 0xfa,
    0x5, 0x0, 0x1f, 0xd4, 0x20, 0x1f, 0xfd, 0xf,
    0x0, 0xfe, 0x74, 0x0, 0xff, 0xe8, 0x41, 0x0,
    0x7e, 0x38, 0x0, 0xff, 0xe8, 0x1b, 0x80, 0x7e,
    0x1d, 0x0, 0xff, 0xe8, 0xf0, 0x7, 0xf5, 0x88,
    0x7, 0xff, 0x42, 0x48, 0x3, 0xf3, 0x28, 0x7,
    0xff, 0x41, 0x18, 0x3, 0xf1, 0x48, 0x7, 0xff,
    0x40, 0x68, 0x3, 0xfb, 0xc0, 0x3f, 0xfa, 0x36,
    0x20, 0x1f, 0xa4, 0x80, 0x3f, 0xfa, 0xa, 0xa0,
    0xf, 0xca, 0xc0, 0x1f, 0xfd, 0x1, 0xa0, 0xf,
    0xc5, 0x40, 0x1f, 0xfd, 0x1a, 0x0, 0xfe, 0xe0,
    0xf, 0xfe, 0x8a, 0xa0, 0x7, 0xe8, 0x30, 0xf,
    0xfe, 0x58, 0x80, 0x61, 0xb0, 0xf, 0xc8, 0xe0,
    0x1f, 0xfc, 0xc3, 0x0, 0xd6, 0x20, 0x1f, 0xd,
    0x0, 0x7f, 0xf4, 0x51, 0x40, 0x3f, 0x50, 0x80,
    0x7f, 0xf3, 0x44, 0x2, 0xa0, 0xf, 0xfe, 0xc3,
    0x80, 0x24, 0x40, 0x3f, 0xa4, 0x3, 0xff, 0x9c,
    0x20, 0x8c, 0x1, 0xfe, 0x27, 0x0, 0xff, 0xe7,
    0xc8, 0x7, 0xff, 0x2, 0x4, 0x3, 0xff, 0x98,
    0x9a, 0x40, 0x1f, 0xfc, 0x18, 0x0, 0xff, 0xe6,
    0x9, 0x0, 0x7f, 0xf0, 0x98, 0x80, 0x3f, 0xfa,
    0x46, 0x1, 0xfd, 0x20, 0x1f, 0xfd, 0x15, 0xc1,
    0x0, 0xfc, 0x88, 0x0, 0xff, 0xe7, 0x95, 0x4,
    0x80, 0x7f, 0x48, 0x7, 0xff, 0x3f, 0xc0, 0xe,
    0x20, 0x1f, 0x89, 0xc0, 0x3f, 0xf9, 0xb2, 0x40,
    0x15, 0x80, 0x7f, 0x40, 0x80, 0x7f, 0xf2, 0xd5,
    0x80, 0x32, 0x90, 0x7, 0xf4, 0x0, 0x7f, 0xf2,
    0x8a, 0x80, 0x3d, 0x20, 0x1f, 0xcc, 0x40, 0x1f,
    0xfc, 0x9f, 0x0, 0xf9, 0xc, 0x3, 0xfa, 0x40,
    0x3f, 0xf9, 0x12, 0x40, 0x1f, 0xbc, 0x3, 0xf9,
    0x14, 0x3, 0xff, 0x8e, 0xc0, 0x1f, 0xc6, 0xa0,
    0x1f, 0xd0, 0x1, 0xff, 0xd2, 0x80, 0xf, 0xe2,
    0x70, 0xf, 0xfe, 0x89, 0x30, 0x7, 0xf4, 0x8,
    0x7, 0xff, 0x46, 0x0, 0x3f, 0xd0, 0x1, 0xff,
    0xd1, 0x17, 0x0, 0xfe, 0x62, 0x0, 0xff, 0xe8,
    0xc8, 0x80, 0x7f, 0x48, 0x7, 0xff, 0x44, 0x64,
    0x3, 0xf9, 0x14, 0x3, 0xff, 0xa2, 0xe2, 0x1,
    0xfd, 0x0, 0x1f, 0xfd, 0x28, 0x0, 0xfe, 0x27,
    0x0, 0xff, 0xe8, 0xb1, 0x0, 0x7f, 0x40, 0x80,
    0x7f, 0xf4, 0x64, 0x3, 0xfd, 0x0, 0x1f, 0xfd,
    0x14, 0x30, 0xf, 0xe6, 0x20, 0xf, 0xfe, 0x8f,
    0x80, 0x7f, 0xa4, 0x3, 0xff, 0xa2, 0x68, 0x1,
    0xfc, 0x8a, 0x1, 0xff, 0xd1, 0x90, 0xf, 0xf4,
    0x0, 0x7f, 0xf4, 0x49, 0x80, 0x3f, 0x89, 0xc0,

    /* U+004C "L" */
    0x38, 0x8f, 0xe0, 0xf, 0xfe, 0x3a, 0x3b, 0xff,
    0x0, 0x7f, 0xff, 0xc0, 0x3f, 0xff, 0xe0, 0x1f,
    0xff, 0xf0, 0xf, 0xff, 0xf8, 0x7, 0xff, 0xfc,
    0x3, 0xff, 0xfe, 0x1, 0xff, 0xff, 0x0, 0xff,
    0xff, 0x80, 0x7f, 0xff, 0xc0, 0x3f, 0xff, 0xe0,
    0x1f, 0xff, 0xf0, 0xf, 0xff, 0xf8, 0x7, 0xff,
    0xfc, 0x3, 0xff, 0xfe, 0x1, 0xff, 0xff, 0x0,
    0xff, 0xff, 0x80, 0x7f, 0xff, 0xc1, 0x9b, 0xff,
    0x8c, 0x80, 0x1f, 0xe9, 0x9f, 0xfe, 0x37, 0x0,
    0x7f, 0xff, 0xc0, 0x3f, 0xff, 0xe0, 0x1f, 0xfe,
    0x90,

    /* U+004D "M" */
    0x7f, 0xff, 0xf1, 0x0, 0x7f, 0xf2, 0x8b, 0xff,
    0xfc, 0xe0, 0x1f, 0xf5, 0x80, 0x7f, 0xf2, 0xac,
    0x3, 0xff, 0x94, 0xc2, 0x1, 0xff, 0xc8, 0x16,
    0x0, 0xff, 0xe5, 0xc8, 0x7, 0xff, 0x22, 0x40,
    0x3f, 0xf9, 0x8c, 0x1, 0xff, 0xc8, 0x60, 0xf,
    0xfe, 0x60, 0xb8, 0x7, 0xff, 0x19, 0x84, 0x3,
    0xff, 0x9b, 0x20, 0x1f, 0xfc, 0x6b, 0x0, 0xff,
    0xe7, 0xa, 0x80, 0x7f, 0xf1, 0x10, 0x80, 0x3f,
    0xf9, 0xf2, 0x1, 0xff, 0xc4, 0xf0, 0xf, 0xfe,
    0x81, 0xa0, 0x7, 0xff, 0x8, 0x90, 0x3, 0xff,
    0xa3, 0xe0, 0x1f, 0xfc, 0x2b, 0x0, 0xff, 0xe9,
    0x21, 0x0, 0x7f, 0xf0, 0x5, 0x80, 0x3f, 0xfa,
    0x76, 0x1, 0xff, 0xc0, 0x90, 0xf, 0xfe, 0xa3,
    0x8, 0x7, 0xfc, 0xc0, 0x1f, 0xfc, 0xdf, 0x20,
    0xf, 0x48, 0x7, 0xf9, 0x84, 0x3, 0x8b, 0xc4,
    0x3, 0xff, 0x8d, 0x60, 0x1e, 0x60, 0xf, 0xf5,
    0x80, 0x7a, 0x80, 0x40, 0x3f, 0xf8, 0xa2, 0xe0,
    0x1e, 0x17, 0x0, 0xfc, 0x84, 0x1, 0xe6, 0x0,
    0xff, 0xe3, 0x98, 0xb0, 0x7, 0xa8, 0x3, 0xf7,
    0x80, 0x79, 0x44, 0x80, 0x3f, 0xf8, 0xc2, 0x14,
    0x1, 0xe2, 0x30, 0xf, 0xa, 0x0, 0x7a, 0x40,
    0x40, 0x3f, 0xf8, 0xce, 0x6, 0x40, 0x1e, 0xa0,
    0xf, 0x30, 0x7, 0x88, 0xc1, 0xc0, 0x3f, 0xf8,
    0xc2, 0x0, 0xb0, 0xf, 0x38, 0x7, 0xac, 0x3,
    0xd6, 0x0, 0x10, 0xf, 0xfe, 0x31, 0x80, 0x18,
    0x3, 0xc2, 0x80, 0x18, 0x8c, 0x3, 0xce, 0x0,
    0x30, 0xf, 0xfe, 0x30, 0x80, 0x4c, 0x1, 0xee,
    0x0, 0xd4, 0x1, 0xe5, 0x10, 0x0, 0x80, 0x7f,
    0xf1, 0xbc, 0x2, 0xb0, 0xf, 0x28, 0x6, 0x50,
    0xf, 0x40, 0x5, 0xe0, 0x1f, 0xfc, 0xa2, 0x40,
    0xf, 0x28, 0x0, 0xc8, 0x3, 0x90, 0x80, 0x3f,
    0xf9, 0xf0, 0x1, 0xee, 0x0, 0x58, 0x7, 0xbc,
    0x3, 0xff, 0xa0, 0x66, 0x0, 0xe4, 0x10, 0x60,
    0xe, 0x34, 0x0, 0xff, 0xe8, 0xc8, 0x7, 0x9d,
    0x4, 0x3, 0xa4, 0x3, 0xff, 0xa4, 0xa4, 0x1,
    0xd7, 0x0, 0x1c, 0x4a, 0x1, 0xff, 0xd3, 0xb0,
    0xe, 0x23, 0x0, 0xeb, 0x0, 0xff, 0xea, 0x30,
    0x80, 0x7f, 0x85, 0x80, 0x3f, 0xfa, 0xb2, 0x1,
    0xfe, 0x90, 0xf, 0xfe, 0xb3, 0x80, 0x7f, 0x9c,
    0x3, 0xff, 0xae, 0xe0, 0x1f, 0x9c, 0x3, 0xff,
    0xb1, 0x20, 0x1f, 0xa4, 0x3, 0xff, 0xb0, 0x2a,
    0x1, 0xe6, 0x10, 0xf, 0xfe, 0xcc, 0x0, 0x7a,
    0xc0, 0x3f, 0xfb, 0x44, 0x80, 0x19, 0x48, 0x3,
    0xff, 0xb7, 0x0, 0x1a, 0x40, 0x3f, 0xfb, 0x86,
    0x60, 0x2, 0x18, 0x7, 0xff, 0x76, 0x40, 0x1e,
    0x1, 0xff, 0xde, 0x52, 0x34, 0x0, 0xff, 0xef,
    0xdc, 0x80, 0x7f, 0xf8, 0x19, 0x40, 0x3f, 0xff,
    0xe0, 0x1f, 0xff, 0xf0, 0xf, 0xff, 0xf8, 0x7,
    0xff, 0xfc, 0x3, 0xff, 0xfe, 0x1, 0xff, 0xf1,
    0x47, 0x7f, 0xd8, 0x1, 0xff, 0xce, 0xc7, 0x7f,
    0xc8,

    /* U+004E "N" */
    0x5d, 0xdf, 0xf1, 0x80, 0x7f, 0xf1, 0xb7, 0x7f,
    0x59, 0x17, 0xfd, 0x0, 0x1f, 0xfc, 0x62, 0x2f,
    0xca, 0x1, 0xff, 0x21, 0x80, 0x7f, 0xf6, 0xa0,
    0x3, 0xff, 0xb4, 0x84, 0x1, 0xff, 0xda, 0x80,
    0xf, 0xfe, 0xd2, 0x90, 0x7, 0xff, 0x6a, 0xc0,
    0x3f, 0xfb, 0x4c, 0x20, 0x1f, 0xfd, 0xa8, 0x0,
    0xff, 0xed, 0x30, 0x80, 0x7f, 0xf6, 0xa4, 0x3,
    0xff, 0xb4, 0xe0, 0x1f, 0xfd, 0xb7, 0x0, 0xff,
    0xe8, 0x8f, 0x90, 0x7, 0xa4, 0x3, 0xff, 0xa2,
    0x21, 0x60, 0x1e, 0x16, 0x0, 0xff, 0xe8, 0x8b,
    0x80, 0x7d, 0x0, 0x1f, 0xfd, 0x13, 0x15, 0x0,
    0xf0, 0xb0, 0x7, 0xff, 0x40, 0x42, 0x40, 0x3e,
    0xb0, 0xf, 0xfe, 0x83, 0x81, 0x90, 0x7, 0x89,
    0x40, 0x3f, 0xf9, 0xe2, 0x0, 0xb0, 0xf, 0xa0,
    0x3, 0xff, 0x9e, 0x60, 0x7, 0x0, 0xf8, 0x90,
    0x3, 0xff, 0x9c, 0x20, 0x1, 0x50, 0xf, 0xa0,
    0x3, 0xff, 0x9d, 0xe0, 0x14, 0x80, 0x7c, 0x68,
    0x1, 0xff, 0xd1, 0x34, 0x0, 0xfb, 0xc0, 0x3f,
    0xfa, 0x5e, 0x1, 0xf2, 0x18, 0x7, 0xff, 0x45,
    0xc, 0x3, 0xe8, 0x0, 0xff, 0xe9, 0x48, 0x7,
    0xc8, 0x40, 0x1f, 0xfd, 0x15, 0x20, 0xf, 0xa0,
    0x3, 0xff, 0xa5, 0x0, 0x1f, 0x29, 0x0, 0x7f,
    0xf4, 0x54, 0x80, 0x3e, 0xb0, 0xf, 0xfe, 0x95,
    0x80, 0x7c, 0xc2, 0x1, 0xff, 0xd1, 0x61, 0x0,
    0xf9, 0x80, 0x21, 0x0, 0xff, 0xe7, 0x48, 0x7,
    0xd4, 0x1, 0x18, 0x7, 0xff, 0x39, 0xc4, 0x3,
    0xc4, 0x60, 0x1, 0x0, 0xff, 0xe7, 0xc8, 0x7,
    0xd2, 0x0, 0x70, 0xf, 0xfe, 0x7b, 0x0, 0x7c,
    0xa2, 0x2, 0x1, 0xff, 0xcf, 0x17, 0x0, 0xf9,
    0xc0, 0xc0, 0x3f, 0xfa, 0x12, 0x1, 0xf5, 0x80,
    0x80, 0x7f, 0xf4, 0x5, 0x80, 0x3c, 0x47, 0xe0,
    0x1f, 0xfd, 0x18, 0x0, 0xfb, 0x64, 0x3, 0xff,
    0xa2, 0x2c, 0x1, 0xe1, 0x10, 0x7, 0xff, 0x4a,
    0xc0, 0x3f, 0xfb, 0x44, 0xa0, 0x1f, 0xfd, 0xa8,
    0x0, 0xff, 0xed, 0x12, 0x0, 0x7f, 0xf6, 0xa0,
    0x3, 0xff, 0xb4, 0x66, 0x0, 0xff, 0xed, 0x40,
    0x7, 0xff, 0x69, 0xc, 0x3, 0xff, 0xb5, 0x20,
    0x1f, 0xfd, 0xa5, 0x20, 0xf, 0xfe, 0xd4, 0x0,
    0x7f, 0xf6, 0x94, 0x80, 0x3f, 0xc0,

    /* U+004F "O" */
    0x0, 0xff, 0xe2, 0x92, 0x2b, 0x34, 0xa6, 0x20,
    0x1f, 0xfd, 0x21, 0x7b, 0xfd, 0xba, 0x99, 0xab,
    0x3b, 0x94, 0xc2, 0x1, 0xff, 0xcc, 0x3b, 0xe8,
    0x40, 0xf, 0xf0, 0xac, 0xf4, 0x90, 0x7, 0xff,
    0x20, 0x6b, 0x10, 0x3, 0xff, 0x8a, 0xdb, 0x0,
    0x1f, 0xfc, 0x64, 0xf5, 0x0, 0xff, 0xe4, 0xbe,
    0x90, 0x7, 0xff, 0xd, 0x6c, 0x40, 0x3f, 0xf9,
    0x65, 0x86, 0x1, 0xff, 0xc1, 0x4a, 0x0, 0xff,
    0xe7, 0xe, 0x90, 0x7, 0xfc, 0x56, 0x1, 0xff,
    0xd0, 0x1f, 0x0, 0xff, 0xb8, 0x3, 0xff, 0xa4,
    0x52, 0x1, 0xfc, 0xc6, 0x1, 0xfe, 0x16, 0xad,
    0xef, 0xed, 0x95, 0x0, 0xff, 0x98, 0xc0, 0x3f,
    0x40, 0x7, 0xf9, 0xfe, 0x54, 0x84, 0x4, 0x9a,
    0xb5, 0x40, 0x3f, 0xd0, 0x1, 0xf3, 0x8, 0x7,
    0xf5, 0xc0, 0x80, 0x7f, 0x15, 0x40, 0x7, 0xf2,
    0x18, 0x7, 0xac, 0x3, 0xfa, 0xd0, 0x3, 0xff,
    0x82, 0xf0, 0x1, 0xfd, 0x20, 0x1c, 0x84, 0x1,
    0xf9, 0x90, 0x3, 0xff, 0x86, 0xe6, 0x1, 0xf9,
    0x40, 0x3b, 0x40, 0x3f, 0xa4, 0x3, 0xff, 0x8b,
    0xe0, 0x1f, 0xca, 0x1, 0x9c, 0x3, 0xf3, 0x0,
    0x7f, 0xf1, 0x8c, 0x80, 0x3f, 0x78, 0x4, 0x42,
    0x1, 0xfb, 0x40, 0x3f, 0xf8, 0xf4, 0x1, 0xf9,
    0x0, 0x24, 0x0, 0xfe, 0x40, 0xf, 0xfe, 0x39,
    0x80, 0x7e, 0x12, 0x0, 0x78, 0x7, 0xe2, 0x0,
    0xff, 0xe4, 0x20, 0x7, 0xf2, 0x0, 0x14, 0x3,
    0xf3, 0x0, 0x7f, 0xf4, 0xb8, 0x0, 0x40, 0x1f,
    0x84, 0x3, 0xff, 0x92, 0x20, 0x1f, 0x8c, 0x0,
    0x20, 0x1f, 0x8c, 0x3, 0xff, 0x92, 0x60, 0x1f,
    0x98, 0x8, 0x3, 0xff, 0xb8, 0x60, 0x20, 0x1f,
    0xfd, 0xc1, 0x7, 0x0, 0xff, 0xee, 0x88, 0x80,
    0x3f, 0xfb, 0xa6, 0x60, 0xf, 0xff, 0xf8, 0x7,
    0xf0, 0x80, 0x7f, 0xff, 0xc0, 0x3f, 0xc2, 0x60,
    0x1f, 0xff, 0xf0, 0xf, 0xf0, 0x80, 0x7f, 0xf7,
    0x4d, 0xc0, 0x3f, 0xfb, 0xa2, 0x40, 0x1f, 0xfd,
    0xc1, 0x1, 0x0, 0xfe, 0x30, 0xf, 0xfe, 0x91,
    0x0, 0x8, 0x3, 0xf0, 0x80, 0x7f, 0xf2, 0x4c,
    0x3, 0xf3, 0x0, 0x18, 0x3, 0xf3, 0x80, 0x7f,
    0xf2, 0x44, 0x3, 0xf6, 0x80, 0xc, 0x3, 0xf1,
    0x0, 0x7f, 0xf2, 0x8, 0x3, 0xf8, 0xc0, 0x18,
    0x1, 0xf8, 0x48, 0x3, 0xff, 0x8e, 0xe0, 0x1f,
    0xca, 0x0, 0x40, 0xf, 0xe4, 0x0, 0xff, 0xe3,
    0xe0, 0x7, 0xe2, 0x10, 0x8, 0xc0, 0x3f, 0x50,
    0x7, 0xff, 0x1d, 0x80, 0x3f, 0x28, 0x6, 0xb0,
    0xf, 0xc6, 0x60, 0xf, 0xfe, 0x2b, 0x0, 0x7f,
    0x58, 0x6, 0x60, 0xf, 0xee, 0x0, 0xff, 0xe2,
    0x14, 0x80, 0x7e, 0x23, 0x0, 0xc2, 0xa0, 0x1f,
    0x8a, 0x80, 0x3f, 0xf8, 0x43, 0xc0, 0x1f, 0xd4,
    0x1, 0xe9, 0x0, 0xfe, 0x5b, 0x10, 0xf, 0xf8,
    0xb0, 0xc0, 0x3f, 0x98, 0x3, 0xc6, 0x80, 0x1f,
    0xc9, 0xee, 0x20, 0x1f, 0x14, 0x69, 0x0, 0x7f,
    0x40, 0x80, 0x7d, 0x20, 0x1f, 0xe1, 0x8e, 0xc9,
    0x87, 0x8a, 0xdd, 0x38, 0x7, 0xf8, 0x5c, 0x3,
    0xf1, 0x40, 0x7, 0xff, 0x0, 0xd9, 0xe1, 0xd4,
    0x80, 0x3f, 0xf8, 0x14, 0x1, 0xfe, 0x74, 0x0,
    0xff, 0xe8, 0xba, 0x0, 0x7f, 0xd6, 0x60, 0x1f,
    0xfc, 0xf5, 0x80, 0xf, 0xfe, 0xe, 0x98, 0x7,
    0xff, 0x35, 0xa8, 0x3, 0xff, 0x84, 0x38, 0xc0,
    0x1f, 0xfc, 0xb9, 0x90, 0x7, 0xff, 0x16, 0x6c,
    0xc0, 0x3f, 0xf8, 0xe9, 0xac, 0x1, 0xff, 0xc7,
    0x4c, 0xb5, 0x0, 0xff, 0xe1, 0xb, 0x65, 0x90,
    0x7, 0xff, 0x29, 0x2b, 0xed, 0xd0, 0x84, 0x2,
    0x13, 0x58, 0xce, 0x93, 0x0, 0xff, 0xe0, 0x0,

    /* U+0050 "P" */
    0x7f, 0xff, 0xfe, 0x5f, 0x64, 0x20, 0x7, 0xff,
    0x54, 0x4d, 0xef, 0x9c, 0x3, 0xff, 0xae, 0x31,
    0xa6, 0x1, 0xff, 0xd7, 0x2c, 0x40, 0xf, 0xfe,
    0xc5, 0x98, 0x7, 0xff, 0x63, 0x80, 0x3f, 0xfb,
    0x4, 0xe0, 0x1f, 0xfd, 0x89, 0x0, 0xff, 0xe0,
    0x4d, 0x57, 0xfd, 0xa, 0x1, 0xfe, 0x15, 0x0,
    0xff, 0x99, 0x57, 0xfe, 0x7a, 0xd2, 0x0, 0xfe,
    0x90, 0xf, 0xfe, 0x69, 0x60, 0x7, 0xf1, 0x80,
    0x7f, 0xf3, 0x85, 0x80, 0x3f, 0x8c, 0x3, 0xff,
    0x9d, 0x80, 0x1f, 0xca, 0x1, 0xff, 0xce, 0x10,
    0xf, 0xee, 0x0, 0xff, 0xe7, 0x38, 0x7, 0xf0,
    0x80, 0x7f, 0xf6, 0xc, 0x3, 0xff, 0xb0, 0x20,
    0x1f, 0xfd, 0x81, 0x0, 0xff, 0xec, 0x18, 0x7,
    0xff, 0x39, 0xc0, 0x3f, 0x84, 0x3, 0xff, 0x9c,
    0x40, 0x1f, 0xdc, 0x1, 0xff, 0xce, 0xf0, 0xf,
    0xe5, 0x0, 0xff, 0xe6, 0x8b, 0x0, 0x7f, 0x18,
    0x7, 0xff, 0x30, 0xb0, 0x3, 0xf8, 0xc0, 0x3f,
    0xe6, 0x6f, 0xfe, 0x3, 0xd6, 0x90, 0x7, 0xf4,
    0x80, 0x7f, 0xd3, 0x3f, 0xfc, 0x8, 0x50, 0xf,
    0xf0, 0xa8, 0x7, 0xff, 0x5e, 0x40, 0x3f, 0xfa,
    0xe4, 0xe0, 0x1f, 0xfd, 0x7e, 0x0, 0xff, 0xeb,
    0xd9, 0x80, 0x7f, 0xf5, 0x4b, 0x10, 0x3, 0xff,
    0xa8, 0x31, 0xa6, 0x1, 0xff, 0xd1, 0x13, 0x6b,
    0xe7, 0x0, 0xff, 0xe2, 0xff, 0xff, 0xf0, 0xbb,
    0x25, 0x0, 0x3f, 0xff, 0xe0, 0x1f, 0xff, 0xf0,
    0xf, 0xff, 0xf8, 0x7, 0xff, 0xfc, 0x3, 0xff,
    0xfe, 0x1, 0xff, 0xff, 0x0, 0xff, 0xff, 0x80,
    0x7f, 0xff, 0xc0, 0x3f, 0xff, 0xe0, 0x1f, 0xfd,
    0x94, 0x77, 0xfe, 0x0, 0xff, 0xe7, 0x80,

    /* U+0051 "Q" */
    0x0, 0xff, 0xe1, 0xa4, 0x5e, 0xf7, 0xfd, 0xd9,
    0x4e, 0x60, 0x1f, 0xfc, 0xf4, 0xaf, 0xb7, 0x42,
    0x10, 0x8, 0x4d, 0x63, 0x3a, 0x4c, 0x3, 0xff,
    0x94, 0x99, 0x6a, 0x1, 0xff, 0xc2, 0x16, 0xcb,
    0x20, 0xf, 0xfe, 0x3c, 0xd9, 0x80, 0x7f, 0xf1,
    0xd3, 0x5c, 0x3, 0xff, 0x88, 0x38, 0xc0, 0x1f,
    0xfc, 0xb8, 0x90, 0xf, 0xfe, 0x1e, 0x98, 0x7,
    0xff, 0x35, 0xa8, 0x3, 0xff, 0x83, 0x66, 0x1,
    0xff, 0xcf, 0x58, 0x0, 0xff, 0x9d, 0x0, 0x3f,
    0xfa, 0x2e, 0x80, 0x1f, 0xc5, 0x0, 0x1f, 0xfc,
    0x3, 0x67, 0x87, 0x62, 0x0, 0xff, 0xe0, 0x50,
    0x7, 0xf4, 0x80, 0x7f, 0x86, 0x7b, 0x26, 0x1e,
    0x27, 0x79, 0xc0, 0x3f, 0xc2, 0xe0, 0x1f, 0x1a,
    0x0, 0x7f, 0x27, 0xb0, 0x80, 0x7c, 0x31, 0xa4,
    0x1, 0xfd, 0x2, 0x1, 0xe9, 0x0, 0xfe, 0x5b,
    0x10, 0xf, 0xf8, 0xb0, 0xc0, 0x3f, 0x98, 0x3,
    0x85, 0x40, 0x3f, 0x15, 0x0, 0x7f, 0xf0, 0x87,
    0x80, 0x3f, 0xa8, 0x3, 0x9c, 0x3, 0xfb, 0x80,
    0x3f, 0xf8, 0x85, 0x20, 0x1f, 0x88, 0xc0, 0x35,
    0x0, 0x7e, 0x33, 0x0, 0x7f, 0xf1, 0x58, 0x3,
    0xfa, 0xc0, 0x31, 0x80, 0x7e, 0xa0, 0xf, 0xfe,
    0x3b, 0x0, 0x7e, 0x50, 0x9, 0x0, 0x3f, 0x90,
    0x3, 0xff, 0x8f, 0x80, 0x1f, 0x88, 0x40, 0x18,
    0x1, 0xf8, 0x48, 0x3, 0xff, 0x8e, 0xe0, 0x1f,
    0xca, 0x0, 0x30, 0xf, 0xc4, 0x1, 0xff, 0xc8,
    0x20, 0xf, 0xe3, 0x0, 0x30, 0x7, 0xe7, 0x0,
    0xff, 0xe4, 0x88, 0x7, 0xed, 0x0, 0x10, 0x7,
    0xe1, 0x0, 0xff, 0xe4, 0x98, 0x7, 0xe6, 0x1,
    0x0, 0xfe, 0x30, 0xf, 0xfe, 0x91, 0x1, 0x0,
    0x7f, 0xf7, 0x4, 0x1c, 0x3, 0xff, 0xba, 0x22,
    0x0, 0xff, 0xee, 0x98, 0x7, 0xff, 0x7c, 0xc0,
    0x3f, 0xff, 0xe0, 0x1f, 0xc2, 0x1, 0xff, 0xff,
    0x0, 0xff, 0x9, 0x80, 0x7f, 0xf7, 0x84, 0x3,
    0xff, 0xba, 0x6e, 0x1, 0xff, 0xdd, 0x11, 0x0,
    0x7f, 0xf7, 0x88, 0x3, 0xff, 0xb8, 0x40, 0x1,
    0x0, 0xfc, 0x60, 0x1f, 0xfc, 0x93, 0x0, 0xfc,
    0xc0, 0x2, 0x0, 0xfc, 0x20, 0x1f, 0xfc, 0x91,
    0x0, 0xfc, 0x40, 0x5, 0x0, 0xfc, 0xc0, 0x1f,
    0xfd, 0x2f, 0x0, 0x78, 0x7, 0xe2, 0x0, 0xff,
    0xe4, 0x20, 0x7, 0xf2, 0x80, 0x10, 0x3, 0xf9,
    0x0, 0x3f, 0xf8, 0xe6, 0x1, 0xfc, 0x60, 0x2,
    0x10, 0xf, 0xda, 0x1, 0xff, 0xc7, 0xa0, 0xf,
    0xc8, 0x1, 0x9c, 0x3, 0xf3, 0x8, 0x7, 0xff,
    0x14, 0xc8, 0x3, 0xf6, 0x80, 0x6d, 0x0, 0xfe,
    0x80, 0xf, 0xfe, 0x2f, 0x80, 0x7f, 0x38, 0x6,
    0x41, 0x0, 0xfc, 0xc8, 0x1, 0xff, 0xc3, 0x73,
    0x0, 0xfc, 0x82, 0x1, 0xd2, 0x1, 0xfd, 0x68,
    0x1, 0xff, 0xc1, 0x78, 0x0, 0xfe, 0xf0, 0xf,
    0x30, 0x7, 0xfa, 0xe4, 0x40, 0x3f, 0x8a, 0xe0,
    0x3, 0xf8, 0xd0, 0x3, 0xc3, 0x0, 0x1f, 0xe6,
    0xea, 0x53, 0x10, 0x13, 0x6b, 0xd4, 0x0, 0xff,
    0x78, 0x7, 0xe7, 0x20, 0xf, 0xf9, 0x6b, 0x3b,
    0xfb, 0x25, 0x0, 0x3f, 0xe6, 0x30, 0xf, 0xee,
    0x0, 0xff, 0xe9, 0x14, 0x80, 0x7f, 0x8e, 0x80,
    0x3f, 0xfa, 0x3e, 0x1, 0xff, 0xc0, 0x59, 0x0,
    0xff, 0xe7, 0xe, 0x10, 0x7, 0xff, 0x5, 0xa8,
    0x3, 0xff, 0x98, 0x58, 0x60, 0x1f, 0xfc, 0x35,
    0xd4, 0x0, 0xff, 0xe4, 0xbe, 0x90, 0x7, 0xff,
    0x14, 0xae, 0xc8, 0x1, 0xff, 0xc5, 0x6d, 0x80,
    0xf, 0xfe, 0x4a, 0x5e, 0xc2, 0x8, 0x7, 0xf0,
    0xad, 0x7c, 0x90, 0x7, 0xff, 0x30, 0x9e, 0xf9,
    0x80, 0x3f, 0x6d, 0x28, 0x7, 0xff, 0xfc, 0x3,
    0xff, 0xfe, 0x1, 0xfe, 0x10, 0xf, 0xfe, 0xf7,
    0x80, 0x7e, 0xde, 0xef, 0x48, 0x7, 0xff, 0x38,
    0x80, 0x3f, 0x8, 0xfc, 0x60, 0x1f, 0xfc, 0xe4,
    0x0, 0xff, 0xef, 0x9, 0x80, 0x7f, 0xf7, 0xa0,
    0x3, 0xff, 0xbc, 0x8c, 0x1, 0xff, 0xde, 0x98,
    0x0, 0xff, 0xef, 0x3f, 0x42, 0x90, 0x80, 0x7f,
    0xf1, 0x40,

    /* U+0052 "R" */
    0x25, 0x5f, 0xfe, 0x59, 0x88, 0x7, 0xff, 0x1,
    0x6a, 0xbf, 0xf9, 0x79, 0xdc, 0xa5, 0x0, 0xff,
    0xeb, 0x8a, 0xd6, 0xa8, 0x7, 0xff, 0x60, 0xaa,
    0x40, 0x3f, 0xfb, 0x2d, 0x40, 0x1f, 0xfd, 0x95,
    0x70, 0xf, 0xfe, 0xcc, 0x18, 0x7, 0xff, 0x67,
    0xc0, 0x3f, 0xfb, 0x26, 0x40, 0x1f, 0xfc, 0xf,
    0xff, 0xfe, 0x7, 0x5a, 0x0, 0x7f, 0xac, 0x3,
    0xff, 0x98, 0x29, 0x6e, 0x1, 0xfc, 0xe0, 0x1f,
    0xfc, 0xf8, 0x20, 0xf, 0xc2, 0x20, 0xf, 0xfe,
    0x7d, 0x0, 0x7f, 0x20, 0x7, 0xff, 0x3c, 0x80,
    0x3f, 0xb4, 0x3, 0xff, 0x9e, 0xc0, 0x1f, 0xc2,
    0x1, 0xff, 0xd9, 0x30, 0xf, 0xfe, 0xc8, 0x80,
    0x7f, 0xf6, 0x44, 0x3, 0xff, 0xfe, 0x60, 0x1f,
    0xfc, 0xf7, 0x0, 0xfe, 0xe0, 0xf, 0xfe, 0x79,
    0x80, 0x7f, 0x18, 0x7, 0xff, 0x3e, 0x80, 0x3f,
    0x94, 0x3, 0xff, 0x9c, 0xe4, 0x1, 0xf8, 0xc4,
    0x3, 0xff, 0x98, 0x97, 0x0, 0x1f, 0xc8, 0x1,
    0xff, 0xc0, 0xff, 0xff, 0xe0, 0xda, 0x0, 0x7f,
    0xa4, 0x3, 0xff, 0xb0, 0xc2, 0x1, 0xff, 0xd7,
    0x18, 0x0, 0xff, 0xec, 0x50, 0x80, 0x7f, 0xf5,
    0xe9, 0x0, 0x3f, 0xfa, 0xc5, 0x8a, 0x1, 0xff,
    0xd5, 0x18, 0xd3, 0x0, 0xff, 0xea, 0x8f, 0x38,
    0x7, 0xff, 0x1b, 0xff, 0xf4, 0x80, 0x7e, 0x14,
    0x0, 0xff, 0xe7, 0xb0, 0x80, 0x7e, 0x80, 0xf,
    0xfe, 0x83, 0x0, 0x7e, 0x33, 0x0, 0x7f, 0xf3,
    0xe8, 0x3, 0xfa, 0x40, 0x3f, 0xf9, 0xe4, 0x80,
    0x1f, 0x94, 0x40, 0x3f, 0xf9, 0xfe, 0x1, 0xfd,
    0x20, 0x1f, 0xfc, 0xf4, 0x10, 0xf, 0xcc, 0x1,
    0xff, 0xd0, 0x90, 0xf, 0xc2, 0xc0, 0x1f, 0xfc,
    0xf6, 0x0, 0xfe, 0xb0, 0xf, 0xfe, 0x78, 0xa8,
    0x7, 0xe2, 0x40, 0xf, 0xfe, 0x7c, 0x80, 0x7f,
    0x78, 0x7, 0xff, 0x3c, 0xcc, 0x1, 0xf9, 0xc,
    0x3, 0xff, 0x9f, 0x40, 0x1f, 0xd2, 0x1, 0xff,
    0xcf, 0x60, 0xf, 0xe5, 0x10, 0xf, 0xfe, 0x7b,
    0x0, 0x7f, 0x48, 0x7, 0xff, 0x3e, 0xc0, 0x3f,
    0x98, 0x3, 0xff, 0x9e, 0x48, 0x1, 0xf8, 0x58,
    0x3, 0xff, 0x9f, 0xc0, 0x1f, 0xd6, 0x1, 0xff,
    0xcf, 0x51, 0x0, 0xfc, 0x48, 0x1, 0xff, 0xcf,
    0x90, 0xf, 0xef, 0x0, 0xff, 0xe7, 0xb0, 0x7,
    0xf2, 0x10,

    /* U+0053 "S" */
    0x0, 0xff, 0xe2, 0x9, 0x1a, 0x19, 0x8, 0x7,
    0xff, 0x34, 0x9a, 0xb7, 0xfb, 0x72, 0xf3, 0x7b,
    0xf2, 0x54, 0x3, 0xff, 0x8e, 0xb7, 0xb2, 0xa4,
    0x1, 0xfc, 0x6d, 0x5f, 0x24, 0x1, 0xff, 0xc2,
    0x2c, 0xa4, 0x0, 0xff, 0xe2, 0xb6, 0xc8, 0x80,
    0x7f, 0xcd, 0xa6, 0x1, 0xff, 0xc9, 0x6f, 0x30,
    0xf, 0xe7, 0x90, 0xf, 0xfe, 0x60, 0xe2, 0x80,
    0x7c, 0xb0, 0x1, 0xff, 0xcf, 0xa5, 0x0, 0xe1,
    0xb0, 0xf, 0xfe, 0x8d, 0x18, 0x6, 0x91, 0x0,
    0xff, 0xe9, 0x78, 0x6, 0x70, 0xf, 0xf1, 0x46,
    0x77, 0xfb, 0xb6, 0x94, 0x3, 0xfc, 0x5a, 0x1,
    0x28, 0x7, 0xfa, 0x75, 0xcc, 0x40, 0x2, 0x4b,
    0x5f, 0x0, 0x1f, 0x1e, 0x8, 0x5, 0x80, 0x1f,
    0xd2, 0xc0, 0x1f, 0xf3, 0xe9, 0x0, 0x64, 0xc1,
    0x0, 0xc8, 0x1, 0xf8, 0x98, 0x3, 0xff, 0x82,
    0x58, 0x60, 0x4, 0xb0, 0xf, 0x10, 0x7, 0xe4,
    0x0, 0xff, 0xe1, 0x8e, 0x92, 0xd8, 0x7, 0xff,
    0x13, 0xc0, 0x3f, 0xf8, 0x83, 0x94, 0x1, 0xf0,
    0x80, 0x7f, 0x18, 0x7, 0xff, 0x14, 0x40, 0x3f,
    0xfc, 0x22, 0x1, 0xfc, 0x40, 0x1f, 0xfd, 0x8c,
    0x0, 0xff, 0xe7, 0x90, 0x7, 0xe4, 0x20, 0xf,
    0xfe, 0x73, 0x80, 0x7f, 0x78, 0x80, 0x7f, 0xf3,
    0x70, 0x3, 0xf8, 0xbd, 0x40, 0x3f, 0xf9, 0x8e,
    0x1, 0xfe, 0x1a, 0xd8, 0x40, 0xf, 0xfe, 0x48,
    0xb0, 0x7, 0xfc, 0x4f, 0x7f, 0x92, 0xc4, 0x1,
    0xff, 0xc5, 0xb0, 0xf, 0xfe, 0x19, 0xb4, 0xef,
    0x52, 0x88, 0x7, 0xff, 0x4, 0xa4, 0x3, 0xff,
    0x8c, 0x2b, 0x5d, 0x68, 0x1, 0xff, 0xc0, 0x66,
    0x0, 0x7f, 0xf2, 0x52, 0xf0, 0xc0, 0x3f, 0xe9,
    0x80, 0xf, 0xfe, 0x51, 0xe4, 0x80, 0x7f, 0xcf,
    0x64, 0x1, 0xff, 0xca, 0x6b, 0x0, 0xff, 0x93,
    0x60, 0x40, 0x3f, 0xf9, 0x29, 0x40, 0x1f, 0xfc,
    0x7, 0xeb, 0x40, 0xf, 0xfe, 0x42, 0xb0, 0x7,
    0xff, 0x5, 0x2f, 0xf1, 0xd0, 0x40, 0x3f, 0xf8,
    0x90, 0x1, 0xff, 0xc4, 0x38, 0xbe, 0xda, 0x73,
    0x0, 0xff, 0xe0, 0xb, 0x0, 0x7f, 0xf1, 0xc9,
    0x63, 0x39, 0xc0, 0x3f, 0xea, 0x0, 0xff, 0xe5,
    0x8c, 0x69, 0x0, 0x7f, 0x18, 0x7, 0xff, 0x34,
    0xbc, 0x3, 0xfc, 0x60, 0x1f, 0xfc, 0xd2, 0x70,
    0xf, 0xe6, 0x0, 0xff, 0xe7, 0x50, 0x7, 0xf1,
    0x80, 0x7f, 0xf3, 0x88, 0x3, 0xf8, 0x40, 0x3f,
    0xf9, 0xe2, 0x1, 0xfb, 0xc0, 0x3f, 0xfb, 0x1e,
    0x1, 0xe6, 0x0, 0xff, 0xe4, 0x8, 0x7, 0xe1,
    0x0, 0xec, 0x96, 0x0, 0xff, 0xe3, 0x18, 0x7,
    0xf1, 0x0, 0x43, 0x86, 0x12, 0xa0, 0x1f, 0xfc,
    0x5b, 0x0, 0xfe, 0x60, 0x0, 0xe9, 0x80, 0x54,
    0xe0, 0x1f, 0xfc, 0x31, 0x70, 0xf, 0xc2, 0x40,
    0x38, 0x60, 0x1d, 0x16, 0x40, 0x1f, 0xfc, 0x1d,
    0x0, 0xfe, 0x40, 0x1c, 0x20, 0xf, 0x93, 0x64,
    0x80, 0x3f, 0x93, 0x4c, 0x3, 0xfb, 0x82, 0x48,
    0x3, 0xfc, 0xdb, 0xa9, 0x75, 0x45, 0x69, 0xdb,
    0x20, 0xf, 0xe2, 0x40, 0x83, 0x0, 0xff, 0xe0,
    0x13, 0x45, 0x5d, 0x4b, 0x10, 0x7, 0xfd, 0x0,
    0x16, 0x90, 0x7, 0xff, 0x49, 0x14, 0x2, 0x1c,
    0x30, 0xf, 0xfe, 0x80, 0xd0, 0x7, 0xe, 0x28,
    0x7, 0xff, 0x38, 0x70, 0x40, 0x3e, 0xaa, 0x8,
    0x7, 0xff, 0x2c, 0xfc, 0x80, 0x3f, 0x97, 0x9c,
    0x3, 0xff, 0x90, 0x33, 0x82, 0x1, 0xff, 0xc0,
    0x8e, 0x93, 0x0, 0xff, 0xe1, 0x9c, 0xf3, 0x0,
    0x7f, 0xf0, 0xc5, 0xb3, 0xa9, 0xd0, 0x84, 0x2,
    0x12, 0x46, 0xae, 0xc6, 0x0, 0xfe,

    /* U+0054 "T" */
    0x5, 0x5f, 0xfe, 0xc1, 0x55, 0x7f, 0xf6, 0x0,
    0x3f, 0xff, 0xe0, 0x1f, 0xff, 0xf0, 0xf, 0xff,
    0xf8, 0x7, 0xff, 0x58, 0xbf, 0xff, 0xf8, 0x22,
    0x1, 0xf9, 0x7f, 0xff, 0xf8, 0x20, 0x1f, 0xff,
    0xf0, 0xf, 0xff, 0xf8, 0x7, 0xff, 0xfc, 0x3,
    0xff, 0xfe, 0x1, 0xff, 0xff, 0x0, 0xff, 0xff,
    0x80, 0x7f, 0xff, 0xc0, 0x3f, 0xff, 0xe0, 0x1f,
    0xff, 0xf0, 0xf, 0xff, 0xf8, 0x7, 0xff, 0xfc,
    0x3, 0xff, 0xfe, 0x1, 0xff, 0xff, 0x0, 0xff,
    0xff, 0x80, 0x7f, 0xff, 0xc0, 0x3f, 0xff, 0xe0,
    0x1f, 0xff, 0xf0, 0xf, 0xff, 0xf8, 0x7, 0xff,
    0xfc, 0x3, 0xff, 0xfe, 0x1, 0xff, 0xff, 0x0,
    0xff, 0xf4, 0x80,

    /* U+0055 "U" */
    0x68, 0x8f, 0xca, 0x1, 0xff, 0xc5, 0x28, 0x8f,
    0xe2, 0xb7, 0x7f, 0xde, 0x1, 0xff, 0xc5, 0x67,
    0x7f, 0xe6, 0x0, 0xff, 0xff, 0x80, 0x7f, 0xff,
    0xc0, 0x3f, 0xff, 0xe0, 0x1f, 0xff, 0xf0, 0xf,
    0xff, 0xf8, 0x7, 0xff, 0xfc, 0x3, 0xff, 0xfe,
    0x1, 0xff, 0xff, 0x0, 0xff, 0xff, 0x80, 0x7f,
    0xff, 0xc0, 0x3f, 0xff, 0xe0, 0x1f, 0xff, 0xf0,
    0xf, 0xff, 0xf8, 0x7, 0xff, 0xfc, 0x3, 0xff,
    0xfe, 0x1, 0xff, 0xff, 0x0, 0xff, 0xe1, 0xb8,
    0x7, 0xff, 0x68, 0x40, 0x3f, 0xfc, 0x42, 0x1,
    0xff, 0xcf, 0x17, 0x0, 0xfc, 0xe0, 0x1f, 0xfc,
    0x51, 0x0, 0xfe, 0x31, 0x0, 0xfc, 0x20, 0x1f,
    0xfc, 0x52, 0x0, 0xfe, 0x12, 0x0, 0xfc, 0x40,
    0x1f, 0xfc, 0x5e, 0x0, 0xff, 0x70, 0x7, 0xf1,
    0x80, 0x7f, 0xf1, 0x14, 0x3, 0xf1, 0x1, 0x0,
    0x7f, 0x20, 0x7, 0xff, 0xc, 0x4c, 0x3, 0xf3,
    0x82, 0x80, 0x7f, 0x50, 0x7, 0xff, 0xd, 0xc0,
    0x3f, 0xb4, 0x4, 0x80, 0x3f, 0x13, 0x0, 0x7f,
    0xf0, 0xa0, 0x3, 0xf8, 0xc0, 0x8, 0x1, 0xfd,
    0x26, 0x1, 0xff, 0xc0, 0xb1, 0x0, 0xfe, 0x40,
    0x6, 0x80, 0x7f, 0xb1, 0xc0, 0x3f, 0x8f, 0x10,
    0x3, 0xf9, 0x40, 0x24, 0x20, 0xf, 0xf4, 0x75,
    0x3b, 0x2a, 0x9a, 0x77, 0xc, 0x3, 0xfd, 0xc0,
    0x1a, 0x0, 0x3f, 0xe1, 0x58, 0x9a, 0xa4, 0xb1,
    0x0, 0x7f, 0xc6, 0x80, 0x19, 0x4c, 0x3, 0xff,
    0xa5, 0xe0, 0x1e, 0xe0, 0xf, 0xfe, 0x8b, 0x98,
    0x7, 0x8a, 0xc0, 0x3f, 0xf9, 0xeb, 0x0, 0x1f,
    0x93, 0x4, 0x3, 0xff, 0x98, 0xf4, 0x1, 0xfe,
    0x3f, 0x60, 0xf, 0xfe, 0x49, 0x5c, 0x0, 0x7f,
    0xf0, 0x6, 0x75, 0x84, 0x3, 0xff, 0x88, 0x95,
    0xa8, 0x1, 0xff, 0xc3, 0x29, 0xec, 0x96, 0x32,
    0x10, 0xc, 0x26, 0xaf, 0x5f, 0x6a, 0x1, 0xfc,

    /* U+0056 "V" */
    0x68, 0x8f, 0xce, 0x1, 0xff, 0xca, 0x28, 0x8f,
    0xe1, 0xc7, 0x7f, 0xd0, 0x40, 0x1f, 0xfc, 0x9a,
    0x77, 0xfe, 0x1f, 0x0, 0xfe, 0x40, 0xf, 0xfe,
    0x4a, 0x0, 0x7e, 0x50, 0x40, 0xf, 0xec, 0x0,
    0xff, 0xe4, 0x9, 0x80, 0x7e, 0xc0, 0x13, 0x0,
    0xfc, 0xa0, 0x1f, 0xfc, 0x84, 0x0, 0xfe, 0x70,
    0x5, 0x80, 0x7f, 0x18, 0x7, 0xff, 0x1f, 0x0,
    0x3f, 0x10, 0x80, 0x10, 0x3, 0xf9, 0x0, 0x3f,
    0xf8, 0xe8, 0x1, 0xf9, 0x40, 0x23, 0x10, 0xf,
    0xd6, 0x1, 0xff, 0xc6, 0x22, 0x0, 0x7e, 0xb0,
    0xc, 0xe0, 0x1f, 0x8c, 0x3, 0xff, 0x8c, 0x80,
    0x1f, 0x84, 0xc0, 0x36, 0x0, 0x7f, 0x20, 0x7,
    0xff, 0x17, 0x0, 0x3f, 0x20, 0x7, 0x28, 0x7,
    0xf6, 0x80, 0x7f, 0xf1, 0x50, 0x3, 0xf6, 0x0,
    0x79, 0x0, 0x3f, 0x20, 0x7, 0xff, 0x10, 0xc4,
    0x3, 0xf3, 0x80, 0x7b, 0x0, 0x3f, 0x10, 0x80,
    0x7f, 0xf0, 0xd0, 0x3, 0xf1, 0x88, 0x7, 0x94,
    0x3, 0xf9, 0xc0, 0x3f, 0xf8, 0x78, 0x1, 0xf9,
    0x0, 0x3e, 0x22, 0x0, 0x7e, 0xc0, 0xf, 0xfe,
    0x1a, 0x0, 0x7e, 0xb0, 0xf, 0xc8, 0x1, 0xf9,
    0x0, 0x3f, 0xf8, 0x48, 0x1, 0xf8, 0x4c, 0x3,
    0xf6, 0x80, 0x7e, 0x13, 0x0, 0xff, 0xe0, 0xe0,
    0x7, 0xe4, 0x0, 0xfe, 0x40, 0xf, 0xe4, 0x0,
    0xff, 0xe0, 0xa8, 0x7, 0xef, 0x0, 0xff, 0x20,
    0x7, 0xec, 0x0, 0xff, 0xe0, 0x9, 0x0, 0x7e,
    0x40, 0xf, 0xf6, 0x80, 0x7e, 0x40, 0xf, 0xfe,
    0x2, 0x0, 0x7e, 0x31, 0x0, 0xff, 0x38, 0x7,
    0xf2, 0x0, 0x7f, 0xd8, 0x1, 0xf9, 0x0, 0x3f,
    0xe1, 0x20, 0xf, 0xd8, 0x1, 0xff, 0x38, 0x7,
    0xeb, 0x0, 0xff, 0xe0, 0x28, 0x7, 0xe5, 0x0,
    0xff, 0x10, 0x80, 0x7c, 0x26, 0x1, 0xff, 0xc0,
    0xb0, 0xf, 0xc4, 0x20, 0x1f, 0xc8, 0x1, 0xf9,
    0x0, 0x3f, 0xf8, 0x26, 0x20, 0x1f, 0x90, 0x3,
    0xfb, 0x40, 0x3f, 0x78, 0x7, 0xff, 0x9, 0x0,
    0x3f, 0x78, 0x7, 0xf2, 0x0, 0x7e, 0x40, 0xf,
    0xfe, 0x17, 0x80, 0x7e, 0x40, 0xf, 0xc6, 0x1,
    0xf8, 0xc4, 0x3, 0xff, 0x84, 0x80, 0x1f, 0x84,
    0xc0, 0x3e, 0xb0, 0xf, 0xd6, 0x1, 0xff, 0xc3,
    0x13, 0x0, 0xfc, 0x80, 0x1f, 0x20, 0x7, 0xe4,
    0x0, 0xff, 0xe2, 0x58, 0x7, 0xec, 0x0, 0xf8,
    0xc0, 0x3e, 0x13, 0x0, 0xff, 0xe2, 0x20, 0x7,
    0xe4, 0x0, 0xf2, 0x0, 0x7e, 0x40, 0xf, 0xfe,
    0x29, 0x88, 0x7, 0xe4, 0x0, 0xed, 0x0, 0xfd,
    0xe0, 0x1f, 0xfc, 0x67, 0x0, 0xfd, 0x80, 0x1c,
    0x80, 0x1f, 0x90, 0x3, 0xff, 0x8d, 0x80, 0x1f,
    0x90, 0x3, 0x9, 0x0, 0x7c, 0x62, 0x1, 0xff,
    0xc6, 0x50, 0xf, 0xc6, 0x1, 0x94, 0x3, 0xf5,
    0x80, 0x7f, 0xf2, 0x10, 0x3, 0xf1, 0x0, 0x46,
    0x1, 0xf9, 0x0, 0x3f, 0xf9, 0x18, 0x1, 0xf9,
    0xc0, 0x2d, 0x0, 0xf8, 0x4c, 0x3, 0xff, 0x90,
    0xa0, 0x1f, 0x88, 0x2, 0x60, 0xf, 0x90, 0x3,
    0xff, 0x92, 0x44, 0x0, 0xfb, 0x40, 0x23, 0x0,
    0xfb, 0xc0, 0x3f, 0xf9, 0x48, 0x1, 0xf3, 0x80,
    0x8, 0x3, 0xf2, 0x0, 0x7f, 0xf2, 0xb4, 0x3,
    0xe2, 0x0, 0x30, 0x7, 0xc6, 0x20, 0x1f, 0xfc,
    0xa4, 0x0, 0xfc, 0x40, 0x60, 0x1f, 0x58, 0x7,
    0xff, 0x31, 0x0, 0x3e, 0x70, 0xd0, 0xf, 0x90,
    0x3, 0xff, 0x99, 0xa0, 0x1f, 0x10, 0x30, 0x7,
    0x84, 0xc0, 0x3f, 0xf9, 0x88, 0x1, 0xf6, 0x81,
    0x80, 0x79, 0xc0, 0x3f, 0xf9, 0xa4, 0x40, 0xf,
    0x25, 0x0, 0x7d, 0x80, 0x1f, 0xfc, 0xe5, 0x0,
    0xf0, 0xa8, 0x7, 0xca, 0x1, 0xff, 0xce, 0xc0,
    0xf, 0xfe, 0x11, 0x80, 0x7f, 0xf3, 0xd0, 0x3,
    0xff, 0x85, 0x60, 0x1f, 0xfd, 0x5, 0x0, 0xff,
    0xe0, 0xa8, 0x7, 0xff, 0x43, 0x0, 0x3f, 0xf8,
    0x2, 0x40, 0x1f, 0xfd, 0x7, 0x0, 0xff, 0xe0,
    0x38, 0x7, 0xff, 0x44, 0x4c, 0x3, 0xfe, 0xc0,
    0xf, 0xfe, 0x92, 0x0, 0x7f, 0xca, 0x1, 0xff,
    0xc3,

    /* U+0057 "W" */
    0xf, 0xff, 0xe6, 0x0, 0xff, 0xe1, 0xcf, 0xff,
    0xf9, 0x80, 0x3f, 0xf8, 0x73, 0xff, 0xfa, 0x0,
    0xc0, 0x3f, 0x78, 0x7, 0xff, 0xd, 0x40, 0x3f,
    0xde, 0x1, 0xff, 0xc3, 0x50, 0xf, 0xd8, 0xa,
    0x1, 0xf9, 0x40, 0x3f, 0xf8, 0x66, 0x1, 0xfe,
    0x50, 0xf, 0xfe, 0x19, 0x80, 0x7e, 0x50, 0xf0,
    0xf, 0xc6, 0x1, 0xff, 0xc2, 0x30, 0xf, 0xf8,
    0xc0, 0x3f, 0xf8, 0x44, 0x1, 0xf8, 0x84, 0x14,
    0x3, 0xf8, 0x80, 0x3f, 0xf8, 0x2a, 0x1, 0xff,
    0xc0, 0x30, 0xf, 0xfe, 0xb, 0x80, 0x7e, 0x70,
    0x1, 0x80, 0x7f, 0x38, 0x7, 0xff, 0x7, 0xc0,
    0x3f, 0xf8, 0xa, 0x1, 0xff, 0xc1, 0x20, 0xf,
    0xda, 0x1, 0x18, 0x7, 0xe2, 0x0, 0xff, 0xe0,
    0xa0, 0x7, 0xff, 0x3, 0x0, 0x3f, 0xf8, 0x3a,
    0x1, 0xf9, 0x0, 0x25, 0x0, 0xfd, 0xa0, 0x1f,
    0xfc, 0x12, 0x0, 0xff, 0xe0, 0x38, 0x7, 0xff,
    0x5, 0xc0, 0x3f, 0x18, 0x5, 0xe0, 0x1f, 0x9c,
    0x3, 0xff, 0x80, 0x60, 0x1f, 0xfc, 0x12, 0x0,
    0xff, 0xe0, 0x90, 0x7, 0xc4, 0x1, 0x90, 0x3,
    0xf1, 0x0, 0x7f, 0xf0, 0x14, 0x3, 0xff, 0x84,
    0x60, 0x1f, 0xf1, 0x80, 0x7e, 0x40, 0xc, 0x40,
    0x1f, 0xc6, 0x1, 0xff, 0x60, 0x7, 0xb9, 0x0,
    0x3c, 0x80, 0x1f, 0xf3, 0x0, 0x7e, 0xf0, 0xe,
    0x30, 0xf, 0xca, 0x1, 0xff, 0x38, 0x7, 0x84,
    0x80, 0x3d, 0xa0, 0x1f, 0xf6, 0x80, 0x7e, 0x40,
    0xe, 0x50, 0xf, 0xde, 0x1, 0xff, 0x10, 0x7,
    0x10, 0x70, 0x7, 0x9c, 0x3, 0xfe, 0x30, 0xf,
    0xc4, 0x1, 0xde, 0x1, 0xf8, 0x80, 0x3f, 0xc6,
    0x1, 0xe6, 0x2, 0x0, 0xf1, 0x8, 0x7, 0xf9,
    0x40, 0x3e, 0x30, 0xf, 0x20, 0x7, 0xe5, 0x0,
    0xff, 0x20, 0x7, 0x88, 0x18, 0x3, 0xe5, 0x0,
    0xfe, 0x11, 0x0, 0x7c, 0x80, 0x1e, 0x20, 0xf,
    0xc2, 0x20, 0xf, 0xed, 0x0, 0xf7, 0x81, 0x0,
    0x7c, 0x60, 0x1f, 0xca, 0x1, 0xfb, 0x40, 0x3e,
    0x30, 0xf, 0xca, 0x1, 0xfc, 0xe0, 0x1e, 0x20,
    0x10, 0xf, 0xb4, 0x3, 0xf8, 0x80, 0x3f, 0x38,
    0x7, 0xca, 0x1, 0xf8, 0xc0, 0x3f, 0x9, 0x0,
    0x79, 0x80, 0x4, 0x1, 0xe4, 0x0, 0xfe, 0xf0,
    0xf, 0x84, 0x80, 0x3e, 0xf0, 0xf, 0xda, 0x1,
    0xf9, 0x40, 0x3e, 0x20, 0x3, 0x0, 0x78, 0x44,
    0x1, 0xf9, 0x40, 0x3e, 0x50, 0xf, 0xc8, 0x1,
    0xf9, 0xc0, 0x3f, 0x18, 0x7, 0x84, 0x2, 0x30,
    0xf, 0x94, 0x3, 0xf1, 0x80, 0x7d, 0x80, 0x1f,
    0x88, 0x3, 0xf1, 0x0, 0x7e, 0xd0, 0xf, 0x10,
    0x5, 0xc0, 0x1f, 0x18, 0x7, 0xc4, 0x1, 0xf8,
    0xc0, 0x3f, 0x8c, 0x3, 0xf1, 0x0, 0x7c, 0x80,
    0x1e, 0x60, 0x8, 0x80, 0x3e, 0xc0, 0xf, 0x9c,
    0x3, 0xf2, 0x80, 0x7f, 0x28, 0x7, 0xe7, 0x0,
    0xf0, 0x88, 0x3, 0xda, 0x1, 0x28, 0x7, 0xca,
    0x1, 0xf1, 0x0, 0x7c, 0x42, 0x1, 0xfd, 0x80,
    0x1f, 0xb4, 0x3, 0xca, 0x1, 0xf1, 0x80, 0x42,
    0x20, 0xf, 0x8, 0x80, 0x3d, 0xa0, 0x1f, 0x38,
    0x7, 0xf9, 0xc0, 0x3f, 0x18, 0x7, 0x8c, 0x3,
    0xe5, 0x0, 0xca, 0x1, 0xf2, 0x80, 0x79, 0xc0,
    0x3e, 0xd0, 0xf, 0xf1, 0x0, 0x7e, 0x50, 0xf,
    0x60, 0x7, 0x88, 0x40, 0x31, 0x80, 0x7d, 0x80,
    0x1e, 0x20, 0xf, 0x90, 0x3, 0xfe, 0x30, 0xf,
    0x84, 0x40, 0x1c, 0xa0, 0x1e, 0x70, 0xe, 0xc0,
    0xf, 0x8c, 0x3, 0x8c, 0x3, 0xf1, 0x80, 0x7f,
    0xca, 0x1, 0xf9, 0x40, 0x30, 0x88, 0x3, 0xd8,
    0x1, 0xca, 0x1, 0xf2, 0x80, 0x72, 0x80, 0x7c,
    0x60, 0x1f, 0xfc, 0xc, 0x0, 0xfc, 0x40, 0x19,
    0x0, 0x3e, 0x50, 0xe, 0x11, 0x0, 0x78, 0x48,
    0x3, 0x70, 0x7, 0xca, 0x1, 0xff, 0xc0, 0x70,
    0xf, 0xde, 0x1, 0xb4, 0x3, 0xe3, 0x0, 0xf2,
    0x80, 0x7c, 0xe0, 0x18, 0xc0, 0x3e, 0xf0, 0xf,
    0xfe, 0x1, 0x0, 0x7e, 0x50, 0xc, 0x60, 0x1e,
    0x30, 0xf, 0xb0, 0x3, 0xed, 0x0, 0xca, 0x1,
    0xf2, 0x0, 0x7f, 0xf0, 0x4c, 0x3, 0xe3, 0x0,
    0xca, 0x1, 0xe5, 0x0, 0xf8, 0xc0, 0x3e, 0x30,
    0x8, 0x44, 0x1, 0xf1, 0x0, 0x7f, 0xf0, 0x50,
    0x3, 0xf0, 0x80, 0x4, 0x40, 0x1e, 0xf0, 0xf,
    0x94, 0x3, 0xe5, 0x0, 0x88, 0x3, 0xe3, 0x0,
    0xff, 0xe1, 0x68, 0x7, 0xe2, 0x0, 0x10, 0x7,
    0xca, 0x1, 0xf0, 0x88, 0x3, 0xc2, 0x1, 0x30,
    0x7, 0xc8, 0x1, 0xff, 0xc2, 0x70, 0xf, 0xcc,
    0x0, 0x60, 0xf, 0x8c, 0x3, 0xf2, 0x80, 0x7c,
    0x40, 0x2, 0x0, 0xfb, 0x40, 0x3f, 0xf8, 0x44,
    0x1, 0xf8, 0x80, 0x4, 0x1, 0xe3, 0x0, 0xfe,
    0xc0, 0xf, 0x98, 0x1, 0xc0, 0x1f, 0x20, 0x7,
    0xff, 0xc, 0xc0, 0x3e, 0xe0, 0x7, 0x0, 0x79,
    0x40, 0x3f, 0x8c, 0x3, 0xe2, 0x0, 0x10, 0x7,
    0x84, 0x40, 0x1f, 0xfc, 0x34, 0x0, 0xf8, 0x80,
    0x4, 0x1, 0xec, 0x0, 0xfe, 0x50, 0xf, 0xb8,
    0x0, 0xc0, 0x1e, 0x50, 0xf, 0xfe, 0x26, 0x80,
    0x7c, 0xc0, 0x6, 0x0, 0xf3, 0x80, 0x7f, 0x8,
    0x80, 0x3c, 0x40, 0x2, 0x0, 0xf6, 0x0, 0x7f,
    0xf1, 0x1c, 0x3, 0xe2, 0x0, 0x10, 0x7, 0x88,
    0x3, 0xfc, 0x80, 0x1e, 0x60, 0xf, 0xe3, 0x0,
    0xff, 0xe2, 0x10, 0x7, 0xe1, 0x10, 0x7, 0x90,
    0x3, 0xfe, 0xd0, 0xf, 0x10, 0x10, 0x7, 0xca,
    0x1, 0xff, 0xc5, 0x30, 0xf, 0x88, 0x80, 0x1e,
    0x30, 0xf, 0xf8, 0xc0, 0x3c, 0x20, 0xc0, 0x1e,
    0x21, 0x0, 0xff, 0xe2, 0xa0, 0x7, 0xcc, 0xc0,
    0xf, 0x68, 0x7, 0xfc, 0xa0, 0x1f, 0x11, 0x0,
    0x3c, 0xe0, 0x1f, 0xfc, 0x6d, 0x0, 0xfb, 0x30,
    0x1, 0xe4, 0x0, 0xff, 0x84, 0x80, 0x3c, 0xb8,
    0x1, 0xec, 0x0, 0xff, 0xe3, 0x38, 0x7, 0xcc,
    0xc0, 0xe, 0x11, 0x0, 0x7f, 0xf0, 0x1c, 0x3,
    0xd0, 0xa0, 0x1e, 0x50, 0xf, 0xfe, 0x31, 0x0,
    0x7f, 0xf0, 0x94, 0x3, 0xff, 0x83, 0xa0, 0x1f,
    0xfc, 0x23, 0x0, 0xff, 0xe3, 0xa0, 0x7, 0xff,
    0x7, 0x0, 0x3f, 0xf8, 0x26, 0x1, 0xff, 0xc1,
    0x30, 0xf, 0xfe, 0x41, 0x80, 0x7f, 0xf0, 0x4c,
    0x3, 0xff, 0x82, 0x80, 0x1f, 0xfc, 0x15, 0x0,
    0xff, 0xe4, 0x68, 0x7, 0xff, 0x5, 0x40, 0x3f,
    0xf8, 0x44, 0x1, 0xff, 0xc0, 0xf0, 0xf, 0xfe,
    0x43, 0x80, 0x7f, 0xf0, 0x8, 0x40, 0x3f, 0xf8,
    0x4e, 0x1, 0xff, 0xc0, 0x40, 0xf, 0xfe, 0x41,
    0x8, 0x7, 0xfc, 0xe0, 0x1f, 0xfc, 0x3d, 0x0,
    0xff, 0xe0, 0x10, 0x7, 0xff, 0x25, 0x40, 0x3f,
    0xed, 0x0, 0xff, 0xe1, 0xa0, 0x7, 0xfc, 0x80,
    0x1f, 0xfc, 0xa3, 0x0, 0xff, 0x90, 0x3, 0xff,
    0x86, 0x60, 0x1f, 0xf1, 0x80, 0x7f, 0xf2, 0xb4,
    0x3, 0xfe, 0x30, 0xf, 0xfe, 0x21, 0x0, 0x7f,
    0xb4, 0x3, 0xfe,

    /* U+0058 "X" */
    0x7, 0x99, 0xff, 0x0, 0x7f, 0xf1, 0xc6, 0x67,
    0xfc, 0x0, 0x26, 0x6f, 0xf3, 0x80, 0x7f, 0xf1,
    0xa1, 0x9b, 0xf8, 0x40, 0xa, 0x60, 0x1f, 0xd2,
    0x1, 0xff, 0xc5, 0x16, 0x0, 0xfc, 0x32, 0x1,
    0x40, 0x7, 0xf0, 0xb8, 0x7, 0xff, 0x12, 0x0,
    0x3f, 0xa4, 0x40, 0x24, 0x40, 0x7, 0xf4, 0x80,
    0x7f, 0xf0, 0xc9, 0x80, 0x3f, 0x13, 0x80, 0x74,
    0x80, 0x7f, 0xc, 0x0, 0x7f, 0xf0, 0xa0, 0x3,
    0xfa, 0x0, 0x3c, 0x4c, 0x1, 0xfc, 0xe2, 0x1,
    0xff, 0xc0, 0x25, 0x0, 0xfc, 0x6a, 0x1, 0xf4,
    0x0, 0x7f, 0xa4, 0x3, 0xff, 0x81, 0x0, 0x1f,
    0xde, 0x1, 0xf8, 0x5c, 0x3, 0xf9, 0xc4, 0x3,
    0xfc, 0x6a, 0x1, 0xf9, 0x4c, 0x3, 0xfa, 0x4,
    0x3, 0xfa, 0x40, 0x3f, 0xd0, 0x1, 0xfd, 0x60,
    0x1f, 0xf4, 0x0, 0x7f, 0x38, 0x80, 0x7e, 0x34,
    0x0, 0xfc, 0xe2, 0x1, 0xff, 0x31, 0x0, 0x7f,
    0x48, 0x7, 0xe8, 0x0, 0xfc, 0x30, 0x1, 0xff,
    0xc1, 0x80, 0xf, 0xe7, 0x10, 0xf, 0x1a, 0x0,
    0x7e, 0x80, 0xf, 0xfe, 0x12, 0x98, 0x7, 0xf4,
    0x80, 0x7b, 0xc0, 0x3f, 0x13, 0x0, 0x7f, 0xf0,
    0xfc, 0x3, 0xf9, 0xc4, 0x3, 0x21, 0x80, 0x7e,
    0x90, 0xf, 0xfe, 0x21, 0xa8, 0x7, 0xf4, 0x0,
    0x68, 0x0, 0xfc, 0x88, 0x0, 0xff, 0xe2, 0xc0,
    0x7, 0xf3, 0x8, 0x1, 0xc, 0x3, 0xf4, 0x80,
    0x7f, 0xf1, 0x89, 0x80, 0x3f, 0xa0, 0x1, 0x20,
    0x1f, 0x98, 0x80, 0x3f, 0xf8, 0xf0, 0x1, 0xfc,
    0xc2, 0xa4, 0x1, 0xfa, 0x0, 0x3f, 0xf9, 0x3,
    0x0, 0x1f, 0xdd, 0x40, 0x1f, 0xa0, 0x40, 0x3f,
    0xf9, 0x2e, 0x20, 0x1f, 0xfc, 0x51, 0x70, 0xf,
    0xfe, 0x5c, 0x0, 0x7f, 0xf1, 0x60, 0x3, 0xff,
    0x98, 0xc4, 0x1, 0xff, 0xc3, 0x26, 0x0, 0xff,
    0xe6, 0xc8, 0x7, 0xff, 0xe, 0x40, 0x3f, 0xf9,
    0xc8, 0x80, 0xf, 0xfe, 0xa, 0x20, 0x3, 0xff,
    0x9f, 0x0, 0x1f, 0xfc, 0x19, 0x0, 0xff, 0xe8,
    0x1a, 0x0, 0x7f, 0xc8, 0x40, 0x1f, 0xfd, 0x1,
    0x40, 0xf, 0xf9, 0x8, 0x3, 0xff, 0xa1, 0x60,
    0x1f, 0xfc, 0x18, 0x0, 0xff, 0xe7, 0x9a, 0x80,
    0x7f, 0xf0, 0x54, 0xc0, 0x3f, 0xf9, 0xd0, 0x1,
    0xff, 0xc3, 0xf0, 0xf, 0xfe, 0x6a, 0x20, 0x3,
    0xff, 0x86, 0x6a, 0x1, 0xff, 0xcc, 0x90, 0xf,
    0xfe, 0x2d, 0x80, 0x7f, 0xf2, 0xd8, 0x80, 0x3f,
    0xf8, 0xa2, 0xe0, 0x1f, 0xfc, 0xa8, 0x0, 0xfd,
    0x3c, 0x1, 0xfd, 0x2, 0x1, 0xff, 0xc8, 0x71,
    0x0, 0xf8, 0x98, 0x58, 0x3, 0xfa, 0x0, 0x3f,
    0xf8, 0xe3, 0x0, 0x1f, 0xa0, 0x1, 0x0, 0x1f,
    0xcc, 0x40, 0x1f, 0xfc, 0x68, 0x0, 0xfc, 0x4a,
    0x0, 0x17, 0x0, 0xfe, 0x90, 0xf, 0xfe, 0x29,
    0x30, 0x7, 0xe8, 0x0, 0xd2, 0x1, 0xfc, 0x88,
    0x0, 0xff, 0xe2, 0x48, 0x7, 0xe2, 0x50, 0xc,
    0x2e, 0x1, 0xfd, 0x20, 0x1f, 0xfc, 0x34, 0x40,
    0x7, 0xe8, 0x0, 0xf4, 0x8, 0x7, 0xe2, 0x60,
    0xf, 0xfe, 0x14, 0x0, 0x7e, 0x25, 0x0, 0xfa,
    0x40, 0x3f, 0xa0, 0x3, 0xff, 0x82, 0xa6, 0x1,
    0xfa, 0x0, 0x3f, 0x38, 0x80, 0x7e, 0x17, 0x0,
    0xff, 0xe0, 0x58, 0x7, 0xe3, 0x50, 0xf, 0xe9,
    0x0, 0xfe, 0x81, 0x0, 0xff, 0x38, 0x80, 0x7e,
    0x80, 0xf, 0xf3, 0x88, 0x7, 0xf4, 0x0, 0x7f,
    0xc, 0x80, 0x7e, 0x34, 0x0, 0xff, 0xa0, 0x3,
    0xf9, 0x88, 0x3, 0xf4, 0x8, 0x7, 0xe8, 0x0,
    0xff, 0xe0, 0x31, 0x0, 0x7f, 0x48, 0x7, 0xc4,
    0xc0, 0x1f, 0x8d, 0x0, 0x3f, 0xf8, 0x36, 0x1,
    0xfc, 0x88, 0x0, 0xf4, 0x0, 0x7f, 0x40, 0x7,
    0xff, 0x9, 0x88, 0x3, 0xfa, 0x40, 0x38, 0xd4,
    0x3, 0xf1, 0xa0, 0x7, 0xff, 0xe, 0x0, 0x3f,
    0x89, 0x80, 0x37, 0x80, 0x7f, 0x78, 0x7, 0xff,
    0x11, 0x48, 0x3, 0xfa, 0x0, 0x25, 0x30, 0xf,
    0xc8, 0x60, 0x1f, 0xfc, 0x59, 0x0, 0xfe, 0x18,
    0x0, 0x40, 0x7, 0xf4, 0x0, 0x7f, 0xf1, 0x90,
    0xc0, 0x3f, 0x9c, 0x58, 0x80, 0x3f, 0x21, 0x80,
    0x7f, 0xf1, 0xe0, 0x3, 0xfd, 0x60,

    /* U+0059 "Y" */
    0x28, 0x8f, 0xe7, 0x0, 0xff, 0xe4, 0xb4, 0x47,
    0xf1, 0x11, 0x9d, 0xff, 0x43, 0x0, 0x7f, 0xf1,
    0xca, 0x5d, 0xff, 0x31, 0x4, 0x80, 0x7f, 0x58,
    0x7, 0xff, 0x1e, 0xc0, 0x3f, 0x98, 0x0, 0xe2,
    0x1, 0xf8, 0x90, 0x3, 0xff, 0x8c, 0xc0, 0x1f,
    0xd2, 0x1, 0x30, 0x7, 0xf7, 0x80, 0x7f, 0xf1,
    0x5c, 0x3, 0xf9, 0xc4, 0x2, 0x90, 0xf, 0xe4,
    0x20, 0xf, 0xfe, 0x24, 0x80, 0x7f, 0x48, 0x6,
    0x17, 0x0, 0xfe, 0xb0, 0xf, 0xfe, 0x1a, 0x88,
    0x7, 0xe7, 0x10, 0xe, 0x90, 0xf, 0xe6, 0x10,
    0xf, 0xfe, 0x14, 0x80, 0x7f, 0x48, 0x7, 0x85,
    0xc0, 0x3f, 0xa4, 0x3, 0xff, 0x82, 0x66, 0x0,
    0xfc, 0xe2, 0x1, 0xf4, 0x80, 0x7f, 0x30, 0x7,
    0xff, 0x6, 0x40, 0x3f, 0xa4, 0x3, 0xf0, 0xb8,
    0x7, 0xe1, 0x60, 0xf, 0xf8, 0x54, 0x3, 0xf3,
    0x8, 0x7, 0xf4, 0x80, 0x7f, 0x58, 0x7, 0xfd,
    0x20, 0x1f, 0xd0, 0x1, 0xfe, 0x17, 0x0, 0xfc,
    0x48, 0x1, 0xfe, 0x60, 0xf, 0xcc, 0x20, 0x1f,
    0xf4, 0x80, 0x7f, 0x40, 0x7, 0xf3, 0x8, 0x7,
    0xeb, 0x0, 0xff, 0xe0, 0xb, 0x0, 0x7e, 0x33,
    0x0, 0x7e, 0xb0, 0xf, 0xcc, 0x40, 0x1f, 0xfc,
    0x18, 0x0, 0xfe, 0x90, 0xf, 0x90, 0x80, 0x3f,
    0x58, 0x7, 0xff, 0x8, 0x58, 0x3, 0xf2, 0x88,
    0x7, 0xbc, 0x3, 0xf2, 0x90, 0x7, 0xff, 0xe,
    0x0, 0x3f, 0xa4, 0x3, 0x89, 0x0, 0x3f, 0x40,
    0x7, 0xff, 0x10, 0x58, 0x3, 0xf3, 0x80, 0x75,
    0x80, 0x7e, 0x52, 0x0, 0xff, 0xe2, 0xc0, 0x7,
    0xf3, 0x80, 0x66, 0x0, 0xfd, 0x0, 0x1f, 0xfc,
    0x61, 0x60, 0xf, 0xd4, 0x1, 0x38, 0x7, 0xe5,
    0x20, 0xf, 0xfe, 0x3d, 0x80, 0x7e, 0x25, 0x0,
    0x48, 0x7, 0xe8, 0x0, 0xff, 0xe4, 0x12, 0x80,
    0x7e, 0x90, 0x51, 0x0, 0xf9, 0x8, 0x3, 0xff,
    0x93, 0x0, 0x1f, 0x8e, 0x60, 0x3, 0xf4, 0x0,
    0x7f, 0xf2, 0x89, 0x40, 0x3f, 0x31, 0x0, 0x7c,
    0x86, 0x1, 0xff, 0xcb, 0x80, 0xf, 0xfe, 0x2c,
    0x0, 0x7f, 0xf3, 0x9, 0x40, 0x3f, 0xf8, 0x68,
    0x60, 0x1f, 0xfc, 0xd8, 0x0, 0xff, 0xe1, 0xc0,
    0x7, 0xff, 0x38, 0x94, 0x3, 0xff, 0x82, 0x86,
    0x1, 0xff, 0xcf, 0x80, 0xf, 0xfe, 0xf, 0x80,
    0x7f, 0xf4, 0x9, 0x40, 0x3f, 0xe3, 0x40, 0xf,
    0xfe, 0x8c, 0x80, 0x7f, 0xd0, 0x1, 0xff, 0xd2,
    0x34, 0x0, 0xfe, 0x34, 0x0, 0xff, 0xe9, 0xf8,
    0x7, 0xf4, 0x80, 0x7f, 0xf5, 0x1c, 0x3, 0xf8,
    0x40, 0x3f, 0xff, 0xe0, 0x1f, 0xff, 0xf0, 0xf,
    0xff, 0xf8, 0x7, 0xff, 0xfc, 0x3, 0xff, 0xfe,
    0x1, 0xff, 0xff, 0x0, 0xff, 0xff, 0x80, 0x7f,
    0xff, 0xc0, 0x3f, 0xff, 0xe0, 0x1f, 0xff, 0xf0,
    0xf, 0xff, 0xf8, 0x7, 0xe0,

    /* U+005A "Z" */
    0x0, 0x2a, 0xff, 0xf5, 0x50, 0x0, 0x55, 0x5f,
    0xfd, 0x58, 0x0, 0xff, 0xff, 0x80, 0x7f, 0xff,
    0xc0, 0x3f, 0xff, 0xe0, 0x1f, 0xfd, 0x82, 0xff,
    0xff, 0xe5, 0x50, 0x7, 0xfa, 0xc0, 0x3f, 0xf9,
    0x83, 0x60, 0x1f, 0xc6, 0xe0, 0x1f, 0xfc, 0xcb,
    0x10, 0xf, 0xee, 0x0, 0xff, 0xe6, 0x2a, 0x80,
    0x3f, 0xa0, 0x80, 0x3f, 0xf9, 0x63, 0x60, 0x1f,
    0xc6, 0xe0, 0x1f, 0xfc, 0xcb, 0x10, 0xf, 0xee,
    0x0, 0xff, 0xe6, 0x2a, 0x80, 0x3f, 0xa0, 0x80,
    0x3f, 0xf9, 0x63, 0x60, 0x1f, 0xc6, 0xe0, 0x1f,
    0xfc, 0xcb, 0x10, 0xf, 0xee, 0x0, 0xff, 0xe6,
    0x2a, 0x80, 0x3f, 0xa0, 0x80, 0x3f, 0xf9, 0x63,
    0x60, 0x1f, 0xc6, 0xe0, 0x1f, 0xfc, 0xcb, 0x10,
    0xf, 0xee, 0x0, 0xff, 0xe6, 0x2a, 0x80, 0x3f,
    0x9c, 0x80, 0x3f, 0xf9, 0x63, 0x60, 0x1f, 0xc5,
    0x0, 0x1f, 0xfc, 0xcb, 0x10, 0xf, 0xee, 0x0,
    0xff, 0xe6, 0x2a, 0x80, 0x3f, 0x9c, 0xc0, 0x3f,
    0xf9, 0x63, 0x60, 0x1f, 0xc5, 0x0, 0x1f, 0xfc,
    0xcb, 0x10, 0xf, 0xee, 0x0, 0xff, 0xe6, 0x2a,
    0x80, 0x3f, 0x9c, 0xc0, 0x3f, 0xf9, 0x63, 0x60,
    0x1f, 0xc5, 0x0, 0x1f, 0xfc, 0xcb, 0x10, 0xf,
    0xee, 0x0, 0xff, 0xe6, 0x2a, 0x80, 0x3f, 0x9c,
    0xc0, 0x3f, 0xf9, 0x63, 0x60, 0x1f, 0xc5, 0x0,
    0x1f, 0xfc, 0xcb, 0x10, 0xf, 0xee, 0x0, 0xff,
    0xe6, 0x2a, 0x80, 0x3f, 0x9c, 0xc0, 0x3f, 0xf9,
    0x63, 0x60, 0x1f, 0xc5, 0x0, 0x1f, 0xfc, 0xcb,
    0x10, 0xf, 0xee, 0x0, 0xff, 0xe6, 0x2a, 0x80,
    0x3f, 0x9c, 0xc0, 0x3f, 0xf9, 0x63, 0x60, 0x1f,
    0xc5, 0x0, 0x1f, 0xfc, 0xcb, 0x10, 0xf, 0xee,
    0x0, 0xff, 0xe6, 0x2a, 0x80, 0x3f, 0x9c, 0xc0,
    0x3f, 0xf9, 0x63, 0x60, 0x1f, 0xc5, 0x0, 0x1f,
    0xfc, 0xcb, 0x10, 0xf, 0xee, 0x0, 0xff, 0xe6,
    0x2a, 0x80, 0x3f, 0x9c, 0xc0, 0x3f, 0xf9, 0x63,
    0x60, 0x1f, 0xc5, 0x0, 0x1f, 0xfc, 0xcb, 0x10,
    0xf, 0xee, 0x0, 0xff, 0xe6, 0x1a, 0x80, 0x7f,
    0x1a, 0xb3, 0x7f, 0xf2, 0xc9, 0x80, 0x3f, 0xc7,
    0x33, 0xff, 0xcc, 0x50, 0xf, 0xff, 0xf8, 0x7,
    0xff, 0xfc, 0x3, 0xff, 0xfe, 0x1, 0xff, 0xd6,

    /* U+005B "[" */
    0x7f, 0xff, 0xfe, 0x9, 0x0, 0x7f, 0xff, 0xc0,
    0x3f, 0x13, 0x37, 0x18, 0x7, 0xe4, 0x99, 0xe1,
    0x0, 0xff, 0xff, 0x80, 0x7f, 0xff, 0xc0, 0x3f,
    0xff, 0xe0, 0x1f, 0xff, 0xf0, 0xf, 0xff, 0xf8,
    0x7, 0xff, 0xfc, 0x3, 0xff, 0xfe, 0x1, 0xff,
    0xff, 0x0, 0xff, 0xff, 0x80, 0x7f, 0xff, 0xc0,
    0x3f, 0xff, 0x9, 0x33, 0xc2, 0x1, 0xf8, 0x99,
    0xb8, 0xc0, 0x3f, 0xff, 0xe0,

    /* U+005C "\\" */
    0x4f, 0xff, 0x98, 0x3, 0xff, 0x90, 0x80, 0x1f,
    0x68, 0x7, 0xff, 0x25, 0x0, 0x3c, 0x80, 0x1f,
    0xfc, 0x9d, 0x0, 0xf9, 0x0, 0x3f, 0xf9, 0xe,
    0x1, 0xf6, 0x80, 0x7f, 0xf2, 0x4, 0x80, 0x3c,
    0x80, 0x1f, 0xfc, 0x95, 0x0, 0xf1, 0x10, 0x3,
    0xff, 0x91, 0x60, 0x1f, 0x28, 0x7, 0xff, 0x20,
    0xc4, 0x3, 0xd8, 0x1, 0xff, 0xc9, 0x40, 0xf,
    0x20, 0x7, 0xff, 0x27, 0xc0, 0x3e, 0x50, 0xf,
    0xfe, 0x42, 0x0, 0x7d, 0x80, 0x1f, 0xfc, 0x81,
    0x30, 0xf, 0x38, 0x7, 0xff, 0x26, 0xc0, 0x3c,
    0x26, 0x1, 0xff, 0xc8, 0x40, 0xf, 0x90, 0x3,
    0xff, 0x90, 0x62, 0x1, 0xeb, 0x0, 0xff, 0xe4,
    0xa0, 0x7, 0x8c, 0x40, 0x3f, 0xf9, 0x1e, 0x1,
    0xf2, 0x0, 0x7f, 0xf2, 0x14, 0x3, 0xef, 0x0,
    0xff, 0xe4, 0x98, 0x7, 0x90, 0x3, 0xff, 0x93,
    0x60, 0x1e, 0x13, 0x0, 0xff, 0xe4, 0x28, 0x7,
    0xd6, 0x1, 0xff, 0xc8, 0x21, 0x0, 0xf2, 0x0,
    0x7f, 0xf2, 0x5c, 0x3, 0xc6, 0x20, 0x1f, 0xfc,
    0x8d, 0x0, 0xf9, 0xc0, 0x3f, 0xf9, 0x8, 0x1,
    0xf6, 0x0, 0x7f, 0xf2, 0x50, 0x3, 0xca, 0x1,
    0xff, 0xc9, 0xd0, 0xf, 0x90, 0x3, 0xff, 0x90,
    0x80, 0x1f, 0x60, 0x7, 0xff, 0x20, 0x88, 0x1,
    0xe5, 0x0, 0xff, 0xe4, 0xa8, 0x7, 0x88, 0x80,
    0x1f, 0xfc, 0x8c, 0x0, 0xf9, 0x0, 0x3f, 0xf9,
    0x8, 0x1, 0xf6, 0x80, 0x7f, 0xf2, 0x54, 0x3,
    0xc8, 0x1, 0xff, 0xc9, 0xc0, 0xf, 0x90, 0x3,
    0xff, 0x90, 0xe0, 0x1f, 0x68, 0x7, 0xff, 0x20,
    0x4c, 0x3, 0xc8, 0x1, 0xff, 0xc9, 0x40, 0xf,
    0x11, 0x0, 0x3f, 0xf9, 0x16, 0x1, 0xf2, 0x80,
    0x7f, 0xf2, 0xc, 0x40, 0x3d, 0x80, 0x1f, 0xfc,
    0x94, 0x0, 0xf2, 0x0, 0x7f, 0xf2, 0x7c, 0x3,
    0xe5, 0x0, 0xff, 0xe4, 0x20, 0x7, 0xd8, 0x1,
    0xff, 0xc8, 0x13, 0x0, 0xf3, 0x80, 0x7f, 0xf2,
    0x6c, 0x3, 0xc2, 0x60, 0x1f, 0xfc, 0x84, 0x0,
    0xf9, 0x0, 0x3f, 0xf9, 0x6, 0x20, 0x1e, 0xb0,
    0xf, 0xfe, 0x4b, 0x80, 0x78, 0xc4, 0x3, 0xff,
    0x91, 0x80, 0x1f, 0x20, 0x7, 0xff, 0x21, 0x40,
    0x3e, 0xf0, 0xf, 0xfe, 0x4a, 0x0, 0x79, 0x0,
    0x3f, 0xf9, 0x38, 0x1, 0xe1, 0x30, 0xf, 0xfe,
    0x42, 0x80, 0x7d, 0x60, 0x1f, 0xfc, 0x82, 0x20,
    0x7, 0x90, 0x3, 0xff, 0x92, 0x80, 0x1e, 0x31,
    0x0, 0xff, 0xe4, 0x68, 0x7, 0xce, 0x1, 0xff,
    0xc8, 0x40, 0xf, 0xb0, 0x3, 0xff, 0x92, 0x80,
    0x1e, 0x50, 0xf, 0xfe, 0x4e, 0x80, 0x7c, 0x80,
    0x1f, 0xfc, 0x87, 0x0, 0xfb, 0x0, 0x3f, 0xf9,
    0x2, 0x40, 0x1e, 0x50, 0xf, 0xfe, 0x4a, 0x80,
    0x78, 0x88, 0x1, 0xff, 0xc8, 0xb0, 0xf, 0x90,
    0x3, 0xff, 0x90, 0x60, 0x1f, 0x68, 0x7, 0xff,
    0x25, 0x40, 0x3c, 0x80, 0x1f, 0xfc, 0x9c, 0x0,
    0xf9, 0x0, 0x3f, 0xf9, 0xe, 0x1, 0xf6, 0x80,
    0x7f, 0xf2, 0x4, 0xc0, 0x3c, 0xe0, 0x1f, 0xfc,
    0x98, 0x77, 0xf3, 0x0,

    /* U+005D "]" */
    0x6f, 0xff, 0xfe, 0x9, 0x0, 0x7f, 0xff, 0xc9,
    0x9b, 0x80, 0x3f, 0x92, 0x67, 0x84, 0x3, 0xff,
    0xfe, 0x1, 0xff, 0xff, 0x0, 0xff, 0xff, 0x80,
    0x7f, 0xff, 0xc0, 0x3f, 0xff, 0xe0, 0x1f, 0xff,
    0xf0, 0xf, 0xff, 0xf8, 0x7, 0xff, 0xfc, 0x3,
    0xff, 0xfe, 0x1, 0xff, 0xff, 0x0, 0xff, 0xfc,
    0x24, 0xcf, 0x8, 0x7, 0xe2, 0x66, 0xe0, 0xf,
    0xff, 0xf8, 0x7, 0xf0,

    /* U+005E "^" */
    0x0, 0xff, 0xe1, 0x44, 0xcf, 0xd0, 0x1, 0xff,
    0xcf, 0x47, 0x66, 0xf9, 0xd4, 0x3, 0xff, 0x9d,
    0x0, 0x1f, 0xd2, 0x1, 0xff, 0xcd, 0x43, 0x0,
    0xfe, 0x34, 0x0, 0xff, 0xe6, 0x40, 0x7, 0xfd,
    0x0, 0x1f, 0xfc, 0xb4, 0x30, 0xf, 0xf8, 0xd0,
    0x3, 0xff, 0x95, 0xe0, 0x1f, 0xfc, 0x18, 0x0,
    0xff, 0xe4, 0x9a, 0x0, 0x7f, 0xf0, 0x4d, 0x0,
    0x3f, 0xf9, 0x10, 0x1, 0xff, 0xc3, 0x80, 0xf,
    0xfe, 0x39, 0xa0, 0x7, 0xff, 0xc, 0xd0, 0x3,
    0xff, 0x8d, 0x0, 0x1f, 0x47, 0x88, 0x7, 0xd0,
    0x1, 0xff, 0xc5, 0x34, 0x0, 0xf0, 0xb8, 0x48,
    0x7, 0xc6, 0x80, 0x1f, 0xfc, 0x48, 0x0, 0xf9,
    0x80, 0xe, 0x20, 0x1f, 0x78, 0x7, 0xff, 0xc,
    0xd0, 0x3, 0xe9, 0x0, 0x98, 0x3, 0xe4, 0x30,
    0xf, 0xfe, 0x14, 0x0, 0x7c, 0xc2, 0x1, 0x48,
    0x7, 0xe8, 0x0, 0xff, 0xe0, 0x9a, 0x0, 0x7d,
    0x0, 0x18, 0x5c, 0x3, 0xe4, 0x30, 0xf, 0xfe,
    0x4, 0x80, 0x7c, 0xa2, 0x1, 0xd2, 0x1, 0xfa,
    0x0, 0x3f, 0xe2, 0x50, 0xf, 0xa0, 0x3, 0xc2,
    0xc0, 0x1f, 0x21, 0x80, 0x7f, 0xa0, 0x3, 0xe4,
    0x20, 0xf, 0xac, 0x3, 0xf4, 0x0, 0x7f, 0x12,
    0x80, 0x7d, 0x0, 0x1f, 0x89, 0x40, 0x3e, 0x43,
    0x0, 0xfd, 0x0, 0x1f, 0x21, 0x80, 0x7f, 0x40,
    0x7, 0xe8, 0x0, 0xf8, 0x94, 0x3, 0xef, 0x0,
    0xff, 0x12, 0x0, 0x7c, 0x86, 0x1, 0xe8, 0x0,
    0xf8, 0xd0, 0x3, 0xfe, 0x80, 0xf, 0xd2, 0x1,
    0xc4, 0xa0, 0x1f, 0x48, 0x7, 0xff, 0x0, 0xd0,
    0x3, 0xe5, 0x20, 0xd, 0x0, 0x1f, 0x12, 0x80,
    0x7f, 0xf0, 0x7c, 0x3, 0xf4, 0x0, 0x44, 0xa0,
    0x1f, 0x58, 0x7, 0xff, 0x9, 0xc, 0x3, 0xe5,
    0x20, 0x5, 0x80, 0x7c, 0x2c, 0x1, 0xff, 0xc3,
    0x80, 0xf, 0xd0, 0x4, 0xc0, 0x1f, 0x48, 0x7,
    0xff, 0x11, 0x8, 0x3, 0xe5, 0x23, 0x60, 0xf,
    0xb, 0x80, 0x7f, 0xf1, 0x60, 0x3, 0xe6, 0x31,
    0x9e, 0x70, 0xc, 0xc0, 0x1f, 0xfc, 0x65, 0x20,
    0x8, 0x63, 0xa4, 0x40, 0x3, 0x1c, 0xe2, 0x12,
    0x1, 0xff, 0xc7, 0xb0, 0x29, 0xe7, 0x10, 0xf,
    0xc, 0x75, 0x88, 0x7, 0xff, 0x1d, 0xaf, 0x58,
    0x3, 0x80,

    /* U+005F "_" */
    0xcd, 0xdf, 0xfe, 0xa8, 0x99, 0x17, 0xff, 0x54,
    0x3, 0xff, 0xfe, 0x1, 0xff, 0xff, 0x0, 0xff,
    0xf8, 0x80,

    /* U+0060 "`" */
    0x0, 0xf9, 0x58, 0x3, 0xff, 0x80, 0xdb, 0x52,
    0x1, 0xfe, 0x6d, 0x92, 0x0, 0x38, 0x7, 0xcd,
    0xd2, 0x40, 0x1a, 0x40, 0x3c, 0x72, 0x20, 0x1e,
    0x16, 0x0, 0xe3, 0x70, 0xf, 0xd6, 0x1, 0xe8,
    0x20, 0xf, 0x89, 0x0, 0x3d, 0xc0, 0x1f, 0xa0,
    0x3, 0xc6, 0xe0, 0x1f, 0x19, 0x80, 0x3d, 0x4,
    0x1, 0xf4, 0x80, 0x7d, 0xe0, 0x1f, 0x29, 0x0,
    0x78, 0xa0, 0x3, 0xeb, 0x0, 0xf9, 0xcc, 0x3,
    0xcc, 0x20, 0x1f, 0x70, 0x7, 0xd2, 0x1, 0xf1,
    0x40, 0x7, 0x94, 0x3, 0xf3, 0xa0, 0x4, 0x31,
    0xa0, 0x1f, 0xd2, 0x3, 0x1c, 0xe0, 0x1f, 0xe2,
    0xde, 0x70, 0xc,

    /* U+0061 "a" */
    0x0, 0xff, 0x1b, 0xd6, 0xf7, 0xfb, 0xb7, 0x25,
    0x44, 0x3, 0xff, 0x90, 0xdd, 0x90, 0xa4, 0x20,
    0x1, 0x23, 0x6a, 0xeb, 0x40, 0xf, 0xfe, 0x21,
    0xec, 0x88, 0x7, 0xff, 0x5, 0x2e, 0xc2, 0x1,
    0xff, 0xc1, 0x7c, 0x20, 0xf, 0xfe, 0x2a, 0x79,
    0x80, 0x7f, 0xd1, 0x0, 0xf, 0xfe, 0x40, 0xe8,
    0x80, 0x7f, 0x3b, 0x80, 0x3f, 0xf9, 0x43, 0xa0,
    0x1f, 0x92, 0x0, 0x3f, 0xf9, 0x86, 0x80, 0x1f,
    0x50, 0x7, 0xf1, 0x34, 0x41, 0xd0, 0x3, 0xfe,
    0x80, 0xf, 0xa8, 0x3, 0xe2, 0xbd, 0x97, 0x74,
    0x5f, 0xb8, 0x7, 0xf1, 0x88, 0x7, 0x93, 0x4,
    0x3, 0x26, 0xa0, 0x7, 0xd0, 0xe0, 0x1f, 0xc8,
    0x1, 0xf1, 0xe0, 0x80, 0xe, 0xc0, 0x3f, 0xd0,
    0x1, 0xfd, 0x80, 0x1f, 0x8b, 0x8, 0x74, 0x3,
    0xff, 0x80, 0xa0, 0x1f, 0x88, 0x3, 0xf8, 0xb2,
    0x84, 0x3, 0xff, 0x81, 0x80, 0x1f, 0x9c, 0x3,
    0xfc, 0x28, 0x1, 0xff, 0xc1, 0x30, 0xf, 0xc2,
    0x1, 0xff, 0xcd, 0x10, 0xf, 0xc6, 0x1, 0xff,
    0xff, 0x0, 0xff, 0xef, 0xa3, 0xd6, 0xf7, 0xff,
    0xd6, 0x1, 0xff, 0xc7, 0x3a, 0xfb, 0x85, 0x21,
    0x0, 0xff, 0xe6, 0x8d, 0x62, 0x80, 0x7f, 0xf4,
    0x8b, 0xd4, 0x3, 0xff, 0xa6, 0x38, 0x20, 0x1f,
    0xfd, 0x4a, 0x10, 0xf, 0xf1, 0x19, 0xf8, 0x80,
    0x3f, 0xf8, 0x48, 0x80, 0xf, 0xc3, 0x3f, 0xb9,
    0x9e, 0x90, 0xf, 0xfe, 0x17, 0x0, 0x7e, 0x2f,
    0x60, 0xf, 0xfe, 0x5a, 0x80, 0x7e, 0xe1, 0x0,
    0xff, 0xe5, 0x98, 0x7, 0xe1, 0x30, 0xf, 0xfe,
    0x63, 0x0, 0x7e, 0x20, 0xf, 0xfe, 0x69, 0x80,
    0x7f, 0xf2, 0x4, 0x3, 0xff, 0x82, 0x20, 0x1f,
    0xfc, 0x82, 0x0, 0xff, 0xe0, 0x88, 0x7, 0xe2,
    0x0, 0xff, 0xac, 0x3, 0xff, 0x82, 0x60, 0x1f,
    0x84, 0x80, 0x3f, 0x94, 0xc0, 0x3f, 0xf8, 0x2c,
    0x1, 0xfd, 0x0, 0x1f, 0x96, 0x80, 0x3f, 0x85,
    0xde, 0x23, 0x0, 0xfe, 0x5b, 0x30, 0xc, 0x75,
    0x40, 0x85, 0x0, 0xfd, 0x11, 0x20, 0x20, 0x7,
    0xf2, 0x67, 0xee, 0xbf, 0x14, 0x0, 0xda, 0x1,
    0xff, 0xc1, 0xf0, 0xf, 0xfe, 0x1, 0x10, 0x3,
    0x20, 0x98, 0x7, 0xff, 0x5, 0xc, 0x3, 0xff,
    0x8b, 0x0, 0x82, 0x1, 0xff, 0xc1, 0xe0, 0xf,
    0xfe, 0x23, 0x98, 0x2, 0x0, 0x3f, 0xf8, 0x25,
    0x82, 0x1, 0xff, 0xc1, 0x78, 0x0, 0x99, 0x80,
    0x1f, 0xfc, 0x13, 0xf5, 0x0, 0xff, 0xd, 0x40,
    0x7, 0x4d, 0xa8, 0x80, 0x7f, 0xc3, 0x5b, 0x8,
    0x42, 0x2, 0x4d, 0x5c, 0xa0, 0x1f, 0x25, 0x77,
    0xff, 0x98,

    /* U+0062 "b" */
    0xff, 0xfe, 0x30, 0xf, 0xff, 0xf8, 0x7, 0xff,
    0xfc, 0x3, 0xff, 0xfe, 0x1, 0xff, 0xff, 0x0,
    0xff, 0xff, 0x80, 0x7f, 0xff, 0xc0, 0x3f, 0xff,
    0xe0, 0x1f, 0xfc, 0xc1, 0x8c, 0xef, 0xf7, 0x5b,
    0x90, 0x7, 0xff, 0x2e, 0x79, 0xcc, 0x40, 0x2,
    0x91, 0xb6, 0x60, 0x1f, 0xfc, 0x71, 0xd6, 0x0,
    0xff, 0x26, 0x38, 0x7, 0xff, 0x1b, 0x8, 0x3,
    0xff, 0x83, 0x10, 0x0, 0xff, 0xe2, 0x49, 0x0,
    0x7f, 0xf0, 0xdd, 0x40, 0x3f, 0xf8, 0x44, 0xc0,
    0x1f, 0xfc, 0x5a, 0x10, 0xf, 0xfe, 0xd, 0x0,
    0x7f, 0xf1, 0xe0, 0x3, 0xff, 0x81, 0xae, 0x1,
    0x1a, 0x20, 0xc0, 0x3f, 0xf8, 0xc, 0x20, 0x1f,
    0xf0, 0x80, 0xcf, 0xe5, 0xdb, 0x3e, 0x88, 0x3,
    0xfc, 0xc0, 0x1f, 0xfc, 0x3, 0xf6, 0x0, 0xf2,
    0xea, 0x0, 0x7f, 0x50, 0x7, 0xff, 0x3, 0x44,
    0x3, 0xfa, 0xc8, 0x3, 0xf1, 0x8, 0x7, 0xf9,
    0x84, 0x3, 0xfe, 0x90, 0xf, 0xe4, 0x0, 0xff,
    0x60, 0x7, 0xff, 0x1, 0x8, 0x3, 0xf6, 0x0,
    0x7f, 0x98, 0x3, 0xff, 0x82, 0xe0, 0x1f, 0x94,
    0x3, 0xff, 0x99, 0xa0, 0x1f, 0x88, 0x3, 0xff,
    0x98, 0x20, 0x1f, 0x84, 0x3, 0xff, 0x98, 0x60,
    0x1f, 0xc2, 0x1, 0xff, 0xd5, 0x30, 0xf, 0xfe,
    0xa8, 0x80, 0x7f, 0xf5, 0x5c, 0x3, 0xff, 0xfe,
    0x1, 0xff, 0xf0, 0x70, 0xf, 0xfe, 0xa8, 0x80,
    0x7f, 0xf5, 0x4c, 0x3, 0xff, 0x96, 0x60, 0x1f,
    0xc2, 0x1, 0xff, 0xcb, 0x10, 0xf, 0xc4, 0x1,
    0xfe, 0x70, 0xf, 0xfe, 0xe, 0x0, 0x7e, 0x60,
    0xf, 0xf1, 0x0, 0x7f, 0xf0, 0x50, 0x3, 0xf1,
    0x80, 0x7f, 0xb4, 0x3, 0xff, 0x80, 0xe0, 0x1f,
    0xd8, 0x1, 0xfe, 0x44, 0x0, 0x7f, 0x8a, 0x0,
    0x3f, 0x90, 0x3, 0xfe, 0xb4, 0x0, 0xfc, 0x78,
    0x1, 0xfc, 0x80, 0x1f, 0xfc, 0x1b, 0xb2, 0x90,
    0x0, 0x56, 0xb0, 0x40, 0x3f, 0xb8, 0x3, 0xfe,
    0xc6, 0x4, 0xad, 0xff, 0x75, 0x28, 0x7, 0xf8,
    0x54, 0x3, 0xff, 0x81, 0x40, 0x1f, 0xfc, 0x79,
    0x0, 0xff, 0xe0, 0x99, 0x80, 0x3f, 0xf8, 0xa4,
    0xe0, 0x1f, 0xfc, 0x2f, 0x0, 0xff, 0xe2, 0xf8,
    0x7, 0xff, 0xc, 0xe4, 0x3, 0xff, 0x87, 0x64,
    0x1, 0xff, 0xc4, 0x69, 0x0, 0xff, 0xe0, 0x16,
    0xa0, 0x7, 0x11, 0x7f, 0x8, 0x4, 0xda, 0x80,
    0x1f, 0x8a, 0x74, 0x80, 0x3d, 0xbb, 0xfc, 0x40,
    0x18, 0xaf, 0x65, 0x95, 0x4f, 0x3b, 0xa6, 0x0,
    0xfc,

    /* U+0063 "c" */
    0x0, 0xff, 0x8d, 0xef, 0x7b, 0xfd, 0xdb, 0x6e,
    0x60, 0x1f, 0xfc, 0x51, 0x7e, 0xc8, 0x42, 0x10,
    0x0, 0x92, 0x46, 0x6b, 0x80, 0x7f, 0xf0, 0x97,
    0xe0, 0x40, 0x3f, 0xf8, 0x5, 0x1a, 0x60, 0x1f,
    0xf4, 0xd0, 0x80, 0x7f, 0xf1, 0xb, 0x10, 0x3,
    0xfa, 0x98, 0x3, 0xff, 0x91, 0x68, 0x1, 0xf4,
    0x28, 0x7, 0xff, 0x2a, 0x84, 0x3, 0x8d, 0xc0,
    0x3f, 0xf9, 0x63, 0x40, 0x1d, 0xe0, 0x1f, 0xe1,
    0x56, 0x75, 0x20, 0xf, 0xe4, 0x40, 0x4, 0x86,
    0x1, 0xf8, 0x6b, 0xaa, 0x62, 0xb7, 0x8, 0x3,
    0xf7, 0x80, 0x5e, 0x1, 0xf8, 0x71, 0x40, 0x3c,
    0x78, 0x40, 0x1f, 0x21, 0x0, 0x10, 0x3, 0xf4,
    0x10, 0x7, 0xe1, 0xe0, 0xf, 0xc, 0x10, 0x28,
    0x7, 0xe1, 0x60, 0xf, 0xf1, 0x98, 0x2, 0x3a,
    0xe7, 0x0, 0x60, 0x7, 0xe7, 0x0, 0xff, 0xe0,
    0x50, 0x26, 0x61, 0x40, 0x32, 0x80, 0x7e, 0xf0,
    0xf, 0xfe, 0x3, 0xed, 0x98, 0x7, 0x8c, 0x3,
    0xf1, 0x0, 0x7f, 0xf0, 0x4, 0x80, 0x3e, 0x10,
    0xf, 0xfe, 0x99, 0x0, 0x7f, 0x38, 0x7, 0xff,
    0x25, 0xc0, 0x3f, 0xfa, 0x62, 0x1, 0xff, 0xd3,
    0x30, 0xf, 0xff, 0xf8, 0x7, 0xff, 0xa0, 0xc0,
    0x3f, 0xfa, 0x62, 0x1, 0xff, 0xd3, 0x70, 0xf,
    0xfe, 0x99, 0x0, 0x7f, 0x38, 0x7, 0xff, 0x24,
    0x40, 0x3f, 0xfa, 0x86, 0x1, 0xf8, 0x80, 0x3f,
    0xf8, 0x2e, 0xa0, 0x1f, 0x28, 0x7, 0xef, 0x0,
    0xff, 0xe0, 0xc5, 0x6a, 0x80, 0x76, 0x0, 0x7e,
    0x70, 0xf, 0xfe, 0x3, 0x0, 0xa, 0xb5, 0x80,
    0x25, 0x0, 0xfc, 0x2c, 0x1, 0xff, 0x40, 0x6,
    0x29, 0xe4, 0x0, 0x20, 0x7, 0xe8, 0x20, 0xf,
    0xea, 0x10, 0xf, 0xb, 0x80, 0x3c, 0x3, 0xf0,
    0xe2, 0x80, 0x78, 0xad, 0x40, 0x3e, 0x23, 0x0,
    0x21, 0x80, 0x7e, 0x1a, 0xea, 0x98, 0xad, 0xd2,
    0x0, 0x7e, 0x80, 0xd, 0xe0, 0x1f, 0xe1, 0x56,
    0x75, 0x20, 0xf, 0xe3, 0x50, 0xc, 0x6e, 0x1,
    0xff, 0xcc, 0xe0, 0xf, 0x42, 0x80, 0x7f, 0xf2,
    0xac, 0x80, 0x3e, 0xa6, 0x0, 0xff, 0xe4, 0x5a,
    0x0, 0x7f, 0x4d, 0x8, 0x7, 0xff, 0x10, 0xb1,
    0x0, 0x3f, 0xe5, 0xf7, 0x10, 0xf, 0xfe, 0x1,
    0x4e, 0x98, 0x7, 0xff, 0x4, 0x63, 0xad, 0xd0,
    0x84, 0x0, 0x24, 0xb1, 0x9a, 0xc0, 0x1f, 0x0,

    /* U+0064 "d" */
    0x0, 0xff, 0xe6, 0x77, 0xff, 0xe5, 0x0, 0xff,
    0xff, 0x80, 0x7f, 0xff, 0xc0, 0x3f, 0xff, 0xe0,
    0x1f, 0xff, 0xf0, 0xf, 0xff, 0xf8, 0x7, 0xff,
    0xfc, 0x3, 0xff, 0xf0, 0x2d, 0x5b, 0xdf, 0xed,
    0x94, 0x0, 0xff, 0xe5, 0xc, 0xf4, 0xa9, 0x8,
    0x0, 0x9a, 0xf0, 0x80, 0x3f, 0xf8, 0xe7, 0xec,
    0x1, 0xfe, 0x3d, 0x40, 0xf, 0xfe, 0x29, 0xe0,
    0x80, 0x7f, 0xf0, 0x6c, 0xc0, 0x3f, 0xf8, 0x63,
    0xa0, 0x1f, 0xfc, 0x4d, 0x0, 0xff, 0xe1, 0xd0,
    0x80, 0x7f, 0xf1, 0x5, 0xc0, 0x3f, 0xf8, 0x28,
    0x80, 0xf, 0xfe, 0x35, 0x0, 0x7f, 0xf0, 0x7c,
    0x3, 0xff, 0x80, 0x48, 0x83, 0x0, 0x8b, 0x84,
    0x3, 0xfc, 0x48, 0x1, 0xfe, 0x7e, 0xdb, 0xb6,
    0x7d, 0x98, 0x8, 0x7, 0xfc, 0xa0, 0x1f, 0xc3,
    0xb0, 0x20, 0x1c, 0x98, 0xe0, 0x1f, 0xfc, 0xb,
    0x0, 0xfe, 0xd2, 0x0, 0xfe, 0x84, 0x0, 0xff,
    0x8c, 0x3, 0xf3, 0x18, 0x7, 0xfd, 0x0, 0x1f,
    0xe3, 0x0, 0xfe, 0xa0, 0xf, 0xfe, 0x1, 0x80,
    0x7f, 0x94, 0x3, 0xf8, 0xc0, 0x3f, 0xf8, 0x22,
    0x1, 0xfd, 0xe0, 0x1f, 0x8c, 0x3, 0xff, 0x98,
    0x60, 0x1f, 0x9c, 0x3, 0xff, 0x98, 0xc0, 0x1f,
    0xfd, 0x51, 0x0, 0xff, 0xea, 0x98, 0x7, 0xff,
    0xdc, 0x40, 0x3f, 0xfe, 0xe2, 0x1, 0xff, 0xf7,
    0x30, 0xf, 0xfe, 0xa8, 0x80, 0x7f, 0xf5, 0x58,
    0x3, 0xff, 0xaa, 0x40, 0x1f, 0x98, 0x3, 0xff,
    0x99, 0xa0, 0x1f, 0x88, 0x3, 0xff, 0x98, 0xe0,
    0x1f, 0xca, 0x1, 0xff, 0xc1, 0x10, 0xf, 0xe2,
    0x0, 0xfe, 0x90, 0xf, 0xfe, 0x2, 0x80, 0x7f,
    0xc8, 0x1, 0xf8, 0xdc, 0x3, 0xfc, 0x30, 0x1,
    0xff, 0x68, 0x7, 0xf4, 0x38, 0x7, 0xe2, 0xd2,
    0x0, 0xff, 0x9c, 0x3, 0xfd, 0x1a, 0xc4, 0x0,
    0x14, 0x9d, 0x30, 0xf, 0xfe, 0x0, 0xb0, 0x7,
    0xf8, 0xa7, 0x7f, 0xdd, 0x6c, 0x3, 0xe2, 0x1,
    0xff, 0x58, 0x7, 0xff, 0x1d, 0xc0, 0x3f, 0xf8,
    0x24, 0xe0, 0x1f, 0xfc, 0x6b, 0x0, 0xff, 0xe1,
    0x41, 0x80, 0x7f, 0xf1, 0x1c, 0x80, 0x3f, 0xf8,
    0x7a, 0x60, 0x1f, 0xfc, 0x24, 0x80, 0xf, 0xfe,
    0x20, 0xe2, 0x80, 0x7f, 0xf0, 0x16, 0xc0, 0x3f,
    0xf8, 0xf5, 0x68, 0x1, 0xf8, 0xa6, 0x80, 0x32,
    0x91, 0x7e, 0x10, 0xf, 0x92, 0xfa, 0x9d, 0x95,
    0xa2, 0xf5, 0x80, 0x3a, 0xf7, 0x7f, 0x20,

    /* U+0065 "e" */
    0x0, 0xff, 0x8d, 0xeb, 0x7b, 0xfe, 0xdb, 0x84,
    0x0, 0xff, 0xe4, 0x3e, 0xe4, 0x29, 0x8, 0x4,
    0x48, 0xf7, 0xf2, 0x40, 0x1f, 0xfc, 0x34, 0xe8,
    0x20, 0xf, 0xfe, 0xb, 0x6c, 0x0, 0x7f, 0xf0,
    0x62, 0xc4, 0x3, 0xff, 0x8a, 0xf8, 0x20, 0x1f,
    0xe9, 0x70, 0xf, 0xfe, 0x41, 0xe0, 0x80, 0x7e,
    0x66, 0x0, 0x7f, 0xf2, 0x8b, 0x40, 0x3e, 0x29,
    0x0, 0xff, 0xe6, 0x1b, 0x80, 0x7a, 0x40, 0x3f,
    0x85, 0xef, 0x36, 0xe0, 0x80, 0x3f, 0xa0, 0x40,
    0x31, 0xa0, 0x7, 0xe5, 0xe8, 0x43, 0x24, 0x7d,
    0x90, 0xf, 0xe9, 0x0, 0xd2, 0x1, 0xf9, 0x28,
    0x3, 0xf3, 0x40, 0x7, 0xe7, 0x0, 0xca, 0x1,
    0xfa, 0x40, 0x3f, 0xce, 0x40, 0x1f, 0x94, 0x0,
    0xa0, 0x1f, 0x8c, 0x80, 0x3f, 0xea, 0x0, 0xfd,
    0xe0, 0xd, 0x0, 0xfc, 0x80, 0x1f, 0xfc, 0x4,
    0x0, 0xfc, 0x80, 0x4, 0x0, 0xfd, 0xa0, 0x1f,
    0xfc, 0x3, 0x0, 0xfc, 0x22, 0x3, 0x0, 0xfc,
    0x20, 0x1f, 0xfc, 0xa5, 0x10, 0xf, 0xe7, 0x0,
    0xff, 0xe5, 0x11, 0x0, 0x3f, 0xfa, 0x9c, 0xe0,
    0x1f, 0xdd, 0x99, 0xff, 0xc1, 0x0, 0xfe, 0x11,
    0x0, 0x7f, 0x11, 0x9f, 0xff, 0x4, 0x3, 0xf8,
    0xcc, 0x1, 0xff, 0xf6, 0x10, 0xf, 0xff, 0xc1,
    0x80, 0x7f, 0x67, 0xff, 0xff, 0x2a, 0xc4, 0x3,
    0xff, 0xaa, 0xc0, 0x1f, 0xfd, 0x52, 0x0, 0xfe,
    0x70, 0xf, 0xfe, 0x61, 0x0, 0x7e, 0x20, 0xf,
    0xfe, 0x63, 0x80, 0x7e, 0xf0, 0xf, 0xfe, 0x66,
    0x0, 0x7e, 0x40, 0xf, 0xfe, 0x24, 0xc0, 0x7,
    0x9c, 0x3, 0xf1, 0x28, 0x7, 0xff, 0x9, 0x19,
    0xd8, 0x3, 0x84, 0xc0, 0x3f, 0x58, 0x80, 0x7f,
    0xf0, 0xe, 0xc0, 0x12, 0xa0, 0x1d, 0x20, 0x1f,
    0x87, 0x44, 0x3, 0xfc, 0xb8, 0x1, 0xa9, 0x0,
    0x32, 0x90, 0x7, 0xe3, 0xf6, 0x0, 0xf8, 0xee,
    0x80, 0x3d, 0x66, 0x1, 0xa0, 0x3, 0xf8, 0x67,
    0xee, 0x62, 0x6f, 0xb1, 0x0, 0x3f, 0x48, 0x6,
    0x54, 0x0, 0xff, 0x91, 0x9d, 0x90, 0x40, 0x3f,
    0x86, 0xc0, 0x3a, 0x88, 0x3, 0xff, 0x9b, 0xa2,
    0x1, 0xc3, 0xe2, 0x1, 0xff, 0xca, 0x1c, 0x30,
    0xf, 0x8b, 0xcc, 0x3, 0xff, 0x90, 0x58, 0x60,
    0x1f, 0xc3, 0x8e, 0x1, 0xff, 0xc6, 0x7d, 0x20,
    0xf, 0xfe, 0x4, 0x73, 0x88, 0x7, 0xff, 0x5,
    0xba, 0x0, 0x3f, 0xf8, 0x63, 0x1d, 0x6e, 0x84,
    0x1, 0x9, 0x23, 0xdf, 0xc8, 0x80, 0x7c,

    /* U+0066 "f" */
    0x0, 0xff, 0x9a, 0xb7, 0xbf, 0xfe, 0x60, 0xf,
    0xe6, 0xe9, 0x52, 0x10, 0xf, 0xfe, 0x24, 0xc8,
    0x40, 0x3f, 0xf8, 0xec, 0xc0, 0xf, 0xfe, 0x4c,
    0x0, 0x7f, 0xf2, 0x58, 0x40, 0x3f, 0xf9, 0x38,
    0x1, 0xff, 0xca, 0x70, 0xf, 0xcf, 0x11, 0xe4,
    0x0, 0xf1, 0x0, 0x7e, 0x97, 0x7f, 0x10, 0x7,
    0xff, 0x40, 0x40, 0x3f, 0xff, 0xe0, 0x1f, 0xfe,
    0xd2, 0x77, 0xcc, 0x1, 0xfc, 0xce, 0xfe, 0x27,
    0x88, 0xe0, 0xf, 0xe8, 0x8f, 0x90, 0x3, 0xff,
    0xfe, 0x1, 0xff, 0xf3, 0x5f, 0xfd, 0xc0, 0x1f,
    0xdd, 0xff, 0xe6, 0x0, 0xff, 0xff, 0x80, 0x7f,
    0xff, 0xc0, 0x3f, 0xff, 0xe0, 0x1f, 0xff, 0xf0,
    0xf, 0xff, 0xf8, 0x7, 0xff, 0xfc, 0x3, 0xff,
    0xfe, 0x1, 0xff, 0xff, 0x0, 0xff, 0xff, 0x80,
    0x7f, 0xfc, 0x40,

    /* U+0067 "g" */
    0x0, 0xff, 0xe7, 0x89, 0x19, 0xf0, 0x80, 0x7f,
    0xf3, 0xcf, 0x3b, 0x73, 0x39, 0x80, 0x3f, 0xf9,
    0xc7, 0x86, 0x1, 0xff, 0xd6, 0x80, 0xf, 0xfe,
    0xc2, 0x0, 0x7f, 0xf5, 0xc8, 0x3, 0xff, 0x9e,
    0x46, 0x8a, 0xa4, 0x20, 0x0, 0x80, 0x7f, 0xf2,
    0xd6, 0x77, 0xf7, 0x2e, 0xa9, 0x7b, 0xf7, 0x60,
    0xf, 0xfe, 0x4b, 0x6d, 0x31, 0x0, 0x7f, 0x23,
    0x80, 0xb, 0xff, 0xe7, 0x0, 0xfc, 0x37, 0x24,
    0x1, 0xff, 0xc4, 0x31, 0x0, 0xff, 0xe1, 0xf,
    0xa0, 0x7, 0xff, 0x18, 0x79, 0x40, 0x3f, 0xf8,
    0x3a, 0x20, 0x1f, 0xfc, 0x9a, 0x70, 0xf, 0xfa,
    0xc, 0x3, 0xff, 0x97, 0x8, 0x1, 0xfc, 0x2e,
    0x1, 0xfc, 0xf9, 0xdf, 0xd8, 0xe2, 0x1, 0xfa,
    0x80, 0x3f, 0x98, 0x3, 0xf1, 0x6c, 0x18, 0x80,
    0x9c, 0x79, 0x80, 0x7c, 0x2c, 0x1, 0xfa, 0xc0,
    0x3f, 0x79, 0x0, 0x7c, 0x3a, 0x1, 0xfa, 0x80,
    0x3f, 0x18, 0x7, 0xc8, 0x40, 0x1f, 0xc2, 0xc0,
    0x1f, 0x18, 0x80, 0x78, 0xc0, 0x3f, 0x68, 0x7,
    0xfd, 0x80, 0x1f, 0x94, 0x3, 0xce, 0x1, 0xf8,
    0x80, 0x3f, 0xe6, 0x0, 0xfc, 0x40, 0x1e, 0x10,
    0xf, 0xce, 0x1, 0xff, 0x8, 0x7, 0xe1, 0x0,
    0xf1, 0x80, 0x7f, 0xf6, 0xc, 0x3, 0xf3, 0x80,
    0x7f, 0xf2, 0x4, 0x3, 0xc2, 0x1, 0xf8, 0x40,
    0x3f, 0xe1, 0x0, 0xfc, 0x60, 0x1e, 0x60, 0xf,
    0xda, 0x1, 0xff, 0x28, 0x7, 0xe1, 0x0, 0xf1,
    0x0, 0x7e, 0x50, 0xf, 0xfb, 0x40, 0x3f, 0x20,
    0x7, 0xc8, 0x1, 0xf1, 0x30, 0x7, 0xf2, 0xa0,
    0x7, 0xc6, 0x1, 0xfb, 0x80, 0x3f, 0x4b, 0x0,
    0x7c, 0xb4, 0x1, 0xfa, 0xc0, 0x3f, 0x29, 0x0,
    0x7e, 0x9e, 0x96, 0x6a, 0x76, 0x80, 0x3f, 0xb,
    0x80, 0x7f, 0x48, 0x7, 0xf0, 0xb4, 0xcc, 0xc4,
    0x1, 0xfd, 0x20, 0x1f, 0xe4, 0x70, 0xf, 0xfe,
    0x5a, 0xb8, 0x7, 0xfd, 0xc, 0x1, 0xff, 0xc9,
    0x3a, 0x0, 0xff, 0xe0, 0xcc, 0x84, 0x3, 0xff,
    0x8c, 0xd8, 0x1, 0xff, 0xc3, 0x6f, 0x0, 0xff,
    0xe2, 0x2e, 0x48, 0x7, 0xff, 0x11, 0x24, 0x0,
    0xce, 0xa4, 0x20, 0x10, 0x92, 0x3d, 0x7d, 0x18,
    0x7, 0xff, 0xd, 0xba, 0xdc, 0x26, 0x51, 0x5b,
    0xdf, 0xf7, 0x6d, 0xc2, 0x80, 0x7f, 0xf1, 0x6e,
    0x44, 0x0, 0x2c, 0x1, 0xff, 0xd1, 0x94, 0x0,
    0xca, 0x1, 0xff, 0xd1, 0x16, 0x0, 0xff, 0xeb,
    0xb8, 0x7, 0x90, 0x40, 0x3f, 0xfa, 0x2, 0x1,
    0xf6, 0x28, 0x80, 0x7f, 0xf5, 0x8a, 0xbb, 0xff,
    0xff, 0x81, 0xdb, 0x70, 0xa0, 0x1f, 0xc6, 0x1,
    0xff, 0xca, 0x12, 0x47, 0xae, 0x80, 0xf, 0x90,
    0x40, 0x3f, 0xf9, 0xc2, 0xfa, 0x60, 0x1e, 0x80,
    0xf, 0xfe, 0x81, 0x69, 0x0, 0x73, 0x30, 0x3,
    0xff, 0xa0, 0x3c, 0x1, 0xe9, 0xb4, 0x0, 0xff,
    0xe7, 0x9a, 0x0, 0x79, 0x2d, 0x0, 0x3f, 0xf9,
    0xfe, 0x1, 0xe1, 0x66, 0x0, 0x7f, 0xf3, 0xd0,
    0x3, 0x15, 0xf4, 0x90, 0x4e, 0xef, 0xff, 0x7,
    0x25, 0x0, 0x3f, 0xc6, 0x0, 0x4d, 0x40, 0x9,
    0x18, 0x8b, 0xff, 0x82, 0x6d, 0x76, 0x0, 0xfe,
    0x60, 0x2b, 0x0, 0xef, 0x0, 0xff, 0xe2, 0xa3,
    0x80, 0x7e, 0x30, 0x80, 0xf, 0x28, 0x7, 0xff,
    0x1a, 0xc0, 0x3f, 0x8, 0x20, 0x7, 0xff, 0x34,
    0x40, 0x3f, 0x10, 0x88, 0x3, 0xc6, 0x1, 0xff,
    0xc6, 0x60, 0xf, 0xc2, 0x60, 0x1f, 0x28, 0x7,
    0xff, 0x1b, 0x40, 0x3f, 0x31, 0x80, 0x7d, 0x24,
    0x1, 0xff, 0xc4, 0x36, 0x0, 0xf8, 0x88, 0x20,
    0x1f, 0xe, 0x28, 0x7, 0xff, 0x4, 0x5f, 0x0,
    0x3f, 0x20, 0x1, 0x40, 0x3e, 0x1a, 0xfc, 0x99,
    0x44, 0x7a, 0x6f, 0x7a, 0x0, 0x3f, 0xac, 0x1,
    0xc0, 0x1f, 0xe3, 0x66, 0x3b, 0xf9, 0x90, 0x80,
    0x3f, 0xcc, 0x40, 0x4, 0x40, 0x7, 0xff, 0x49,
    0x24, 0x3, 0x5a, 0x0, 0x7f, 0xf4, 0x16, 0xc0,
    0x3d, 0x70, 0x1, 0xff, 0xcd, 0x2a, 0xa0, 0x7,
    0xe7, 0xe8, 0x30, 0xf, 0xfe, 0x38, 0xad, 0xea,
    0x80, 0x7f, 0x85, 0xf3, 0xae, 0x14, 0xc8, 0x40,
    0x38, 0x48, 0xd5, 0xe7, 0x3a, 0x90, 0x3, 0xe0,

    /* U+0068 "h" */
    0xff, 0xfe, 0x30, 0xf, 0xff, 0xf8, 0x7, 0xff,
    0xfc, 0x3, 0xff, 0xfe, 0x1, 0xff, 0xff, 0x0,
    0xff, 0xff, 0x80, 0x7f, 0xff, 0xc0, 0x3f, 0xfc,
    0xe2, 0xf7, 0xdf, 0xdb, 0x6c, 0x20, 0x1f, 0xfc,
    0x88, 0xe8, 0x41, 0x1, 0x24, 0x9e, 0x70, 0xf,
    0xfe, 0x36, 0x38, 0x7, 0xfa, 0x30, 0x3, 0xff,
    0x89, 0x46, 0x1, 0xff, 0xc0, 0x3c, 0x0, 0xff,
    0xe1, 0x2a, 0x80, 0x3f, 0xf8, 0x47, 0x0, 0x1f,
    0xfc, 0x18, 0x0, 0xff, 0xe2, 0x39, 0x0, 0x7f,
    0xca, 0x40, 0x1f, 0xfc, 0x5b, 0x0, 0xff, 0x5c,
    0x80, 0x62, 0x10, 0xf, 0xfe, 0x3, 0x80, 0x7f,
    0x9c, 0xc1, 0xb3, 0xf7, 0xbe, 0x44, 0x3, 0xf8,
    0x4c, 0x3, 0xfe, 0xc9, 0x30, 0xc, 0xd8, 0x20,
    0x1f, 0xca, 0x1, 0xfe, 0xb3, 0x0, 0xf8, 0xac,
    0x3, 0xfb, 0x0, 0x3f, 0x91, 0x0, 0x1f, 0xca,
    0x20, 0x1f, 0x84, 0x3, 0xfb, 0x40, 0x3f, 0xe4,
    0x0, 0xfc, 0xe0, 0x1f, 0xc4, 0x1, 0xff, 0x68,
    0x7, 0xe1, 0x0, 0xfe, 0x70, 0xf, 0xf8, 0x40,
    0x3f, 0x18, 0x7, 0xff, 0x24, 0xc0, 0x3f, 0xff,
    0xe0, 0x1f, 0xff, 0xf0, 0xf, 0xff, 0xf8, 0x7,
    0xff, 0xfc, 0x3, 0xff, 0xfe, 0x1, 0xff, 0xff,
    0x0, 0xff, 0xff, 0x80, 0x7f, 0xff, 0xc0, 0x3f,
    0xff, 0xe0, 0x1f, 0xff, 0xf0, 0x8, 0x8b, 0xf8,
    0x40, 0x3f, 0xe1, 0x22, 0xfc, 0xa0,

    /* U+0069 "i" */
    0x0, 0x36, 0x77, 0xfb, 0x1c, 0x3, 0x64, 0x98,
    0x80, 0xe, 0x34, 0x41, 0x8c, 0x3, 0xe2, 0x80,
    0xa0, 0xf, 0xe7, 0x1, 0x0, 0xfe, 0x10, 0x30,
    0xf, 0xf8, 0xc0, 0x3f, 0xe6, 0x0, 0xfe, 0x10,
    0xd0, 0xf, 0xe6, 0x6, 0x50, 0xf, 0x8e, 0x0,
    0x15, 0x45, 0x21, 0x24, 0x9c, 0x0, 0xcb, 0x5b,
    0xdb, 0x6c, 0x1, 0xff, 0xf4, 0xff, 0xfe, 0x30,
    0xf, 0xff, 0xf8, 0x7, 0xff, 0xfc, 0x3, 0xff,
    0xfe, 0x1, 0xff, 0xff, 0x0, 0xff, 0xff, 0x80,
    0x7f, 0xff, 0xc0, 0x3f, 0xf9, 0x1d, 0xdf, 0xc6,
    0x0,

    /* U+006A "j" */
    0x0, 0xf9, 0x6f, 0xbf, 0xdb, 0x24, 0x1, 0xfa,
    0x29, 0x4, 0x0, 0x4d, 0xa6, 0x1, 0xe3, 0x70,
    0xf, 0xdc, 0x1, 0xeb, 0x0, 0xfe, 0x22, 0x0,
    0x71, 0x0, 0x7f, 0x98, 0x3, 0xff, 0xb6, 0x40,
    0x1f, 0xe5, 0x0, 0xea, 0x0, 0xfe, 0x31, 0x0,
    0xe2, 0x80, 0xf, 0x87, 0x80, 0x3e, 0x7c, 0x62,
    0x12, 0x38, 0xf2, 0x0, 0xfc, 0x73, 0xbd, 0xb8,
    0xe2, 0x1, 0xff, 0xff, 0x0, 0xff, 0xe3, 0x5f,
    0x77, 0xe5, 0x0, 0xf9, 0x84, 0x7f, 0x0, 0x7f,
    0xff, 0xc0, 0x3f, 0xff, 0xe0, 0x1f, 0xff, 0xf0,
    0xf, 0xff, 0xf8, 0x7, 0xff, 0xfc, 0x3, 0xff,
    0xfe, 0x1, 0xff, 0xff, 0x0, 0xff, 0xff, 0x80,
    0x7f, 0xff, 0xc0, 0x3f, 0xff, 0xe0, 0x1f, 0xfc,
    0x31, 0x2, 0x77, 0xe3, 0x0, 0xfc, 0xe0, 0xd1,
    0x1c, 0x20, 0x1f, 0x88, 0x3, 0xff, 0x86, 0x22,
    0x0, 0xff, 0xe1, 0xb0, 0x7, 0xff, 0x12, 0x40,
    0x3f, 0xf8, 0x74, 0x20, 0x1f, 0xfc, 0x11, 0xb5,
    0x0, 0xff, 0x9, 0xb5, 0x72, 0x0, 0x60,

    /* U+006B "k" */
    0xff, 0xfe, 0x30, 0xf, 0xff, 0xf8, 0x7, 0xff,
    0xfc, 0x3, 0xff, 0xfe, 0x1, 0xff, 0xff, 0x0,
    0xff, 0xff, 0x80, 0x7f, 0xff, 0xc0, 0x3f, 0xff,
    0xe0, 0x1f, 0xfd, 0x31, 0x1f, 0xf0, 0x7, 0xff,
    0x2c, 0xfb, 0xbf, 0xc6, 0x1, 0xff, 0xc9, 0x1d,
    0x0, 0xfe, 0x93, 0x0, 0xff, 0xe4, 0xd0, 0x80,
    0x7e, 0x66, 0x0, 0x7f, 0xf2, 0x5d, 0x0, 0x3f,
    0x1c, 0x80, 0x7f, 0xf2, 0x4e, 0x0, 0x3f, 0xe,
    0x80, 0x7f, 0xf2, 0xb8, 0x3, 0xfa, 0x84, 0x3,
    0xff, 0x93, 0x44, 0x1, 0xfa, 0x10, 0x3, 0xff,
    0x92, 0xca, 0x1, 0xf9, 0x5c, 0x3, 0xff, 0x92,
    0x52, 0x1, 0xf8, 0xa8, 0x3, 0xff, 0x95, 0xe0,
    0x1f, 0xde, 0x1, 0xff, 0xc5, 0x10, 0xd, 0x44,
    0x1, 0xfa, 0xc8, 0x3, 0xff, 0x8a, 0x60, 0x12,
    0x28, 0x7, 0xe7, 0x40, 0xf, 0xfe, 0x30, 0x80,
    0x52, 0x1, 0xf9, 0x20, 0x3, 0xff, 0x8c, 0x20,
    0x14, 0x10, 0x7, 0xc5, 0x40, 0x1f, 0xfc, 0x73,
    0x0, 0x13, 0x80, 0x7e, 0xe1, 0x0, 0xff, 0xe3,
    0x88, 0x3, 0x80, 0x3f, 0x41, 0x80, 0x7f, 0xf2,
    0x1c, 0x18, 0xc0, 0x3f, 0x68, 0x7, 0xff, 0x24,
    0x45, 0x20, 0x1f, 0xca, 0x60, 0x1f, 0xfc, 0x85,
    0xe0, 0xf, 0xfb, 0xc0, 0x3f, 0xfa, 0xa6, 0x80,
    0x1f, 0xfd, 0x59, 0x0, 0xff, 0xe6, 0x8, 0x7,
    0xe2, 0x50, 0xf, 0xfe, 0x5e, 0xa0, 0x7, 0xe8,
    0x0, 0xff, 0xe5, 0x49, 0xc0, 0x7, 0xe2, 0x60,
    0xf, 0xfe, 0x43, 0x30, 0xd, 0x0, 0x3f, 0x40,
    0x7, 0xff, 0x1c, 0xe4, 0x2, 0x80, 0xf, 0xc3,
    0x0, 0x1f, 0xfc, 0x51, 0xd0, 0xc, 0x68, 0x1,
    0xf9, 0xc4, 0x3, 0xff, 0x89, 0x42, 0x1, 0xde,
    0x1, 0xfd, 0x0, 0x1f, 0xfc, 0x47, 0x0, 0xf2,
    0x18, 0x7, 0xe6, 0x20, 0xf, 0xfe, 0x5c, 0x0,
    0x7f, 0x40, 0x7, 0xff, 0x2d, 0xc, 0x3, 0xf2,
    0x98, 0x7, 0xff, 0x2e, 0x0, 0x3f, 0xa0, 0x3,
    0xff, 0x96, 0x86, 0x1, 0xf9, 0x10, 0x1, 0xff,
    0xcb, 0x80, 0xf, 0xe8, 0x0, 0xff, 0xe5, 0xa1,
    0x80, 0x7e, 0x35, 0x0, 0xff, 0xe5, 0xc0, 0x7,
    0xf4, 0x0, 0x7f, 0xf2, 0xd0, 0xc0, 0x3f, 0x13,
    0x0, 0x7f, 0xf2, 0xe0, 0x3, 0xfa, 0x0, 0x3f,
    0xf9, 0x68, 0x60, 0x1f, 0x85, 0xc0, 0x3f, 0xf9,
    0x70, 0x1, 0xfd, 0x2,

    /* U+006C "l" */
    0xff, 0xfe, 0x30, 0xf, 0xff, 0xf8, 0x7, 0xff,
    0xfc, 0x3, 0xff, 0xfe, 0x1, 0xff, 0xff, 0x0,
    0xff, 0xff, 0x80, 0x7f, 0xff, 0xc0, 0x3f, 0xff,
    0xe0, 0x1f, 0xff, 0xf0, 0xf, 0xff, 0xf8, 0x8,
    0x7, 0xea, 0x77, 0x94, 0x80, 0x3f, 0x34, 0x45,
    0x2a, 0x1, 0xff, 0xc1, 0xd0, 0xf, 0xfe, 0xa,
    0x10, 0x7, 0xff, 0x7, 0xc0, 0x3f, 0xf8, 0x25,
    0xa4, 0x1, 0xff, 0xc0, 0x2d, 0xb6, 0x31, 0x0,
    0xf0,

    /* U+006D "m" */
    0x11, 0xfe, 0x0, 0xf1, 0x46, 0x77, 0xfb, 0x65,
    0x0, 0x3f, 0xf8, 0x9, 0x39, 0xdf, 0xdb, 0x4a,
    0x1, 0xf7, 0x77, 0xf1, 0x80, 0x69, 0xd7, 0x31,
    0x0, 0x13, 0x5e, 0x98, 0x7, 0xe4, 0xdb, 0x63,
    0x10, 0x12, 0x5a, 0xd4, 0x0, 0xff, 0xe3, 0x63,
    0x0, 0x7f, 0x16, 0x28, 0x7, 0x9e, 0xc8, 0x3,
    0xf8, 0xad, 0xc0, 0x3f, 0xf8, 0x96, 0x60, 0x1f,
    0xfc, 0xa, 0x30, 0xc, 0xf0, 0x1, 0xff, 0xc1,
    0x86, 0x0, 0xff, 0xe1, 0x2a, 0x0, 0x7f, 0xf0,
    0xb8, 0x2, 0x38, 0x0, 0xff, 0xe1, 0xc9, 0x0,
    0x7f, 0xf0, 0x60, 0x3, 0xff, 0x86, 0x4a, 0x0,
    0xf0, 0xf, 0xfe, 0x2c, 0x80, 0x7f, 0xf0, 0x14,
    0x80, 0x3f, 0xf8, 0x92, 0x8, 0x60, 0x1f, 0xfc,
    0x54, 0x10, 0xf, 0xf5, 0xc8, 0x4, 0x24, 0x20,
    0x1f, 0xf1, 0x9b, 0x80, 0x30, 0x90, 0x80, 0x7f,
    0xf0, 0x18, 0x3, 0xfc, 0xe6, 0xf, 0xbd, 0xbd,
    0xac, 0x1, 0xfe, 0xc5, 0x0, 0x36, 0xf6, 0xf6,
    0xb0, 0x7, 0xfa, 0xc0, 0x3f, 0xe1, 0xc8, 0x20,
    0x8, 0xa6, 0x0, 0x3f, 0xe1, 0xc9, 0x20, 0x8,
    0xa6, 0x0, 0x3f, 0x8c, 0x3, 0xfe, 0xd3, 0x0,
    0xf9, 0xc8, 0x3, 0xfd, 0x46, 0x1, 0xf3, 0x98,
    0x7, 0xf1, 0x0, 0x7f, 0x21, 0x80, 0x7f, 0x50,
    0x7, 0xf2, 0x20, 0x3, 0xfa, 0x80, 0x3f, 0x84,
    0x3, 0xfb, 0x40, 0x3f, 0xc8, 0x1, 0xfd, 0x80,
    0x1f, 0xe7, 0x0, 0xfe, 0x70, 0xf, 0xe2, 0x0,
    0xff, 0x10, 0x7, 0xf1, 0x0, 0x7f, 0x84, 0x3,
    0xf8, 0x40, 0x3f, 0x9c, 0x3, 0xfc, 0x20, 0x1f,
    0xc2, 0x1, 0xff, 0x10, 0x7, 0xe3, 0x0, 0xff,
    0xef, 0x8, 0x7, 0xff, 0xfc, 0x3, 0xff, 0xfe,
    0x1, 0xff, 0xff, 0x0, 0xff, 0xff, 0x80, 0x7f,
    0xff, 0xc0, 0x3f, 0xff, 0xe0, 0x1f, 0xff, 0xf0,
    0xf, 0xff, 0xf8, 0x7, 0xff, 0xfc, 0x3, 0xff,
    0xfe, 0x1, 0xff, 0xff, 0x0, 0xff, 0xff, 0x80,
    0x7f, 0xff, 0xc0, 0x3f, 0xff, 0xe0, 0x1f, 0xff,
    0xf0, 0xf, 0xff, 0xf8, 0x7, 0xff, 0xfc, 0x3,
    0xff, 0xac,

    /* U+006E "n" */
    0x11, 0xfe, 0x0, 0xf0, 0xbd, 0xf7, 0xf6, 0xdb,
    0x8, 0x7, 0xbb, 0xbf, 0x8c, 0x3, 0x47, 0x42,
    0x8, 0x9, 0x24, 0xf3, 0x80, 0x7f, 0xf1, 0xb1,
    0xc0, 0x3f, 0xd1, 0x80, 0x1f, 0xfc, 0x4a, 0x30,
    0xf, 0xfe, 0x1, 0xe0, 0x7, 0xff, 0x9, 0x54,
    0x1, 0xff, 0xc2, 0x38, 0x0, 0xff, 0xe0, 0xc0,
    0x7, 0xff, 0x11, 0xc8, 0x3, 0xfe, 0x52, 0x0,
    0xff, 0xe2, 0xd0, 0x7, 0xfa, 0xe4, 0x3, 0x10,
    0x80, 0x7f, 0xf0, 0x18, 0x3, 0xfc, 0xe6, 0xd,
    0x9f, 0xbd, 0xf2, 0x20, 0x1f, 0xc2, 0x60, 0x1f,
    0xf5, 0xc9, 0x80, 0x66, 0xc1, 0x0, 0xfe, 0x50,
    0xf, 0xf5, 0xa0, 0x7, 0xc5, 0x60, 0x1f, 0xde,
    0x1, 0xfc, 0x88, 0x0, 0xfe, 0x51, 0x0, 0xfc,
    0x40, 0x1f, 0xda, 0x1, 0xff, 0x20, 0x7, 0xe7,
    0x0, 0xfe, 0x20, 0xf, 0xfb, 0x40, 0x3f, 0x8,
    0x7, 0xf3, 0x80, 0x7f, 0xc2, 0x1, 0xff, 0xd2,
    0x30, 0xf, 0xc6, 0x1, 0xff, 0xff, 0x0, 0xff,
    0xff, 0x80, 0x7f, 0xff, 0xc0, 0x3f, 0xff, 0xe0,
    0x1f, 0xff, 0xf0, 0xf, 0xff, 0xf8, 0x7, 0xff,
    0xfc, 0x3, 0xff, 0xfe, 0x1, 0xff, 0xff, 0x0,
    0xff, 0xff, 0x80, 0x7f, 0xf3, 0x40,

    /* U+006F "o" */
    0x0, 0xff, 0x89, 0xeb, 0x3b, 0xfe, 0xdb, 0x84,
    0x0, 0xff, 0xe4, 0x36, 0xea, 0x14, 0xc4, 0x2,
    0x24, 0x7b, 0xf9, 0x20, 0xf, 0xfe, 0x19, 0xec,
    0x90, 0x7, 0xff, 0x5, 0xb6, 0x0, 0x3f, 0xf8,
    0x2d, 0x84, 0x1, 0xff, 0xc5, 0x7c, 0x10, 0xf,
    0xf3, 0xc8, 0x7, 0xff, 0x20, 0xf0, 0x40, 0x3f,
    0x2c, 0x0, 0x7f, 0xf2, 0x8b, 0x40, 0x3e, 0x2a,
    0x0, 0xff, 0xe6, 0x1c, 0x0, 0x7a, 0x40, 0x3f,
    0xc2, 0x8c, 0xec, 0x40, 0x1f, 0xe7, 0x20, 0xc,
    0x68, 0x1, 0xfd, 0x3d, 0x73, 0x13, 0xba, 0x40,
    0xf, 0xe8, 0x0, 0xd2, 0x1, 0xfd, 0xac, 0x1,
    0xe2, 0xb5, 0x0, 0xfc, 0xa2, 0x1, 0x28, 0x7,
    0xe9, 0x20, 0xf, 0xea, 0x10, 0xf, 0xce, 0x0,
    0x40, 0xf, 0xc2, 0xc0, 0x1f, 0xf4, 0x80, 0x7e,
    0xd0, 0x6, 0x0, 0x7e, 0x70, 0xf, 0xfe, 0x2,
    0x80, 0x7e, 0x40, 0x2, 0x0, 0x7e, 0xf0, 0xf,
    0xfe, 0x1, 0x0, 0x7f, 0x18, 0x10, 0x7, 0xe2,
    0x0, 0xff, 0xe0, 0x90, 0x7, 0xe5, 0x11, 0x0,
    0x7f, 0xf2, 0x84, 0x3, 0xf7, 0x10, 0x7, 0xf3,
    0x80, 0x7f, 0xf2, 0x89, 0xc0, 0x3f, 0xfa, 0x82,
    0x20, 0xf, 0xfe, 0xa3, 0x98, 0x7, 0xff, 0x50,
    0x40, 0x3f, 0xff, 0xe0, 0x1f, 0xfc, 0xf3, 0x0,
    0xff, 0xea, 0x8, 0x80, 0x3f, 0xfa, 0x8e, 0xe0,
    0xf, 0xfe, 0xa0, 0x90, 0x7, 0xf3, 0x80, 0x7f,
    0xf2, 0x88, 0x44, 0x1, 0xff, 0xca, 0x10, 0xf,
    0xdc, 0x4, 0x1, 0xf8, 0x80, 0x3f, 0xf8, 0x24,
    0x1, 0xf9, 0x41, 0x0, 0x3f, 0x78, 0x7, 0xff,
    0x0, 0x80, 0x3f, 0x8c, 0x30, 0x3, 0xf3, 0x80,
    0x7f, 0xf0, 0x14, 0x3, 0xf2, 0x0, 0x10, 0x3,
    0xf0, 0xb0, 0x7, 0xfd, 0x20, 0x1f, 0xb4, 0x2,
    0x60, 0xf, 0xd2, 0x60, 0x1f, 0xd4, 0x20, 0x1f,
    0x9c, 0x2, 0xa0, 0xf, 0xec, 0x60, 0xf, 0x15,
    0xa8, 0x7, 0xe5, 0x10, 0x8, 0xd4, 0x3, 0xfa,
    0x7e, 0xe6, 0x2b, 0x74, 0x80, 0x1f, 0xd0, 0x1,
    0xd0, 0x1, 0xff, 0x23, 0x3a, 0x90, 0x7, 0xf9,
    0xc8, 0x3, 0x8a, 0x80, 0x3f, 0xf9, 0x87, 0x0,
    0x1f, 0x2c, 0x0, 0x7f, 0xf2, 0x8b, 0x40, 0x3f,
    0x9e, 0x0, 0x3f, 0xf9, 0x7, 0x82, 0x1, 0xfe,
    0x7c, 0x20, 0xf, 0xfe, 0x2b, 0xe0, 0x80, 0x7f,
    0xf0, 0xf, 0x64, 0x80, 0x3f, 0xf8, 0x2d, 0xb0,
    0x1, 0xff, 0xc4, 0x6d, 0xd4, 0x29, 0x8, 0x4,
    0x28, 0xf5, 0xf2, 0x40, 0x1f, 0x80,

    /* U+0070 "p" */
    0x0, 0xff, 0xe2, 0x13, 0x4d, 0x52, 0x18, 0x80,
    0x3f, 0xcc, 0xef, 0xf8, 0x40, 0x31, 0x5e, 0xcb,
    0x2a, 0x9e, 0x77, 0x4c, 0x1, 0xfa, 0x62, 0x3f,
    0x10, 0x4, 0xba, 0x80, 0x1f, 0x8a, 0x74, 0x80,
    0x3f, 0xf8, 0xcb, 0x40, 0x1f, 0xfc, 0x2, 0xc3,
    0x0, 0xff, 0xe2, 0x15, 0x0, 0x7f, 0xf0, 0x87,
    0x48, 0x3, 0xff, 0x87, 0x20, 0x1f, 0xfc, 0x41,
    0xe0, 0xf, 0xfe, 0x11, 0xa0, 0x7, 0xff, 0x14,
    0xd8, 0x3, 0xff, 0x83, 0x60, 0x1f, 0xfc, 0x7b,
    0x0, 0xff, 0xe0, 0x6b, 0x81, 0xd6, 0xff, 0xba,
    0x90, 0x3, 0xfc, 0x4a, 0x1, 0xff, 0x8, 0x56,
    0x29, 0x0, 0x5, 0x6e, 0xc2, 0x1, 0xfd, 0xe0,
    0x1f, 0xfc, 0xa, 0x50, 0xf, 0xc9, 0xa0, 0x1f,
    0xca, 0x1, 0xff, 0x22, 0x80, 0x7f, 0x8d, 0xc0,
    0x3f, 0x8c, 0x3, 0xfd, 0xa0, 0x1f, 0xfc, 0x9,
    0x0, 0xfe, 0x40, 0xf, 0xf1, 0x0, 0x7f, 0xf0,
    0x5, 0x0, 0x3f, 0x68, 0x7, 0xf9, 0xc0, 0x3f,
    0xf8, 0x26, 0x1, 0xf9, 0xc0, 0x3f, 0xf9, 0x9c,
    0x1, 0xf8, 0x80, 0x3f, 0xf9, 0x86, 0x1, 0xfc,
    0x20, 0x1f, 0xfd, 0x53, 0x0, 0xff, 0xea, 0x88,
    0x7, 0xff, 0x55, 0xc0, 0x3f, 0xff, 0xe0, 0x1f,
    0xff, 0xf0, 0xf, 0xfe, 0x3b, 0x80, 0x7f, 0xf5,
    0x44, 0x3, 0xff, 0xaa, 0x60, 0x1f, 0xfc, 0xb3,
    0x0, 0xfe, 0x10, 0xf, 0xfe, 0x5f, 0x0, 0x7e,
    0x20, 0xf, 0xf3, 0x80, 0x7f, 0xf0, 0x4c, 0x3,
    0xf3, 0x80, 0x7f, 0x88, 0x3, 0xff, 0x80, 0x28,
    0x1, 0xfb, 0x40, 0x3f, 0xda, 0x1, 0xff, 0xc0,
    0x90, 0xf, 0xe4, 0x0, 0xff, 0x22, 0x0, 0x3f,
    0xc6, 0xe0, 0x1f, 0xc6, 0x1, 0xff, 0x5a, 0x80,
    0x7e, 0x4d, 0x0, 0xfe, 0x50, 0xf, 0xfe, 0xd,
    0x5a, 0x90, 0x0, 0x56, 0xac, 0x40, 0x3f, 0xbc,
    0x3, 0xfe, 0xc6, 0x4, 0xad, 0xff, 0x75, 0x28,
    0x7, 0xf8, 0x94, 0x3, 0xff, 0x81, 0x40, 0x1f,
    0xfc, 0x7b, 0x0, 0xff, 0xe0, 0x99, 0x80, 0x3f,
    0xf8, 0xa6, 0xc0, 0x1f, 0xfc, 0x2f, 0x0, 0xff,
    0xe2, 0xf, 0x0, 0x7f, 0xf0, 0xce, 0x40, 0x3f,
    0xf8, 0x7a, 0x40, 0x1f, 0xfc, 0x46, 0x90, 0xf,
    0xfe, 0x1, 0x69, 0x80, 0x7f, 0xf1, 0x9b, 0x50,
    0x3, 0xf1, 0x4e, 0x90, 0x7, 0xff, 0x20, 0xaf,
    0x65, 0x95, 0x4f, 0x3b, 0xa6, 0x0, 0xff, 0xe6,
    0x13, 0x4d, 0x52, 0x18, 0x80, 0x3f, 0xff, 0xe0,
    0x1f, 0xff, 0xf0, 0xf, 0xff, 0xf8, 0x7, 0xff,
    0xfc, 0x3, 0xff, 0xfe, 0x1, 0xff, 0xff, 0x0,
    0x0,

    /* U+0071 "q" */
    0x0, 0xfe, 0x15, 0x79, 0xa9, 0x73, 0x0, 0xff,
    0xe6, 0x1d, 0xf5, 0x43, 0x2b, 0x46, 0x6a, 0x80,
    0x73, 0x3b, 0xfe, 0x20, 0xf, 0x4e, 0x20, 0x7,
    0xe2, 0xaa, 0x0, 0x68, 0x8f, 0xe7, 0x0, 0xec,
    0x60, 0xf, 0xfe, 0x2, 0xd0, 0x7, 0xff, 0x16,
    0xcc, 0x3, 0xff, 0x84, 0xae, 0x1, 0xff, 0xc3,
    0x74, 0x0, 0xff, 0xe2, 0x40, 0x80, 0x7f, 0xf0,
    0x46, 0x0, 0x3f, 0xf8, 0xd2, 0x1, 0xff, 0xc1,
    0x90, 0xf, 0xfe, 0x3a, 0x80, 0x7f, 0xf0, 0x58,
    0x3, 0xfc, 0x53, 0xbd, 0xfd, 0x6c, 0x5, 0xc2,
    0x1, 0xfe, 0x51, 0x0, 0xfe, 0x7d, 0x62, 0x10,
    0x14, 0x9d, 0x21, 0x0, 0xff, 0xbc, 0x3, 0xf9,
    0xe0, 0x3, 0xf1, 0x60, 0x80, 0x7f, 0xc8, 0x1,
    0xf8, 0xa0, 0x3, 0xfc, 0x30, 0x1, 0xfe, 0x21,
    0x0, 0xfd, 0x60, 0x1f, 0xfc, 0x7, 0x0, 0xff,
    0x38, 0x7, 0xf3, 0x80, 0x7f, 0xf0, 0x4, 0x40,
    0x1f, 0xc4, 0x1, 0xf8, 0x84, 0x3, 0xff, 0x97,
    0xc0, 0x1f, 0x84, 0x3, 0xff, 0x98, 0x40, 0x1f,
    0x9c, 0x3, 0xff, 0x98, 0xe0, 0x1f, 0xfd, 0x51,
    0x0, 0xff, 0xea, 0x98, 0x7, 0xff, 0xdc, 0x40,
    0x3f, 0xfa, 0xa2, 0x1, 0xff, 0xf7, 0x30, 0xf,
    0xfe, 0xa8, 0x80, 0x7f, 0xf5, 0x5c, 0x3, 0xff,
    0xaa, 0x40, 0x1f, 0x9c, 0x3, 0xff, 0x99, 0xc0,
    0x1f, 0x84, 0x3, 0xff, 0x98, 0x40, 0x1f, 0x88,
    0x40, 0x3f, 0xf9, 0x6e, 0x1, 0xfc, 0xe0, 0x1f,
    0xfc, 0x1, 0x10, 0x7, 0xf1, 0x8, 0x7, 0xeb,
    0x0, 0xff, 0xe0, 0x38, 0x7, 0xfc, 0x80, 0x1f,
    0x8a, 0x0, 0x3f, 0xc3, 0x0, 0x1f, 0xf7, 0x80,
    0x7f, 0x3c, 0x0, 0x7e, 0x2c, 0x10, 0xf, 0xf9,
    0x44, 0x3, 0xf9, 0xf5, 0x88, 0x0, 0x29, 0x3a,
    0x40, 0x1f, 0xfc, 0x16, 0x0, 0xff, 0x14, 0xef,
    0xfb, 0xad, 0x80, 0x7c, 0x40, 0x3f, 0xe9, 0x0,
    0xff, 0xe3, 0xb8, 0x7, 0xff, 0x4, 0x60, 0x3,
    0xff, 0x8d, 0x60, 0x1f, 0xfc, 0x27, 0x40, 0xf,
    0xfe, 0x23, 0x90, 0x7, 0xff, 0xe, 0xcc, 0x3,
    0xff, 0x84, 0x90, 0x1, 0xff, 0xc5, 0xc6, 0x0,
    0xff, 0xe0, 0x2d, 0x80, 0x7f, 0xf1, 0xe7, 0x10,
    0x3, 0xf1, 0x4d, 0x0, 0x7f, 0xf2, 0x4e, 0xfa,
    0x9d, 0x95, 0xa2, 0xf5, 0x80, 0x3f, 0xf9, 0x82,
    0xb1, 0x35, 0x2e, 0x80, 0x1f, 0xff, 0xf0, 0xf,
    0xff, 0xf8, 0x7, 0xff, 0xfc, 0x3, 0xff, 0xfe,
    0x1, 0xff, 0xff, 0x0, 0xff, 0xff, 0x80, 0x7f,
    0x0,

    /* U+0072 "r" */
    0xff, 0xfe, 0x30, 0xe, 0x6b, 0xef, 0xf6, 0x0,
    0x7f, 0xf0, 0x4f, 0xa5, 0x4, 0x3, 0xff, 0x86,
    0x78, 0x20, 0x1f, 0xfc, 0x51, 0xd0, 0xf, 0xfe,
    0x3c, 0x88, 0x7, 0xff, 0x1d, 0xc0, 0x3f, 0xf8,
    0xea, 0x1, 0xff, 0xc8, 0xd0, 0xf, 0xfe, 0x3f,
    0x38, 0x7, 0xff, 0x1c, 0x80, 0x31, 0xab, 0x3b,
    0xd4, 0x1, 0xff, 0x1d, 0x7e, 0x54, 0xc4, 0x4c,
    0x1, 0xfe, 0x5c, 0x50, 0xf, 0xfe, 0x28, 0xd0,
    0x7, 0xff, 0x1d, 0x80, 0x3f, 0xf9, 0x1a, 0x1,
    0xff, 0xc8, 0x60, 0xf, 0xff, 0xf8, 0x7, 0xff,
    0xfc, 0x3, 0xff, 0xfe, 0x1, 0xff, 0xff, 0x0,
    0xff, 0xff, 0x80, 0x7f, 0xff, 0xc0, 0x3f, 0xfe,
    0xa0,

    /* U+0073 "s" */
    0x0, 0xff, 0x23, 0xde, 0xf7, 0xfd, 0xd9, 0x2a,
    0x20, 0x1f, 0xfc, 0x31, 0x8e, 0xb8, 0x42, 0x10,
    0x8, 0x4d, 0xab, 0xad, 0x0, 0x3f, 0xf8, 0xb,
    0xee, 0x20, 0x1f, 0xfc, 0x14, 0xbc, 0x20, 0xf,
    0xe8, 0xa1, 0x0, 0xff, 0xe2, 0x9e, 0xb0, 0x7,
    0xcc, 0xe0, 0x1f, 0xfc, 0x99, 0x90, 0x7, 0xc,
    0x80, 0x7f, 0xf2, 0xda, 0x0, 0x34, 0x0, 0x7f,
    0xf3, 0x48, 0x3, 0x30, 0x7, 0xf2, 0x45, 0x52,
    0x5c, 0x80, 0x3f, 0x2d, 0x0, 0x48, 0x1, 0xfd,
    0x76, 0x75, 0x53, 0x46, 0xe1, 0x80, 0x72, 0xd0,
    0x6, 0xc0, 0xf, 0xd0, 0x80, 0x1f, 0x1e, 0x40,
    0x4, 0xb4, 0x1, 0xc4, 0x1, 0xf9, 0x80, 0x3f,
    0xcf, 0x40, 0xb4, 0x1, 0xe1, 0x0, 0xf8, 0x44,
    0x1, 0xff, 0x2d, 0xd0, 0x7, 0xce, 0x1, 0xff,
    0xc9, 0x40, 0xf, 0xce, 0x1, 0xf0, 0x80, 0x7f,
    0xf2, 0x84, 0x3, 0xf3, 0x0, 0x7f, 0xf2, 0x48,
    0x3, 0xf4, 0xb0, 0x7, 0xff, 0x23, 0x0, 0x3f,
    0xa7, 0x65, 0x48, 0x3, 0xff, 0x88, 0x82, 0x1,
    0xfc, 0x4d, 0x5b, 0xfb, 0x2c, 0x40, 0x1f, 0xfc,
    0x6, 0x0, 0xff, 0xe1, 0x13, 0x4e, 0xe9, 0xc4,
    0x3, 0xfa, 0x8, 0x3, 0xff, 0x8a, 0x51, 0xd2,
    0x20, 0x1f, 0xbc, 0x40, 0x3f, 0xf8, 0xed, 0xe6,
    0x1, 0xf1, 0x79, 0x80, 0x7f, 0xf1, 0xc7, 0xc,
    0x3, 0xe1, 0xc9, 0x10, 0xf, 0xfe, 0x3e, 0x88,
    0x7, 0xe6, 0xeb, 0x50, 0xf, 0xfe, 0x28, 0xc8,
    0x7, 0xf9, 0x2b, 0xf2, 0x54, 0x80, 0x3f, 0xf8,
    0x2e, 0x1, 0xff, 0xc1, 0x36, 0xad, 0xfc, 0x94,
    0x0, 0xff, 0x20, 0x7, 0xff, 0x14, 0xda, 0xe8,
    0x3, 0xf8, 0xc0, 0x3f, 0xf9, 0xa, 0xc0, 0x1f,
    0xb8, 0x3, 0xff, 0x93, 0x40, 0x1f, 0x8c, 0x3,
    0xce, 0x1, 0xff, 0xc2, 0x20, 0xf, 0xfe, 0x16,
    0x43, 0x80, 0x7f, 0xf2, 0x88, 0x3, 0x61, 0x84,
    0x30, 0x7, 0xff, 0x1, 0x40, 0x3f, 0x78, 0x0,
    0x70, 0xc0, 0x29, 0x80, 0xf, 0xfb, 0xc0, 0x3f,
    0x18, 0xe, 0x98, 0x7, 0x3e, 0x20, 0x7, 0xe9,
    0x40, 0xf, 0xc8, 0x1a, 0x60, 0x1f, 0x1d, 0xf4,
    0xb2, 0xa9, 0xa7, 0x98, 0x3, 0xf2, 0x80, 0x10,
    0x3, 0xfc, 0x2d, 0x35, 0x49, 0x61, 0x0, 0xfe,
    0x80, 0x4, 0x28, 0x7, 0xff, 0x35, 0x88, 0x2,
    0xa6, 0x0, 0xff, 0xe5, 0x9c, 0x80, 0x74, 0xc8,
    0x3, 0xff, 0x92, 0x7a, 0x1, 0xf3, 0x6a, 0x0,
    0x7f, 0xf1, 0x9f, 0x4, 0x3, 0xf1, 0x5d, 0x94,
    0x3, 0xff, 0x84, 0xdb, 0x0, 0x1f, 0xfc, 0x4,
    0xaf, 0xa7, 0x42, 0x10, 0x0, 0x92, 0x3d, 0xf4,
    0x90, 0x7, 0x80,

    /* U+0074 "t" */
    0x0, 0xf1, 0x7f, 0xfe, 0x10, 0xf, 0xff, 0xf8,
    0x7, 0xff, 0xfc, 0x4, 0x3, 0xff, 0x94, 0xe0,
    0x1f, 0xfc, 0xad, 0x0, 0xff, 0xe4, 0xb, 0xb0,
    0x7, 0xff, 0x11, 0x7f, 0xee, 0x80, 0xf, 0xee,
    0xff, 0xf2, 0x0, 0x7f, 0xff, 0xc0, 0x3f, 0xfe,
    0x6f, 0x11, 0xc0, 0x1f, 0xd1, 0x1f, 0x29, 0x3b,
    0xe6, 0x0, 0xfe, 0x67, 0x7f, 0x8, 0x7, 0xff,
    0xfc, 0x3, 0xff, 0xfe, 0x1, 0xff, 0xff, 0x0,
    0xff, 0xff, 0x80, 0x7f, 0xff, 0xc0, 0x3f, 0xff,
    0xe0, 0x1f, 0xff, 0x11, 0x0, 0xff, 0xea, 0x4b,
    0xbf, 0x20, 0x7, 0xc2, 0x1, 0xf9, 0xe2, 0x3b,
    0x80, 0x3e, 0x40, 0xf, 0xfe, 0x57, 0x80, 0x7f,
    0xf2, 0x94, 0x40, 0x3f, 0xf9, 0x5a, 0x1, 0xff,
    0xca, 0x3c, 0x20, 0xf, 0xfe, 0x49, 0xed, 0x31,
    0x8, 0x7, 0xf0,

    /* U+0075 "u" */
    0x7f, 0xff, 0xd8, 0x1, 0xff, 0xc0, 0xbf, 0xff,
    0xce, 0x1, 0xff, 0xff, 0x0, 0xff, 0xff, 0x80,
    0x7f, 0xff, 0xc0, 0x3f, 0xff, 0xe0, 0x1f, 0xff,
    0xf0, 0xf, 0xff, 0xf8, 0x7, 0xff, 0xfc, 0x3,
    0xff, 0xfe, 0x1, 0xff, 0xff, 0x0, 0xff, 0xff,
    0x80, 0x7f, 0xf9, 0x84, 0x3, 0xff, 0xb8, 0x40,
    0x1f, 0xfc, 0x7, 0x0, 0xfe, 0x30, 0xf, 0xc2,
    0x20, 0xf, 0xf8, 0x80, 0x3f, 0x84, 0x3, 0xf9,
    0x0, 0x3f, 0xc6, 0x20, 0x1f, 0xcc, 0x1, 0xfd,
    0x20, 0x1f, 0xef, 0x0, 0xff, 0x10, 0x7, 0xf1,
    0xb0, 0x7, 0xea, 0x30, 0xf, 0xf8, 0xc0, 0x3f,
    0xa6, 0x4, 0x3, 0x2e, 0xa8, 0x7, 0xff, 0x1,
    0x0, 0x3f, 0xcf, 0xdb, 0x9b, 0xf4, 0x41, 0x26,
    0x1, 0xfe, 0xa0, 0xf, 0xfe, 0x1, 0x19, 0x0,
    0x46, 0xce, 0x1, 0xfe, 0x24, 0x0, 0xff, 0xe2,
    0xd0, 0x7, 0xff, 0x6, 0x40, 0x3f, 0xf8, 0x84,
    0xc0, 0x1f, 0xfc, 0x12, 0x90, 0xf, 0xfe, 0x1f,
    0x0, 0x7f, 0xf0, 0xda, 0x0, 0x3f, 0xf8, 0x34,
    0x60, 0x1f, 0xfc, 0x47, 0xb2, 0x0, 0xfe, 0x2c,
    0x50, 0xf, 0xfe, 0x32, 0x6d, 0xb1, 0x88, 0x0,
    0x9a, 0xf4, 0xc0, 0x35, 0xf7, 0x7e, 0x70,

    /* U+0076 "v" */
    0x3f, 0xff, 0xe0, 0xf, 0xfe, 0x23, 0x7f, 0xfe,
    0x73, 0x10, 0xf, 0xc8, 0x1, 0xff, 0xc3, 0xc0,
    0xf, 0xc8, 0x8, 0x1, 0xfb, 0x0, 0x3f, 0xf8,
    0x68, 0x1, 0xf0, 0x98, 0x78, 0x7, 0xe4, 0x0,
    0xff, 0xe1, 0x18, 0x80, 0x7c, 0xe0, 0x4, 0x0,
    0xfc, 0x62, 0x1, 0xff, 0xc1, 0x40, 0xf, 0xd8,
    0x0, 0x13, 0x0, 0xfc, 0x80, 0x1f, 0xfc, 0x1c,
    0x0, 0xfc, 0xa0, 0x15, 0x80, 0x7e, 0xc0, 0xf,
    0xfe, 0xa, 0x0, 0x7c, 0x80, 0x19, 0x0, 0x3f,
    0x38, 0x7, 0xff, 0x1, 0x0, 0x3f, 0x60, 0x6,
    0x31, 0x0, 0xf8, 0x48, 0x3, 0xfe, 0xc0, 0xf,
    0xca, 0x1, 0xce, 0x1, 0xf9, 0x0, 0x3f, 0xe4,
    0x0, 0xf8, 0x88, 0x1, 0xd8, 0x1, 0xfb, 0x0,
    0x3f, 0xc2, 0x60, 0x1f, 0x20, 0x7, 0x94, 0x3,
    0xf2, 0x80, 0x7f, 0x90, 0x3, 0xf6, 0x80, 0x7c,
    0x80, 0x1f, 0x8c, 0x3, 0xfb, 0x0, 0x3f, 0x20,
    0x7, 0xd8, 0x1, 0xf9, 0x0, 0x3f, 0x90, 0x3,
    0xe4, 0x0, 0xfc, 0xa0, 0x1f, 0xac, 0x3, 0xf1,
    0x10, 0x3, 0xed, 0x0, 0xfc, 0x44, 0x0, 0xf8,
    0xc0, 0x3f, 0x20, 0x7, 0xe7, 0x0, 0xfe, 0x40,
    0xf, 0xc8, 0x1, 0xf6, 0x0, 0x7c, 0x62, 0x1,
    0xfd, 0xa0, 0x1f, 0xb0, 0x3, 0xe4, 0x0, 0xf9,
    0x0, 0x3f, 0xc8, 0x1, 0xf9, 0x40, 0x3c, 0x62,
    0x1, 0xf5, 0x80, 0x7f, 0xc8, 0x1, 0xf1, 0x8,
    0x7, 0x20, 0x7, 0xc2, 0x60, 0x1f, 0xf6, 0x80,
    0x7e, 0x40, 0xe, 0xc0, 0xf, 0x90, 0x3, 0xff,
    0x80, 0xe0, 0x1f, 0xb0, 0x3, 0x90, 0x3, 0xef,
    0x0, 0xff, 0xe0, 0x9, 0x80, 0x7c, 0x80, 0x18,
    0xc0, 0x3f, 0x20, 0x7, 0xff, 0x5, 0x0, 0x3e,
    0x20, 0xc, 0xa0, 0x1f, 0x18, 0x80, 0x7f, 0xf0,
    0x6c, 0x3, 0xf1, 0x80, 0x5e, 0x1, 0xf5, 0x80,
    0x7f, 0xf0, 0x8c, 0x40, 0x3e, 0x50, 0x9, 0x0,
    0x3e, 0x50, 0xf, 0xfe, 0x1a, 0x0, 0x7d, 0x80,
    0x11, 0x0, 0x78, 0x48, 0x3, 0xff, 0x87, 0xe0,
    0x1f, 0x38, 0x0, 0xc0, 0x3e, 0x70, 0xf, 0xfe,
    0x22, 0x0, 0x7c, 0x40, 0x5, 0x0, 0xfb, 0x40,
    0x3f, 0xf8, 0x82, 0x60, 0x1f, 0x20, 0x60, 0x7,
    0xc8, 0x1, 0xff, 0xc5, 0xb0, 0xf, 0x8c, 0x1c,
    0x3, 0xc8, 0x1, 0xff, 0xc6, 0x50, 0xf, 0xb4,
    0x8, 0x3, 0xda, 0x1, 0xff, 0xc6, 0x21, 0x0,
    0xf2, 0xf0, 0x7, 0xc8, 0x1, 0xff, 0xc7, 0x70,
    0xf, 0x84, 0x3, 0xc4, 0x40, 0xf, 0xfe, 0x3e,
    0x80, 0x7f, 0xf0, 0x94, 0x3, 0xff, 0x90, 0x80,
    0x1f, 0xfc, 0x2c, 0x0, 0xff, 0xe4, 0xa0, 0x7,
    0xff, 0x5, 0x0, 0x3f, 0xf9, 0x3a, 0x1, 0xff,
    0xc0, 0x50, 0xf, 0xfe, 0x52, 0x0, 0x7f, 0xf0,
    0x3c, 0x3, 0xff, 0x94, 0x44, 0x0, 0xff, 0x90,
    0x3, 0xfe,

    /* U+0077 "w" */
    0xaf, 0xff, 0xca, 0x1, 0xff, 0xc0, 0x7f, 0xff,
    0xe0, 0xf, 0xfe, 0xc, 0xff, 0xfd, 0xc1, 0x80,
    0x1f, 0xb0, 0x3, 0xff, 0x81, 0x80, 0x1f, 0xc8,
    0x1, 0xff, 0xc0, 0x50, 0xf, 0x90, 0x10, 0x3,
    0xf2, 0x80, 0x7f, 0xf0, 0x10, 0x3, 0xfb, 0x0,
    0x3f, 0xf8, 0x6, 0x1, 0xf6, 0x1, 0x8, 0x7,
    0xc6, 0x1, 0xff, 0x18, 0x7, 0xf8, 0xc0, 0x3f,
    0xe3, 0x0, 0xfc, 0x80, 0x5, 0x0, 0xfc, 0x60,
    0x1f, 0xe5, 0x0, 0xff, 0x20, 0x7, 0xfc, 0x80,
    0x1f, 0x9, 0x0, 0x30, 0x3, 0xf2, 0x80, 0x7f,
    0xb0, 0x3, 0xfe, 0x30, 0xf, 0xf6, 0x80, 0x7c,
    0xa0, 0x12, 0x0, 0x7e, 0xf0, 0xf, 0xf2, 0x0,
    0x7f, 0xc8, 0x1, 0xfe, 0x40, 0xf, 0xb0, 0x2,
    0x30, 0xf, 0xc8, 0x1, 0xfc, 0x42, 0x1, 0xff,
    0x60, 0x7, 0xf0, 0x88, 0x3, 0xe4, 0x0, 0xc8,
    0x1, 0xf1, 0x0, 0x7f, 0x38, 0x7, 0x9, 0x80,
    0x72, 0x80, 0x7f, 0x20, 0x7, 0xe3, 0x0, 0xd8,
    0x1, 0xf8, 0xc0, 0x3f, 0x60, 0x7, 0x37, 0x80,
    0x70, 0x90, 0x7, 0xed, 0x0, 0xf9, 0x0, 0x38,
    0xc0, 0x3f, 0x20, 0x7, 0xe4, 0x0, 0xee, 0x20,
    0xf, 0x20, 0x7, 0xe4, 0x0, 0xfb, 0x0, 0x39,
    0x0, 0x3f, 0x68, 0x7, 0xc2, 0x40, 0x1c, 0xa2,
    0x20, 0xe, 0xc0, 0xf, 0xc6, 0x1, 0xf1, 0x80,
    0x78, 0xc0, 0x3e, 0x70, 0xf, 0x94, 0x3, 0xc4,
    0x4, 0x1, 0xc8, 0x1, 0xf1, 0x0, 0x7e, 0x40,
    0xf, 0x20, 0x7, 0xc4, 0x20, 0x1e, 0xc0, 0xe,
    0x11, 0x3, 0x0, 0x70, 0x90, 0x7, 0x90, 0x3,
    0xe3, 0x0, 0xfb, 0x0, 0x3f, 0x28, 0x7, 0x90,
    0x3, 0x88, 0x1, 0xa0, 0x1e, 0x40, 0xf, 0x78,
    0x7, 0xc8, 0x1, 0xf2, 0x0, 0x7e, 0x30, 0xf,
    0x18, 0x7, 0x28, 0x0, 0x80, 0x3d, 0xe0, 0x1e,
    0x40, 0xf, 0xb0, 0x3, 0xf1, 0x80, 0x7d, 0xa0,
    0x1c, 0x80, 0x1e, 0xe0, 0x3, 0x0, 0x79, 0x0,
    0x3c, 0x40, 0x1f, 0x20, 0x7, 0xe4, 0x0, 0xf9,
    0x0, 0x38, 0xc0, 0x3c, 0x60, 0x3, 0x0, 0xf1,
    0x8, 0x6, 0x40, 0xf, 0x8c, 0x3, 0xfb, 0x40,
    0x3e, 0x11, 0x0, 0x6c, 0x0, 0xf3, 0x0, 0x42,
    0x1, 0xe4, 0x0, 0xc6, 0x1, 0xf2, 0x80, 0x7f,
    0x20, 0x7, 0xe5, 0x0, 0xca, 0x1, 0xe2, 0x0,
    0x88, 0x3, 0xda, 0x1, 0xb4, 0x3, 0xec, 0x0,
    0xfe, 0x12, 0x0, 0xf8, 0x80, 0x21, 0x10, 0x7,
    0x10, 0x6, 0x50, 0xf, 0x18, 0x6, 0x60, 0xf,
    0x90, 0x3, 0xfc, 0x80, 0x1f, 0x70, 0x4, 0xa0,
    0x1e, 0x40, 0xd, 0x80, 0x1e, 0x50, 0xc, 0x40,
    0x1e, 0x21, 0x0, 0xff, 0x60, 0x7, 0xc6, 0x1,
    0x18, 0x7, 0xbc, 0x3, 0x38, 0x7, 0x84, 0x40,
    0x1, 0x10, 0x7, 0x90, 0x3, 0xfe, 0x40, 0xf,
    0x98, 0x2, 0xe0, 0xf, 0x20, 0x6, 0x21, 0x0,
    0xf1, 0x0, 0x8, 0x3, 0xec, 0x0, 0xff, 0x84,
    0x80, 0x3c, 0x40, 0x12, 0x80, 0x70, 0x90, 0x7,
    0x20, 0x7, 0x94, 0x0, 0xa0, 0x1f, 0x20, 0x7,
    0xff, 0x1, 0xc0, 0x3e, 0x20, 0x1, 0x80, 0x72,
    0x0, 0x7b, 0x0, 0x3d, 0xe0, 0xe, 0x0, 0xf1,
    0x8, 0x7, 0xff, 0x3, 0x0, 0x3e, 0x60, 0x20,
    0xf, 0x60, 0x7, 0x90, 0x3, 0xca, 0x0, 0x20,
    0xf, 0x38, 0x7, 0xff, 0x5, 0x0, 0x3e, 0x20,
    0x70, 0xf, 0x20, 0x7, 0x88, 0x40, 0x38, 0xc0,
    0xe, 0x1, 0xec, 0x0, 0xff, 0xe0, 0x90, 0x80,
    0x7b, 0xc3, 0x40, 0x38, 0x48, 0x3, 0xe5, 0x0,
    0xf1, 0x1, 0x0, 0x79, 0x0, 0x3f, 0xf8, 0x48,
    0x1, 0xe2, 0x2, 0x0, 0xe5, 0x0, 0xfd, 0x80,
    0x1e, 0x61, 0x0, 0xf0, 0x90, 0x7, 0xff, 0xb,
    0x0, 0x3c, 0xa0, 0xe0, 0x1d, 0x80, 0x1f, 0x90,
    0x3, 0xc6, 0xa0, 0x1e, 0x40, 0xf, 0xfe, 0x1a,
    0x0, 0x78, 0x5c, 0x80, 0x39, 0x0, 0x3f, 0x18,
    0x7, 0xaf, 0x80, 0x3d, 0x80, 0x1f, 0xfc, 0x32,
    0x10, 0xf, 0x40, 0x7, 0x8c, 0x3, 0xf8, 0xc0,
    0x38, 0xd4, 0x3, 0xc8, 0x1, 0xff, 0xc4, 0x50,
    0xf, 0xfe, 0x1, 0x80, 0x7f, 0x90, 0x3, 0xff,
    0x80, 0x24, 0x1, 0xff, 0xc4, 0xc0, 0xf, 0xfe,
    0x2, 0x0, 0x7f, 0xb0, 0x3, 0xff, 0x80, 0xa0,
    0x1f, 0xfc, 0x54, 0x0, 0xff, 0xe0, 0x60, 0x7,
    0xf9, 0x0, 0x3f, 0xf8, 0x18, 0x1, 0xff, 0xc5,
    0x30, 0xf, 0xfe, 0x2, 0x0, 0x7f, 0xc6, 0x1,
    0xff, 0x20, 0x7, 0xff, 0x19, 0x0, 0x3f, 0xc6,
    0x1, 0xff, 0xc0, 0x50, 0xf, 0xf8, 0xc0, 0x3f,
    0xf8, 0xd8, 0x1, 0xfe, 0x40, 0xf, 0xfe, 0x6,
    0x0, 0x7f, 0x90, 0x3, 0xff, 0x8e, 0x80, 0x1f,
    0xed, 0x0, 0xff, 0xe0, 0x20, 0x7, 0xfb, 0x0,
    0x3f, 0xc0,

    /* U+0078 "x" */
    0x1, 0x1f, 0xe0, 0xf, 0xfe, 0x20, 0x8f, 0xf0,
    0x2f, 0x77, 0xf5, 0x0, 0x7f, 0xf0, 0xb7, 0xbb,
    0xf4, 0x82, 0x98, 0x7, 0xe5, 0x20, 0xf, 0xfe,
    0x3, 0x10, 0x7, 0xc3, 0x0, 0xe, 0x0, 0xfe,
    0x90, 0xf, 0xfe, 0x4, 0x0, 0x7e, 0xb0, 0x8,
    0x9c, 0x3, 0xf2, 0x20, 0x3, 0xfc, 0xe2, 0x1,
    0xf1, 0xa8, 0x6, 0x81, 0x0, 0xfd, 0x0, 0x1f,
    0xc3, 0x0, 0x1f, 0xbc, 0x3, 0xd6, 0x1, 0xf8,
    0xd4, 0x3, 0xf4, 0x0, 0x7e, 0x63, 0x0, 0xf2,
    0x98, 0x7, 0xe8, 0x0, 0xf8, 0x98, 0x3, 0xe1,
    0x80, 0xf, 0xdc, 0x1, 0xf8, 0x98, 0x3, 0xd0,
    0x1, 0xfa, 0x4, 0x3, 0xf1, 0x30, 0x7, 0xe8,
    0x0, 0xe3, 0x50, 0xf, 0x89, 0x80, 0x3f, 0xd2,
    0x20, 0x1f, 0xc, 0x0, 0x68, 0x0, 0xfd, 0x20,
    0x1f, 0xfc, 0xb, 0x0, 0xfc, 0xe2, 0x0, 0x44,
    0x0, 0x7c, 0xa8, 0x1, 0xff, 0xc0, 0x53, 0x0,
    0xfd, 0x0, 0x8, 0x0, 0xfd, 0x0, 0x1f, 0xfc,
    0x2e, 0x0, 0xfc, 0xc4, 0xa6, 0x1, 0xf3, 0x90,
    0x7, 0xff, 0x8, 0x98, 0x3, 0xf6, 0xd0, 0x7,
    0xc3, 0x0, 0x1f, 0xfc, 0x49, 0x10, 0xf, 0xfe,
    0x25, 0x80, 0x7f, 0xf1, 0xac, 0x3, 0xff, 0x86,
    0x8a, 0x1, 0xff, 0xc6, 0x53, 0x0, 0xff, 0xe1,
    0x48, 0x7, 0xff, 0x23, 0x80, 0x3f, 0xf8, 0x2c,
    0x40, 0x1f, 0xfc, 0x82, 0x60, 0xf, 0xf8, 0x60,
    0x3, 0xff, 0x95, 0x0, 0x1f, 0xf4, 0x8, 0x7,
    0xff, 0x29, 0x0, 0x3f, 0xee, 0x0, 0xff, 0xe5,
    0xd8, 0x7, 0xfc, 0xe4, 0x1, 0xff, 0xc9, 0x81,
    0x0, 0xff, 0xe0, 0x48, 0x7, 0xff, 0x20, 0x9c,
    0x3, 0xff, 0x82, 0x8a, 0x1, 0xff, 0xc7, 0x90,
    0xf, 0xfe, 0x1d, 0x80, 0x7f, 0xf1, 0x91, 0x0,
    0x1f, 0xfc, 0x31, 0x80, 0xf, 0xfe, 0x2c, 0x80,
    0x7e, 0x50, 0xf, 0xce, 0x40, 0x1f, 0xfc, 0x37,
    0x20, 0xf, 0xa2, 0x94, 0x3, 0xf7, 0x0, 0x7f,
    0xf0, 0x86, 0x0, 0x3e, 0x17, 0xb, 0x0, 0xfc,
    0x6a, 0x1, 0xff, 0xc1, 0xb0, 0xf, 0xd6, 0x0,
    0x17, 0x0, 0xfd, 0x62, 0x1, 0xff, 0x1a, 0x80,
    0x7c, 0x6a, 0x1, 0x40, 0x80, 0x7c, 0x30, 0x1,
    0xff, 0x70, 0x7, 0xef, 0x0, 0xe9, 0x0, 0xfc,
    0xc6, 0x1, 0xfc, 0xc4, 0x1, 0xf2, 0x98, 0x7,
    0x39, 0x0, 0x7e, 0xf0, 0xf, 0xc3, 0x0, 0x1f,
    0xa0, 0x3, 0xe8, 0x0, 0xfc, 0x6c, 0x1, 0xf4,
    0x8, 0x7, 0xce, 0x40, 0x1f, 0x29, 0x80, 0x7e,
    0x81, 0x0, 0xe3, 0x60, 0xf, 0x86, 0x40, 0x3f,
    0xbc, 0x3, 0xf0, 0xc0, 0x7, 0x78, 0x7, 0xe9,
    0x10, 0xf, 0xe3, 0x40, 0xf, 0xcc, 0x60, 0x13,
    0x18, 0x7, 0xc4, 0xe0, 0x1f, 0xf4, 0x80, 0x7f,
    0x78, 0x5, 0x0, 0x1f, 0xa0, 0x3, 0xff, 0x80,
    0x4c, 0x1, 0xf8, 0xd8, 0x24, 0x40, 0x3e, 0x35,
    0x0, 0xff, 0xe0, 0xc0, 0x7, 0xf4, 0x8,

    /* U+0079 "y" */
    0x28, 0x8f, 0xce, 0x1, 0xff, 0xc4, 0x18, 0x8f,
    0xce, 0x6, 0xef, 0xfa, 0xc, 0x3, 0xff, 0x86,
    0xce, 0xff, 0xb0, 0x4, 0xc0, 0x3f, 0x58, 0x7,
    0xff, 0xf, 0x0, 0x3f, 0x68, 0x2, 0xc0, 0x3f,
    0x20, 0x7, 0xff, 0xd, 0x0, 0x3f, 0x38, 0x1,
    0x40, 0x3f, 0x18, 0x80, 0x7f, 0xf0, 0x50, 0x3,
    0xf1, 0x88, 0x0, 0x88, 0x1, 0xf9, 0x0, 0x3f,
    0xf8, 0x38, 0x1, 0xfa, 0xc0, 0x32, 0x80, 0x7e,
    0xc0, 0xf, 0xfe, 0xa, 0x0, 0x7e, 0x50, 0xd,
    0x60, 0x1f, 0x9c, 0x3, 0xff, 0x80, 0x26, 0x1,
    0xf1, 0x10, 0x3, 0x18, 0x80, 0x7c, 0x24, 0x1,
    0xff, 0x20, 0x7, 0xe5, 0x0, 0xf3, 0x80, 0x7e,
    0x40, 0xf, 0xfb, 0x0, 0x3f, 0x58, 0x7, 0xb4,
    0x3, 0xf6, 0x80, 0x7f, 0xc8, 0x1, 0xf0, 0x98,
    0x7, 0x90, 0x3, 0xf2, 0x0, 0x7f, 0x88, 0x80,
    0x1f, 0x38, 0x7, 0xe5, 0x0, 0xfc, 0x80, 0x1f,
    0xc8, 0x1, 0xfb, 0x40, 0x3f, 0x78, 0x7, 0xec,
    0x0, 0xfe, 0xc0, 0xf, 0xc8, 0x1, 0xf9, 0x40,
    0x3f, 0x20, 0x7, 0xf2, 0x0, 0x7c, 0xa0, 0x1f,
    0xe4, 0x0, 0xf8, 0xc4, 0x3, 0xe3, 0x10, 0xf,
    0xbc, 0x3, 0xfd, 0xa0, 0x1f, 0x90, 0x3, 0xe4,
    0x0, 0xfc, 0xa0, 0x1f, 0xe7, 0x0, 0xfd, 0xe0,
    0x1f, 0x58, 0x7, 0xc8, 0x1, 0xff, 0x9, 0x80,
    0x7c, 0x80, 0x1f, 0x18, 0x7, 0xda, 0x1, 0xff,
    0xc0, 0xb0, 0xf, 0x84, 0xc0, 0x39, 0x0, 0x3f,
    0x38, 0x7, 0xff, 0x1, 0x40, 0x3f, 0x20, 0x7,
    0x60, 0x7, 0xc6, 0x20, 0x1f, 0xfc, 0x2, 0x20,
    0x7, 0xd8, 0x1, 0xca, 0x1, 0xf5, 0x80, 0x7f,
    0xf0, 0x94, 0x3, 0xe4, 0x0, 0xc2, 0x40, 0x1f,
    0x28, 0x7, 0xff, 0xa, 0xc0, 0x3f, 0x10, 0x4,
    0xa0, 0x1f, 0x11, 0x0, 0x3f, 0xf8, 0x46, 0x20,
    0x1f, 0x20, 0x4, 0x60, 0x1f, 0x28, 0x7, 0xff,
    0x11, 0xc0, 0x3e, 0xf0, 0xb, 0x40, 0x3e, 0xb0,
    0xf, 0xfe, 0x26, 0x80, 0x7c, 0xa0, 0x13, 0x80,
    0x78, 0x4c, 0x3, 0xff, 0x88, 0x80, 0x1f, 0x18,
    0x0, 0x48, 0x3, 0xce, 0x1, 0xff, 0xc6, 0x50,
    0xf, 0x8c, 0x14, 0x3, 0xed, 0x0, 0xff, 0xe3,
    0x78, 0x7, 0xca, 0x6, 0x1, 0xf2, 0x0, 0x7f,
    0xf1, 0x94, 0x3, 0xef, 0xd, 0x0, 0xf2, 0x80,
    0x7f, 0xf2, 0x10, 0x3, 0xca, 0x8, 0x1, 0xef,
    0x0, 0xff, 0xe4, 0x68, 0x7, 0x8e, 0x4, 0x3,
    0xc8, 0x1, 0xff, 0xc8, 0x70, 0xf, 0x9c, 0x3,
    0xc8, 0x20, 0x1f, 0xfc, 0x81, 0x30, 0xf, 0xfe,
    0xe, 0x80, 0x7f, 0xf2, 0xac, 0x3, 0xff, 0x82,
    0xe0, 0x1f, 0xfc, 0xa5, 0x0, 0xff, 0xe0, 0x18,
    0x80, 0x7f, 0xf2, 0x88, 0x80, 0x1f, 0xf5, 0x80,
    0x7f, 0xf3, 0x14, 0x3, 0xfe, 0x50, 0xf, 0xfe,
    0x65, 0x80, 0x7f, 0x88, 0x80, 0x1f, 0xfc, 0xc3,
    0x10, 0xf, 0xe5, 0x0, 0xff, 0xe7, 0x38, 0x7,
    0xf5, 0x80, 0x7f, 0xf3, 0xb4, 0x3, 0xf0, 0x98,
    0x7, 0xff, 0x38, 0x40, 0x3f, 0x38, 0x7, 0xff,
    0x3f, 0xc0, 0x3f, 0x68, 0x7, 0xff, 0x3d, 0x0,
    0x3f, 0x20, 0x7, 0xff, 0x38, 0xc4, 0x3, 0xe5,
    0x0, 0xff, 0xe7, 0xa0, 0x7, 0xef, 0x0, 0xff,
    0xe3, 0xa3, 0xbf, 0xd4, 0x1, 0xf9, 0x0, 0x3f,
    0xf8, 0xfb, 0x11, 0xf1, 0x0, 0x7c, 0x82, 0x1,
    0xff, 0xd7, 0xe0, 0xf, 0xfe, 0xb9, 0x28, 0x7,
    0xff, 0x5e, 0x40, 0x3f, 0xfa, 0xf0, 0x80, 0x1f,
    0xfd, 0x51, 0xa7, 0x0, 0xff, 0xe9, 0x9, 0xb5,
    0x72, 0x80, 0x7f, 0xf1, 0xc0,

    /* U+007A "z" */
    0xd, 0xff, 0xff, 0xe7, 0xa8, 0x7, 0xff, 0xfc,
    0x3, 0xff, 0xfe, 0x1, 0xff, 0xd3, 0x88, 0xff,
    0xe2, 0xb0, 0x7, 0xf9, 0xc1, 0x5d, 0xff, 0xf8,
    0x88, 0x1, 0xfd, 0x44, 0x1, 0xff, 0xc5, 0x92,
    0x0, 0xfc, 0xaa, 0x0, 0xff, 0xe2, 0xab, 0x0,
    0x7e, 0x2a, 0x0, 0xff, 0xe2, 0x8d, 0x80, 0x7f,
    0x70, 0x7, 0xff, 0x1b, 0x44, 0x3, 0xf4, 0x18,
    0x7, 0xff, 0x15, 0xcc, 0x3, 0xf2, 0x38, 0x7,
    0xff, 0x14, 0xe0, 0x3, 0xf0, 0xd0, 0x7, 0xff,
    0x14, 0x74, 0x3, 0xfa, 0x84, 0x3, 0xff, 0x8b,
    0x62, 0x1, 0xf9, 0x90, 0x3, 0xff, 0x8a, 0xca,
    0x1, 0xf8, 0xe4, 0x3, 0xff, 0x8a, 0x52, 0x1,
    0xfd, 0xc0, 0x1f, 0xfc, 0x6f, 0x0, 0xfe, 0x92,
    0x0, 0xff, 0xe2, 0xc9, 0x0, 0x7e, 0x56, 0x0,
    0xff, 0xe2, 0xa3, 0x0, 0x7e, 0x1b, 0x0, 0xff,
    0xe2, 0x8d, 0x0, 0x7f, 0x68, 0x80, 0x7f, 0xf1,
    0x68, 0x40, 0x3f, 0x41, 0x80, 0x7f, 0xf1, 0x5d,
    0x0, 0x3f, 0x23, 0x80, 0x7f, 0xf1, 0x4e, 0x0,
    0x3f, 0xd, 0x0, 0x7f, 0xf1, 0xb8, 0x3, 0xfa,
    0x84, 0x3, 0xff, 0x8b, 0x44, 0x1, 0xf9, 0x90,
    0x3, 0xff, 0x8a, 0xca, 0x1, 0xf8, 0xa4, 0x3,
    0xff, 0x8a, 0x52, 0x1, 0xfd, 0xe0, 0x1f, 0xfc,
    0x6e, 0x0, 0xfe, 0x92, 0x0, 0xff, 0xe2, 0xc1,
    0x80, 0x7e, 0x56, 0x0, 0xff, 0xe2, 0x9b, 0x80,
    0x7f, 0x13, 0xbf, 0xff, 0x15, 0x54, 0x1, 0xfe,
    0x78, 0x8f, 0xfe, 0x2c, 0x80, 0x7f, 0xff, 0xc0,
    0x3f, 0xff, 0xe0, 0x1f, 0xfd, 0x20,

    /* U+007B "{" */
    0x0, 0xfe, 0x18, 0xdf, 0xff, 0xd4, 0x1, 0xf9,
    0x39, 0xc8, 0x3, 0xff, 0x88, 0x34, 0x1, 0xff,
    0xc7, 0x61, 0x0, 0xff, 0xe3, 0xe0, 0x7, 0xff,
    0x21, 0x80, 0x3f, 0xfa, 0xc, 0xef, 0xbc, 0x3,
    0xe3, 0x0, 0xfa, 0x23, 0x94, 0x3, 0xff, 0xfe,
    0x1, 0xff, 0xff, 0x0, 0xff, 0xff, 0x80, 0x7f,
    0xff, 0xc0, 0x3f, 0xff, 0xe0, 0x1f, 0xe1, 0x0,
    0xf8, 0x40, 0x3f, 0xe5, 0x0, 0xf8, 0x40, 0x3f,
    0xf8, 0x10, 0x1, 0xf2, 0x0, 0x7f, 0x86, 0xc8,
    0x3, 0xef, 0x0, 0xf8, 0x4e, 0x3d, 0x0, 0x3e,
    0x25, 0x0, 0xf3, 0xf6, 0x38, 0x80, 0x7c, 0x3e,
    0x1, 0xff, 0xc6, 0x3c, 0x20, 0xf, 0xfe, 0x18,
    0xad, 0xe1, 0x0, 0x7f, 0xf0, 0x57, 0x7b, 0x94,
    0x80, 0x1f, 0xfc, 0x37, 0x88, 0x31, 0x0, 0x7f,
    0xf1, 0x9, 0x5a, 0x77, 0x10, 0x3, 0xff, 0x8e,
    0x77, 0x0, 0x1f, 0x8d, 0x90, 0x3, 0xf9, 0xe0,
    0x3, 0xe4, 0x9b, 0xf8, 0x0, 0xfc, 0xe4, 0x1,
    0xfe, 0x7b, 0x0, 0xfd, 0x60, 0x1f, 0xf2, 0x38,
    0x7, 0xc8, 0x1, 0xff, 0xc0, 0xa0, 0xf, 0x88,
    0x3, 0xff, 0x80, 0x40, 0x1f, 0x84, 0x3, 0xff,
    0x80, 0x20, 0x1f, 0xff, 0xf0, 0xf, 0xff, 0xf8,
    0x7, 0xff, 0xfc, 0x3, 0xff, 0xfe, 0x1, 0xff,
    0xff, 0x0, 0x18, 0x7, 0xd1, 0x1c, 0xa0, 0x1f,
    0xfc, 0x36, 0x77, 0xde, 0x1, 0xf3, 0x0, 0x7f,
    0xf2, 0x30, 0x3, 0xff, 0x90, 0xc0, 0x1f, 0xfc,
    0x81, 0xb0, 0xf, 0xfe, 0x42, 0x73, 0x90, 0x7,
    0xf0,

    /* U+007C "|" */
    0xbf, 0xff, 0x80, 0x3f, 0xff, 0xe0, 0x1f, 0xff,
    0xf0, 0xf, 0xff, 0xf8, 0x7, 0xff, 0xfc, 0x3,
    0xff, 0xfe, 0x1, 0xff, 0xff, 0x0, 0xff, 0xff,
    0x80, 0x7f, 0xff, 0xc0, 0x3f, 0xf8, 0x20,

    /* U+007D "}" */
    0xaf, 0xff, 0xdb, 0x2, 0x1, 0xff, 0xc6, 0x27,
    0xe4, 0x0, 0xff, 0xe4, 0x50, 0x80, 0x7f, 0xf1,
    0xc5, 0x80, 0x3f, 0xf9, 0x18, 0x1, 0xff, 0xc8,
    0x60, 0xf, 0xbd, 0xdf, 0x30, 0x7, 0xff, 0xd,
    0x62, 0x38, 0x3, 0xe3, 0x0, 0xff, 0xff, 0x80,
    0x7f, 0xff, 0xc0, 0x3f, 0xff, 0xe0, 0x1f, 0xff,
    0xf0, 0xf, 0xff, 0xf8, 0x7, 0xff, 0xc, 0x40,
    0x3e, 0x10, 0xf, 0xfe, 0x8, 0x80, 0x7c, 0xa0,
    0x1f, 0xfc, 0x5, 0x0, 0xfa, 0x0, 0x3f, 0xf8,
    0x1c, 0x1, 0xf1, 0x58, 0x80, 0x7f, 0x94, 0x80,
    0x3e, 0x4f, 0x83, 0x10, 0xf, 0xde, 0x20, 0x1f,
    0xb, 0xe7, 0x38, 0x7, 0xc5, 0x86, 0x1, 0xff,
    0xc7, 0x2c, 0xb5, 0x10, 0xf, 0xfe, 0x32, 0x57,
    0x73, 0x54, 0x3, 0xff, 0x88, 0x4d, 0x10, 0x70,
    0xf, 0xfe, 0x12, 0x66, 0xcb, 0x29, 0x0, 0x7f,
    0xf0, 0x66, 0xcc, 0x3, 0xff, 0x8b, 0xc, 0x1,
    0xfc, 0x8c, 0x60, 0x1e, 0x27, 0x0, 0xfd, 0x1f,
    0x72, 0x80, 0x1e, 0xb0, 0xf, 0xd6, 0xe0, 0x1f,
    0xe4, 0x0, 0xf9, 0xd0, 0x3, 0xfe, 0x20, 0xf,
    0xa8, 0x3, 0xfe, 0x10, 0xf, 0xc4, 0x1, 0xff,
    0xc7, 0x10, 0xf, 0xff, 0xf8, 0x7, 0xff, 0xfc,
    0x3, 0xff, 0xfe, 0x1, 0xff, 0xff, 0x0, 0xff,
    0xfa, 0x2c, 0x47, 0x0, 0x7c, 0x60, 0x1f, 0x7b,
    0xbe, 0x60, 0xf, 0xfe, 0x83, 0x0, 0x7f, 0xf2,
    0x30, 0x3, 0xff, 0x90, 0xc0, 0x1f, 0xfc, 0x7b,
    0x10, 0xf, 0xfe, 0x21, 0x3f, 0x20, 0x7, 0xe0,

    /* U+007E "~" */
    0x0, 0xe4, 0x9c, 0xef, 0xed, 0xb7, 0x20, 0xf,
    0xfe, 0x59, 0xe5, 0xb1, 0x88, 0x9, 0x24, 0x6d,
    0x98, 0x7, 0xff, 0x21, 0xf0, 0xc0, 0x3f, 0xc9,
    0x96, 0x60, 0x1f, 0xfc, 0x57, 0x80, 0xf, 0xfe,
    0x12, 0x65, 0x10, 0x7, 0xf1, 0x28, 0x4, 0x70,
    0x1, 0xff, 0xc5, 0x5d, 0xa3, 0x0, 0xf3, 0xed,
    0x8, 0x0, 0xc8, 0x3, 0xff, 0x8e, 0xb9, 0xb2,
    0xf1, 0x5f, 0x0, 0xb, 0x0, 0xa4, 0x3, 0xff,
    0x92, 0x4d, 0xe, 0xa0, 0x19, 0x54, 0x0, 0x45,
    0x0, 0xca, 0xf0, 0xc4, 0x1, 0xff, 0xc9, 0xb0,
    0xa, 0xc4, 0x1f, 0xea, 0x1e, 0x77, 0x4a, 0x1,
    0xff, 0xc7, 0x14, 0x0, 0xd, 0xe4, 0x0, 0x78,
    0xab, 0x54, 0x3, 0xff, 0x8a, 0xe8, 0x1, 0x29,
    0x80, 0x7f, 0x15, 0x6a, 0x0, 0x7f, 0xf0, 0xa2,
    0x0, 0x1f, 0xfc, 0x52, 0xbc, 0x40, 0xf, 0xf1,
    0x63, 0x80, 0x7f, 0xf2, 0xe, 0xf6, 0x10, 0x80,
    0x2, 0x6d, 0x7a, 0x60, 0x10,

    /* U+00B0 "°" */
    0x0, 0xfc, 0x6f, 0x9b, 0xfe, 0xdc, 0x83, 0x0,
    0xff, 0xe1, 0x26, 0x62, 0xc, 0x80, 0x4, 0x6f,
    0x9a, 0x80, 0x1f, 0xf5, 0x59, 0x80, 0x7f, 0x8a,
    0xec, 0x20, 0x1f, 0xe, 0x28, 0x7, 0xff, 0x9,
    0x30, 0x80, 0x3d, 0xa6, 0x1, 0xff, 0xc4, 0x2f,
    0x0, 0xe9, 0x30, 0xf, 0xfe, 0x31, 0x50, 0x4,
    0x4c, 0x1, 0xf2, 0xd6, 0x6d, 0xb0, 0x7, 0xca,
    0x60, 0x9, 0x0, 0xf0, 0xe5, 0x29, 0x92, 0x4e,
    0x90, 0x7, 0xbc, 0x5, 0x0, 0x3d, 0xa6, 0x1,
    0xe2, 0xf0, 0xf, 0x19, 0x20, 0x7, 0x98, 0xc0,
    0x3f, 0x13, 0x80, 0x79, 0x30, 0x3, 0xd4, 0x1,
    0xfe, 0xa0, 0xf, 0x61, 0x0, 0x78, 0xc0, 0x3f,
    0xc4, 0x20, 0x1c, 0xce, 0x1, 0xc4, 0x1, 0xff,
    0xc0, 0x20, 0xe, 0x11, 0x0, 0x70, 0x80, 0x7f,
    0xf1, 0x8c, 0x40, 0x38, 0x40, 0x3f, 0xf8, 0xc6,
    0xe0, 0x1c, 0x40, 0x1f, 0xfc, 0x2, 0x0, 0xe1,
    0x20, 0xf, 0x18, 0x7, 0xf8, 0x84, 0x3, 0x9b,
    0x0, 0x3d, 0x40, 0x1f, 0xea, 0x0, 0xf6, 0x20,
    0x7, 0x98, 0xc0, 0x3f, 0x13, 0x80, 0x79, 0x5,
    0x0, 0x3d, 0xa6, 0x1, 0xe2, 0xf0, 0xf, 0x19,
    0x4, 0x80, 0x78, 0x72, 0x94, 0x88, 0x93, 0xa4,
    0x1, 0xef, 0x0, 0x13, 0x0, 0x7c, 0xb5, 0xba,
    0xb6, 0x0, 0xf9, 0x4c, 0x2, 0x93, 0x0, 0xff,
    0xe3, 0x15, 0x0, 0x76, 0x98, 0x7, 0xff, 0x10,
    0xbc, 0x3, 0xc3, 0x8a, 0x1, 0xff, 0xc2, 0x4c,
    0x20, 0xf, 0xd5, 0x66, 0x1, 0xfe, 0x2b, 0xb0,
    0x80, 0x7f, 0x93, 0x31, 0x6, 0x40, 0x2, 0x37,
    0xcd, 0x40, 0xf, 0x0,

    /* U+00B7 "·" */
    0x0, 0xb, 0xd6, 0x62, 0x9c, 0x40, 0x24, 0xf8,
    0x53, 0x32, 0xc7, 0xa0, 0xd, 0x8, 0x7, 0x86,
    0xc5, 0x84, 0x3, 0xf9, 0xb4, 0x3, 0xfd, 0xa0,
    0x1f, 0xf0, 0x88, 0x3, 0xfe, 0x10, 0xf, 0xf0,
    0xe8, 0x7, 0xf8, 0x94, 0x3, 0xfd, 0x45, 0x20,
    0x1f, 0xa4, 0x81, 0xb1, 0x44, 0x0, 0x2b, 0x8c,
    0x0,

    /* U+00C4 "Ä" */
    0x0, 0xff, 0xf5, 0xa5, 0xff, 0xec, 0x40, 0xf,
    0x1d, 0xf7, 0xfd, 0x8c, 0x1, 0xff, 0xc9, 0x4b,
    0x40, 0xc, 0x76, 0xa0, 0x18, 0xb1, 0x4, 0x2,
    0x39, 0x70, 0xf, 0xfe, 0x44, 0x0, 0x7e, 0x80,
    0xd, 0x60, 0x1f, 0xa0, 0x3, 0xff, 0x90, 0x60,
    0x1f, 0x88, 0x3, 0x28, 0x7, 0xf1, 0x0, 0x7f,
    0xf5, 0x44, 0x3, 0xff, 0xfe, 0x1, 0xff, 0xc0,
    0x10, 0xf, 0xfe, 0x8a, 0x0, 0x7e, 0x30, 0xc,
    0xa0, 0x1f, 0x84, 0x80, 0x3f, 0xf8, 0xfe, 0x1,
    0xfa, 0x0, 0x35, 0x80, 0x7e, 0x90, 0xf, 0xfe,
    0x42, 0x62, 0x88, 0x0, 0x52, 0xd0, 0x3, 0x16,
    0xa9, 0x0, 0x5, 0x29, 0xc0, 0x3f, 0xf9, 0x27,
    0x5d, 0xfe, 0xeb, 0x40, 0xf, 0x15, 0x6f, 0xfb,
    0xad, 0x40, 0x3f, 0xff, 0xe0, 0x1f, 0xff, 0xf0,
    0xf, 0xff, 0x4d, 0x57, 0xff, 0x0, 0x40, 0x3f,
    0xfa, 0x48, 0xab, 0xff, 0xc0, 0x40, 0xf, 0xfe,
    0x96, 0x80, 0x7f, 0xf0, 0x3c, 0x3, 0xff, 0xa4,
    0xe0, 0x1f, 0xfc, 0x4, 0x0, 0xff, 0xe8, 0x90,
    0x80, 0x7f, 0xf0, 0x4, 0xc0, 0x3f, 0xfa, 0xa,
    0x1, 0xff, 0xc2, 0xb0, 0xf, 0xfe, 0x85, 0x80,
    0x7f, 0xf0, 0x94, 0x3, 0xff, 0xa0, 0x60, 0x1f,
    0xfc, 0x22, 0x10, 0xf, 0xfe, 0x72, 0x80, 0x7f,
    0xf1, 0x1c, 0x3, 0xff, 0x9d, 0x80, 0x1f, 0x64,
    0x0, 0x7d, 0x80, 0x1f, 0xfc, 0xe7, 0x0, 0xf8,
    0xcc, 0x1, 0xf2, 0x80, 0x7f, 0xf3, 0x4c, 0x40,
    0x3c, 0x40, 0xa0, 0x1f, 0x90, 0x3, 0xff, 0x98,
    0x80, 0x1f, 0x38, 0x8, 0x80, 0x3e, 0xc0, 0xf,
    0xfe, 0x65, 0x80, 0x7d, 0xa0, 0x5, 0x0, 0xf9,
    0x40, 0x3f, 0xf9, 0x62, 0x60, 0x1f, 0x18, 0x0,
    0xc0, 0x3e, 0x21, 0x0, 0xff, 0xe5, 0x20, 0x7,
    0xe5, 0x0, 0x68, 0x7, 0xe7, 0x0, 0xff, 0xe5,
    0x78, 0x7, 0xc4, 0x20, 0x7, 0x0, 0xfd, 0xa0,
    0x1f, 0xfc, 0xa4, 0x0, 0xf9, 0xc0, 0x22, 0x10,
    0xf, 0x90, 0x3, 0xff, 0x92, 0x62, 0x1, 0xf6,
    0x0, 0x64, 0x0, 0xfc, 0x80, 0x1f, 0xfc, 0x8b,
    0x0, 0xfc, 0x80, 0x1b, 0xc0, 0x3f, 0x68, 0x7,
    0xff, 0x21, 0x0, 0x3e, 0x22, 0x0, 0x64, 0x0,
    0xfc, 0x80, 0x1f, 0xfc, 0x71, 0x30, 0xf, 0x90,
    0x3, 0x84, 0x80, 0x3e, 0x22, 0x0, 0x7f, 0xf1,
    0x9c, 0x3, 0xf6, 0x80, 0x79, 0x40, 0x3f, 0x20,
    0x7, 0xff, 0x1b, 0x0, 0x3f, 0x20, 0x7, 0xb0,
    0x3, 0xf6, 0x80, 0x7f, 0xf1, 0x94, 0x3, 0xe3,
    0x0, 0xf9, 0x0, 0x3f, 0x20, 0x7, 0xff, 0x14,
    0xc0, 0x3f, 0x58, 0x7, 0xe4, 0x0, 0xfc, 0x80,
    0x1f, 0xfc, 0x4b, 0x0, 0xfc, 0x80, 0x1f, 0xb4,
    0x3, 0xf6, 0x80, 0x7f, 0xf1, 0x14, 0x3, 0xe1,
    0x30, 0xf, 0xc8, 0x1, 0xf9, 0xc0, 0x3f, 0xf8,
    0x62, 0x40, 0x1f, 0x20, 0x7, 0xf1, 0x10, 0x3,
    0xe1, 0x20, 0xf, 0xfe, 0x13, 0x80, 0x7e, 0xc0,
    0xf, 0xf2, 0x0, 0x7e, 0x50, 0xf, 0xfe, 0x16,
    0x80, 0x7e, 0x70, 0xf, 0xf6, 0x80, 0x7e, 0xc0,
    0xf, 0xfe, 0x12, 0x0, 0x7c, 0x42, 0x1, 0xfe,
    0x40, 0xf, 0xc8, 0x1, 0xff, 0xc1, 0x40, 0xf,
    0xc7, 0x99, 0xff, 0xc0, 0x0, 0xfe, 0x50, 0xf,
    0xfe, 0x6, 0x0, 0x7e, 0x13, 0x3f, 0xfe, 0x0,
    0x7, 0xf6, 0x0, 0x7f, 0xf0, 0x14, 0x3, 0xff,
    0xa4, 0xe0, 0x1f, 0xf1, 0x10, 0x3, 0xff, 0xa4,
    0x26, 0x1, 0xfe, 0x40, 0xf, 0xfe, 0xa2, 0x0,
    0x7f, 0xb4, 0x3, 0xff, 0xa9, 0x60, 0x1f, 0xe4,
    0x0, 0xff, 0xea, 0x18, 0x80, 0x7e, 0x40, 0xf,
    0xfe, 0xb2, 0x0, 0x7e, 0xd0, 0xf, 0xd9, 0xff,
    0xff, 0xc4, 0x90, 0xf, 0xde, 0x1, 0xf9, 0x0,
    0x3f, 0x18, 0x7, 0xff, 0x11, 0x0, 0x3f, 0x20,
    0x7, 0xc4, 0x40, 0xf, 0x90, 0x3, 0xff, 0x8a,
    0x44, 0x0, 0xf8, 0x4c, 0x3, 0xca, 0x1, 0xfb,
    0x40, 0x3f, 0xf8, 0xc8, 0x1, 0xf9, 0x0, 0x3d,
    0x80, 0x1f, 0x90, 0x3, 0xff, 0x8d, 0x80, 0x1f,
    0xac, 0x3, 0xc8, 0x1, 0xf0, 0x90, 0x7, 0xff,
    0x19, 0x0, 0x3f, 0x18, 0x80, 0x65, 0x0, 0xfc,
    0x80, 0x1f, 0xfc, 0x71, 0x30, 0xf, 0xc8, 0x1,
    0xb0, 0x3, 0xf7, 0x80, 0x7f, 0xf2, 0x10, 0x3,
    0xf7, 0x80, 0x67, 0x0, 0xfc, 0x80, 0x1f, 0xfc,
    0x8c, 0x0, 0xfc, 0x80, 0x11, 0x8, 0x7, 0xc4,
    0x20, 0x1f, 0xfc, 0x84, 0x0, 0xfc, 0x26, 0x0,
    0x50, 0xf, 0xc8, 0x1, 0xff, 0xca, 0x40, 0xf,
    0xd6, 0x0, 0xb0, 0xf, 0xda, 0x1, 0xff, 0xca,
    0xc0, 0xf, 0xc8, 0x2, 0x60, 0x1f, 0x90, 0x3,
    0xff, 0x94, 0x80, 0x1f, 0x8c, 0x50, 0x3, 0xf1,
    0x80, 0x7f, 0xf2, 0xcc, 0x40, 0x3f, 0x38,

    /* U+00D6 "Ö" */
    0x0, 0xff, 0xf4, 0x95, 0x77, 0xfd, 0x8c, 0x1,
    0xe1, 0x9e, 0xff, 0xb6, 0x0, 0x3f, 0xf9, 0x5,
    0xaa, 0x20, 0x11, 0xcc, 0x0, 0x77, 0xb0, 0x80,
    0x44, 0xf6, 0x1, 0xff, 0xc7, 0xa0, 0xf, 0xce,
    0x1, 0x98, 0x40, 0x3e, 0x42, 0x0, 0xff, 0xe3,
    0x18, 0x7, 0xf1, 0x80, 0x5e, 0x1, 0xfc, 0xe0,
    0x1f, 0xfc, 0x67, 0x0, 0xfe, 0x70, 0x8, 0xc0,
    0x3f, 0x8c, 0x3, 0xff, 0xa8, 0x60, 0x1f, 0xfd,
    0x7, 0x0, 0xfe, 0x70, 0xf, 0xfe, 0x9, 0x80,
    0x7f, 0xf1, 0x8c, 0x3, 0xf8, 0xc0, 0x2f, 0x0,
    0xfe, 0x70, 0xf, 0xfe, 0x34, 0x88, 0x7, 0xce,
    0x1, 0x98, 0x80, 0x3e, 0x52, 0x0, 0xff, 0xe3,
    0xe, 0x31, 0x0, 0x4, 0xe6, 0x0, 0x3b, 0x1c,
    0x80, 0x23, 0x8a, 0x0, 0xff, 0xe4, 0x14, 0xef,
    0xfb, 0xb1, 0x80, 0x3c, 0x31, 0xbf, 0xf6, 0x38,
    0x7, 0xff, 0xfc, 0x3, 0xff, 0xfe, 0x1, 0xf1,
    0x22, 0xb3, 0x4a, 0x62, 0x1, 0xff, 0xd2, 0x17,
    0xbf, 0xdb, 0xa9, 0x9a, 0xb3, 0xb9, 0x4c, 0x20,
    0x1f, 0xfc, 0xc3, 0xbe, 0x84, 0x0, 0xff, 0xa,
    0xcf, 0x49, 0x0, 0x7f, 0xf2, 0x6, 0xb1, 0x0,
    0x3f, 0xf8, 0xad, 0xb0, 0x1, 0xff, 0xc6, 0x4f,
    0x50, 0xf, 0xfe, 0x4b, 0xe9, 0x0, 0x7f, 0xf0,
    0xd6, 0xc4, 0x3, 0xff, 0x96, 0x58, 0x60, 0x1f,
    0xfc, 0x14, 0xa0, 0xf, 0xfe, 0x70, 0xe9, 0x0,
    0x7f, 0xc5, 0x60, 0x1f, 0xfd, 0x1, 0xf0, 0xf,
    0xfb, 0x80, 0x3f, 0xfa, 0x45, 0x20, 0x1f, 0xcc,
    0x60, 0x1f, 0xe1, 0x6a, 0xde, 0xfe, 0xd9, 0x50,
    0xf, 0xf9, 0x8c, 0x3, 0xf4, 0x0, 0x7f, 0x9f,
    0xe5, 0x48, 0x40, 0x49, 0xab, 0x54, 0x3, 0xfd,
    0x0, 0x1f, 0x30, 0x80, 0x7f, 0x5c, 0x8, 0x7,
    0xf1, 0x54, 0x0, 0x7f, 0x21, 0x80, 0x7a, 0xc0,
    0x3f, 0xad, 0x0, 0x3f, 0xf8, 0x2f, 0x0, 0x1f,
    0xd2, 0x1, 0xc8, 0x40, 0x1f, 0x99, 0x0, 0x3f,
    0xf8, 0x6e, 0x60, 0x1f, 0x94, 0x3, 0xb4, 0x3,
    0xfa, 0x40, 0x3f, 0xf8, 0xbe, 0x1, 0xfc, 0xa0,
    0x19, 0xc0, 0x3f, 0x30, 0x7, 0xff, 0x18, 0xc8,
    0x3, 0xf7, 0x80, 0x44, 0x20, 0x1f, 0xb4, 0x3,
    0xff, 0x8f, 0x40, 0x1f, 0x90, 0x2, 0x40, 0xf,
    0xe4, 0x0, 0xff, 0xe3, 0x98, 0x7, 0xe1, 0x20,
    0x7, 0x80, 0x7e, 0x20, 0xf, 0xfe, 0x42, 0x0,
    0x7f, 0x20, 0x1, 0x40, 0x3f, 0x30, 0x7, 0xff,
    0x4b, 0x80, 0x4, 0x1, 0xf8, 0x40, 0x3f, 0xf9,
    0x22, 0x1, 0xf8, 0xc0, 0x2, 0x1, 0xf8, 0xc0,
    0x3f, 0xf9, 0x26, 0x1, 0xf9, 0x80, 0x80, 0x3f,
    0xfb, 0x86, 0x2, 0x1, 0xff, 0xdc, 0x10, 0x70,
    0xf, 0xfe, 0xe8, 0x88, 0x3, 0xff, 0xba, 0x66,
    0x0, 0xff, 0xff, 0x80, 0x7f, 0x8, 0x7, 0xff,
    0xfc, 0x3, 0xfc, 0x26, 0x1, 0xff, 0xff, 0x0,
    0xff, 0x8, 0x7, 0xff, 0x74, 0xdc, 0x3, 0xff,
    0xba, 0x24, 0x1, 0xff, 0xdc, 0x10, 0x10, 0xf,
    0xe3, 0x0, 0xff, 0xe9, 0x10, 0x0, 0x80, 0x3f,
    0x8, 0x7, 0xff, 0x24, 0xc0, 0x3f, 0x30, 0x1,
    0x80, 0x3f, 0x38, 0x7, 0xff, 0x24, 0x40, 0x3f,
    0x68, 0x0, 0xc0, 0x3f, 0x10, 0x7, 0xff, 0x20,
    0x80, 0x3f, 0x8c, 0x1, 0x80, 0x1f, 0x84, 0x80,
    0x3f, 0xf8, 0xee, 0x1, 0xfc, 0xa0, 0x4, 0x0,
    0xfe, 0x40, 0xf, 0xfe, 0x3e, 0x0, 0x7e, 0x21,
    0x0, 0x8c, 0x3, 0xf5, 0x0, 0x7f, 0xf1, 0xd8,
    0x3, 0xf2, 0x80, 0x6b, 0x0, 0xfc, 0x66, 0x0,
    0xff, 0xe2, 0xb0, 0x7, 0xf5, 0x80, 0x66, 0x0,
    0xfe, 0xe0, 0xf, 0xfe, 0x21, 0x48, 0x7, 0xe2,
    0x30, 0xc, 0x2a, 0x1, 0xf8, 0xa8, 0x3, 0xff,
    0x84, 0x3c, 0x1, 0xfd, 0x40, 0x1e, 0x90, 0xf,
    0xe5, 0xb1, 0x0, 0xff, 0x8b, 0xc, 0x3, 0xf9,
    0x80, 0x3c, 0x68, 0x1, 0xfc, 0x9e, 0xe2, 0x1,
    0xf1, 0x46, 0x90, 0x7, 0xf4, 0x8, 0x7, 0xd2,
    0x1, 0xfe, 0x18, 0xec, 0x98, 0x78, 0xad, 0xd3,
    0x80, 0x7f, 0x85, 0xc0, 0x3f, 0x14, 0x0, 0x7f,
    0xf0, 0xd, 0x9e, 0x1d, 0x48, 0x3, 0xff, 0x81,
    0x40, 0x1f, 0xe7, 0x40, 0xf, 0xfe, 0x8b, 0xa0,
    0x7, 0xfd, 0x66, 0x1, 0xff, 0xcf, 0x58, 0x0,
    0xff, 0xe0, 0xe9, 0x80, 0x7f, 0xf3, 0x5a, 0x80,
    0x3f, 0xf8, 0x43, 0x8c, 0x1, 0xff, 0xcb, 0x99,
    0x0, 0x7f, 0xf1, 0x66, 0xcc, 0x3, 0xff, 0x8e,
    0x9a, 0xc0, 0x1f, 0xfc, 0x74, 0xcb, 0x50, 0xf,
    0xfe, 0x10, 0xb6, 0x59, 0x0, 0x7f, 0xf2, 0x92,
    0xbe, 0xdd, 0x8, 0x40, 0x21, 0x35, 0x8c, 0xe9,
    0x30, 0xf, 0xfe, 0x0,

    /* U+00DC "Ü" */
    0x0, 0xff, 0xf1, 0x3e, 0xff, 0xdd, 0x22, 0x1,
    0xe6, 0xcf, 0xfb, 0xa8, 0x80, 0x3f, 0xf8, 0x75,
    0x4, 0x1, 0xb, 0x78, 0x7, 0x44, 0x98, 0x4,
    0x2b, 0xa4, 0x1, 0xff, 0xc1, 0x25, 0x0, 0xf8,
    0x58, 0x3, 0x38, 0x7, 0xeb, 0x0, 0xff, 0xe0,
    0xb8, 0x7, 0xf7, 0x80, 0x46, 0x1, 0xfc, 0xa0,
    0x1f, 0xfc, 0x13, 0x0, 0xfe, 0x30, 0xf, 0xfe,
    0x79, 0x80, 0x7f, 0xf8, 0xcc, 0x3, 0xff, 0x9e,
    0xe0, 0x1f, 0xde, 0x1, 0x18, 0x7, 0xf2, 0x0,
    0x7f, 0xf0, 0x49, 0x40, 0x3e, 0x26, 0x0, 0xce,
    0x1, 0xf0, 0xc8, 0x7, 0xff, 0xa, 0xa0, 0xc0,
    0x22, 0x6c, 0x0, 0xe8, 0xa4, 0x10, 0x1, 0x36,
    0x8, 0x7, 0xff, 0xd, 0xf3, 0xfe, 0xd9, 0x10,
    0xf, 0x2d, 0xf7, 0xfb, 0x64, 0x80, 0x3f, 0xff,
    0xe0, 0x1f, 0xff, 0xf0, 0xf, 0xf1, 0xa2, 0x7e,
    0x20, 0xf, 0xfe, 0x28, 0xa2, 0x7f, 0xf, 0x5d,
    0xfe, 0x80, 0xf, 0xfe, 0x2a, 0xdd, 0xff, 0x28,
    0x7, 0xff, 0xfc, 0x3, 0xff, 0xfe, 0x1, 0xff,
    0xff, 0x0, 0xff, 0xff, 0x80, 0x7f, 0xff, 0xc0,
    0x3f, 0xff, 0xe0, 0x1f, 0xff, 0xf0, 0xf, 0xff,
    0xf8, 0x7, 0xff, 0xfc, 0x3, 0xff, 0xfe, 0x1,
    0xff, 0xff, 0x0, 0xff, 0xff, 0x80, 0x7f, 0xff,
    0xc0, 0x3f, 0xff, 0xe0, 0x1f, 0xff, 0xf0, 0xf,
    0xff, 0xf8, 0x7, 0xff, 0xd, 0xc0, 0x3f, 0xfb,
    0x42, 0x1, 0xff, 0xe2, 0x10, 0xf, 0xfe, 0x78,
    0xb8, 0x7, 0xe7, 0x0, 0xff, 0xe2, 0x88, 0x7,
    0xf8, 0x40, 0x3f, 0x8, 0x7, 0xff, 0x14, 0x80,
    0x3f, 0x88, 0x80, 0x1f, 0x88, 0x3, 0xff, 0x8b,
    0xc0, 0x1f, 0xee, 0x0, 0xfe, 0x30, 0xf, 0xfe,
    0x22, 0x80, 0x7e, 0x20, 0x20, 0xf, 0xe4, 0x0,
    0xff, 0xe1, 0x89, 0x80, 0x7e, 0x70, 0x50, 0xf,
    0xea, 0x0, 0xff, 0xe1, 0xb8, 0x7, 0xf6, 0x80,
    0x90, 0x7, 0xe2, 0x50, 0xf, 0xfe, 0x14, 0x0,
    0x7f, 0x18, 0x1, 0x0, 0x3f, 0xa8, 0xc0, 0x3f,
    0xf8, 0x16, 0x20, 0x1f, 0xc8, 0x0, 0xd0, 0xf,
    0xf6, 0x38, 0x7, 0xf1, 0xe2, 0x0, 0x7f, 0x28,
    0x4, 0x84, 0x1, 0xfe, 0x8e, 0xa7, 0x65, 0x53,
    0x4e, 0xe1, 0x80, 0x7f, 0xb8, 0x3, 0x58, 0x7,
    0xfc, 0x2b, 0x13, 0x54, 0x96, 0x20, 0xf, 0xf8,
    0xd0, 0x3, 0x31, 0x80, 0x7f, 0xf4, 0xbc, 0x3,
    0xdc, 0x1, 0xff, 0xd1, 0x73, 0x0, 0xf1, 0x58,
    0x7, 0xff, 0x3d, 0x60, 0x3, 0xf2, 0x60, 0x80,
    0x7f, 0xf3, 0x1e, 0x80, 0x3f, 0xc7, 0xea, 0x1,
    0xff, 0xc9, 0x2b, 0x80, 0xf, 0xfe, 0x0, 0xd6,
    0xb0, 0x80, 0x7f, 0xf1, 0x12, 0xb5, 0x0, 0x3f,
    0xf8, 0x65, 0x3d, 0x92, 0xc6, 0x42, 0x1, 0x84,
    0xd5, 0xeb, 0xed, 0x40, 0x3f, 0x80,

    /* U+00DF "ß" */
    0x0, 0xff, 0xe2, 0x24, 0x5e, 0xf7, 0xfd, 0xdb,
    0x70, 0x80, 0x1f, 0xfd, 0x12, 0x9f, 0xb7, 0x42,
    0x10, 0x8, 0x49, 0x1e, 0xfe, 0x8c, 0x3, 0xff,
    0x98, 0x35, 0xac, 0x1, 0xff, 0xc3, 0x5c, 0xb1,
    0x0, 0xff, 0xe4, 0x9f, 0xa8, 0x7, 0xff, 0x1d,
    0x39, 0x0, 0x3f, 0xf8, 0xe9, 0x82, 0x1, 0xff,
    0xca, 0xb5, 0x0, 0xff, 0xe2, 0x95, 0x80, 0x7f,
    0xf3, 0x68, 0xc0, 0x3f, 0xf8, 0x9c, 0x1, 0xff,
    0xcf, 0xd0, 0xf, 0xfe, 0x1b, 0x18, 0x7, 0xf0,
    0xbd, 0xef, 0x73, 0x69, 0x40, 0x3f, 0x86, 0x0,
    0x3f, 0xf8, 0x56, 0x1, 0xfc, 0xbd, 0x8, 0x42,
    0x22, 0x5a, 0xd3, 0x0, 0xfc, 0xc0, 0x1f, 0xfc,
    0x13, 0x20, 0xf, 0xcb, 0x40, 0x1f, 0xc5, 0x84,
    0x1, 0xf0, 0xa8, 0x7, 0xff, 0x2, 0xc0, 0x3f,
    0xac, 0x3, 0xff, 0x81, 0x0, 0x1f, 0xbc, 0x3,
    0xff, 0x80, 0x80, 0x1f, 0x94, 0x40, 0x3f, 0xf8,
    0xa, 0x20, 0x1f, 0x20, 0x7, 0xff, 0x0, 0xc0,
    0x3f, 0x78, 0x7, 0xff, 0x9, 0x0, 0x3e, 0x11,
    0x0, 0x7f, 0x84, 0x3, 0xf9, 0x80, 0x3f, 0xf8,
    0x5a, 0x1, 0xf8, 0x80, 0x3f, 0xc6, 0x1, 0xfc,
    0x60, 0x1f, 0xfc, 0x22, 0x0, 0xfc, 0xe0, 0x1f,
    0xe1, 0x0, 0xff, 0xe6, 0x8, 0x7, 0xe1, 0x0,
    0xff, 0xeb, 0xb8, 0x7, 0xff, 0x8, 0xdd, 0xf5,
    0x0, 0x7f, 0xf2, 0xce, 0xc0, 0x3f, 0xf8, 0x49,
    0x11, 0x98, 0x3, 0xff, 0x90, 0xb7, 0xf8, 0xe0,
    0x1f, 0xfd, 0xa3, 0xda, 0x40, 0xf, 0xfe, 0xe2,
    0x61, 0x0, 0x7f, 0xf7, 0x4a, 0xc0, 0x3f, 0xfb,
    0xfe, 0x1, 0xff, 0xdf, 0x52, 0x0, 0xfe, 0x46,
    0x77, 0xe6, 0x0, 0xff, 0xe7, 0x70, 0x7, 0xe7,
    0xfb, 0x98, 0x8e, 0x30, 0xe, 0x7f, 0xfd, 0x80,
    0x1f, 0xfc, 0x34, 0x0, 0xf9, 0x60, 0x3, 0xff,
    0xac, 0x60, 0x1f, 0xa4, 0x3, 0xff, 0xae, 0xc0,
    0x1f, 0x88, 0x3, 0xff, 0xae, 0x60, 0x1f, 0x84,
    0x3, 0xff, 0xc0, 0x40, 0x1f, 0xfd, 0x73, 0x0,
    0xfd, 0x40, 0x1f, 0xfd, 0x76, 0x0, 0xfc, 0xe8,
    0x1, 0xff, 0xd6, 0x30, 0xf, 0xeb, 0xa2, 0x0,
    0xff, 0xea, 0x98, 0x7, 0xf2, 0xed, 0xa0, 0x7,
    0xff, 0x4e, 0x80, 0x3f, 0xe4, 0xbd, 0x60, 0xf,
    0xfe, 0x8b, 0x10, 0x7, 0xff, 0x0, 0xa7, 0x98,
    0x3, 0xff, 0xa1, 0xe0, 0x1f, 0xfc, 0x21, 0x9c,
    0x20, 0xf, 0xfe, 0x71, 0x60, 0x80, 0x7f, 0xf0,
    0x8f, 0xc, 0x3, 0xff, 0x9c, 0x7e, 0x80, 0x1f,
    0xfc, 0x21, 0xd2, 0x0, 0xff, 0xe7, 0xd, 0xd1,
    0x80, 0x7f, 0xf0, 0x46, 0x40, 0x3f, 0xfa, 0xb,
    0x98, 0x50, 0xf, 0xfe, 0x2, 0x18, 0x7, 0xff,
    0x44, 0xeb, 0xa0, 0x40, 0x3f, 0xd4, 0x1, 0xff,
    0xd3, 0x17, 0xe7, 0x0, 0xfe, 0x40, 0xf, 0xfe,
    0xb4, 0x40, 0x3, 0xf1, 0x0, 0x7f, 0xf5, 0xdc,
    0x80, 0x3f, 0x8, 0x7, 0xff, 0x5d, 0x40, 0x3f,
    0xfc, 0x1c, 0x1, 0xff, 0xd4, 0x10, 0xf, 0xfe,
    0x40, 0x80, 0x7f, 0xf2, 0x8f, 0xcc, 0x3, 0xfd,
    0xc0, 0x1f, 0x8, 0x7, 0xff, 0x28, 0xf0, 0x74,
    0xc0, 0x3f, 0x94, 0x3, 0xe4, 0x0, 0xff, 0xe4,
    0x9e, 0x0, 0x7, 0x18, 0x3, 0xe7, 0x20, 0xf,
    0xb4, 0x3, 0xff, 0x90, 0x78, 0x1, 0xd3, 0xae,
    0x62, 0x23, 0xa8, 0x0, 0xfc, 0xa0, 0x1f, 0xfc,
    0x73, 0xd0, 0xf, 0x8a, 0x33, 0xb9, 0x8a, 0x1,
    0xf9, 0x48, 0x3, 0xff, 0x8e, 0xe2, 0x1, 0xff,
    0xca, 0x90, 0xf, 0xfe, 0x42, 0x48, 0x7, 0xff,
    0x26, 0x4c, 0x3, 0xff, 0x92, 0xd2, 0x1, 0xff,
    0xc7, 0x66, 0x0, 0x7f, 0xf2, 0xdb, 0x8, 0x3,
    0xff, 0x89, 0x12, 0x1, 0xff, 0xcd, 0x3d, 0x82,
    0x0, 0xff, 0xe0, 0x2e, 0xb8, 0x7, 0xf8, 0xfb,
    0xbf, 0x80, 0x3f, 0x3e, 0xe4, 0x21, 0x8, 0x0,
    0x49, 0x67, 0xa8, 0x80, 0x3c,

    /* U+00E4 "ä" */
    0x0, 0xe2, 0xad, 0xff, 0x75, 0xa8, 0x7, 0x86,
    0x77, 0xfd, 0xd8, 0xc0, 0x1f, 0xfc, 0x2, 0xd5,
    0x20, 0x0, 0xa5, 0x30, 0x6, 0x1f, 0x62, 0x0,
    0x9, 0xcc, 0x80, 0x3f, 0xeb, 0x0, 0xfd, 0x0,
    0x19, 0x84, 0x3, 0xe6, 0x10, 0xf, 0xf2, 0x80,
    0x7e, 0x12, 0x0, 0xb4, 0x3, 0xf9, 0x40, 0x3f,
    0xc2, 0x1, 0xff, 0xc1, 0x10, 0xf, 0xe1, 0x0,
    0xff, 0xf0, 0x88, 0x7, 0xff, 0x4, 0x40, 0x3f,
    0x84, 0x3, 0xfc, 0xc0, 0x1f, 0xc4, 0x1, 0x68,
    0x7, 0xf2, 0x80, 0x7f, 0xa0, 0x3, 0xf4, 0x0,
    0x66, 0x10, 0xf, 0x94, 0x40, 0x3f, 0xc5, 0x88,
    0x20, 0x11, 0xcb, 0x80, 0x61, 0xc5, 0x10, 0x8,
    0xa2, 0x80, 0x3f, 0xf8, 0x7, 0x7d, 0xff, 0x63,
    0x0, 0x78, 0xab, 0xbf, 0xed, 0x70, 0xf, 0xff,
    0xf8, 0x7, 0xff, 0xfc, 0x3, 0xfc, 0x28, 0xac,
    0xc5, 0x43, 0x0, 0xff, 0xe6, 0x2d, 0x77, 0x2e,
    0xa6, 0x55, 0x79, 0xf9, 0x4, 0x1, 0xff, 0xc6,
    0x5d, 0xa5, 0x10, 0xf, 0xe3, 0x7d, 0xb3, 0x0,
    0xff, 0xe1, 0xd5, 0x8, 0x3, 0xff, 0x86, 0x98,
    0xc0, 0x1f, 0xfc, 0x1, 0xd5, 0x0, 0xff, 0xe3,
    0xcc, 0x0, 0x7f, 0x87, 0x8, 0x3, 0xff, 0x92,
    0xea, 0x1, 0xfd, 0x84, 0x1, 0xff, 0xcb, 0xa1,
    0x0, 0xfa, 0x48, 0x3, 0xff, 0x9b, 0x20, 0x1f,
    0x28, 0x7, 0xe2, 0x9d, 0xff, 0x76, 0x38, 0x7,
    0xf9, 0x80, 0x3e, 0xc4, 0x0, 0xf4, 0xeb, 0x10,
    0x0, 0x4e, 0x34, 0x80, 0x3f, 0x9, 0x80, 0x7d,
    0x6c, 0x1, 0xad, 0x80, 0x3f, 0x17, 0x0, 0x7f,
    0x20, 0x7, 0xe9, 0x70, 0x4, 0xa0, 0x7, 0xf8,
    0xcc, 0x1, 0xfb, 0x40, 0x3f, 0xa2, 0x55, 0x80,
    0x3f, 0xf8, 0x8, 0x1, 0xf9, 0x80, 0x3f, 0xcd,
    0x40, 0x1f, 0xfc, 0x1d, 0x0, 0xfc, 0x20, 0x1f,
    0xfc, 0xd1, 0x0, 0xfc, 0x60, 0x1f, 0xff, 0xf0,
    0xf, 0xff, 0x1, 0xb4, 0xd5, 0x2f, 0x33, 0xa4,
    0x3, 0xff, 0x90, 0xb7, 0xf9, 0x2c, 0xaa, 0x43,
    0x3e, 0x20, 0xf, 0xfe, 0x32, 0xf5, 0x20, 0x7,
    0xff, 0x4a, 0xa8, 0x20, 0x1f, 0xfd, 0x3a, 0x50,
    0xf, 0xfe, 0xa3, 0xa8, 0x7, 0xff, 0x50, 0x60,
    0x3, 0xf9, 0x6b, 0xbf, 0xfd, 0x60, 0x1f, 0xfc,
    0x29, 0x0, 0xfe, 0xba, 0x51, 0x0, 0xff, 0xe4,
    0xa8, 0x7, 0xe9, 0x40, 0xf, 0xfe, 0x58, 0x90,
    0x7, 0xe6, 0x0, 0xff, 0xe6, 0x28, 0x7, 0xe2,
    0x0, 0xff, 0xe6, 0x88, 0x7, 0xe1, 0x0, 0xff,
    0xe6, 0x90, 0x7, 0xff, 0x20, 0x40, 0x3f, 0xf9,
    0x42, 0x1, 0xff, 0x60, 0x7, 0xff, 0x4, 0x40,
    0x3f, 0x18, 0x7, 0xfc, 0xe0, 0x1f, 0xfc, 0x12,
    0x0, 0xfc, 0x28, 0x1, 0xfd, 0x22, 0x1, 0xff,
    0xc1, 0x50, 0xf, 0xe9, 0x10, 0xf, 0xa1, 0x84,
    0x40, 0x1f, 0xf, 0xfc, 0xc2, 0x20, 0xf, 0xc5,
    0xec, 0x40, 0x2, 0x6d, 0x70, 0xa6, 0x0, 0xff,
    0xe0, 0xb8, 0x7, 0xf0, 0xce, 0xff, 0xb6, 0x48,
    0x0, 0x9c, 0x1, 0xff, 0xc1, 0xb0, 0xf, 0xfe,
    0x33, 0x2, 0x0, 0x7f, 0xf0, 0x49, 0x80, 0x3f,
    0xf8, 0x83, 0x0, 0x48, 0x1, 0xff, 0xc1, 0x92,
    0x0, 0xff, 0xe1, 0xd0, 0x80, 0x24, 0x40, 0x3f,
    0xf8, 0x38, 0x60, 0x1f, 0xfc, 0x1a, 0x40, 0x8,
    0xb1, 0x0, 0x3f, 0xf8, 0x3, 0x90, 0x20, 0x1f,
    0xc9, 0xaa, 0x1, 0xc5, 0x7b, 0x53, 0x11, 0xc8,
    0x1, 0xcf, 0xd6, 0xea, 0x67, 0x2c, 0x6d, 0x90,
    0x7, 0xe2, 0x56, 0x77, 0xe2,

    /* U+00F6 "ö" */
    0x0, 0xf1, 0x4e, 0xff, 0xba, 0xd4, 0x3, 0xc3,
    0x1b, 0xfe, 0xec, 0x60, 0xf, 0xf8, 0x71, 0x88,
    0x0, 0x29, 0x4e, 0x1, 0xd8, 0xe4, 0x0, 0x13,
    0x9a, 0x0, 0xff, 0x48, 0x80, 0x7d, 0x0, 0x19,
    0x88, 0x3, 0xe5, 0x20, 0xf, 0xe3, 0x0, 0xfe,
    0x30, 0xb, 0xc0, 0x3f, 0x9c, 0x3, 0xf9, 0xc0,
    0x3f, 0xf8, 0x26, 0x1, 0xfc, 0x60, 0x1f, 0xfd,
    0xf7, 0x0, 0xff, 0xe0, 0x98, 0x7, 0xf1, 0x80,
    0x7f, 0x10, 0x7, 0xf1, 0x80, 0x5e, 0x1, 0xfc,
    0xe0, 0x1f, 0xd6, 0x1, 0xf9, 0xc0, 0x33, 0x8,
    0x7, 0xc8, 0x40, 0x1f, 0xc5, 0xaa, 0x20, 0x11,
    0x4c, 0x0, 0x77, 0xb0, 0x80, 0x44, 0xf6, 0x1,
    0xff, 0x15, 0x77, 0xfd, 0xac, 0x1, 0xe1, 0x9e,
    0xff, 0xb6, 0x0, 0x3f, 0xff, 0xe0, 0x1f, 0xff,
    0xf0, 0xe, 0x25, 0x67, 0x87, 0x64, 0x10, 0xf,
    0xfe, 0x52, 0xdf, 0xed, 0x4c, 0x3c, 0x4d, 0xf6,
    0xc1, 0x0, 0x7f, 0xf1, 0x57, 0xa9, 0x0, 0x3f,
    0xc4, 0xfb, 0x42, 0x1, 0xff, 0xc1, 0x1b, 0xa1,
    0x0, 0xff, 0xe1, 0xaf, 0xa8, 0x7, 0xfc, 0x58,
    0x80, 0x1f, 0xfc, 0x61, 0xa7, 0x0, 0xfe, 0x1f,
    0x20, 0xf, 0xfe, 0x4c, 0x30, 0x7, 0xea, 0x20,
    0xf, 0xfe, 0x5c, 0x98, 0x7, 0x99, 0x0, 0x3f,
    0xf9, 0xbc, 0x1, 0xe8, 0x0, 0xfe, 0x28, 0xdf,
    0xf7, 0x5a, 0x80, 0x7f, 0x13, 0x0, 0x66, 0x10,
    0xf, 0xcd, 0xae, 0x40, 0x1, 0x4a, 0xc1, 0x0,
    0xfd, 0x60, 0x1a, 0xc0, 0x3f, 0x24, 0x80, 0x7e,
    0x3a, 0x0, 0xfc, 0x48, 0x0, 0x22, 0x0, 0x7e,
    0x90, 0xf, 0xf2, 0x28, 0x7, 0xed, 0x0, 0x20,
    0x7, 0xe3, 0x20, 0xf, 0xfb, 0x80, 0x3f, 0x20,
    0x3, 0x0, 0x3f, 0x20, 0x7, 0xff, 0x1, 0x40,
    0x3f, 0x10, 0x83, 0x80, 0x7e, 0xd0, 0xf, 0xfe,
    0x0, 0x88, 0x3, 0xf2, 0x81, 0x0, 0x7e, 0x10,
    0xf, 0xfe, 0x9, 0x80, 0x7e, 0x32, 0x0, 0xfe,
    0x70, 0xf, 0xfe, 0x8, 0x80, 0x7e, 0xe1, 0x0,
    0xff, 0xea, 0x13, 0x0, 0x7f, 0xf5, 0x1c, 0x3,
    0xff, 0xaa, 0x26, 0x1, 0xff, 0xff, 0x0, 0xff,
    0xe7, 0x18, 0x7, 0xff, 0xd8, 0x58, 0x3, 0xff,
    0xa8, 0xe2, 0x1, 0xff, 0xd4, 0x22, 0x0, 0x7f,
    0x38, 0x7, 0xff, 0x4, 0x40, 0x3f, 0x70, 0x10,
    0x7, 0xe1, 0x0, 0xff, 0xe0, 0x98, 0x7, 0xe3,
    0x7, 0x0, 0xfd, 0xa0, 0x1f, 0xfc, 0x11, 0x0,
    0xfc, 0xa1, 0x80, 0x1f, 0x8c, 0x3, 0xff, 0x80,
    0x80, 0x1f, 0x84, 0x40, 0x80, 0x1f, 0x90, 0x80,
    0x3f, 0xee, 0x0, 0xfc, 0xe0, 0x2, 0x20, 0x7,
    0xe9, 0x0, 0xff, 0x22, 0x80, 0x7e, 0xd0, 0xa,
    0xc0, 0x3f, 0x24, 0x80, 0x7e, 0x3a, 0x0, 0xfc,
    0x48, 0x1, 0x30, 0x80, 0x7e, 0x6d, 0x62, 0x0,
    0xa, 0x56, 0x8, 0x7, 0xeb, 0x0, 0xe8, 0x0,
    0xfe, 0x29, 0xdf, 0xf7, 0x5a, 0x80, 0x7f, 0x13,
    0x0, 0x73, 0x18, 0x7, 0xff, 0x37, 0x80, 0x3e,
    0xd1, 0x0, 0xff, 0xe5, 0xc9, 0x80, 0x7c, 0x38,
    0x20, 0x1f, 0xfc, 0x98, 0x60, 0xf, 0xe2, 0xf4,
    0x0, 0xff, 0xe3, 0xd3, 0x80, 0x7f, 0xc3, 0x72,
    0x20, 0x1f, 0xfc, 0x35, 0xe5, 0x0, 0xff, 0xe1,
    0x37, 0x52, 0x0, 0x7f, 0x89, 0xf6, 0x84, 0x3,
    0xff, 0x8a, 0xb7, 0xf9, 0x50, 0xee, 0x89, 0xbe,
    0xd8, 0x20, 0xf, 0xe0,

    /* U+00FC "ü" */
    0x0, 0xe3, 0xae, 0xff, 0x75, 0x18, 0x7, 0x8a,
    0xb7, 0xfd, 0xd6, 0x80, 0x1f, 0xc9, 0x8a, 0x20,
    0x1, 0x5c, 0x40, 0xc, 0x5a, 0xa4, 0x0, 0x14,
    0xb6, 0x0, 0xfd, 0x0, 0x1f, 0xa0, 0x3, 0x40,
    0x7, 0xe8, 0x0, 0xfc, 0x60, 0x1f, 0x8c, 0x3,
    0x38, 0x7, 0xe1, 0x10, 0x7, 0xff, 0x24, 0xc0,
    0x3f, 0x8c, 0x3, 0xff, 0xd2, 0x60, 0x1f, 0xc6,
    0x1, 0xf1, 0x80, 0x7e, 0x30, 0xc, 0xe0, 0x1f,
    0x84, 0x40, 0x1f, 0x48, 0x7, 0xe9, 0x0, 0xd2,
    0x1, 0xfa, 0x40, 0x3f, 0x2d, 0x98, 0x6, 0x4b,
    0x50, 0xc, 0x78, 0x80, 0x18, 0xe5, 0xc0, 0x3f,
    0x93, 0x3f, 0xf5, 0xa0, 0x7, 0x8e, 0xff, 0xf6,
    0x30, 0x7, 0xff, 0xfc, 0x3, 0xff, 0xfe, 0x1,
    0xff, 0xc4, 0x11, 0xfc, 0x1, 0xff, 0xc2, 0x11,
    0xfc, 0xf, 0xdd, 0xfb, 0x0, 0x3f, 0xf8, 0x17,
    0xdd, 0xf9, 0xc0, 0x3f, 0xff, 0xe0, 0x1f, 0xff,
    0xf0, 0xf, 0xff, 0xf8, 0x7, 0xff, 0xfc, 0x3,
    0xff, 0xfe, 0x1, 0xff, 0xff, 0x0, 0xff, 0xff,
    0x80, 0x7f, 0xff, 0xc0, 0x3f, 0xff, 0xe0, 0x1f,
    0xff, 0xf0, 0xf, 0xff, 0x30, 0x80, 0x7e, 0x10,
    0xf, 0xfe, 0x99, 0x80, 0x7f, 0xf0, 0x1c, 0x3,
    0xf8, 0xc0, 0x3f, 0x8, 0x80, 0x3f, 0xe3, 0x0,
    0xfe, 0x10, 0xf, 0xe7, 0x0, 0xff, 0x28, 0x7,
    0xf9, 0x80, 0x3f, 0xac, 0x3, 0xf8, 0x60, 0x3,
    0xfc, 0x40, 0x1f, 0xc5, 0x40, 0x1f, 0x16, 0x10,
    0x7, 0xfc, 0x60, 0x1f, 0xcb, 0x8a, 0x20, 0x29,
    0x3a, 0x40, 0x1f, 0xfc, 0xa, 0x0, 0xff, 0x1d,
    0x77, 0xf5, 0xb0, 0x3, 0x50, 0x3, 0xfc, 0xe0,
    0x1f, 0xfc, 0x64, 0x20, 0xf, 0xf8, 0x58, 0x3,
    0xff, 0x8b, 0xe0, 0x1f, 0xfc, 0x18, 0x10, 0xf,
    0xfe, 0x1a, 0x20, 0x3, 0xff, 0x82, 0x34, 0x1,
    0xff, 0xc2, 0x1a, 0x0, 0xff, 0xe1, 0xa5, 0x88,
    0x7, 0xfc, 0x38, 0x20, 0x1f, 0xfc, 0x44, 0xf6,
    0x0, 0xfe, 0x6e, 0x20, 0xf, 0xfe, 0x30, 0xcf,
    0xd3, 0xaa, 0x21, 0xab, 0xa4, 0x3, 0xaf, 0xff,
    0xf3, 0x80,

    /* U+2014 "—" */
    0x7d, 0xdf, 0xff, 0x1e, 0x71, 0x17, 0xff, 0x90,
    0x3, 0xff, 0xfe, 0x1, 0xff, 0xff, 0x0, 0xff,
    0xff, 0x80, 0x7f, 0xfe, 0x40,

    /* U+2192 "→" */
    0x0, 0xff, 0xec, 0x12, 0x0, 0x7f, 0xfa, 0xb,
    0x2d, 0x40, 0x3f, 0xfc, 0xc5, 0x82, 0x14, 0xa0,
    0x1f, 0xfe, 0x42, 0xc1, 0x0, 0xa9, 0x40, 0x3f,
    0xfc, 0x45, 0x82, 0x1, 0xd4, 0xa0, 0x1f, 0xfe,
    0x18, 0x10, 0xf, 0xa9, 0x40, 0x3f, 0xfc, 0x14,
    0x80, 0x1f, 0xa9, 0x40, 0x3f, 0xfc, 0x16, 0x80,
    0x1f, 0xa9, 0x40, 0x3f, 0xfc, 0x16, 0x80, 0x1f,
    0xa9, 0x40, 0x3f, 0xfc, 0x16, 0xa0, 0x1f, 0xa9,
    0x40, 0x3f, 0xfc, 0x15, 0x20, 0x1f, 0xa9, 0x40,
    0x3f, 0xfc, 0xd, 0xc8, 0x1, 0xf5, 0x28, 0x7,
    0xff, 0x80, 0x6e, 0x0, 0x3e, 0xa5, 0x0, 0xe8,
    0xaa, 0xff, 0xea, 0x4c, 0x31, 0x88, 0x1, 0xf0,
    0x3, 0xea, 0x50, 0xc, 0xca, 0xbf, 0xfd, 0x46,
    0x79, 0xce, 0xfd, 0xb8, 0x0, 0xfd, 0x4a, 0x1,
    0xff, 0xde, 0x24, 0x40, 0x7, 0xf5, 0x28, 0x7,
    0xff, 0xaa, 0x94, 0x3, 0xff, 0xd5, 0x20, 0x1f,
    0xfe, 0x93, 0xc0, 0xf, 0xff, 0x41, 0xe0, 0x7,
    0xff, 0x64, 0x4d, 0x62, 0xb2, 0xc0, 0x3f, 0x1e,
    0x0, 0x59, 0xbb, 0xff, 0xd5, 0xfe, 0xca, 0x75,
    0x3d, 0x0, 0xf8, 0xf0, 0x3, 0x11, 0x7f, 0xf5,
    0x80, 0x38, 0xf5, 0x80, 0x3c, 0x78, 0x1, 0xff,
    0xdf, 0x8c, 0x20, 0xf, 0x1e, 0x0, 0x7f, 0xf7,
    0x8f, 0x5c, 0x3, 0xe3, 0xc0, 0xf, 0xfe, 0xf1,
    0xe1, 0x0, 0x7c, 0x78, 0x1, 0xff, 0xde, 0x4c,
    0x0, 0xfc, 0x78, 0x1, 0xff, 0xde, 0x4b, 0x0,
    0xfc, 0x78, 0x1, 0xff, 0xde, 0x4b, 0x0, 0xfc,
    0x78, 0x1, 0xff, 0xdf, 0xc0, 0xf, 0xc7, 0x80,
    0x1f, 0xfe, 0x8, 0x60, 0xf, 0x1e, 0x0, 0x7f,
    0xf8, 0xa5, 0x80, 0x31, 0xe0, 0x7, 0xff, 0x92,
    0x58, 0x0, 0x78, 0x1, 0xff, 0xe6, 0x96, 0x3c,
    0x0, 0xff, 0xf4, 0x4e, 0x0, 0x7f, 0xf1, 0x40
};


/*---------------------
 *  GLYPH DESCRIPTION
 *--------------------*/

static const lv_font_fmt_txt_glyph_dsc_t glyph_dsc[] = {
    {.bitmap_index = 0, .adv_w = 0, .box_w = 0, .box_h = 0, .ofs_x = 0, .ofs_y = 0} /* id = 0 reserved */,
    {.bitmap_index = 0, .adv_w = 258, .box_w = 0, .box_h = 0, .ofs_x = 0, .ofs_y = 0},
    {.bitmap_index = 0, .adv_w = 345, .box_w = 12, .box_h = 55, .ofs_x = 5, .ofs_y = -1},
    {.bitmap_index = 155, .adv_w = 522, .box_w = 24, .box_h = 24, .ofs_x = 4, .ofs_y = 33},
    {.bitmap_index = 192, .adv_w = 708, .box_w = 42, .box_h = 54, .ofs_x = 1, .ofs_y = 0},
    {.bitmap_index = 700, .adv_w = 648, .box_w = 37, .box_h = 67, .ofs_x = 2, .ofs_y = -6},
    {.bitmap_index = 1196, .adv_w = 1058, .box_w = 60, .box_h = 56, .ofs_x = 3, .ofs_y = -1},
    {.bitmap_index = 2025, .adv_w = 783, .box_w = 46, .box_h = 56, .ofs_x = 3, .ofs_y = -1},
    {.bitmap_index = 2657, .adv_w = 286, .box_w = 9, .box_h = 24, .ofs_x = 4, .ofs_y = 33},
    {.bitmap_index = 2672, .adv_w = 368, .box_w = 21, .box_h = 69, .ofs_x = 3, .ofs_y = -11},
    {.bitmap_index = 3027, .adv_w = 368, .box_w = 21, .box_h = 69, .ofs_x = -1, .ofs_y = -11},
    {.bitmap_index = 3383, .adv_w = 625, .box_w = 37, .box_h = 35, .ofs_x = 1, .ofs_y = 23},
    {.bitmap_index = 3727, .adv_w = 657, .box_w = 33, .box_h = 34, .ofs_x = 4, .ofs_y = 7},
    {.bitmap_index = 3808, .adv_w = 333, .box_w = 15, .box_h = 22, .ofs_x = 2, .ofs_y = -11},
    {.bitmap_index = 3914, .adv_w = 440, .box_w = 21, .box_h = 10, .ofs_x = 3, .ofs_y = 19},
    {.bitmap_index = 3932, .adv_w = 333, .box_w = 13, .box_h = 12, .ofs_x = 4, .ofs_y = -1},
    {.bitmap_index = 3986, .adv_w = 488, .box_w = 28, .box_h = 69, .ofs_x = 0, .ofs_y = -12},
    {.bitmap_index = 4404, .adv_w = 657, .box_w = 37, .box_h = 56, .ofs_x = 2, .ofs_y = -1},
    {.bitmap_index = 4841, .adv_w = 657, .box_w = 36, .box_h = 54, .ofs_x = 2, .ofs_y = 0},
    {.bitmap_index = 5019, .adv_w = 657, .box_w = 35, .box_h = 55, .ofs_x = 3, .ofs_y = 0},
    {.bitmap_index = 5396, .adv_w = 657, .box_w = 36, .box_h = 55, .ofs_x = 1, .ofs_y = -1},
    {.bitmap_index = 5855, .adv_w = 657, .box_w = 37, .box_h = 55, .ofs_x = 2, .ofs_y = -1},
    {.bitmap_index = 6124, .adv_w = 657, .box_w = 36, .box_h = 55, .ofs_x = 3, .ofs_y = -1},
    {.bitmap_index = 6549, .adv_w = 657, .box_w = 36, .box_h = 55, .ofs_x = 3, .ofs_y = -1},
    {.bitmap_index = 7025, .adv_w = 657, .box_w = 35, .box_h = 54, .ofs_x = 3, .ofs_y = 0},
    {.bitmap_index = 7345, .adv_w = 657, .box_w = 37, .box_h = 56, .ofs_x = 2, .ofs_y = -1},
    {.bitmap_index = 7889, .adv_w = 657, .box_w = 36, .box_h = 55, .ofs_x = 2, .ofs_y = 0},
    {.bitmap_index = 8374, .adv_w = 343, .box_w = 12, .box_h = 41, .ofs_x = 5, .ofs_y = -1},
    {.bitmap_index = 8478, .adv_w = 343, .box_w = 15, .box_h = 52, .ofs_x = 2, .ofs_y = -11},
    {.bitmap_index = 8649, .adv_w = 657, .box_w = 29, .box_h = 47, .ofs_x = 6, .ofs_y = -1},
    {.bitmap_index = 8937, .adv_w = 657, .box_w = 33, .box_h = 24, .ofs_x = 4, .ofs_y = 12},
    {.bitmap_index = 8988, .adv_w = 657, .box_w = 29, .box_h = 47, .ofs_x = 6, .ofs_y = -1},
    {.bitmap_index = 9277, .adv_w = 544, .box_w = 31, .box_h = 56, .ofs_x = 1, .ofs_y = -1},
    {.bitmap_index = 9614, .adv_w = 986, .box_w = 56, .box_h = 64, .ofs_x = 3, .ofs_y = -9},
    {.bitmap_index = 10420, .adv_w = 737, .box_w = 44, .box_h = 54, .ofs_x = 1, .ofs_y = 0},
    {.bitmap_index = 10940, .adv_w = 730, .box_w = 38, .box_h = 54, .ofs_x = 5, .ofs_y = 0},
    {.bitmap_index = 11250, .adv_w = 706, .box_w = 40, .box_h = 56, .ofs_x = 3, .ofs_y = -1},
    {.bitmap_index = 11700, .adv_w = 760, .box_w = 39, .box_h = 54, .ofs_x = 5, .ofs_y = 0},
    {.bitmap_index = 11997, .adv_w = 662, .box_w = 33, .box_h = 54, .ofs_x = 5, .ofs_y = 0},
    {.bitmap_index = 12106, .adv_w = 636, .box_w = 32, .box_h = 54, .ofs_x = 5, .ofs_y = 0},
    {.bitmap_index = 12206, .adv_w = 779, .box_w = 42, .box_h = 56, .ofs_x = 3, .ofs_y = -1},
    {.bitmap_index = 12667, .adv_w = 792, .box_w = 39, .box_h = 54, .ofs_x = 5, .ofs_y = 0},
    {.bitmap_index = 12782, .adv_w = 471, .box_w = 23, .box_h = 54, .ofs_x = 3, .ofs_y = 0},
    {.bitmap_index = 12860, .adv_w = 601, .box_w = 32, .box_h = 55, .ofs_x = 1, .ofs_y = -1},
    {.bitmap_index = 13065, .adv_w = 747, .box_w = 41, .box_h = 54, .ofs_x = 5, .ofs_y = 0},
    {.bitmap_index = 13465, .adv_w = 575, .box_w = 29, .box_h = 54, .ofs_x = 5, .ofs_y = 0},
    {.bitmap_index = 13546, .adv_w = 896, .box_w = 46, .box_h = 54, .ofs_x = 5, .ofs_y = 0},
    {.bitmap_index = 13947, .adv_w = 792, .box_w = 39, .box_h = 54, .ofs_x = 5, .ofs_y = 0},
    {.bitmap_index = 14257, .adv_w = 781, .box_w = 43, .box_h = 56, .ofs_x = 3, .ofs_y = -1},
    {.bitmap_index = 14753, .adv_w = 709, .box_w = 37, .box_h = 54, .ofs_x = 5, .ofs_y = 0},
    {.bitmap_index = 14984, .adv_w = 781, .box_w = 43, .box_h = 68, .ofs_x = 3, .ofs_y = -14},
    {.bitmap_index = 15530, .adv_w = 731, .box_w = 38, .box_h = 54, .ofs_x = 5, .ofs_y = 0},
    {.bitmap_index = 15844, .adv_w = 664, .box_w = 37, .box_h = 56, .ofs_x = 2, .ofs_y = -1},
    {.bitmap_index = 16330, .adv_w = 637, .box_w = 37, .box_h = 54, .ofs_x = 1, .ofs_y = 0},
    {.bitmap_index = 16429, .adv_w = 759, .box_w = 38, .box_h = 55, .ofs_x = 5, .ofs_y = -1},
    {.bitmap_index = 16685, .adv_w = 709, .box_w = 43, .box_h = 54, .ofs_x = 1, .ofs_y = 0},
    {.bitmap_index = 17230, .adv_w = 1047, .box_w = 63, .box_h = 54, .ofs_x = 1, .ofs_y = 0},
    {.bitmap_index = 18153, .adv_w = 724, .box_w = 43, .box_h = 54, .ofs_x = 1, .ofs_y = 0},
    {.bitmap_index = 18711, .adv_w = 688, .box_w = 43, .box_h = 54, .ofs_x = 0, .ofs_y = 0},
    {.bitmap_index = 19092, .adv_w = 657, .box_w = 37, .box_h = 54, .ofs_x = 2, .ofs_y = 0},
    {.bitmap_index = 19396, .adv_w = 364, .box_w = 15, .box_h = 69, .ofs_x = 5, .ofs_y = -11},
    {.bitmap_index = 19457, .adv_w = 488, .box_w = 29, .box_h = 69, .ofs_x = 2, .ofs_y = -12},
    {.bitmap_index = 19869, .adv_w = 364, .box_w = 15, .box_h = 69, .ofs_x = 3, .ofs_y = -11},
    {.bitmap_index = 19929, .adv_w = 657, .box_w = 37, .box_h = 32, .ofs_x = 2, .ofs_y = 22},
    {.bitmap_index = 20235, .adv_w = 610, .box_w = 35, .box_h = 8, .ofs_x = 2, .ofs_y = -14},
    {.bitmap_index = 20253, .adv_w = 657, .box_w = 16, .box_h = 18, .ofs_x = 10, .ofs_y = 44},
    {.bitmap_index = 20344, .adv_w = 617, .box_w = 35, .box_h = 42, .ofs_x = 2, .ofs_y = -1},
    {.bitmap_index = 20698, .adv_w = 662, .box_w = 34, .box_h = 58, .ofs_x = 5, .ofs_y = -1},
    {.bitmap_index = 21035, .adv_w = 564, .box_w = 32, .box_h = 42, .ofs_x = 2, .ofs_y = -1},
    {.bitmap_index = 21355, .adv_w = 662, .box_w = 34, .box_h = 58, .ofs_x = 3, .ofs_y = -1},
    {.bitmap_index = 21682, .adv_w = 614, .box_w = 34, .box_h = 42, .ofs_x = 2, .ofs_y = -1},
    {.bitmap_index = 22017, .adv_w = 399, .box_w = 23, .box_h = 57, .ofs_x = 1, .ofs_y = 0},
    {.bitmap_index = 22132, .adv_w = 598, .box_w = 37, .box_h = 64, .ofs_x = 1, .ofs_y = -16},
    {.bitmap_index = 22692, .adv_w = 647, .box_w = 31, .box_h = 57, .ofs_x = 5, .ofs_y = 0},
    {.bitmap_index = 22882, .adv_w = 306, .box_w = 12, .box_h = 58, .ofs_x = 4, .ofs_y = -1},
    {.bitmap_index = 22963, .adv_w = 310, .box_w = 17, .box_h = 72, .ofs_x = -1, .ofs_y = -15},
    {.bitmap_index = 23106, .adv_w = 621, .box_w = 34, .box_h = 57, .ofs_x = 5, .ofs_y = 0},
    {.bitmap_index = 23422, .adv_w = 326, .box_w = 14, .box_h = 57, .ofs_x = 5, .ofs_y = 0},
    {.bitmap_index = 23487, .adv_w = 975, .box_w = 52, .box_h = 41, .ofs_x = 5, .ofs_y = 0},
    {.bitmap_index = 23769, .adv_w = 647, .box_w = 31, .box_h = 41, .ofs_x = 5, .ofs_y = 0},
    {.bitmap_index = 23935, .adv_w = 615, .box_w = 34, .box_h = 42, .ofs_x = 2, .ofs_y = -1},
    {.bitmap_index = 24269, .adv_w = 662, .box_w = 34, .box_h = 57, .ofs_x = 5, .ofs_y = -15},
    {.bitmap_index = 24614, .adv_w = 662, .box_w = 34, .box_h = 57, .ofs_x = 3, .ofs_y = -15},
    {.bitmap_index = 24951, .adv_w = 434, .box_w = 21, .box_h = 40, .ofs_x = 5, .ofs_y = 0},
    {.bitmap_index = 25048, .adv_w = 546, .box_w = 31, .box_h = 42, .ofs_x = 1, .ofs_y = -1},
    {.bitmap_index = 25403, .adv_w = 406, .box_w = 23, .box_h = 51, .ofs_x = 1, .ofs_y = 0},
    {.bitmap_index = 25518, .adv_w = 648, .box_w = 32, .box_h = 41, .ofs_x = 4, .ofs_y = -1},
    {.bitmap_index = 25685, .adv_w = 579, .box_w = 36, .box_h = 40, .ofs_x = 0, .ofs_y = 0},
    {.bitmap_index = 26063, .adv_w = 899, .box_w = 55, .box_h = 40, .ofs_x = 1, .ofs_y = 0},
    {.bitmap_index = 26697, .adv_w = 593, .box_w = 36, .box_h = 41, .ofs_x = 1, .ofs_y = 0},
    {.bitmap_index = 27088, .adv_w = 587, .box_w = 37, .box_h = 56, .ofs_x = 0, .ofs_y = -15},
    {.bitmap_index = 27565, .adv_w = 550, .box_w = 30, .box_h = 40, .ofs_x = 2, .ofs_y = 0},
    {.bitmap_index = 27779, .adv_w = 400, .box_w = 21, .box_h = 69, .ofs_x = 1, .ofs_y = -11},
    {.bitmap_index = 27988, .adv_w = 421, .box_w = 9, .box_h = 69, .ofs_x = 9, .ofs_y = -11},
    {.bitmap_index = 28019, .adv_w = 400, .box_w = 21, .box_h = 69, .ofs_x = 3, .ofs_y = -11},
    {.bitmap_index = 28227, .adv_w = 657, .box_w = 35, .box_h = 13, .ofs_x = 3, .ofs_y = 17},
    {.bitmap_index = 28360, .adv_w = 513, .box_w = 26, .box_h = 27, .ofs_x = 3, .ofs_y = 28},
    {.bitmap_index = 28580, .adv_w = 384, .box_w = 12, .box_h = 12, .ofs_x = 6, .ofs_y = 17},
    {.bitmap_index = 28629, .adv_w = 737, .box_w = 44, .box_h = 70, .ofs_x = 1, .ofs_y = 0},
    {.bitmap_index = 29260, .adv_w = 781, .box_w = 43, .box_h = 71, .ofs_x = 3, .ofs_y = -1},
    {.bitmap_index = 29880, .adv_w = 759, .box_w = 38, .box_h = 71, .ofs_x = 5, .ofs_y = -1},
    {.bitmap_index = 30254, .adv_w = 745, .box_w = 45, .box_h = 59, .ofs_x = 1, .ofs_y = -2},
    {.bitmap_index = 30771, .adv_w = 617, .box_w = 35, .box_h = 58, .ofs_x = 2, .ofs_y = -1},
    {.bitmap_index = 31240, .adv_w = 615, .box_w = 34, .box_h = 58, .ofs_x = 2, .ofs_y = -1},
    {.bitmap_index = 31692, .adv_w = 648, .box_w = 32, .box_h = 58, .ofs_x = 4, .ofs_y = -1},
    {.bitmap_index = 31974, .adv_w = 854, .box_w = 49, .box_h = 8, .ofs_x = 2, .ofs_y = 19},
    {.bitmap_index = 31995, .adv_w = 985, .box_w = 55, .box_h = 35, .ofs_x = 4, .ofs_y = 9}
};

/*---------------------
 *  CHARACTER MAPPING
 *--------------------*/

static const uint16_t unicode_list_1[] = {
    0x0, 0x7, 0x14, 0x26, 0x2c, 0x2f, 0x34, 0x46,
    0x4c, 0x1f64, 0x20e2
};

/*Collect the unicode lists and glyph_id offsets*/
static const lv_font_fmt_txt_cmap_t cmaps[] =
{
    {
        .range_start = 32, .range_length = 95, .glyph_id_start = 1,
        .unicode_list = NULL, .glyph_id_ofs_list = NULL, .list_length = 0, .type = LV_FONT_FMT_TXT_CMAP_FORMAT0_TINY
    },
    {
        .range_start = 176, .range_length = 8419, .glyph_id_start = 96,
        .unicode_list = unicode_list_1, .glyph_id_ofs_list = NULL, .list_length = 11, .type = LV_FONT_FMT_TXT_CMAP_SPARSE_TINY
    }
};

/*-----------------
 *    KERNING
 *----------------*/


/*Map glyph_ids to kern left classes*/
static const uint8_t kern_left_class_mapping[] =
{
    0, 0, 0, 0, 0, 0, 1, 0,
    0, 0, 0, 0, 0, 0, 0, 0,
    0, 0, 0, 0, 0, 0, 0, 0,
    0, 0, 0, 0, 0, 0, 0, 0,
    0, 0, 2, 3, 4, 5, 6, 7,
    8, 0, 9, 10, 11, 12, 0, 0,
    13, 14, 13, 15, 16, 17, 18, 19,
    20, 21, 22, 23, 0, 0, 0, 0,
    0, 0, 24, 25, 26, 0, 27, 28,
    29, 30, 31, 32, 33, 34, 30, 30,
    35, 25, 36, 37, 38, 39, 40, 41,
    42, 43, 44, 45, 0, 0, 0, 0,
    0, 0, 2, 13, 18, 46, 24, 35,
    40, 0, 0
};

/*Map glyph_ids to kern right classes*/
static const uint8_t kern_right_class_mapping[] =
{
    0, 0, 1, 2, 0, 0, 0, 3,
    2, 0, 4, 2, 0, 5, 6, 5,
    7, 0, 0, 0, 0, 0, 0, 0,
    0, 0, 0, 8, 8, 0, 0, 0,
    9, 10, 11, 0, 12, 0, 0, 0,
    12, 0, 13, 14, 0, 0, 0, 0,
    12, 0, 12, 0, 15, 16, 17, 18,
    19, 20, 21, 22, 0, 0, 23, 0,
    24, 0, 25, 0, 26, 27, 26, 28,
    29, 0, 30, 31, 0, 32, 33, 33,
    26, 34, 27, 33, 35, 36, 37, 38,
    39, 40, 41, 42, 0, 0, 23, 0,
    0, 0, 11, 12, 17, 28, 25, 26,
    37, 6, 0
};

/*Kern values between classes*/
static const int8_t kern_class_values[] =
{
    0, -49, 0, 0, 0, 0, 0, 0,
    0, 0, 0, 0, 0, 0, 0, 0,
    0, 0, 0, 0, 0, 0, 0, 0,
    0, 0, 0, 0, 0, 0, 0, 0,
    0, 0, 0, 0, 0, 0, 0, 0,
    0, 0, 0, -41, -6, 0, 16, -13,
    2, 0, -38, -13, 7, -15, 0, 2,
    0, -47, -14, -43, -22, 5, -54, 0,
    0, 13, 2, 0, -4, 0, 0, 0,
    0, 0, 0, 0, 0, -10, 0, -23,
    -15, 2, -12, 8, 0, 0, 0, 0,
    -13, 0, -18, 0, 0, 0, -2, 0,
    0, 0, 0, -14, 0, -14, -6, -13,
    -16, 0, 0, -51, 0, 0, 0, -1,
    -1, 0, 0, 0, 0, 0, 0, -3,
    0, -2, 0, -10, -4, 0, 0, 2,
    -7, 0, -2, -11, -12, 0, 0, -8,
    -6, -6, 0, 0, 0, -1, 0, 0,
    1, -14, -7, 0, 0, -41, 0, 0,
    0, 0, -1, 0, 0, 0, 0, 0,
    0, 0, 0, 1, 0, 0, 0, 0,
    0, -8, 0, 0, -35, 12, -33, 0,
    0, 0, -28, 0, 0, -6, 0, -21,
    0, -21, -15, -21, -28, -10, 0, -19,
    0, 0, 0, 0, 0, 0, 0, 0,
    0, 0, 0, 0, 0, 0, 0, 0,
    0, 0, 0, 0, -11, 0, 0, 0,
    0, 0, 0, -8, 0, 0, 0, -11,
    0, 0, 0, -2, 0, 0, -1, 0,
    0, 0, 0, -8, -8, 0, -4, 0,
    0, 0, 0, 0, 0, 0, 0, 0,
    0, 0, 0, 0, 0, 4, -32, 12,
    -80, 0, -61, 0, 2, -22, -56, -21,
    0, -41, 0, 0, 0, 0, 0, 0,
    0, 0, 0, -111, -32, -24, -26, -6,
    -35, 0, -8, 0, -22, -22, -21, -10,
    -19, -15, -11, -30, -15, -17, 0, -8,
    0, 0, 0, 1, 2, 0, 0, 0,
    0, 0, 0, -7, 0, -21, 0, -19,
    -9, -7, -32, 0, 0, 0, 0, 0,
    0, 0, 0, 0, 0, 0, 0, 0,
    0, 0, 0, 0, 0, 0, 0, 0,
    0, 0, -2, 0, 0, -25, 0, 0,
    0, -15, 0, 0, 0, 0, 0, -2,
    0, 0, 0, 0, 0, 0, 0, 2,
    0, -4, -4, 0, 0, 0, 0, 0,
    0, 0, -3, 0, 0, -3, 0, 0,
    -3, 0, 0, 0, 0, 0, -23, 0,
    -25, 0, 0, 0, -15, 0, 0, -6,
    0, 0, 0, 0, 0, -12, 0, 0,
    0, -66, 0, 0, 0, 0, 0, 0,
    0, 0, 0, 0, 0, 0, 0, 0,
    0, 0, 0, 0, 0, -5, -22, 8,
    8, -45, 2, 0, 0, -24, 2, -26,
    0, -13, -7, -19, 0, -17, -7, 0,
    -13, 2, 0, 0, -7, -19, -19, -15,
    -4, 0, 0, -6, -8, -8, 0, -21,
    -14, -14, -14, -5, -14, 8, 0, 0,
    0, 0, 0, 0, 0, 2, 0, 0,
    0, 0, 0, 0, 0, 0, 0, 0,
    0, 0, 0, 0, 0, 0, 0, 0,
    0, 0, 0, 0, 0, 0, 0, 0,
    0, 0, 0, 0, 0, 0, 0, 0,
    0, -8, -3, 0, -35, 12, -33, 0,
    -1, 0, -16, 0, 0, -7, -2, -19,
    0, -19, -16, -22, -31, -8, 0, -79,
    0, 0, 0, 0, 0, 0, 0, 0,
    0, 0, 0, 0, 0, 0, 0, 0,
    0, 0, 0, 7, -24, 0, -88, 0,
    -66, 0, 3, -6, -53, 0, 0, -40,
    -3, 0, 0, -2, -3, -23, -14, -19,
    0, -119, -11, -15, -15, 3, -23, 0,
    0, 0, -8, -11, -11, 3, 0, 3,
    2, -2, 3, -1, 0, 0, -21, 0,
    -7, -13, -14, 0, 0, -17, 0, -4,
    0, -11, 0, -12, -8, -11, -7, 0,
    -23, 0, 0, 1, -8, -5, -5, 0,
    -10, 0, 0, 0, 0, 0, 0, 0,
    0, 0, 0, 0, -1, 0, 0, 0,
    -7, 0, -7, 11, -24, 0, 0, 0,
    0, 0, 0, 1, -7, -9, 0, -6,
    -6, 0, -8, 0, 0, -44, 0, 0,
    0, 0, 0, 0, 0, 0, 0, 0,
    0, -2, 0, 0, 0, 0, 0, 0,
    0, 0, 0, 0, 0, 0, 0, -32,
    0, 0, 0, 0, 0, 0, 0, 0,
    0, 0, 0, 0, 0, 0, 0, 0,
    0, 0, 0, 0, 0, 0, 0, 0,
    0, 0, 0, 0, 0, 0, 0, 0,
    0, 0, 0, 0, -7, 0, -28, 0,
    -31, 0, 0, 0, -15, 0, 0, -3,
    0, 0, 0, 0, 0, 0, 0, 0,
    0, -54, 0, 0, 0, 0, -1, 0,
    0, 0, 0, 0, 0, 0, 0, 0,
    0, 0, 0, 0, 0, 0, 0, 0,
    0, 0, 0, -22, 0, 0, 0, 0,
    0, 0, 0, 0, 0, 0, 0, 0,
    0, 0, 0, 0, 0, 0, 0, 0,
    0, 0, 0, 0, 0, 0, 0, 0,
    0, 0, 0, 0, 0, 0, 0, 0,
    0, 0, 0, 0, 0, -7, 0, 0,
    0, 0, 0, 0, 0, 0, 0, 0,
    0, 0, 0, 0, 0, 0, 0, 0,
    0, 0, 0, 0, 0, 0, 0, 0,
    0, 0, 0, 0, 0, 0, 0, 0,
    0, 0, 0, 0, 0, 0, 0, -11,
    0, 0, 0, 0, 0, 0, 0, 0,
    0, 0, 0, 0, 0, 0, 0, 0,
    0, 0, 0, 0, 0, 0, 0, 0,
    0, 0, 0, 0, 0, 0, 0, 0,
    0, 0, 0, 0, 0, 0, 0, 0,
    0, -38, 0, 0, 0, 0, 0, 0,
    0, 0, 0, 0, 0, 0, 0, 0,
    0, 0, 0, 0, 0, 0, 0, 0,
    0, 0, 0, 0, 0, 0, 0, 0,
    0, 0, 0, 0, 0, 5, -8, 7,
    19, -33, 2, 0, 0, -13, 0, -14,
    0, -4, 0, 0, 0, -5, -3, 0,
    -6, 0, 0, 13, 0, -4, -4, 0,
    0, 0, 0, 0, 0, 0, 0, -1,
    -1, 0, 0, 0, -4, 4, 0, -20,
    0, 0, 8, -4, 18, 0, 0, 0,
    9, 0, 0, 4, 0, -56, 0, -31,
    -13, 2, -44, 6, 0, 8, 0, 0,
    0, 0, 0, 0, 0, 0, 0, 0,
    0, -5, 0, -10, -5, 1, -6, 2,
    0, -16, 0, 0, -13, 8, 1, 0,
    0, 0, 0, 0, -4, 1, 0, -54,
    0, -28, -18, -15, -47, -3, 0, -41,
    0, 0, 0, -2, 0, 0, 0, 0,
    0, 0, 0, -2, 0, -5, -2, -11,
    -6, -6, 0, 0, 0, 0, 0, 0,
    -1, 0, 0, 0, 6, 0, 0, 5,
    1, -37, 0, -22, -7, 0, -37, 5,
    0, -28, 0, -3, -1, 0, -1, 0,
    0, 0, 0, 0, 0, 0, 0, 0,
    0, 0, 0, 0, 0, -17, 0, 0,
    -13, 8, 1, 0, 0, 0, 0, 0,
    -4, 0, -8, -45, 0, -28, -15, -15,
    -47, -4, 0, -46, 0, 0, 0, 0,
    0, 0, 0, 0, 0, 0, 0, 0,
    0, 0, -4, -9, -3, -4, 1, 24,
    -11, 21, -40, -2, -21, 0, 24, 0,
    -11, 12, 0, -18, 2, 23, 0, 27,
    21, 12, 24, 2, 12, -47, 0, -3,
    -3, 1, -6, 9, 0, 0, 0, 0,
    0, 1, 0, 11, 2, 0, 8, 0,
    0, 4, -3, 22, 2, -1, 26, 0,
    0, -1, 18, 1, 0, -4, 0, 2,
    0, -6, 1, 7, -6, 11, 8, 44,
    0, -3, -5, 0, 11, 0, 22, 0,
    0, 0, 0, 0, -3, 0, 1, 0,
    4, 1, 0, -13, 0, 0, 0, 0,
    2, 0, 0, 0, 0, 0, 0, 0,
    0, -45, 0, -28, -19, 0, -44, 0,
    0, 0, 0, 0, 0, 0, 0, 0,
    0, 0, 0, 0, 0, 0, 0, -6,
    -5, 0, -6, 0, 0, 0, 0, 0,
    0, 0, 0, 0, 0, 0, 0, 0,
    0, -7, 0, 0, 0, 0, 0, 0,
    -11, 0, 0, 0, 0, 0, 0, 0,
    0, 0, 0, 0, 0, 0, 0, 0,
    0, 0, 0, 0, 0, 0, 0, 0,
    0, 0, 0, 0, 0, 0, 0, 0,
    0, 0, 0, 0, 0, -6, 0, -19,
    -8, 0, -2, 0, 0, 0, 0, 0,
    0, 0, 0, 0, 0, 0, 0, 0,
    0, 0, 0, 0, 0, 0, 0, 0,
    0, 0, -9, 0, 1, -35, 1, 0,
    0, -8, 12, -10, 0, 2, -4, -19,
    0, -14, -6, 1, -36, 13, 0, 19,
    -1, -6, -4, 0, -2, 0, 0, 0,
    0, 0, -7, -7, -8, -10, -5, 0,
    -5, 2, 0, 0, 0, 0, 7, -9,
    1, 0, 0, 0, 19, 0, 0, 9,
    0, -12, 0, -4, 1, 12, -12, 12,
    0, 20, 0, 0, 0, 0, 0, 0,
    0, -6, 0, 0, 0, -4, 0, -2,
    -2, 0, -5, 3, 0, -17, -2, 0,
    -13, 8, 0, 0, 0, 0, 0, 0,
    -4, 0, 0, -45, 0, -28, -18, -15,
    -47, -5, 0, -48, 0, 0, 0, -4,
    0, 0, 0, 0, 0, 0, 0, -4,
    0, -6, -7, -12, -7, -2, 0, 0,
    0, 0, 0, 0, 0, 0, 0, 0,
    0, 0, 0, 0, 0, -6, 0, -19,
    -8, 0, -25, 0, 0, 0, 0, 0,
    0, 0, 0, 0, 0, 0, 0, 0,
    0, 0, 0, 0, 0, 0, 0, 0,
    0, 24, -18, 0, -64, -2, -24, 0,
    0, 0, -30, 8, 0, -16, 6, -7,
    0, 2, 4, -14, -14, -9, 0, -62,
    -7, -3, -2, 8, -7, 0, 1, 0,
    0, 0, 0, 7, 0, 9, 7, 0,
    9, 2, 0, -8, -1, 0, -6, -2,
    1, 0, 0, 0, 2, 0, 0, 0,
    0, -45, 0, -26, -1, -16, -38, 0,
    0, -36, 0, 0, 0, 1, -1, 0,
    0, 0, 0, 0, -6, -2, 0, -8,
    -6, -7, -6, -4, 0, 1, -6, 0,
    1, -11, 0, 0, 1, -1, 9, 0,
    0, 2, 1, -19, 0, 0, 1, 1,
    -15, 1, 1, 16, 0, -2, -2, -2,
    -2, 0, 0, 0, 0, 0, 0, -5,
    0, 1, 0, 0, 1, 1, 0, 0,
    0, 0, 0, 0, 0, 0, 0, 0,
    0, 0, 0, 0, 0, -36, 0, -19,
    -6, 0, -38, 0, 0, 0, 0, 0,
    0, 0, 0, 0, 0, 0, 0, 0,
    0, 0, 0, 0, 0, 0, 0, 0,
    0, 21, -14, 0, -52, -3, -10, 0,
    0, 0, -22, 0, -3, -14, 0, -15,
    0, -8, 0, -1, -12, 0, 0, -54,
    -7, -6, -6, 6, -10, 0, 0, 0,
    0, 0, -2, 1, 0, 0, 0, 0,
    0, -2, 0, 17, -16, 0, -38, -2,
    0, 0, 0, -6, -15, 0, 0, -15,
    0, -29, 0, -8, -6, 0, -28, 0,
    0, -37, -10, -7, -7, 1, -14, 0,
    0, 0, 0, 0, -2, 1, 0, 0,
    0, 0, 0, 1, 0, 2, -22, 0,
    0, -28, 0, 0, 0, -14, 2, 0,
    0, -2, 0, -31, 0, -8, -7, 1,
    -22, 0, 0, 16, 0, -12, -12, 0,
    0, 0, 0, 0, 0, 0, -3, 0,
    0, 0, 0, 0, 0, 0, 0, 17,
    -24, 0, -53, -3, -11, 0, 0, -7,
    -26, 0, -3, -17, 0, -20, 0, -8,
    0, 0, -2, 0, 0, -62, -11, -6,
    -6, 6, -18, 0, 0, 0, 0, 0,
    -5, 1, 0, 0, 0, 0, 0, -2,
    0, 6, -7, 0, 11, -15, 2, 0,
    0, -4, 9, 0, 0, 2, 0, -28,
    0, -7, -2, 9, -15, 2, 0, 7,
    0, -7, -7, 0, 0, 0, 0, 0,
    0, 0, 0, 0, 0, 1, 1, 0,
    1, 0, 0, -14, 0, 0, 3, -2,
    0, 0, -9, 0, 7, -1, -1, 8,
    -7, -24, -2, -15, -11, 0, -26, 7,
    0, -41, 7, 3, 3, -2, 7, 0,
    0, 0, 0, 0, 0, -7, 0, -6,
    -11, -2, -6, 0
};


/*Collect the kern class' data in one place*/
static const lv_font_fmt_txt_kern_classes_t kern_classes =
{
    .class_pair_values   = kern_class_values,
    .left_class_mapping  = kern_left_class_mapping,
    .right_class_mapping = kern_right_class_mapping,
    .left_class_cnt      = 46,
    .right_class_cnt     = 42,
};

/*--------------------
 *  ALL CUSTOM DATA
 *--------------------*/

#if LVGL_VERSION_MAJOR == 8
/*Store all the custom data of the font*/
static  lv_font_fmt_txt_glyph_cache_t cache;
#endif

#if LVGL_VERSION_MAJOR >= 8
static const lv_font_fmt_txt_dsc_t font_dsc = {
#else
static lv_font_fmt_txt_dsc_t font_dsc = {
#endif
    .glyph_bitmap = glyph_bitmap,
    .glyph_dsc = glyph_dsc,
    .cmaps = cmaps,
    .kern_dsc = &kern_classes,
    .kern_scale = 24,
    .cmap_num = 2,
    .bpp = 4,
    .kern_classes = 1,
    .bitmap_format = 1,
#if LVGL_VERSION_MAJOR == 8
    .cache = &cache
#endif
};



/*-----------------
 *  PUBLIC FONT
 *----------------*/

/*Initialize a public general font descriptor*/
#if LVGL_VERSION_MAJOR >= 8
const lv_font_t plex_sans_cond_76 = {
#else
lv_font_t plex_sans_cond_76 = {
#endif
    .get_glyph_dsc = lv_font_get_glyph_dsc_fmt_txt,    /*Function pointer to get glyph's data*/
    .get_glyph_bitmap = lv_font_get_bitmap_fmt_txt,    /*Function pointer to get glyph's bitmap*/
    .line_height = 86,          /*The maximum line height required by the font*/
    .base_line = 16,             /*Baseline measured from the bottom of the line*/
#if !(LVGL_VERSION_MAJOR == 6 && LVGL_VERSION_MINOR == 0)
    .subpx = LV_FONT_SUBPX_NONE,
#endif
#if LV_VERSION_CHECK(7, 4, 0) || LVGL_VERSION_MAJOR >= 8
    .underline_position = -6,
    .underline_thickness = 7,
#endif
    .dsc = &font_dsc,          /*The custom font data. Will be accessed by `get_glyph_bitmap/dsc` */
#if LV_VERSION_CHECK(8, 2, 0) || LVGL_VERSION_MAJOR >= 9
    .fallback = NULL,
#endif
    .user_data = NULL,
};



#endif /*#if PLEX_SANS_COND_76*/

