/*******************************************************************************
 * Size: 17 px
 * Bpp: 4
 * Opts: --font /Users/monsjovis/repositories/esp-flight-monitor/tools/fonts/IBMPlexMono-Medium.ttf --format lvgl --bpp 4 --size 17 --lv-font-name plex_mono_17 --lv-include lvgl.h --no-compress -o /Users/monsjovis/repositories/esp-flight-monitor/main/ui/fonts/plex_mono_17.c -r 0x20-0x7F -r 0xC4,0xD6,0xDC,0xE4,0xF6,0xFC,0xDF -r 0xB0,0xB7 -r 0x2192,0x2014 -r 0x0104-0x017C
 ******************************************************************************/

#ifdef LV_LVGL_H_INCLUDE_SIMPLE
#include "lvgl.h"
#else
#include "lvgl.h"
#endif

#ifndef PLEX_MONO_17
#define PLEX_MONO_17 1
#endif

#if PLEX_MONO_17

/*-----------------
 *    BITMAPS
 *----------------*/

/*Store the image of the glyphs*/
static LV_ATTRIBUTE_LARGE_CONST const uint8_t glyph_bitmap[] = {
    /* U+0020 " " */

    /* U+0021 "!" */
    0xe, 0xf2, 0xe, 0xf2, 0xe, 0xf2, 0xe, 0xf1,
    0xc, 0xf0, 0x9, 0xc0, 0x7, 0xa0, 0x3, 0x60,
    0x0, 0x0, 0x9, 0xa2, 0x4f, 0xf8, 0x2e, 0xe4,

    /* U+0022 "\"" */
    0x6f, 0x41, 0xfa, 0x6f, 0x41, 0xfa, 0x6f, 0x41,
    0xfa, 0x6f, 0x41, 0xfa, 0x6f, 0x41, 0xfa, 0x1,
    0x0, 0x10,

    /* U+0023 "#" */
    0x0, 0x4, 0xf3, 0x1f, 0x60, 0x0, 0x7, 0xf1,
    0x4f, 0x40, 0x0, 0xa, 0xe0, 0x7f, 0x10, 0x2,
    0x2d, 0xb0, 0xaf, 0x21, 0x2f, 0xff, 0x80, 0xdf,
    0xff, 0x5, 0x7f, 0x50, 0xfb, 0x54, 0x12, 0x7f,
    0x32, 0xf7, 0x20, 0xcf, 0xff, 0x5, 0xff, 0xf5,
    0x35, 0xdd, 0x8, 0xf5, 0x51, 0x0, 0xea, 0xb,
    0xd0, 0x0, 0x1, 0xf7, 0xd, 0xa0, 0x0, 0x3,
    0xf5, 0xf, 0x80, 0x0,

    /* U+0024 "$" */
    0x0, 0x0, 0x7f, 0x0, 0x0, 0x0, 0x0, 0x8f,
    0x10, 0x0, 0x0, 0x7f, 0xff, 0xfd, 0x30, 0x6,
    0xfd, 0xaf, 0x9f, 0xf1, 0xc, 0xf1, 0x5e, 0x3,
    0x50, 0xd, 0xf0, 0x5e, 0x0, 0x0, 0x9, 0xfa,
    0x8e, 0x0, 0x0, 0x1, 0xdf, 0xff, 0xc6, 0x0,
    0x0, 0x5, 0xbf, 0xff, 0xb0, 0x0, 0x0, 0x5e,
    0x1b, 0xf4, 0x0, 0x0, 0x5e, 0x5, 0xf7, 0x8,
    0x60, 0x5e, 0x8, 0xf5, 0x1e, 0xfb, 0xaf, 0x9f,
    0xe0, 0x1, 0xaf, 0xff, 0xfb, 0x20, 0x0, 0x0,
    0x8f, 0x10, 0x0, 0x0, 0x0, 0x7f, 0x0, 0x0,

    /* U+0025 "%" */
    0x9, 0xed, 0x50, 0x0, 0xcc, 0x6, 0xf4, 0x7f,
    0x10, 0x4f, 0x40, 0xab, 0x0, 0xf5, 0xc, 0xc0,
    0xb, 0xa0, 0xf, 0x54, 0xf3, 0x0, 0x7e, 0x14,
    0xf2, 0xcb, 0x0, 0x0, 0xcf, 0xf8, 0x4, 0x10,
    0x0, 0x0, 0x12, 0x3, 0xce, 0xa1, 0x0, 0x7,
    0xf1, 0xea, 0x3d, 0x90, 0x0, 0xe8, 0x2f, 0x30,
    0x7d, 0x0, 0x8f, 0x12, 0xf3, 0x7, 0xd0, 0x1f,
    0x70, 0xe, 0x70, 0xba, 0x8, 0xe0, 0x0, 0x3d,
    0xfb, 0x10,

    /* U+0026 "&" */
    0x0, 0x5d, 0xfd, 0x50, 0x0, 0x4, 0xfd, 0x8c,
    0xf4, 0x0, 0x9, 0xf2, 0x0, 0x50, 0x0, 0x7,
    0xf3, 0x0, 0x0, 0x0, 0x0, 0xdc, 0x0, 0x2,
    0x21, 0x4, 0xef, 0xa0, 0xf, 0xfa, 0x2f, 0xc5,
    0xf8, 0xf, 0x93, 0x8f, 0x40, 0x9f, 0x8f, 0x30,
    0x9f, 0x20, 0xc, 0xff, 0x0, 0x7f, 0x60, 0x4,
    0xfe, 0x10, 0x1f, 0xfa, 0x9e, 0x6f, 0xc0, 0x3,
    0xcf, 0xd5, 0x8, 0xf8,

    /* U+0027 "'" */
    0xcf, 0xcf, 0xcf, 0xcf, 0xcf, 0x1,

    /* U+0028 "(" */
    0x0, 0xa, 0xe3, 0x0, 0xae, 0x20, 0x4, 0xf5,
    0x0, 0xd, 0xc0, 0x0, 0x2f, 0x50, 0x0, 0x7f,
    0x0, 0x0, 0xae, 0x0, 0x0, 0xbe, 0x0, 0x0,
    0xae, 0x0, 0x0, 0x8f, 0x0, 0x0, 0x4f, 0x30,
    0x0, 0xe, 0x90, 0x0, 0x7, 0xf2, 0x0, 0x0,
    0xdc, 0x0, 0x0, 0x2e, 0xa0, 0x0, 0x2, 0x52,

    /* U+0029 ")" */
    0x1c, 0xd1, 0x0, 0x0, 0xdc, 0x0, 0x0, 0x2f,
    0x70, 0x0, 0x9, 0xf0, 0x0, 0x2, 0xf6, 0x0,
    0x0, 0xdb, 0x0, 0x0, 0xbd, 0x0, 0x0, 0xbe,
    0x0, 0x0, 0xbe, 0x0, 0x0, 0xcc, 0x0, 0x0,
    0xf7, 0x0, 0x6, 0xf2, 0x0, 0xd, 0xb0, 0x0,
    0x9f, 0x10, 0x8, 0xf4, 0x0, 0x15, 0x30, 0x0,

    /* U+002A "*" */
    0x0, 0x0, 0xbe, 0x0, 0x0, 0x0, 0x0, 0xbe,
    0x0, 0x0, 0x8, 0x30, 0xbe, 0x2, 0x71, 0x3f,
    0xfd, 0xef, 0xcf, 0xf6, 0x1, 0x6c, 0xff, 0xd8,
    0x20, 0x0, 0xa, 0xff, 0xc0, 0x0, 0x0, 0x6f,
    0x96, 0xf9, 0x0, 0x0, 0xed, 0x0, 0xaf, 0x20,
    0x0, 0x22, 0x0, 0x4, 0x0,

    /* U+002B "+" */
    0x0, 0x3, 0x40, 0x0, 0x0, 0x0, 0xbf, 0x0,
    0x0, 0x0, 0xb, 0xf0, 0x0, 0x0, 0x0, 0xbf,
    0x0, 0x0, 0xff, 0xff, 0xff, 0xff, 0x27, 0x88,
    0xdf, 0x88, 0x81, 0x0, 0xb, 0xf0, 0x0, 0x0,
    0x0, 0xbf, 0x0, 0x0, 0x0, 0xb, 0xf0, 0x0,
    0x0,

    /* U+002C "," */
    0x0, 0x10, 0xf, 0xf8, 0x2f, 0xf2, 0x5f, 0xb0,
    0x8f, 0x40, 0xad, 0x0,

    /* U+002D "-" */
    0x6d, 0xdd, 0xd9, 0x7f, 0xff, 0xfa,

    /* U+002E "." */
    0x1a, 0xb3, 0x5f, 0xf8, 0x2e, 0xf4,

    /* U+002F "/" */
    0x0, 0x0, 0x1, 0xf9, 0x0, 0x0, 0x6, 0xf3,
    0x0, 0x0, 0xc, 0xd0, 0x0, 0x0, 0x2f, 0x70,
    0x0, 0x0, 0x8f, 0x20, 0x0, 0x0, 0xec, 0x0,
    0x0, 0x4, 0xf6, 0x0, 0x0, 0xa, 0xf0, 0x0,
    0x0, 0xf, 0xa0, 0x0, 0x0, 0x6f, 0x40, 0x0,
    0x0, 0xbe, 0x0, 0x0, 0x1, 0xf8, 0x0, 0x0,
    0x7, 0xf2, 0x0, 0x0, 0xd, 0xc0, 0x0, 0x0,
    0x3f, 0x60, 0x0, 0x0, 0x48, 0x10, 0x0, 0x0,

    /* U+0030 "0" */
    0x0, 0x2b, 0xff, 0xc4, 0x0, 0x2, 0xff, 0xba,
    0xef, 0x40, 0xa, 0xf5, 0x0, 0x2f, 0xd0, 0xf,
    0xe0, 0x0, 0xb, 0xf2, 0x2f, 0xb0, 0x0, 0x8,
    0xf5, 0x3f, 0xb0, 0xce, 0x8, 0xf6, 0x3f, 0xb0,
    0xce, 0x8, 0xf6, 0x2f, 0xb0, 0x0, 0x8, 0xf5,
    0xf, 0xe0, 0x0, 0xb, 0xf2, 0xa, 0xf5, 0x0,
    0x2f, 0xd0, 0x2, 0xff, 0xba, 0xef, 0x40, 0x0,
    0x2b, 0xff, 0xc4, 0x0,

    /* U+0031 "1" */
    0x0, 0xa, 0xff, 0xb0, 0x0, 0x0, 0x9f, 0xcf,
    0xb0, 0x0, 0x7, 0xfa, 0x2f, 0xb0, 0x0, 0xe,
    0xb0, 0x2f, 0xb0, 0x0, 0x1, 0x0, 0x2f, 0xb0,
    0x0, 0x0, 0x0, 0x2f, 0xb0, 0x0, 0x0, 0x0,
    0x2f, 0xb0, 0x0, 0x0, 0x0, 0x2f, 0xb0, 0x0,
    0x0, 0x0, 0x2f, 0xb0, 0x0, 0x0, 0x0, 0x2f,
    0xb0, 0x0, 0x4, 0x99, 0xaf, 0xe9, 0x95, 0x8,
    0xff, 0xff, 0xff, 0xf9,

    /* U+0032 "2" */
    0x0, 0x4b, 0xef, 0xc3, 0x0, 0x5, 0xff, 0xbc,
    0xff, 0x30, 0xe, 0xf2, 0x0, 0x7f, 0xb0, 0x1,
    0x40, 0x0, 0x2f, 0xd0, 0x0, 0x0, 0x0, 0x4f,
    0xb0, 0x0, 0x0, 0x0, 0xcf, 0x40, 0x0, 0x0,
    0xa, 0xf8, 0x0, 0x0, 0x1, 0xcf, 0x80, 0x0,
    0x0, 0x2d, 0xf6, 0x0, 0x0, 0x3, 0xee, 0x40,
    0x0, 0x0, 0xe, 0xfc, 0xaa, 0xaa, 0xa2, 0xe,
    0xff, 0xff, 0xff, 0xf4,

    /* U+0033 "3" */
    0x0, 0x5c, 0xfe, 0xb4, 0x0, 0x8, 0xfe, 0xab,
    0xff, 0x50, 0x4, 0xb0, 0x0, 0x6f, 0xc0, 0x0,
    0x0, 0x0, 0x3f, 0xb0, 0x0, 0x0, 0x2, 0xbf,
    0x50, 0x0, 0x9, 0xff, 0xe4, 0x0, 0x0, 0x5,
    0x9b, 0xfd, 0x20, 0x0, 0x0, 0x0, 0x3f, 0xc0,
    0x0, 0x0, 0x0, 0xf, 0xf0, 0x1b, 0x90, 0x0,
    0x4f, 0xe0, 0xc, 0xfd, 0xab, 0xff, 0x60, 0x0,
    0x7d, 0xfe, 0xb4, 0x0,

    /* U+0034 "4" */
    0x0, 0x0, 0xd, 0xff, 0x0, 0x0, 0x0, 0x7f,
    0xff, 0x0, 0x0, 0x2, 0xf9, 0xdf, 0x0, 0x0,
    0xb, 0xe0, 0xdf, 0x0, 0x0, 0x5f, 0x50, 0xdf,
    0x0, 0x1, 0xeb, 0x0, 0xdf, 0x0, 0xa, 0xf1,
    0x0, 0xdf, 0x0, 0x4f, 0x70, 0x0, 0xdf, 0x0,
    0x7f, 0xff, 0xff, 0xff, 0xfa, 0x38, 0x88, 0x88,
    0xef, 0x85, 0x0, 0x0, 0x0, 0xdf, 0x0, 0x0,
    0x0, 0x0, 0xdf, 0x0,

    /* U+0035 "5" */
    0x2f, 0xff, 0xff, 0xfb, 0x3, 0xfc, 0xaa, 0xaa,
    0x70, 0x5f, 0x30, 0x0, 0x0, 0x6, 0xf2, 0x0,
    0x0, 0x0, 0x7f, 0x15, 0x86, 0x10, 0x8, 0xf8,
    0xff, 0xff, 0x40, 0x6d, 0x81, 0x17, 0xfe, 0x0,
    0x0, 0x0, 0xc, 0xf3, 0x0, 0x0, 0x0, 0xbf,
    0x47, 0xd1, 0x0, 0x2f, 0xf0, 0x7f, 0xfa, 0xaf,
    0xf7, 0x0, 0x4c, 0xff, 0xc5, 0x0,

    /* U+0036 "6" */
    0x0, 0x0, 0x6f, 0xe3, 0x0, 0x0, 0x8, 0xfc,
    0x10, 0x0, 0x0, 0x5f, 0xc1, 0x0, 0x0, 0x0,
    0xef, 0x20, 0x0, 0x0, 0x7, 0xf7, 0x37, 0x61,
    0x0, 0xd, 0xf9, 0xff, 0xff, 0x50, 0xf, 0xf9,
    0x10, 0x6f, 0xe0, 0x1f, 0xf0, 0x0, 0xb, 0xf4,
    0xf, 0xe0, 0x0, 0xa, 0xf4, 0xb, 0xf3, 0x0,
    0xe, 0xf1, 0x2, 0xff, 0xa9, 0xef, 0x70, 0x0,
    0x3b, 0xff, 0xc5, 0x0,

    /* U+0037 "7" */
    0xff, 0xff, 0xff, 0xff, 0x3f, 0xd9, 0x99, 0x9e,
    0xf2, 0xfa, 0x0, 0x1, 0xfd, 0xc, 0x80, 0x0,
    0x8f, 0x60, 0x0, 0x0, 0xe, 0xf0, 0x0, 0x0,
    0x6, 0xf9, 0x0, 0x0, 0x0, 0xcf, 0x20, 0x0,
    0x0, 0x3f, 0xc0, 0x0, 0x0, 0xa, 0xf5, 0x0,
    0x0, 0x1, 0xfe, 0x0, 0x0, 0x0, 0x7f, 0x80,
    0x0, 0x0, 0xe, 0xf1, 0x0, 0x0,

    /* U+0038 "8" */
    0x0, 0x5c, 0xef, 0xd7, 0x0, 0x6, 0xfe, 0x99,
    0xdf, 0xa0, 0xc, 0xf3, 0x0, 0xe, 0xf0, 0xb,
    0xf1, 0x0, 0xd, 0xe0, 0x4, 0xfa, 0x32, 0x8f,
    0x60, 0x0, 0x4f, 0xff, 0xf6, 0x0, 0x6, 0xfc,
    0x66, 0xaf, 0x80, 0xf, 0xe0, 0x0, 0xc, 0xf3,
    0x2f, 0xc0, 0x0, 0x9, 0xf5, 0x1f, 0xf1, 0x0,
    0xd, 0xf4, 0x8, 0xfe, 0x99, 0xdf, 0xb0, 0x0,
    0x5c, 0xff, 0xd7, 0x0,

    /* U+0039 "9" */
    0x0, 0x3b, 0xff, 0xc4, 0x0, 0x4, 0xff, 0x99,
    0xef, 0x50, 0xe, 0xf2, 0x0, 0x1e, 0xe0, 0x1f,
    0xd0, 0x0, 0xb, 0xf2, 0x1f, 0xe0, 0x0, 0xc,
    0xf4, 0xc, 0xf9, 0x10, 0x7f, 0xf3, 0x3, 0xef,
    0xff, 0xae, 0xf0, 0x0, 0x15, 0x74, 0x4f, 0xa0,
    0x0, 0x0, 0x0, 0xdf, 0x20, 0x0, 0x0, 0xa,
    0xf8, 0x0, 0x0, 0x0, 0xaf, 0xb0, 0x0, 0x0,
    0x1c, 0xf9, 0x0, 0x0,

    /* U+003A ":" */
    0x2e, 0xf4, 0x5f, 0xf8, 0x1b, 0xb3, 0x0, 0x0,
    0x0, 0x0, 0x0, 0x0, 0x1a, 0xb3, 0x5f, 0xf8,
    0x2e, 0xf4,

    /* U+003B ";" */
    0x2e, 0xf4, 0x5f, 0xf8, 0x1b, 0xb3, 0x0, 0x0,
    0x0, 0x0, 0x0, 0x0, 0xf, 0xf9, 0x2f, 0xf2,
    0x4f, 0xb0, 0x7f, 0x50, 0xae, 0x0, 0x0, 0x0,

    /* U+003C "<" */
    0x0, 0x0, 0x0, 0x0, 0x0, 0x0, 0x0, 0x8b,
    0x0, 0x0, 0x6e, 0xf9, 0x0, 0x4c, 0xfd, 0x40,
    0x2b, 0xfe, 0x60, 0x0, 0x9f, 0x90, 0x0, 0x0,
    0x7f, 0xe6, 0x0, 0x0, 0x4, 0xdf, 0xd4, 0x0,
    0x0, 0x6, 0xef, 0xb2, 0x0, 0x0, 0x8, 0xfc,
    0x0, 0x0, 0x0, 0x27,

    /* U+003D "=" */
    0xff, 0xff, 0xff, 0xff, 0x27, 0x88, 0x88, 0x88,
    0x81, 0x0, 0x0, 0x0, 0x0, 0x7, 0x88, 0x88,
    0x88, 0x81, 0xff, 0xff, 0xff, 0xff, 0x20,

    /* U+003E ">" */
    0x0, 0x0, 0x0, 0x0, 0x89, 0x10, 0x0, 0x0,
    0x7f, 0xf7, 0x0, 0x0, 0x3, 0xcf, 0xe5, 0x0,
    0x0, 0x5, 0xdf, 0xc3, 0x0, 0x0, 0x6, 0xfc,
    0x0, 0x0, 0x4c, 0xfa, 0x0, 0x2b, 0xfe, 0x60,
    0x19, 0xff, 0x80, 0x0, 0x9f, 0xa1, 0x0, 0x0,
    0x53, 0x0, 0x0, 0x0,

    /* U+003F "?" */
    0x3, 0xbe, 0xeb, 0x40, 0x3f, 0xfb, 0xbf, 0xf3,
    0x8f, 0x30, 0x6, 0xfa, 0x1, 0x0, 0x3, 0xfb,
    0x0, 0x0, 0xa, 0xf7, 0x0, 0x1b, 0xef, 0xa0,
    0x0, 0x2f, 0xc3, 0x0, 0x0, 0x2f, 0xa0, 0x0,
    0x0, 0x0, 0x0, 0x0, 0x0, 0x3a, 0x80, 0x0,
    0x0, 0xaf, 0xf2, 0x0, 0x0, 0x6f, 0xd0, 0x0,

    /* U+0040 "@" */
    0x0, 0x2b, 0xff, 0xc5, 0x0, 0x1, 0xed, 0x75,
    0x9f, 0x60, 0x8, 0xe1, 0x0, 0x9, 0xd0, 0xd,
    0xa0, 0x5e, 0xd8, 0xf0, 0xf, 0x70, 0xeb, 0x3a,
    0xf1, 0x1f, 0x63, 0xf4, 0x5, 0xf2, 0x1f, 0x64,
    0xf3, 0x5, 0xf2, 0x1f, 0x63, 0xf4, 0x5, 0xf2,
    0xf, 0x70, 0xf8, 0x8, 0xf2, 0xd, 0x90, 0x6f,
    0xe9, 0xf2, 0x9, 0xf0, 0x0, 0x0, 0x10, 0x2,
    0xfc, 0x31, 0x10, 0x0, 0x0, 0x3d, 0xff, 0xfa,
    0x0, 0x0, 0x0, 0x23, 0x42, 0x0,

    /* U+0041 "A" */
    0x0, 0x5, 0xff, 0x80, 0x0, 0x0, 0xa, 0xff,
    0xd0, 0x0, 0x0, 0xe, 0xec, 0xf2, 0x0, 0x0,
    0x3f, 0xa7, 0xf6, 0x0, 0x0, 0x7f, 0x53, 0xfb,
    0x0, 0x0, 0xcf, 0x10, 0xef, 0x0, 0x1, 0xfc,
    0x0, 0xaf, 0x40, 0x5, 0xfd, 0x99, 0xcf, 0x90,
    0xa, 0xff, 0xff, 0xff, 0xd0, 0xe, 0xf0, 0x0,
    0xe, 0xf2, 0x3f, 0xb0, 0x0, 0x9, 0xf7, 0x8f,
    0x60, 0x0, 0x4, 0xfb,

    /* U+0042 "B" */
    0x9f, 0xff, 0xfd, 0x70, 0x9, 0xf9, 0x78, 0xdf,
    0x70, 0x9f, 0x40, 0x2, 0xfd, 0x9, 0xf4, 0x0,
    0x1f, 0xd0, 0x9f, 0x51, 0x28, 0xf6, 0x9, 0xff,
    0xff, 0xf8, 0x0, 0x9f, 0x74, 0x59, 0xfa, 0x9,
    0xf4, 0x0, 0xc, 0xf2, 0x9f, 0x40, 0x0, 0xaf,
    0x49, 0xf4, 0x0, 0xc, 0xf2, 0x9f, 0x97, 0x7b,
    0xfb, 0x9, 0xff, 0xff, 0xf9, 0x0,

    /* U+0043 "C" */
    0x0, 0x19, 0xef, 0xd7, 0x0, 0x0, 0xcf, 0xca,
    0xdf, 0x90, 0x6, 0xfa, 0x0, 0xd, 0xf2, 0xb,
    0xf3, 0x0, 0x3, 0x20, 0xe, 0xf1, 0x0, 0x0,
    0x0, 0xf, 0xf0, 0x0, 0x0, 0x0, 0xf, 0xf0,
    0x0, 0x0, 0x0, 0xe, 0xf1, 0x0, 0x0, 0x0,
    0xb, 0xf3, 0x0, 0x3, 0x20, 0x6, 0xfa, 0x0,
    0xd, 0xf2, 0x0, 0xcf, 0xc9, 0xdf, 0x90, 0x0,
    0x19, 0xef, 0xd7, 0x0,

    /* U+0044 "D" */
    0x9f, 0xff, 0xfb, 0x30, 0x9, 0xfa, 0x9b, 0xff,
    0x30, 0x9f, 0x40, 0x4, 0xfc, 0x9, 0xf4, 0x0,
    0xd, 0xf2, 0x9f, 0x40, 0x0, 0xaf, 0x49, 0xf4,
    0x0, 0x9, 0xf6, 0x9f, 0x40, 0x0, 0x9f, 0x69,
    0xf4, 0x0, 0xa, 0xf4, 0x9f, 0x40, 0x0, 0xdf,
    0x29, 0xf4, 0x0, 0x4f, 0xc0, 0x9f, 0xa9, 0xbf,
    0xf3, 0x9, 0xff, 0xff, 0xb3, 0x0,

    /* U+0045 "E" */
    0x8f, 0xff, 0xff, 0xfe, 0x8f, 0xb9, 0x99, 0x98,
    0x8f, 0x50, 0x0, 0x0, 0x8f, 0x50, 0x0, 0x0,
    0x8f, 0x50, 0x0, 0x0, 0x8f, 0xff, 0xff, 0xfb,
    0x8f, 0xb9, 0x99, 0x96, 0x8f, 0x50, 0x0, 0x0,
    0x8f, 0x50, 0x0, 0x0, 0x8f, 0x50, 0x0, 0x0,
    0x8f, 0xb9, 0x99, 0x98, 0x8f, 0xff, 0xff, 0xfe,

    /* U+0046 "F" */
    0x8f, 0xff, 0xff, 0xff, 0x18, 0xfb, 0x99, 0x99,
    0x90, 0x8f, 0x50, 0x0, 0x0, 0x8, 0xf5, 0x0,
    0x0, 0x0, 0x8f, 0x50, 0x0, 0x0, 0x8, 0xff,
    0xff, 0xff, 0x90, 0x8f, 0xb9, 0x99, 0x95, 0x8,
    0xf5, 0x0, 0x0, 0x0, 0x8f, 0x50, 0x0, 0x0,
    0x8, 0xf5, 0x0, 0x0, 0x0, 0x8f, 0x50, 0x0,
    0x0, 0x8, 0xf5, 0x0, 0x0, 0x0,

    /* U+0047 "G" */
    0x0, 0x2b, 0xef, 0xc4, 0x0, 0x1, 0xef, 0xba,
    0xff, 0x40, 0x9, 0xf7, 0x0, 0x3f, 0xd0, 0xe,
    0xf0, 0x0, 0x4, 0x10, 0x1f, 0xe0, 0x0, 0x0,
    0x0, 0x2f, 0xd0, 0x1, 0x22, 0x20, 0x2f, 0xd0,
    0xf, 0xff, 0xf0, 0x1f, 0xe0, 0x4, 0x5c, 0xf0,
    0xf, 0xf0, 0x0, 0xb, 0xf0, 0xb, 0xf7, 0x0,
    0x1f, 0xf0, 0x3, 0xff, 0xa9, 0xdc, 0xf0, 0x0,
    0x4d, 0xfc, 0x3b, 0xf0,

    /* U+0048 "H" */
    0xcf, 0x20, 0x0, 0xef, 0xcf, 0x20, 0x0, 0xef,
    0xcf, 0x20, 0x0, 0xef, 0xcf, 0x20, 0x0, 0xef,
    0xcf, 0x20, 0x0, 0xef, 0xcf, 0xff, 0xff, 0xff,
    0xcf, 0xa9, 0x99, 0xff, 0xcf, 0x20, 0x0, 0xef,
    0xcf, 0x20, 0x0, 0xef, 0xcf, 0x20, 0x0, 0xef,
    0xcf, 0x20, 0x0, 0xef, 0xcf, 0x20, 0x0, 0xef,

    /* U+0049 "I" */
    0xaf, 0xff, 0xff, 0xfd, 0x47, 0x7e, 0xf7, 0x76,
    0x0, 0xd, 0xf0, 0x0, 0x0, 0xd, 0xf0, 0x0,
    0x0, 0xd, 0xf0, 0x0, 0x0, 0xd, 0xf0, 0x0,
    0x0, 0xd, 0xf0, 0x0, 0x0, 0xd, 0xf0, 0x0,
    0x0, 0xd, 0xf0, 0x0, 0x0, 0xd, 0xf0, 0x0,
    0x47, 0x7e, 0xf7, 0x76, 0xaf, 0xff, 0xff, 0xfd,

    /* U+004A "J" */
    0xa, 0xff, 0xff, 0xf6, 0x6, 0x99, 0x9c, 0xf6,
    0x0, 0x0, 0x8, 0xf6, 0x0, 0x0, 0x8, 0xf6,
    0x0, 0x0, 0x8, 0xf6, 0x0, 0x0, 0x8, 0xf6,
    0x0, 0x0, 0x8, 0xf6, 0x0, 0x0, 0x8, 0xf6,
    0x3, 0x0, 0x8, 0xf5, 0xdf, 0x20, 0xc, 0xf4,
    0x6f, 0xea, 0xcf, 0xc0, 0x6, 0xdf, 0xe9, 0x10,

    /* U+004B "K" */
    0xaf, 0x30, 0x0, 0xbf, 0x70, 0xaf, 0x30, 0x7,
    0xfb, 0x0, 0xaf, 0x30, 0x4f, 0xd0, 0x0, 0xaf,
    0x31, 0xef, 0x20, 0x0, 0xaf, 0x4c, 0xf6, 0x0,
    0x0, 0xaf, 0xbf, 0xf3, 0x0, 0x0, 0xaf, 0xfd,
    0xfc, 0x0, 0x0, 0xaf, 0xd0, 0xcf, 0x60, 0x0,
    0xaf, 0x40, 0x3f, 0xe0, 0x0, 0xaf, 0x30, 0x9,
    0xf8, 0x0, 0xaf, 0x30, 0x1, 0xff, 0x20, 0xaf,
    0x30, 0x0, 0x7f, 0xb0,

    /* U+004C "L" */
    0x2f, 0xb0, 0x0, 0x0, 0x2, 0xfb, 0x0, 0x0,
    0x0, 0x2f, 0xb0, 0x0, 0x0, 0x2, 0xfb, 0x0,
    0x0, 0x0, 0x2f, 0xb0, 0x0, 0x0, 0x2, 0xfb,
    0x0, 0x0, 0x0, 0x2f, 0xb0, 0x0, 0x0, 0x2,
    0xfb, 0x0, 0x0, 0x0, 0x2f, 0xb0, 0x0, 0x0,
    0x2, 0xfb, 0x0, 0x0, 0x0, 0x2f, 0xe9, 0x99,
    0x99, 0x12, 0xff, 0xff, 0xff, 0xf2,

    /* U+004D "M" */
    0xf, 0xf7, 0x0, 0x2f, 0xf4, 0xf, 0xfd, 0x0,
    0x8f, 0xf4, 0xf, 0xef, 0x30, 0xee, 0xf4, 0xf,
    0x9e, 0x94, 0xf8, 0xf4, 0xf, 0x99, 0xfb, 0xc6,
    0xf4, 0xf, 0xa2, 0xff, 0x66, 0xf4, 0xf, 0xa0,
    0xcf, 0x7, 0xf4, 0xf, 0xa0, 0x69, 0x7, 0xf4,
    0xf, 0xa0, 0x13, 0x7, 0xf4, 0xf, 0xa0, 0x0,
    0x7, 0xf4, 0xf, 0xa0, 0x0, 0x7, 0xf4, 0xf,
    0xa0, 0x0, 0x7, 0xf4,

    /* U+004E "N" */
    0xcf, 0xd0, 0x0, 0xbf, 0xcf, 0xf3, 0x0, 0xbf,
    0xcf, 0xf9, 0x0, 0xbf, 0xce, 0xaf, 0x0, 0xbf,
    0xce, 0x4f, 0x50, 0xbf, 0xce, 0xe, 0xb0, 0xbf,
    0xce, 0x8, 0xf2, 0xbf, 0xce, 0x2, 0xf7, 0xbf,
    0xce, 0x0, 0xcd, 0xbf, 0xce, 0x0, 0x6f, 0xff,
    0xce, 0x0, 0x1f, 0xff, 0xce, 0x0, 0xa, 0xff,

    /* U+004F "O" */
    0x0, 0x2b, 0xff, 0xc4, 0x0, 0x2, 0xff, 0xba,
    0xff, 0x40, 0xa, 0xf6, 0x0, 0x3f, 0xd0, 0xf,
    0xf0, 0x0, 0xc, 0xf2, 0x2f, 0xd0, 0x0, 0xa,
    0xf5, 0x3f, 0xc0, 0x0, 0x9, 0xf6, 0x3f, 0xc0,
    0x0, 0x9, 0xf6, 0x2f, 0xd0, 0x0, 0xa, 0xf5,
    0xf, 0xf0, 0x0, 0xc, 0xf2, 0xa, 0xf6, 0x0,
    0x3f, 0xd0, 0x2, 0xff, 0xba, 0xff, 0x40, 0x0,
    0x2b, 0xff, 0xc4, 0x0,

    /* U+0050 "P" */
    0x9f, 0xff, 0xfe, 0xa1, 0x9, 0xfb, 0x99, 0xcf,
    0xc0, 0x9f, 0x50, 0x0, 0xcf, 0x39, 0xf5, 0x0,
    0xa, 0xf4, 0x9f, 0x50, 0x0, 0xdf, 0x39, 0xfb,
    0x99, 0xcf, 0xc0, 0x9f, 0xff, 0xfe, 0xa1, 0x9,
    0xf5, 0x0, 0x0, 0x0, 0x9f, 0x50, 0x0, 0x0,
    0x9, 0xf5, 0x0, 0x0, 0x0, 0x9f, 0x50, 0x0,
    0x0, 0x9, 0xf5, 0x0, 0x0, 0x0,

    /* U+0051 "Q" */
    0x0, 0x2b, 0xff, 0xc4, 0x0, 0x2, 0xef, 0xba,
    0xff, 0x40, 0xa, 0xf6, 0x0, 0x3f, 0xd0, 0xf,
    0xf0, 0x0, 0xc, 0xf2, 0x2f, 0xd0, 0x0, 0xa,
    0xf5, 0x3f, 0xc0, 0x0, 0x9, 0xf6, 0x3f, 0xc0,
    0x0, 0x9, 0xf7, 0x2f, 0xc0, 0x0, 0x9, 0xf6,
    0xf, 0xe0, 0x0, 0xb, 0xf4, 0xd, 0xf2, 0x0,
    0xe, 0xf0, 0x6, 0xfc, 0x32, 0xaf, 0x90, 0x0,
    0x9f, 0xff, 0xfc, 0x0, 0x0, 0x3, 0xdf, 0x40,
    0x0, 0x0, 0x0, 0xbf, 0x22, 0x10, 0x0, 0x0,
    0x5f, 0xff, 0x90, 0x0, 0x0, 0x2, 0x45, 0x30,

    /* U+0052 "R" */
    0x9f, 0xff, 0xfe, 0xa1, 0x9, 0xfb, 0x99, 0xcf,
    0xc0, 0x9f, 0x50, 0x0, 0xcf, 0x29, 0xf5, 0x0,
    0xa, 0xf4, 0x9f, 0x50, 0x0, 0xcf, 0x39, 0xfa,
    0x88, 0xbf, 0xc0, 0x9f, 0xff, 0xff, 0x91, 0x9,
    0xf5, 0xd, 0xf2, 0x0, 0x9f, 0x50, 0x5f, 0xa0,
    0x9, 0xf5, 0x0, 0xdf, 0x30, 0x9f, 0x50, 0x5,
    0xfb, 0x9, 0xf5, 0x0, 0xd, 0xf4,

    /* U+0053 "S" */
    0x0, 0x4b, 0xef, 0xd8, 0x10, 0x5, 0xff, 0xa9,
    0xdf, 0xd0, 0xc, 0xf4, 0x0, 0x7, 0x60, 0xd,
    0xf1, 0x0, 0x0, 0x0, 0xa, 0xf9, 0x10, 0x0,
    0x0, 0x2, 0xef, 0xfe, 0xa5, 0x0, 0x0, 0x6,
    0x9c, 0xff, 0x90, 0x0, 0x0, 0x0, 0x1e, 0xf2,
    0x0, 0x0, 0x0, 0xa, 0xf4, 0xb, 0x80, 0x0,
    0xe, 0xf2, 0x1c, 0xfe, 0xaa, 0xef, 0xa0, 0x0,
    0x7d, 0xfe, 0xc7, 0x0,

    /* U+0054 "T" */
    0x9f, 0xff, 0xff, 0xff, 0xfc, 0x59, 0x99, 0xff,
    0xa9, 0x97, 0x0, 0x0, 0xdf, 0x0, 0x0, 0x0,
    0x0, 0xdf, 0x0, 0x0, 0x0, 0x0, 0xdf, 0x0,
    0x0, 0x0, 0x0, 0xdf, 0x0, 0x0, 0x0, 0x0,
    0xdf, 0x0, 0x0, 0x0, 0x0, 0xdf, 0x0, 0x0,
    0x0, 0x0, 0xdf, 0x0, 0x0, 0x0, 0x0, 0xdf,
    0x0, 0x0, 0x0, 0x0, 0xdf, 0x0, 0x0, 0x0,
    0x0, 0xdf, 0x0, 0x0,

    /* U+0055 "U" */
    0xdf, 0x10, 0x0, 0xef, 0xd, 0xf1, 0x0, 0xe,
    0xf0, 0xdf, 0x10, 0x0, 0xef, 0xd, 0xf1, 0x0,
    0xe, 0xf0, 0xdf, 0x10, 0x0, 0xef, 0xd, 0xf1,
    0x0, 0xe, 0xf0, 0xdf, 0x10, 0x0, 0xef, 0xd,
    0xf1, 0x0, 0xe, 0xf0, 0xcf, 0x20, 0x0, 0xff,
    0x9, 0xf6, 0x0, 0x3f, 0xc0, 0x3f, 0xfa, 0x9e,
    0xf6, 0x0, 0x5c, 0xff, 0xd7, 0x0,

    /* U+0056 "V" */
    0x7f, 0x90, 0x0, 0x5, 0xfa, 0x2f, 0xd0, 0x0,
    0x9, 0xf5, 0xe, 0xf2, 0x0, 0xd, 0xf1, 0x9,
    0xf6, 0x0, 0x1f, 0xc0, 0x5, 0xfa, 0x0, 0x6f,
    0x80, 0x0, 0xfe, 0x0, 0xaf, 0x30, 0x0, 0xcf,
    0x20, 0xef, 0x0, 0x0, 0x7f, 0x62, 0xfa, 0x0,
    0x0, 0x3f, 0xa6, 0xf6, 0x0, 0x0, 0xe, 0xea,
    0xf1, 0x0, 0x0, 0xa, 0xff, 0xd0, 0x0, 0x0,
    0x5, 0xff, 0x80, 0x0,

    /* U+0057 "W" */
    0x8f, 0x10, 0x0, 0x0, 0xdb, 0x7f, 0x20, 0x0,
    0x0, 0xea, 0x6f, 0x30, 0x0, 0x0, 0xf9, 0x5f,
    0x40, 0xef, 0x20, 0xf8, 0x4f, 0x51, 0xff, 0x51,
    0xf7, 0x3f, 0x64, 0xfc, 0x82, 0xf6, 0x1f, 0x77,
    0xc9, 0xb3, 0xf5, 0xf, 0x8a, 0x96, 0xe4, 0xf3,
    0xf, 0x9d, 0x73, 0xf7, 0xf2, 0xe, 0xbf, 0x41,
    0xfb, 0xf1, 0xd, 0xff, 0x10, 0xef, 0xf0, 0xc,
    0xfe, 0x0, 0xbf, 0xf0,

    /* U+0058 "X" */
    0x2f, 0xe0, 0x0, 0x9, 0xf6, 0x9, 0xf8, 0x0,
    0x3f, 0xd0, 0x1, 0xef, 0x20, 0xcf, 0x40, 0x0,
    0x6f, 0xa4, 0xfa, 0x0, 0x0, 0xc, 0xfe, 0xf1,
    0x0, 0x0, 0x3, 0xff, 0x80, 0x0, 0x0, 0x6,
    0xff, 0xa0, 0x0, 0x0, 0x1e, 0xec, 0xf4, 0x0,
    0x0, 0x9f, 0x63, 0xfd, 0x0, 0x3, 0xfc, 0x0,
    0xaf, 0x60, 0xc, 0xf3, 0x0, 0x2f, 0xe1, 0x6f,
    0xa0, 0x0, 0x8, 0xf9,

    /* U+0059 "Y" */
    0x8f, 0x90, 0x0, 0x5, 0xfb, 0x1f, 0xf1, 0x0,
    0xd, 0xf3, 0x7, 0xf9, 0x0, 0x5f, 0xa0, 0x0,
    0xef, 0x10, 0xdf, 0x20, 0x0, 0x6f, 0x95, 0xf9,
    0x0, 0x0, 0xe, 0xfd, 0xf1, 0x0, 0x0, 0x6,
    0xff, 0x90, 0x0, 0x0, 0x0, 0xef, 0x10, 0x0,
    0x0, 0x0, 0xdf, 0x0, 0x0, 0x0, 0x0, 0xdf,
    0x0, 0x0, 0x0, 0x0, 0xdf, 0x0, 0x0, 0x0,
    0x0, 0xdf, 0x0, 0x0,

    /* U+005A "Z" */
    0xf, 0xff, 0xff, 0xff, 0xf2, 0x9, 0x99, 0x99,
    0xaf, 0xf1, 0x0, 0x0, 0x0, 0x9f, 0x90, 0x0,
    0x0, 0x4, 0xfd, 0x0, 0x0, 0x0, 0x1e, 0xf2,
    0x0, 0x0, 0x0, 0xbf, 0x60, 0x0, 0x0, 0x7,
    0xfb, 0x0, 0x0, 0x0, 0x3f, 0xe1, 0x0, 0x0,
    0x0, 0xdf, 0x40, 0x0, 0x0, 0x9, 0xf8, 0x0,
    0x0, 0x0, 0x2f, 0xfa, 0x99, 0x99, 0x93, 0x3f,
    0xff, 0xff, 0xff, 0xf6,

    /* U+005B "[" */
    0x7f, 0xff, 0xf9, 0x7f, 0x55, 0x53, 0x7f, 0x0,
    0x0, 0x7f, 0x0, 0x0, 0x7f, 0x0, 0x0, 0x7f,
    0x0, 0x0, 0x7f, 0x0, 0x0, 0x7f, 0x0, 0x0,
    0x7f, 0x0, 0x0, 0x7f, 0x0, 0x0, 0x7f, 0x0,
    0x0, 0x7f, 0x0, 0x0, 0x7f, 0x0, 0x0, 0x7f,
    0x11, 0x10, 0x7f, 0xff, 0xf9, 0x14, 0x44, 0x42,

    /* U+005C "\\" */
    0x6f, 0x30, 0x0, 0x0, 0x1f, 0x90, 0x0, 0x0,
    0xa, 0xf0, 0x0, 0x0, 0x4, 0xf5, 0x0, 0x0,
    0x0, 0xeb, 0x0, 0x0, 0x0, 0x8f, 0x10, 0x0,
    0x0, 0x3f, 0x70, 0x0, 0x0, 0xd, 0xd0, 0x0,
    0x0, 0x7, 0xf3, 0x0, 0x0, 0x1, 0xf9, 0x0,
    0x0, 0x0, 0xbe, 0x0, 0x0, 0x0, 0x5f, 0x40,
    0x0, 0x0, 0xe, 0xa0, 0x0, 0x0, 0x9, 0xf1,
    0x0, 0x0, 0x3, 0xf6, 0x0, 0x0, 0x0, 0x75,

    /* U+005D "]" */
    0x6f, 0xff, 0xfb, 0x25, 0x55, 0xeb, 0x0, 0x0,
    0xdb, 0x0, 0x0, 0xdb, 0x0, 0x0, 0xdb, 0x0,
    0x0, 0xdb, 0x0, 0x0, 0xdb, 0x0, 0x0, 0xdb,
    0x0, 0x0, 0xdb, 0x0, 0x0, 0xdb, 0x0, 0x0,
    0xdb, 0x0, 0x0, 0xdb, 0x0, 0x0, 0xdb, 0x1,
    0x11, 0xdb, 0x6f, 0xff, 0xfb, 0x14, 0x44, 0x42,

    /* U+005E "^" */
    0x0, 0x2, 0xff, 0x50, 0x0, 0x0, 0xb, 0xfe,
    0xd0, 0x0, 0x0, 0x3f, 0x87, 0xf6, 0x0, 0x0,
    0xbf, 0x10, 0xee, 0x0, 0x3, 0xf8, 0x0, 0x6f,
    0x70, 0xc, 0xe1, 0x0, 0xd, 0xe0, 0x2f, 0x70,
    0x0, 0x5, 0xf5, 0x1, 0x0, 0x0, 0x0, 0x20,

    /* U+005F "_" */
    0x99, 0x99, 0x99, 0x99, 0x1f, 0xff, 0xff, 0xff,
    0xf3,

    /* U+0060 "`" */
    0x0, 0x30, 0x0, 0xdf, 0x10, 0x4, 0xf8, 0x0,
    0x8, 0xc0, 0x0, 0x0, 0x0,

    /* U+0061 "a" */
    0x6, 0xdf, 0xea, 0x20, 0x7, 0xfb, 0x79, 0xfe,
    0x0, 0x17, 0x0, 0xa, 0xf4, 0x0, 0x0, 0x0,
    0x7f, 0x60, 0x18, 0xdf, 0xff, 0xf6, 0xb, 0xf7,
    0x32, 0x8f, 0x60, 0xee, 0x0, 0x7, 0xf6, 0xb,
    0xf6, 0x25, 0xcf, 0xa3, 0x1a, 0xef, 0xa1, 0xcf,
    0x80,

    /* U+0062 "b" */
    0xaf, 0x30, 0x0, 0x0, 0xa, 0xf3, 0x0, 0x0,
    0x0, 0xaf, 0x30, 0x0, 0x0, 0xa, 0xf3, 0x0,
    0x0, 0x0, 0xaf, 0x39, 0xfe, 0x90, 0xa, 0xfb,
    0xa9, 0xef, 0x90, 0xaf, 0x60, 0x1, 0xef, 0x1a,
    0xf3, 0x0, 0xa, 0xf4, 0xaf, 0x30, 0x0, 0xaf,
    0x5a, 0xf3, 0x0, 0xa, 0xf4, 0xaf, 0x60, 0x1,
    0xef, 0x1a, 0xfb, 0xa9, 0xef, 0xa0, 0xaf, 0x39,
    0xfe, 0x90, 0x0,

    /* U+0063 "c" */
    0x1, 0x9e, 0xfd, 0x60, 0xd, 0xfb, 0x9d, 0xf7,
    0x6f, 0x90, 0x0, 0x93, 0xaf, 0x40, 0x0, 0x0,
    0xbf, 0x30, 0x0, 0x0, 0xaf, 0x40, 0x0, 0x0,
    0x5f, 0x90, 0x0, 0x95, 0xc, 0xfb, 0x9c, 0xf9,
    0x1, 0x9e, 0xfd, 0x70,

    /* U+0064 "d" */
    0x0, 0x0, 0x0, 0xf, 0xd0, 0x0, 0x0, 0x0,
    0xfd, 0x0, 0x0, 0x0, 0xf, 0xd0, 0x0, 0x0,
    0x0, 0xfd, 0x0, 0x7e, 0xfb, 0x1f, 0xd0, 0x7f,
    0xf9, 0x9b, 0xfd, 0xe, 0xf3, 0x0, 0x2f, 0xd1,
    0xfd, 0x0, 0x0, 0xfd, 0x2f, 0xd0, 0x0, 0xf,
    0xd1, 0xfe, 0x0, 0x0, 0xfd, 0xe, 0xf3, 0x0,
    0x2f, 0xd0, 0x7f, 0xf9, 0x9b, 0xfd, 0x0, 0x7e,
    0xfb, 0x1f, 0xd0,

    /* U+0065 "e" */
    0x2, 0xae, 0xfc, 0x40, 0x1, 0xef, 0x87, 0xdf,
    0x30, 0x9f, 0x50, 0x1, 0xfc, 0xe, 0xf0, 0x0,
    0xc, 0xf1, 0xff, 0xff, 0xff, 0xff, 0x2e, 0xf3,
    0x33, 0x33, 0x30, 0x9f, 0x30, 0x0, 0x62, 0x1,
    0xef, 0xa8, 0xbf, 0xa0, 0x2, 0xae, 0xfd, 0x70,
    0x0,

    /* U+0066 "f" */
    0x0, 0x2, 0xdf, 0xff, 0x50, 0x0, 0xbf, 0x88,
    0x82, 0x0, 0xd, 0xf0, 0x0, 0x0, 0x0, 0xef,
    0x0, 0x0, 0xdf, 0xff, 0xff, 0xff, 0x56, 0x88,
    0xff, 0x88, 0x82, 0x0, 0xe, 0xf0, 0x0, 0x0,
    0x0, 0xef, 0x0, 0x0, 0x0, 0xe, 0xf0, 0x0,
    0x0, 0x0, 0xef, 0x0, 0x0, 0x0, 0xe, 0xf0,
    0x0, 0x5, 0x88, 0xff, 0x88, 0x70, 0xaf, 0xff,
    0xff, 0xff, 0x0,

    /* U+0067 "g" */
    0x0, 0x0, 0x0, 0x12, 0x10, 0x0, 0x0, 0x2f,
    0xf7, 0x0, 0x0, 0x19, 0x95, 0x20, 0x4b, 0xef,
    0xfc, 0x0, 0x3f, 0xc5, 0x5c, 0xf7, 0x7, 0xf4,
    0x0, 0x3f, 0x90, 0x5f, 0xa1, 0x19, 0xf5, 0x0,
    0x7f, 0xff, 0xf7, 0x0, 0xb, 0x72, 0x20, 0x0,
    0x6, 0xf1, 0x0, 0x0, 0x0, 0x4f, 0xc9, 0x99,
    0x72, 0x0, 0xbf, 0xff, 0xff, 0xf4, 0xcc, 0x0,
    0x0, 0x4f, 0xae, 0xe6, 0x55, 0x5a, 0xf7, 0x3b,
    0xef, 0xfe, 0xc6, 0x0,

    /* U+0068 "h" */
    0x9f, 0x40, 0x0, 0x0, 0x9f, 0x40, 0x0, 0x0,
    0x9f, 0x40, 0x0, 0x0, 0x9f, 0x40, 0x0, 0x0,
    0x9f, 0x5a, 0xfe, 0x70, 0x9f, 0xca, 0x9e, 0xf6,
    0x9f, 0x70, 0x3, 0xfb, 0x9f, 0x40, 0x0, 0xfd,
    0x9f, 0x40, 0x0, 0xfd, 0x9f, 0x40, 0x0, 0xfd,
    0x9f, 0x40, 0x0, 0xfd, 0x9f, 0x40, 0x0, 0xfd,
    0x9f, 0x40, 0x0, 0xfd,

    /* U+0069 "i" */
    0x0, 0x6, 0xfa, 0x0, 0x0, 0x0, 0x9f, 0xd0,
    0x0, 0x0, 0x1, 0x52, 0x0, 0x0, 0x0, 0x0,
    0x0, 0x0, 0x4f, 0xff, 0xf9, 0x0, 0x2, 0x88,
    0xaf, 0x90, 0x0, 0x0, 0x4, 0xf9, 0x0, 0x0,
    0x0, 0x4f, 0x90, 0x0, 0x0, 0x4, 0xf9, 0x0,
    0x0, 0x0, 0x4f, 0x90, 0x0, 0x0, 0x4, 0xf9,
    0x0, 0x2, 0x88, 0xaf, 0xc8, 0x82, 0x4f, 0xff,
    0xff, 0xff, 0x50,

    /* U+006A "j" */
    0x0, 0x0, 0x9f, 0x80, 0x0, 0xb, 0xfa, 0x0,
    0x0, 0x15, 0x10, 0x0, 0x0, 0x0, 0x7f, 0xff,
    0xff, 0x63, 0x88, 0x8b, 0xf6, 0x0, 0x0, 0x7f,
    0x60, 0x0, 0x7, 0xf6, 0x0, 0x0, 0x7f, 0x60,
    0x0, 0x7, 0xf6, 0x0, 0x0, 0x7f, 0x60, 0x0,
    0x7, 0xf6, 0x0, 0x0, 0x7f, 0x60, 0x0, 0x7,
    0xf6, 0x28, 0x88, 0xbf, 0x45, 0xff, 0xff, 0x90,

    /* U+006B "k" */
    0x8f, 0x50, 0x0, 0x0, 0x8, 0xf5, 0x0, 0x0,
    0x0, 0x8f, 0x50, 0x0, 0x0, 0x8, 0xf5, 0x0,
    0x0, 0x0, 0x8f, 0x50, 0x4, 0xfd, 0x18, 0xf5,
    0x4, 0xfd, 0x10, 0x8f, 0x54, 0xfd, 0x10, 0x8,
    0xf9, 0xff, 0x20, 0x0, 0x8f, 0xfe, 0xf9, 0x0,
    0x8, 0xfa, 0xc, 0xf5, 0x0, 0x8f, 0x50, 0x2f,
    0xe1, 0x8, 0xf5, 0x0, 0x6f, 0xc0, 0x8f, 0x50,
    0x0, 0xbf, 0x70,

    /* U+006C "l" */
    0xbf, 0xff, 0xf0, 0x0, 0x58, 0x8e, 0xf0, 0x0,
    0x0, 0xd, 0xf0, 0x0, 0x0, 0xd, 0xf0, 0x0,
    0x0, 0xd, 0xf0, 0x0, 0x0, 0xd, 0xf0, 0x0,
    0x0, 0xd, 0xf0, 0x0, 0x0, 0xd, 0xf0, 0x0,
    0x0, 0xd, 0xf0, 0x0, 0x0, 0xd, 0xf0, 0x0,
    0x0, 0xd, 0xf0, 0x0, 0x58, 0x8e, 0xf8, 0x87,
    0xbf, 0xff, 0xff, 0xff,

    /* U+006D "m" */
    0x4f, 0x7e, 0xe4, 0xaf, 0xb0, 0x4f, 0xb4, 0xef,
    0x69, 0xf4, 0x4f, 0x50, 0xbe, 0x2, 0xf6, 0x4f,
    0x50, 0xbe, 0x2, 0xf7, 0x4f, 0x50, 0xbe, 0x2,
    0xf7, 0x4f, 0x50, 0xbe, 0x2, 0xf7, 0x4f, 0x50,
    0xbe, 0x2, 0xf7, 0x4f, 0x50, 0xbe, 0x2, 0xf7,
    0x4f, 0x50, 0xbe, 0x2, 0xf7,

    /* U+006E "n" */
    0x9f, 0x5a, 0xfe, 0x70, 0x9f, 0xc7, 0x5c, 0xf6,
    0x9f, 0x60, 0x2, 0xfb, 0x9f, 0x40, 0x0, 0xfd,
    0x9f, 0x40, 0x0, 0xfd, 0x9f, 0x40, 0x0, 0xfd,
    0x9f, 0x40, 0x0, 0xfd, 0x9f, 0x40, 0x0, 0xfd,
    0x9f, 0x40, 0x0, 0xfd,

    /* U+006F "o" */
    0x0, 0x3b, 0xff, 0xc4, 0x0, 0x3, 0xff, 0x88,
    0xdf, 0x50, 0xb, 0xf3, 0x0, 0x1f, 0xe0, 0xf,
    0xe0, 0x0, 0xb, 0xf2, 0xf, 0xe0, 0x0, 0xa,
    0xf3, 0xf, 0xe0, 0x0, 0xb, 0xf2, 0xa, 0xf3,
    0x0, 0x1f, 0xe0, 0x2, 0xff, 0x98, 0xef, 0x50,
    0x0, 0x3b, 0xff, 0xc4, 0x0,

    /* U+0070 "p" */
    0xaf, 0x4a, 0xfe, 0x90, 0xa, 0xfc, 0x75, 0xbf,
    0x90, 0xaf, 0x40, 0x0, 0xef, 0x1a, 0xf3, 0x0,
    0xa, 0xf4, 0xaf, 0x30, 0x0, 0xaf, 0x5a, 0xf3,
    0x0, 0xa, 0xf4, 0xaf, 0x60, 0x1, 0xef, 0x1a,
    0xfb, 0xa9, 0xef, 0xa0, 0xaf, 0x39, 0xfe, 0x90,
    0xa, 0xf3, 0x0, 0x0, 0x0, 0xaf, 0x30, 0x0,
    0x0, 0xa, 0xf3, 0x0, 0x0, 0x0,

    /* U+0071 "q" */
    0x0, 0x7e, 0xfb, 0x1f, 0xd0, 0x7f, 0xf9, 0x9b,
    0xfd, 0xe, 0xf3, 0x0, 0x2f, 0xd1, 0xfd, 0x0,
    0x0, 0xfd, 0x2f, 0xd0, 0x0, 0xf, 0xd1, 0xfe,
    0x0, 0x0, 0xfd, 0xe, 0xf3, 0x0, 0x2f, 0xd0,
    0x7f, 0xf9, 0x9b, 0xfd, 0x0, 0x7e, 0xfb, 0x1f,
    0xd0, 0x0, 0x0, 0x0, 0xfd, 0x0, 0x0, 0x0,
    0xf, 0xd0, 0x0, 0x0, 0x0, 0xfd,

    /* U+0072 "r" */
    0xbf, 0xff, 0x74, 0xdf, 0x85, 0x8b, 0xf9, 0xfd,
    0xc6, 0x0, 0x6f, 0xe2, 0x0, 0x0, 0x6, 0xf9,
    0x0, 0x0, 0x0, 0x6f, 0x70, 0x0, 0x0, 0x6,
    0xf7, 0x0, 0x0, 0x0, 0x6f, 0x70, 0x0, 0x5,
    0x8b, 0xfb, 0x87, 0x0, 0xbf, 0xff, 0xff, 0xf0,
    0x0,

    /* U+0073 "s" */
    0x4, 0xbe, 0xfd, 0x81, 0x3f, 0xe7, 0x7a, 0xf9,
    0x7f, 0x50, 0x0, 0x20, 0x4f, 0xd7, 0x41, 0x0,
    0x7, 0xef, 0xff, 0xc2, 0x0, 0x1, 0x48, 0xfd,
    0x25, 0x0, 0x0, 0xee, 0xbf, 0xb7, 0x7b, 0xf9,
    0x7, 0xcf, 0xfd, 0x70,

    /* U+0074 "t" */
    0x0, 0x8, 0xf3, 0x0, 0x0, 0x0, 0x8f, 0x30,
    0x0, 0x0, 0x9, 0xf3, 0x0, 0x5, 0xff, 0xff,
    0xff, 0xff, 0x28, 0x8c, 0xf9, 0x88, 0x70, 0x0,
    0x9f, 0x30, 0x0, 0x0, 0x9, 0xf3, 0x0, 0x0,
    0x0, 0x9f, 0x30, 0x0, 0x0, 0x9, 0xf3, 0x0,
    0x0, 0x0, 0x9f, 0x30, 0x0, 0x0, 0x7, 0xf9,
    0x88, 0x70, 0x0, 0x1b, 0xff, 0xff,

    /* U+0075 "u" */
    0xaf, 0x30, 0x1, 0xfc, 0xaf, 0x30, 0x1, 0xfc,
    0xaf, 0x30, 0x1, 0xfc, 0xaf, 0x30, 0x1, 0xfc,
    0xaf, 0x30, 0x1, 0xfc, 0xaf, 0x30, 0x1, 0xfc,
    0x8f, 0x60, 0x4, 0xfc, 0x3f, 0xf9, 0x9b, 0xfc,
    0x5, 0xdf, 0xb2, 0xfc,

    /* U+0076 "v" */
    0xf, 0xe0, 0x0, 0xa, 0xf3, 0xa, 0xf3, 0x0,
    0xe, 0xd0, 0x5, 0xf8, 0x0, 0x4f, 0x80, 0x0,
    0xed, 0x0, 0x9f, 0x20, 0x0, 0x9f, 0x20, 0xec,
    0x0, 0x0, 0x4f, 0x73, 0xf7, 0x0, 0x0, 0xe,
    0xc8, 0xf1, 0x0, 0x0, 0x8, 0xfe, 0xc0, 0x0,
    0x0, 0x3, 0xff, 0x60, 0x0,

    /* U+0077 "w" */
    0x9f, 0x0, 0xdf, 0x10, 0xbc, 0x7f, 0x10, 0xff,
    0x40, 0xda, 0x5f, 0x33, 0xfb, 0x70, 0xf8, 0x2f,
    0x45, 0xc8, 0xa0, 0xf6, 0xf, 0x68, 0x96, 0xc2,
    0xf3, 0xe, 0x8b, 0x63, 0xf4, 0xf1, 0xc, 0xae,
    0x40, 0xf8, 0xf0, 0xa, 0xdf, 0x10, 0xed, 0xd0,
    0x8, 0xfe, 0x0, 0xbf, 0xb0,

    /* U+0078 "x" */
    0xb, 0xf6, 0x0, 0x1e, 0xe0, 0x1, 0xef, 0x20,
    0xbf, 0x30, 0x0, 0x5f, 0xc6, 0xf7, 0x0, 0x0,
    0xa, 0xff, 0xc0, 0x0, 0x0, 0x2, 0xff, 0x50,
    0x0, 0x0, 0xb, 0xff, 0xe1, 0x0, 0x0, 0x7f,
    0x76, 0xfa, 0x0, 0x3, 0xfc, 0x0, 0xbf, 0x60,
    0xd, 0xf2, 0x0, 0x1f, 0xf2,

    /* U+0079 "y" */
    0x2f, 0xc0, 0x0, 0x8, 0xf5, 0xb, 0xf2, 0x0,
    0xe, 0xe0, 0x4, 0xf9, 0x0, 0x4f, 0x80, 0x0,
    0xde, 0x0, 0xbf, 0x10, 0x0, 0x7f, 0x51, 0xfa,
    0x0, 0x0, 0x1f, 0xa6, 0xf4, 0x0, 0x0, 0xa,
    0xfd, 0xd0, 0x0, 0x0, 0x3, 0xff, 0x70, 0x0,
    0x0, 0x0, 0xef, 0x10, 0x0, 0x0, 0x3, 0xf9,
    0x0, 0x0, 0x5, 0x8b, 0xf3, 0x0, 0x0, 0xa,
    0xfe, 0x60, 0x0, 0x0,

    /* U+007A "z" */
    0x8f, 0xff, 0xff, 0xfb, 0x48, 0x88, 0x8c, 0xfa,
    0x0, 0x0, 0x4f, 0xd1, 0x0, 0x3, 0xfe, 0x20,
    0x0, 0x2e, 0xf2, 0x0, 0x1, 0xef, 0x30, 0x0,
    0x1d, 0xf5, 0x0, 0x0, 0xaf, 0xc8, 0x88, 0x87,
    0xbf, 0xff, 0xff, 0xfe,

    /* U+007B "{" */
    0x0, 0xb, 0xff, 0xf8, 0x0, 0x3f, 0x85, 0x52,
    0x0, 0x3f, 0x40, 0x0, 0x0, 0xf, 0x80, 0x0,
    0x0, 0x7, 0xf3, 0x0, 0x0, 0x0, 0xdb, 0x0,
    0x1, 0x14, 0xf9, 0x0, 0x4f, 0xff, 0x80, 0x0,
    0x14, 0x47, 0xf7, 0x0, 0x0, 0x0, 0xdb, 0x0,
    0x0, 0x5, 0xf5, 0x0, 0x0, 0xe, 0xb0, 0x0,
    0x0, 0x3f, 0x50, 0x0, 0x0, 0x3f, 0x51, 0x10,
    0x0, 0xe, 0xff, 0xf8, 0x0, 0x0, 0x34, 0x42,

    /* U+007C "|" */
    0xbe, 0xbe, 0xbe, 0xbe, 0xbe, 0xbe, 0xbe, 0xbe,
    0xbe, 0xbe, 0xbe, 0xbe, 0xbe, 0xbe, 0xbe, 0x34,

    /* U+007D "}" */
    0x4f, 0xff, 0xc1, 0x0, 0x15, 0x56, 0xf6, 0x0,
    0x0, 0x1, 0xf6, 0x0, 0x0, 0x6, 0xf3, 0x0,
    0x0, 0x1e, 0xa0, 0x0, 0x0, 0x7f, 0x10, 0x0,
    0x0, 0x6f, 0x61, 0x10, 0x0, 0x6, 0xef, 0xf8,
    0x0, 0x4f, 0x94, 0x42, 0x0, 0x8f, 0x0, 0x0,
    0x0, 0x2f, 0x80, 0x0, 0x0, 0x8, 0xf2, 0x0,
    0x0, 0x2, 0xf6, 0x0, 0x1, 0x12, 0xf6, 0x0,
    0x4f, 0xff, 0xf2, 0x0, 0x14, 0x43, 0x10, 0x0,

    /* U+007E "~" */
    0x1, 0xbf, 0xa0, 0x0, 0xb3, 0x9, 0xfa, 0xfa,
    0x4, 0xf2, 0xf, 0x70, 0x7f, 0xbe, 0xc0, 0x1a,
    0x20, 0x8, 0xfd, 0x20,

    /* U+00B0 "°" */
    0x0, 0x0, 0x0, 0x0, 0x8f, 0xfa, 0x10, 0x7f,
    0x65, 0xea, 0xd, 0x90, 0x6, 0xf0, 0xd8, 0x0,
    0x5f, 0x9, 0xe3, 0x2d, 0xc0, 0xb, 0xff, 0xd2,
    0x0, 0x2, 0x20, 0x0,

    /* U+00B7 "·" */
    0x1a, 0xb3, 0x5f, 0xf8, 0x2e, 0xf4,

    /* U+00C4 "Ä" */
    0x0, 0x1, 0x0, 0x10, 0x0, 0x0, 0x9f, 0x63,
    0xfd, 0x0, 0x0, 0x8f, 0x52, 0xfb, 0x0, 0x0,
    0x0, 0x0, 0x0, 0x0, 0x0, 0x5, 0xff, 0x80,
    0x0, 0x0, 0xa, 0xff, 0xd0, 0x0, 0x0, 0xe,
    0xec, 0xf2, 0x0, 0x0, 0x3f, 0xa7, 0xf6, 0x0,
    0x0, 0x7f, 0x53, 0xfb, 0x0, 0x0, 0xcf, 0x10,
    0xef, 0x0, 0x1, 0xfc, 0x0, 0xaf, 0x40, 0x5,
    0xfd, 0x99, 0xcf, 0x90, 0xa, 0xff, 0xff, 0xff,
    0xd0, 0xe, 0xf0, 0x0, 0xe, 0xf2, 0x3f, 0xb0,
    0x0, 0x9, 0xf7, 0x8f, 0x60, 0x0, 0x4, 0xfb,

    /* U+00D6 "Ö" */
    0x0, 0x8f, 0x52, 0xfb, 0x0, 0x0, 0x9f, 0x63,
    0xfd, 0x0, 0x0, 0x1, 0x0, 0x10, 0x0, 0x0,
    0x0, 0x0, 0x0, 0x0, 0x0, 0x2b, 0xff, 0xc4,
    0x0, 0x2, 0xff, 0xba, 0xff, 0x40, 0xa, 0xf6,
    0x0, 0x3f, 0xd0, 0xf, 0xf0, 0x0, 0xc, 0xf2,
    0x2f, 0xd0, 0x0, 0xa, 0xf5, 0x3f, 0xc0, 0x0,
    0x9, 0xf6, 0x3f, 0xc0, 0x0, 0x9, 0xf6, 0x2f,
    0xd0, 0x0, 0xa, 0xf5, 0xf, 0xf0, 0x0, 0xc,
    0xf2, 0xa, 0xf6, 0x0, 0x3f, 0xd0, 0x2, 0xff,
    0xba, 0xff, 0x40, 0x0, 0x2b, 0xff, 0xc4, 0x0,

    /* U+00DC "Ü" */
    0x8, 0xf5, 0x2f, 0xb0, 0x0, 0x9f, 0x63, 0xfd,
    0x0, 0x0, 0x10, 0x1, 0x0, 0x0, 0x0, 0x0,
    0x0, 0x0, 0xdf, 0x10, 0x0, 0xef, 0xd, 0xf1,
    0x0, 0xe, 0xf0, 0xdf, 0x10, 0x0, 0xef, 0xd,
    0xf1, 0x0, 0xe, 0xf0, 0xdf, 0x10, 0x0, 0xef,
    0xd, 0xf1, 0x0, 0xe, 0xf0, 0xdf, 0x10, 0x0,
    0xef, 0xd, 0xf1, 0x0, 0xe, 0xf0, 0xcf, 0x20,
    0x0, 0xff, 0x9, 0xf6, 0x0, 0x3f, 0xc0, 0x3f,
    0xfa, 0x9e, 0xf6, 0x0, 0x5c, 0xff, 0xd7, 0x0,

    /* U+00DF "ß" */
    0xb, 0xff, 0xf2, 0x0, 0x6, 0xf9, 0x77, 0x10,
    0x0, 0x9f, 0x40, 0x0, 0x0, 0x9, 0xf4, 0x0,
    0x0, 0x0, 0x9f, 0xff, 0xff, 0xff, 0x9, 0xf9,
    0x77, 0x7f, 0xe0, 0x9f, 0x40, 0x7, 0xf5, 0x9,
    0xf4, 0x3, 0xf9, 0x0, 0x9f, 0x40, 0xdd, 0x0,
    0x9, 0xf4, 0x5f, 0xc7, 0x0, 0x9f, 0x43, 0x9c,
    0xfe, 0x19, 0xf4, 0x0, 0x6, 0xf8, 0x9f, 0x40,
    0x0, 0x2f, 0xb0, 0x0, 0x0, 0x6, 0xf9, 0x0,
    0x6, 0x7a, 0xff, 0x20, 0x0, 0xdf, 0xd9, 0x20,

    /* U+00E4 "ä" */
    0xb, 0xf2, 0x5f, 0x80, 0x0, 0xcf, 0x36, 0xfa,
    0x0, 0x0, 0x10, 0x1, 0x0, 0x0, 0x0, 0x0,
    0x0, 0x0, 0x6, 0xdf, 0xea, 0x20, 0x7, 0xfb,
    0x79, 0xfe, 0x0, 0x17, 0x0, 0xa, 0xf4, 0x0,
    0x0, 0x0, 0x7f, 0x60, 0x18, 0xdf, 0xff, 0xf6,
    0xb, 0xf7, 0x32, 0x8f, 0x60, 0xee, 0x0, 0x7,
    0xf6, 0xb, 0xf6, 0x25, 0xcf, 0xa3, 0x1a, 0xef,
    0xa1, 0xcf, 0x80,

    /* U+00F6 "ö" */
    0x0, 0x8f, 0x52, 0xfb, 0x0, 0x0, 0x9f, 0x63,
    0xfd, 0x0, 0x0, 0x1, 0x0, 0x10, 0x0, 0x0,
    0x0, 0x0, 0x0, 0x0, 0x0, 0x3b, 0xff, 0xc4,
    0x0, 0x3, 0xff, 0x88, 0xdf, 0x50, 0xb, 0xf3,
    0x0, 0x1f, 0xe0, 0xf, 0xe0, 0x0, 0xb, 0xf2,
    0xf, 0xe0, 0x0, 0xa, 0xf3, 0xf, 0xe0, 0x0,
    0xb, 0xf2, 0xa, 0xf3, 0x0, 0x1f, 0xe0, 0x2,
    0xff, 0x98, 0xef, 0x50, 0x0, 0x3b, 0xff, 0xc4,
    0x0,

    /* U+00FC "ü" */
    0x8, 0xf5, 0x2f, 0xb0, 0x9, 0xf6, 0x3f, 0xd0,
    0x0, 0x10, 0x1, 0x0, 0x0, 0x0, 0x0, 0x0,
    0xaf, 0x30, 0x1, 0xfc, 0xaf, 0x30, 0x1, 0xfc,
    0xaf, 0x30, 0x1, 0xfc, 0xaf, 0x30, 0x1, 0xfc,
    0xaf, 0x30, 0x1, 0xfc, 0xaf, 0x30, 0x1, 0xfc,
    0x8f, 0x60, 0x4, 0xfc, 0x3f, 0xf9, 0x9b, 0xfc,
    0x5, 0xdf, 0xb2, 0xfc,

    /* U+0104 "Ą" */
    0x0, 0x5, 0xff, 0x80, 0x0, 0x0, 0x0, 0xae,
    0xcd, 0x0, 0x0, 0x0, 0xe, 0xa7, 0xf2, 0x0,
    0x0, 0x3, 0xf5, 0x3f, 0x60, 0x0, 0x0, 0x7f,
    0x10, 0xeb, 0x0, 0x0, 0xc, 0xc0, 0xa, 0xf0,
    0x0, 0x1, 0xfd, 0x99, 0xcf, 0x40, 0x0, 0x5f,
    0xff, 0xff, 0xf9, 0x0, 0xa, 0xf1, 0x0, 0xe,
    0xd0, 0x0, 0xed, 0x0, 0x0, 0xbf, 0x20, 0x3f,
    0x90, 0x0, 0x7, 0xf7, 0x8, 0xf6, 0x0, 0x0,
    0x3f, 0xb0, 0x0, 0x0, 0x0, 0x6, 0xa3, 0x0,
    0x0, 0x0, 0x5, 0xf2, 0x40, 0x0, 0x0, 0x0,
    0x2d, 0xfd, 0x10,

    /* U+0105 "ą" */
    0x7, 0xdf, 0xeb, 0x20, 0x6, 0xf9, 0x78, 0xfe,
    0x10, 0x1, 0x0, 0x7, 0xf4, 0x0, 0x7d, 0xff,
    0xff, 0x60, 0x9f, 0x93, 0x28, 0xf6, 0xe, 0xe0,
    0x0, 0x7f, 0x60, 0xef, 0x0, 0xa, 0xf6, 0x9,
    0xfa, 0x69, 0xbf, 0xd6, 0x1a, 0xee, 0x90, 0x9f,
    0x70, 0x0, 0x0, 0x2c, 0x60, 0x0, 0x0, 0xb,
    0xb2, 0x20, 0x0, 0x0, 0x6e, 0xf9,

    /* U+0106 "Ć" */
    0x0, 0x0, 0x0, 0x10, 0x0, 0x0, 0x0, 0x5,
    0xf5, 0x0, 0x0, 0x0, 0xd, 0xe1, 0x0, 0x0,
    0x0, 0x4f, 0x30, 0x0, 0x0, 0x0, 0x2, 0x0,
    0x0, 0x0, 0x19, 0xef, 0xd7, 0x0, 0x0, 0xcf,
    0xca, 0xdf, 0x90, 0x6, 0xfa, 0x0, 0xd, 0xf2,
    0xb, 0xf3, 0x0, 0x3, 0x20, 0xe, 0xf1, 0x0,
    0x0, 0x0, 0xf, 0xf0, 0x0, 0x0, 0x0, 0xf,
    0xf0, 0x0, 0x0, 0x0, 0xe, 0xf1, 0x0, 0x0,
    0x0, 0xb, 0xf3, 0x0, 0x3, 0x20, 0x6, 0xfa,
    0x0, 0xd, 0xf2, 0x0, 0xcf, 0xc9, 0xdf, 0x90,
    0x0, 0x19, 0xef, 0xd7, 0x0,

    /* U+0107 "ć" */
    0x0, 0x0, 0x12, 0x0, 0x0, 0x0, 0x8f, 0x30,
    0x0, 0x1, 0xfb, 0x0, 0x0, 0x6, 0xe1, 0x0,
    0x0, 0x0, 0x0, 0x0, 0x1, 0x9e, 0xfd, 0x60,
    0xd, 0xfb, 0x9d, 0xf7, 0x6f, 0x90, 0x0, 0x93,
    0xaf, 0x40, 0x0, 0x0, 0xbf, 0x30, 0x0, 0x0,
    0xaf, 0x40, 0x0, 0x0, 0x5f, 0x90, 0x0, 0x95,
    0xc, 0xfb, 0x9c, 0xf9, 0x1, 0x9e, 0xfd, 0x70,

    /* U+0108 "Ĉ" */
    0x0, 0x0, 0x58, 0x40, 0x0, 0x0, 0x3, 0xff,
    0xf2, 0x0, 0x0, 0xd, 0xd3, 0xec, 0x0, 0x0,
    0x4e, 0x20, 0x3e, 0x30, 0x0, 0x0, 0x0, 0x0,
    0x0, 0x0, 0x19, 0xef, 0xd7, 0x0, 0x0, 0xcf,
    0xca, 0xdf, 0x90, 0x6, 0xfa, 0x0, 0xd, 0xf2,
    0xb, 0xf3, 0x0, 0x3, 0x20, 0xe, 0xf1, 0x0,
    0x0, 0x0, 0xf, 0xf0, 0x0, 0x0, 0x0, 0xf,
    0xf0, 0x0, 0x0, 0x0, 0xe, 0xf1, 0x0, 0x0,
    0x0, 0xb, 0xf3, 0x0, 0x3, 0x20, 0x6, 0xfa,
    0x0, 0xd, 0xf2, 0x0, 0xcf, 0xc9, 0xdf, 0x90,
    0x0, 0x19, 0xef, 0xd7, 0x0,

    /* U+0109 "ĉ" */
    0x0, 0x6, 0x83, 0x0, 0x0, 0x5f, 0xfe, 0x10,
    0x2, 0xfb, 0x3e, 0xb0, 0x5, 0xb0, 0x3, 0xc1,
    0x0, 0x0, 0x0, 0x0, 0x1, 0x9e, 0xfd, 0x60,
    0xd, 0xfb, 0x9d, 0xf7, 0x6f, 0x90, 0x0, 0x93,
    0xaf, 0x40, 0x0, 0x0, 0xbf, 0x30, 0x0, 0x0,
    0xaf, 0x40, 0x0, 0x0, 0x5f, 0x90, 0x0, 0x95,
    0xc, 0xfb, 0x9c, 0xf9, 0x1, 0x9e, 0xfd, 0x70,

    /* U+010A "Ċ" */
    0x0, 0x0, 0x9f, 0x70, 0x0, 0x0, 0x0, 0xbf,
    0xa0, 0x0, 0x0, 0x0, 0x15, 0x10, 0x0, 0x0,
    0x0, 0x0, 0x0, 0x0, 0x0, 0x19, 0xef, 0xd7,
    0x0, 0x0, 0xcf, 0xca, 0xdf, 0x90, 0x6, 0xfa,
    0x0, 0xd, 0xf2, 0xb, 0xf3, 0x0, 0x3, 0x20,
    0xe, 0xf1, 0x0, 0x0, 0x0, 0xf, 0xf0, 0x0,
    0x0, 0x0, 0xf, 0xf0, 0x0, 0x0, 0x0, 0xe,
    0xf1, 0x0, 0x0, 0x0, 0xb, 0xf3, 0x0, 0x3,
    0x20, 0x6, 0xfa, 0x0, 0xd, 0xf2, 0x0, 0xcf,
    0xc9, 0xdf, 0x90, 0x0, 0x19, 0xef, 0xd7, 0x0,

    /* U+010B "ċ" */
    0x0, 0xb, 0xf5, 0x0, 0x0, 0xe, 0xf8, 0x0,
    0x0, 0x2, 0x50, 0x0, 0x0, 0x0, 0x0, 0x0,
    0x1, 0x9e, 0xfd, 0x60, 0xd, 0xfb, 0x9d, 0xf7,
    0x6f, 0x90, 0x0, 0x93, 0xaf, 0x40, 0x0, 0x0,
    0xbf, 0x30, 0x0, 0x0, 0xaf, 0x40, 0x0, 0x0,
    0x5f, 0x90, 0x0, 0x95, 0xc, 0xfb, 0x9c, 0xf9,
    0x1, 0x9e, 0xfd, 0x70,

    /* U+010C "Č" */
    0x0, 0x1, 0x0, 0x1, 0x0, 0x0, 0x4f, 0x40,
    0x5f, 0x30, 0x0, 0xa, 0xf8, 0xf9, 0x0, 0x0,
    0x0, 0xdf, 0xc0, 0x0, 0x0, 0x0, 0x0, 0x0,
    0x0, 0x0, 0x19, 0xef, 0xd7, 0x0, 0x0, 0xcf,
    0xca, 0xdf, 0x90, 0x6, 0xfa, 0x0, 0xd, 0xf2,
    0xb, 0xf3, 0x0, 0x3, 0x20, 0xe, 0xf1, 0x0,
    0x0, 0x0, 0xf, 0xf0, 0x0, 0x0, 0x0, 0xf,
    0xf0, 0x0, 0x0, 0x0, 0xe, 0xf1, 0x0, 0x0,
    0x0, 0xb, 0xf3, 0x0, 0x3, 0x20, 0x6, 0xfa,
    0x0, 0xd, 0xf2, 0x0, 0xcf, 0xc9, 0xdf, 0x90,
    0x0, 0x19, 0xef, 0xd7, 0x0,

    /* U+010D "č" */
    0x3, 0x80, 0x1, 0x80, 0x3, 0xfa, 0x1d, 0xc0,
    0x0, 0x6f, 0xfe, 0x20, 0x0, 0x6, 0x83, 0x0,
    0x0, 0x0, 0x0, 0x0, 0x1, 0x9e, 0xfd, 0x60,
    0xd, 0xfb, 0x9d, 0xf7, 0x6f, 0x90, 0x0, 0x93,
    0xaf, 0x40, 0x0, 0x0, 0xbf, 0x30, 0x0, 0x0,
    0xaf, 0x40, 0x0, 0x0, 0x5f, 0x90, 0x0, 0x95,
    0xc, 0xfb, 0x9c, 0xf9, 0x1, 0x9e, 0xfd, 0x70,

    /* U+010E "Ď" */
    0x1, 0x0, 0x1, 0x0, 0x0, 0xe8, 0x2, 0xd7,
    0x0, 0x6, 0xf9, 0xed, 0x0, 0x0, 0x9, 0xfe,
    0x20, 0x0, 0x0, 0x0, 0x0, 0x0, 0x9, 0xff,
    0xff, 0xb3, 0x0, 0x9f, 0xa9, 0xbf, 0xf3, 0x9,
    0xf4, 0x0, 0x4f, 0xc0, 0x9f, 0x40, 0x0, 0xdf,
    0x29, 0xf4, 0x0, 0xa, 0xf4, 0x9f, 0x40, 0x0,
    0x9f, 0x69, 0xf4, 0x0, 0x9, 0xf6, 0x9f, 0x40,
    0x0, 0xaf, 0x49, 0xf4, 0x0, 0xd, 0xf2, 0x9f,
    0x40, 0x4, 0xfc, 0x9, 0xfa, 0x9b, 0xff, 0x30,
    0x9f, 0xff, 0xfb, 0x30, 0x0,

    /* U+010F "ď" */
    0x0, 0x0, 0x0, 0xee, 0xf, 0xc0, 0x0, 0x0,
    0xe, 0xe0, 0xf8, 0x0, 0x0, 0x0, 0xee, 0xf,
    0x40, 0x0, 0x0, 0xe, 0xe0, 0x60, 0x1, 0xbf,
    0xd3, 0xee, 0x0, 0x0, 0xcf, 0xb8, 0xbe, 0xe0,
    0x0, 0x2f, 0xc0, 0x1, 0xfe, 0x0, 0x5, 0xf8,
    0x0, 0xe, 0xe0, 0x0, 0x5f, 0x80, 0x0, 0xee,
    0x0, 0x5, 0xf8, 0x0, 0xe, 0xe0, 0x0, 0x2f,
    0xc0, 0x1, 0xfe, 0x0, 0x0, 0xcf, 0xb8, 0xbe,
    0xe0, 0x0, 0x1, 0xbf, 0xd3, 0xee, 0x0, 0x0,

    /* U+0110 "Đ" */
    0x8, 0xff, 0xff, 0xb3, 0x0, 0x8, 0xfb, 0x9b,
    0xff, 0x30, 0x8, 0xf6, 0x0, 0x4f, 0xc0, 0x8,
    0xf6, 0x0, 0xd, 0xf2, 0x19, 0xf7, 0x21, 0xa,
    0xf4, 0xbf, 0xff, 0xf9, 0x9, 0xf6, 0x3a, 0xf9,
    0x52, 0x9, 0xf6, 0x8, 0xf6, 0x0, 0xa, 0xf4,
    0x8, 0xf6, 0x0, 0xd, 0xf2, 0x8, 0xf6, 0x0,
    0x4f, 0xc0, 0x8, 0xfb, 0x9b, 0xff, 0x30, 0x8,
    0xff, 0xff, 0xb3, 0x0,

    /* U+0111 "đ" */
    0x0, 0x0, 0x0, 0xf, 0xd0, 0x0, 0x0, 0x8f,
    0xff, 0xfe, 0x0, 0x0, 0x36, 0x6f, 0xe5, 0x0,
    0x0, 0x0, 0xf, 0xd0, 0x0, 0x7e, 0xfb, 0x1f,
    0xd0, 0x7, 0xff, 0x99, 0xbf, 0xd0, 0xe, 0xf3,
    0x0, 0x2f, 0xd0, 0x1f, 0xd0, 0x0, 0xf, 0xd0,
    0x2f, 0xd0, 0x0, 0xf, 0xd0, 0x1f, 0xe0, 0x0,
    0xf, 0xd0, 0xe, 0xf3, 0x0, 0x2f, 0xd0, 0x7,
    0xff, 0x99, 0xbf, 0xd0, 0x0, 0x7e, 0xfb, 0x1f,
    0xd0,

    /* U+0112 "Ē" */
    0x0, 0x11, 0x11, 0x10, 0x4, 0xff, 0xff, 0xa0,
    0x1, 0x44, 0x44, 0x30, 0x0, 0x0, 0x0, 0x0,
    0x8f, 0xff, 0xff, 0xfe, 0x8f, 0xb9, 0x99, 0x98,
    0x8f, 0x50, 0x0, 0x0, 0x8f, 0x50, 0x0, 0x0,
    0x8f, 0x50, 0x0, 0x0, 0x8f, 0xff, 0xff, 0xfb,
    0x8f, 0xb9, 0x99, 0x96, 0x8f, 0x50, 0x0, 0x0,
    0x8f, 0x50, 0x0, 0x0, 0x8f, 0x50, 0x0, 0x0,
    0x8f, 0xb9, 0x99, 0x98, 0x8f, 0xff, 0xff, 0xfe,

    /* U+0113 "ē" */
    0x5, 0xff, 0xff, 0x90, 0x0, 0x26, 0x66, 0x63,
    0x0, 0x0, 0x0, 0x0, 0x0, 0x0, 0x2a, 0xef,
    0xc4, 0x0, 0x1e, 0xf8, 0x7d, 0xf3, 0x9, 0xf5,
    0x0, 0x1f, 0xc0, 0xef, 0x0, 0x0, 0xcf, 0x1f,
    0xff, 0xff, 0xff, 0xf2, 0xef, 0x33, 0x33, 0x33,
    0x9, 0xf3, 0x0, 0x6, 0x20, 0x1e, 0xfa, 0x8b,
    0xfa, 0x0, 0x2a, 0xef, 0xd7, 0x0,

    /* U+0114 "Ĕ" */
    0x7, 0x80, 0x4, 0xb0, 0x6, 0xf5, 0x3d, 0xb0,
    0x0, 0xaf, 0xfd, 0x20, 0x0, 0x2, 0x30, 0x0,
    0x8f, 0xff, 0xff, 0xfe, 0x8f, 0xb9, 0x99, 0x98,
    0x8f, 0x50, 0x0, 0x0, 0x8f, 0x50, 0x0, 0x0,
    0x8f, 0x50, 0x0, 0x0, 0x8f, 0xff, 0xff, 0xfb,
    0x8f, 0xb9, 0x99, 0x96, 0x8f, 0x50, 0x0, 0x0,
    0x8f, 0x50, 0x0, 0x0, 0x8f, 0x50, 0x0, 0x0,
    0x8f, 0xb9, 0x99, 0x98, 0x8f, 0xff, 0xff, 0xfe,

    /* U+0115 "ĕ" */
    0x7, 0x70, 0x4, 0xa0, 0x0, 0x7f, 0x43, 0xeb,
    0x0, 0x0, 0xaf, 0xfd, 0x10, 0x0, 0x0, 0x23,
    0x0, 0x0, 0x2, 0xae, 0xfc, 0x40, 0x1, 0xef,
    0x87, 0xdf, 0x30, 0x9f, 0x50, 0x1, 0xfc, 0xe,
    0xf0, 0x0, 0xc, 0xf1, 0xff, 0xff, 0xff, 0xff,
    0x2e, 0xf3, 0x33, 0x33, 0x30, 0x9f, 0x30, 0x0,
    0x62, 0x1, 0xef, 0xa8, 0xbf, 0xa0, 0x2, 0xae,
    0xfd, 0x70, 0x0,

    /* U+0116 "Ė" */
    0x0, 0x3, 0x50, 0x0, 0x0, 0xf, 0xf5, 0x0,
    0x0, 0xd, 0xf3, 0x0, 0x0, 0x0, 0x0, 0x0,
    0x8f, 0xff, 0xff, 0xfe, 0x8f, 0xb9, 0x99, 0x98,
    0x8f, 0x50, 0x0, 0x0, 0x8f, 0x50, 0x0, 0x0,
    0x8f, 0x50, 0x0, 0x0, 0x8f, 0xff, 0xff, 0xfb,
    0x8f, 0xb9, 0x99, 0x96, 0x8f, 0x50, 0x0, 0x0,
    0x8f, 0x50, 0x0, 0x0, 0x8f, 0x50, 0x0, 0x0,
    0x8f, 0xb9, 0x99, 0x98, 0x8f, 0xff, 0xff, 0xfe,

    /* U+0117 "ė" */
    0x0, 0xd, 0xe3, 0x0, 0x0, 0x1, 0xff, 0x50,
    0x0, 0x0, 0x4, 0x50, 0x0, 0x0, 0x0, 0x0,
    0x0, 0x0, 0x2, 0xae, 0xfc, 0x40, 0x1, 0xef,
    0x87, 0xdf, 0x30, 0x9f, 0x50, 0x1, 0xfc, 0xe,
    0xf0, 0x0, 0xc, 0xf1, 0xff, 0xff, 0xff, 0xff,
    0x2e, 0xf3, 0x33, 0x33, 0x30, 0x9f, 0x30, 0x0,
    0x62, 0x1, 0xef, 0xa8, 0xbf, 0xa0, 0x2, 0xae,
    0xfd, 0x70, 0x0,

    /* U+0118 "Ę" */
    0x8f, 0xff, 0xff, 0xfe, 0x8, 0xfb, 0x99, 0x99,
    0x80, 0x8f, 0x50, 0x0, 0x0, 0x8, 0xf5, 0x0,
    0x0, 0x0, 0x8f, 0xb9, 0x99, 0x96, 0x8, 0xff,
    0xff, 0xff, 0xb0, 0x8f, 0x50, 0x0, 0x0, 0x8,
    0xf5, 0x0, 0x0, 0x0, 0x8f, 0x50, 0x0, 0x0,
    0x8, 0xf5, 0x0, 0x0, 0x0, 0x8f, 0xca, 0xaa,
    0xa9, 0x8, 0xff, 0xff, 0xff, 0xe0, 0x0, 0x0,
    0x7, 0xb2, 0x0, 0x0, 0x5, 0xf2, 0x40, 0x0,
    0x0, 0x2d, 0xfd, 0x10,

    /* U+0119 "ę" */
    0x2, 0xae, 0xfc, 0x50, 0x1, 0xed, 0x87, 0xbf,
    0x70, 0x9f, 0x10, 0x0, 0xdf, 0xe, 0xff, 0xff,
    0xff, 0xf2, 0xfe, 0x33, 0x33, 0x33, 0xe, 0xf0,
    0x0, 0x0, 0x0, 0x9f, 0x70, 0x0, 0xb5, 0x1,
    0xef, 0xb8, 0xdf, 0x80, 0x2, 0xae, 0xff, 0x60,
    0x0, 0x0, 0x2a, 0x30, 0x0, 0x0, 0xb, 0xb2,
    0x20, 0x0, 0x0, 0x6e, 0xe9, 0x0,

    /* U+011A "Ě" */
    0x0, 0x10, 0x0, 0x10, 0x8, 0xd1, 0x9, 0xd0,
    0x1, 0xed, 0xaf, 0x40, 0x0, 0x3f, 0xf8, 0x0,
    0x0, 0x0, 0x0, 0x0, 0x8f, 0xff, 0xff, 0xfe,
    0x8f, 0xb9, 0x99, 0x98, 0x8f, 0x50, 0x0, 0x0,
    0x8f, 0x50, 0x0, 0x0, 0x8f, 0x50, 0x0, 0x0,
    0x8f, 0xff, 0xff, 0xfb, 0x8f, 0xb9, 0x99, 0x96,
    0x8f, 0x50, 0x0, 0x0, 0x8f, 0x50, 0x0, 0x0,
    0x8f, 0x50, 0x0, 0x0, 0x8f, 0xb9, 0x99, 0x98,
    0x8f, 0xff, 0xff, 0xfe,

    /* U+011B "ě" */
    0x5, 0x60, 0x3, 0x70, 0x0, 0x6f, 0x73, 0xea,
    0x0, 0x0, 0x9f, 0xfc, 0x0, 0x0, 0x0, 0x78,
    0x10, 0x0, 0x0, 0x0, 0x0, 0x0, 0x0, 0x2a,
    0xef, 0xc4, 0x0, 0x1e, 0xf8, 0x7d, 0xf3, 0x9,
    0xf5, 0x0, 0x1f, 0xc0, 0xef, 0x0, 0x0, 0xcf,
    0x1f, 0xff, 0xff, 0xff, 0xf2, 0xef, 0x33, 0x33,
    0x33, 0x9, 0xf3, 0x0, 0x6, 0x20, 0x1e, 0xfa,
    0x8b, 0xfa, 0x0, 0x2a, 0xef, 0xd7, 0x0,

    /* U+011C "Ĝ" */
    0x0, 0x0, 0x78, 0x20, 0x0, 0x0, 0x7, 0xff,
    0xc0, 0x0, 0x0, 0x3f, 0xa6, 0xf7, 0x0, 0x0,
    0x8b, 0x0, 0x7d, 0x0, 0x0, 0x0, 0x0, 0x0,
    0x0, 0x0, 0x2b, 0xef, 0xc4, 0x0, 0x1, 0xef,
    0xba, 0xff, 0x40, 0x9, 0xf7, 0x0, 0x3f, 0xd0,
    0xe, 0xf0, 0x0, 0x4, 0x10, 0x1f, 0xe0, 0x0,
    0x0, 0x0, 0x2f, 0xd0, 0x1, 0x22, 0x20, 0x2f,
    0xd0, 0xf, 0xff, 0xf0, 0x1f, 0xe0, 0x4, 0x5c,
    0xf0, 0xf, 0xf0, 0x0, 0xb, 0xf0, 0xb, 0xf7,
    0x0, 0x1f, 0xf0, 0x3, 0xff, 0xa9, 0xdc, 0xf0,
    0x0, 0x4d, 0xfc, 0x3b, 0xf0,

    /* U+011D "ĝ" */
    0x0, 0x2f, 0xf5, 0x0, 0x0, 0xd, 0xfe, 0xe1,
    0x0, 0x8, 0xf4, 0x2f, 0xb0, 0x0, 0x66, 0x0,
    0x48, 0x0, 0x0, 0x0, 0x0, 0x0, 0x0, 0x4b,
    0xef, 0xff, 0xfa, 0x3f, 0xc5, 0x5c, 0xfa, 0x57,
    0xf4, 0x0, 0x3f, 0x80, 0x5f, 0xa1, 0x19, 0xf7,
    0x0, 0x7f, 0xff, 0xf9, 0x0, 0xb, 0x72, 0x20,
    0x0, 0x6, 0xf1, 0x0, 0x0, 0x0, 0x4f, 0xc9,
    0x99, 0x72, 0x0, 0xbf, 0xff, 0xff, 0xf4, 0xcc,
    0x0, 0x0, 0x4f, 0xae, 0xe6, 0x55, 0x5a, 0xf7,
    0x3b, 0xef, 0xfe, 0xc6, 0x0,

    /* U+011E "Ğ" */
    0x0, 0x78, 0x0, 0x4b, 0x0, 0x0, 0x7f, 0x53,
    0xeb, 0x0, 0x0, 0xa, 0xff, 0xd2, 0x0, 0x0,
    0x0, 0x23, 0x0, 0x0, 0x0, 0x2b, 0xef, 0xc4,
    0x0, 0x1, 0xef, 0xba, 0xff, 0x40, 0x9, 0xf7,
    0x0, 0x3f, 0xd0, 0xe, 0xf0, 0x0, 0x4, 0x10,
    0x1f, 0xe0, 0x0, 0x0, 0x0, 0x2f, 0xd0, 0x1,
    0x22, 0x20, 0x2f, 0xd0, 0xf, 0xff, 0xf0, 0x1f,
    0xe0, 0x4, 0x5c, 0xf0, 0xf, 0xf0, 0x0, 0xb,
    0xf0, 0xb, 0xf7, 0x0, 0x1f, 0xf0, 0x3, 0xff,
    0xa9, 0xdc, 0xf0, 0x0, 0x4d, 0xfc, 0x3b, 0xf0,

    /* U+011F "ğ" */
    0x8, 0x70, 0x4, 0xa0, 0x0, 0x7f, 0x43, 0xea,
    0x0, 0x0, 0xbf, 0xfd, 0x10, 0x0, 0x0, 0x23,
    0x0, 0x0, 0x0, 0x0, 0x0, 0x0, 0x0, 0x4b,
    0xef, 0xff, 0xfa, 0x3f, 0xc5, 0x5c, 0xfa, 0x57,
    0xf4, 0x0, 0x3f, 0x80, 0x5f, 0xa1, 0x19, 0xf7,
    0x0, 0x7f, 0xff, 0xf9, 0x0, 0xb, 0x72, 0x20,
    0x0, 0x6, 0xf1, 0x0, 0x0, 0x0, 0x4f, 0xc9,
    0x99, 0x72, 0x0, 0xbf, 0xff, 0xff, 0xf4, 0xcc,
    0x0, 0x0, 0x4f, 0xae, 0xe6, 0x55, 0x5a, 0xf7,
    0x3b, 0xef, 0xfe, 0xc6, 0x0,

    /* U+0120 "Ġ" */
    0x0, 0x0, 0xdf, 0x30, 0x0, 0x0, 0x1, 0xff,
    0x50, 0x0, 0x0, 0x0, 0x35, 0x0, 0x0, 0x0,
    0x0, 0x0, 0x0, 0x0, 0x0, 0x2b, 0xef, 0xc4,
    0x0, 0x1, 0xef, 0xba, 0xff, 0x40, 0x9, 0xf7,
    0x0, 0x3f, 0xd0, 0xe, 0xf0, 0x0, 0x4, 0x10,
    0x1f, 0xe0, 0x0, 0x0, 0x0, 0x2f, 0xd0, 0x1,
    0x22, 0x20, 0x2f, 0xd0, 0xf, 0xff, 0xf0, 0x1f,
    0xe0, 0x4, 0x5c, 0xf0, 0xf, 0xf0, 0x0, 0xb,
    0xf0, 0xb, 0xf7, 0x0, 0x1f, 0xf0, 0x3, 0xff,
    0xa9, 0xdc, 0xf0, 0x0, 0x4d, 0xfc, 0x3b, 0xf0,

    /* U+0121 "ġ" */
    0x0, 0x1e, 0xe2, 0x0, 0x0, 0x2, 0xff, 0x41,
    0x21, 0x0, 0x4, 0x42, 0xff, 0x70, 0x0, 0x1,
    0x99, 0x52, 0x4, 0xbe, 0xff, 0xc0, 0x3, 0xfc,
    0x55, 0xcf, 0x70, 0x7f, 0x40, 0x3, 0xf9, 0x5,
    0xfa, 0x11, 0x9f, 0x50, 0x7, 0xff, 0xff, 0x70,
    0x0, 0xb7, 0x22, 0x0, 0x0, 0x6f, 0x10, 0x0,
    0x0, 0x4, 0xfc, 0x99, 0x97, 0x20, 0xb, 0xff,
    0xff, 0xff, 0x4c, 0xc0, 0x0, 0x4, 0xfa, 0xee,
    0x65, 0x55, 0xaf, 0x73, 0xbe, 0xff, 0xec, 0x60,

    /* U+0122 "Ģ" */
    0x0, 0x2b, 0xef, 0xc4, 0x0, 0x1, 0xef, 0xba,
    0xff, 0x40, 0x9, 0xf7, 0x0, 0x3f, 0xd0, 0xe,
    0xf0, 0x0, 0x4, 0x10, 0x1f, 0xe0, 0x0, 0x0,
    0x0, 0x2f, 0xd0, 0x1, 0x22, 0x20, 0x2f, 0xd0,
    0xf, 0xff, 0xf0, 0x1f, 0xe0, 0x4, 0x5c, 0xf0,
    0xf, 0xf0, 0x0, 0xb, 0xf0, 0xb, 0xf7, 0x0,
    0x1f, 0xf0, 0x3, 0xff, 0xa9, 0xdc, 0xf0, 0x0,
    0x4d, 0xfc, 0x3b, 0xf0, 0x0, 0x0, 0x0, 0x0,
    0x0, 0x0, 0x0, 0xff, 0x0, 0x0, 0x0, 0x2,
    0xf9, 0x0, 0x0, 0x0, 0x4, 0xf3, 0x0, 0x0,
    0x0, 0x2, 0x60, 0x0, 0x0,

    /* U+0123 "ģ" */
    0x0, 0x0, 0xe7, 0x0, 0x0, 0x0, 0x5f, 0x50,
    0x0, 0x0, 0xb, 0xf3, 0x12, 0x10, 0x0, 0x66,
    0x3f, 0xf7, 0x0, 0x0, 0x19, 0x95, 0x20, 0x4b,
    0xef, 0xfc, 0x0, 0x3f, 0xc5, 0x5c, 0xf7, 0x7,
    0xf4, 0x0, 0x3f, 0x90, 0x5f, 0xa1, 0x19, 0xf5,
    0x0, 0x7f, 0xff, 0xf7, 0x0, 0xb, 0x72, 0x20,
    0x0, 0x6, 0xf1, 0x0, 0x0, 0x0, 0x4f, 0xc9,
    0x99, 0x72, 0x0, 0xbf, 0xff, 0xff, 0xf4, 0xcc,
    0x0, 0x0, 0x4f, 0xae, 0xe6, 0x55, 0x5a, 0xf7,
    0x3b, 0xef, 0xfe, 0xc6, 0x0,

    /* U+0124 "Ĥ" */
    0x0, 0x4f, 0xf7, 0x0, 0x2, 0xeb, 0xaf, 0x40,
    0x9, 0xb0, 0x9, 0xc0, 0x0, 0x0, 0x0, 0x0,
    0xcf, 0x20, 0x0, 0xef, 0xcf, 0x20, 0x0, 0xef,
    0xcf, 0x20, 0x0, 0xef, 0xcf, 0x20, 0x0, 0xef,
    0xcf, 0x20, 0x0, 0xef, 0xcf, 0xff, 0xff, 0xff,
    0xcf, 0xa9, 0x99, 0xff, 0xcf, 0x20, 0x0, 0xef,
    0xcf, 0x20, 0x0, 0xef, 0xcf, 0x20, 0x0, 0xef,
    0xcf, 0x20, 0x0, 0xef, 0xcf, 0x20, 0x0, 0xef,

    /* U+0125 "ĥ" */
    0x0, 0x68, 0x40, 0x0, 0x0, 0x6, 0xfe, 0xf2,
    0x0, 0x0, 0x4f, 0x81, 0xce, 0x10, 0x0, 0x15,
    0x0, 0x6, 0x0, 0x0, 0x0, 0x9f, 0x40, 0x0,
    0x0, 0x0, 0x9f, 0x40, 0x0, 0x0, 0x0, 0x9f,
    0x40, 0x0, 0x0, 0x0, 0x9f, 0x40, 0x0, 0x0,
    0x0, 0x9f, 0x5a, 0xfe, 0x70, 0x0, 0x9f, 0xca,
    0x9e, 0xf6, 0x0, 0x9f, 0x70, 0x3, 0xfb, 0x0,
    0x9f, 0x40, 0x0, 0xfd, 0x0, 0x9f, 0x40, 0x0,
    0xfd, 0x0, 0x9f, 0x40, 0x0, 0xfd, 0x0, 0x9f,
    0x40, 0x0, 0xfd, 0x0, 0x9f, 0x40, 0x0, 0xfd,
    0x0, 0x9f, 0x40, 0x0, 0xfd,

    /* U+0126 "Ħ" */
    0xc, 0xf2, 0x0, 0xe, 0xf0, 0x1, 0xcf, 0x32,
    0x22, 0xef, 0x20, 0xdf, 0xff, 0xff, 0xff, 0xff,
    0x14, 0xdf, 0x65, 0x55, 0xff, 0x50, 0xc, 0xf2,
    0x0, 0xe, 0xf0, 0x0, 0xcf, 0xff, 0xff, 0xff,
    0x0, 0xc, 0xfa, 0x99, 0x9f, 0xf0, 0x0, 0xcf,
    0x20, 0x0, 0xef, 0x0, 0xc, 0xf2, 0x0, 0xe,
    0xf0, 0x0, 0xcf, 0x20, 0x0, 0xef, 0x0, 0xc,
    0xf2, 0x0, 0xe, 0xf0, 0x0, 0xcf, 0x20, 0x0,
    0xef, 0x0,

    /* U+0127 "ħ" */
    0x9, 0xf4, 0x0, 0x0, 0x9, 0xff, 0xff, 0xc0,
    0x0, 0x3b, 0xf8, 0x64, 0x0, 0x0, 0x9f, 0x40,
    0x0, 0x0, 0x9, 0xf5, 0xaf, 0xe7, 0x0, 0x9f,
    0xca, 0x9e, 0xf6, 0x9, 0xf7, 0x0, 0x3f, 0xb0,
    0x9f, 0x40, 0x0, 0xfd, 0x9, 0xf4, 0x0, 0xf,
    0xd0, 0x9f, 0x40, 0x0, 0xfd, 0x9, 0xf4, 0x0,
    0xf, 0xd0, 0x9f, 0x40, 0x0, 0xfd, 0x9, 0xf4,
    0x0, 0xf, 0xd0,

    /* U+0128 "Ĩ" */
    0x0, 0x11, 0x11, 0x0, 0xa, 0xff, 0xff, 0xc0,
    0x1, 0x44, 0x44, 0x10, 0x0, 0x0, 0x0, 0x0,
    0xaf, 0xff, 0xff, 0xfd, 0x47, 0x7e, 0xf7, 0x76,
    0x0, 0xd, 0xf0, 0x0, 0x0, 0xd, 0xf0, 0x0,
    0x0, 0xd, 0xf0, 0x0, 0x0, 0xd, 0xf0, 0x0,
    0x0, 0xd, 0xf0, 0x0, 0x0, 0xd, 0xf0, 0x0,
    0x0, 0xd, 0xf0, 0x0, 0x0, 0xd, 0xf0, 0x0,
    0x47, 0x7e, 0xf7, 0x76, 0xaf, 0xff, 0xff, 0xfd,

    /* U+0129 "ĩ" */
    0x0, 0xbf, 0x92, 0x31, 0x0, 0x1b, 0x7d, 0xff,
    0x60, 0x0, 0x0, 0x5, 0x40, 0x0, 0x0, 0x0,
    0x0, 0x0, 0x4f, 0xff, 0xf9, 0x0, 0x2, 0x88,
    0xaf, 0x90, 0x0, 0x0, 0x4, 0xf9, 0x0, 0x0,
    0x0, 0x4f, 0x90, 0x0, 0x0, 0x4, 0xf9, 0x0,
    0x0, 0x0, 0x4f, 0x90, 0x0, 0x0, 0x4, 0xf9,
    0x0, 0x2, 0x88, 0xaf, 0xc8, 0x82, 0x4f, 0xff,
    0xff, 0xff, 0x50,

    /* U+012A "Ī" */
    0x0, 0x11, 0x11, 0x0, 0x5, 0xff, 0xff, 0x90,
    0x1, 0x44, 0x44, 0x20, 0x0, 0x0, 0x0, 0x0,
    0xaf, 0xff, 0xff, 0xfd, 0x47, 0x7e, 0xf7, 0x76,
    0x0, 0xd, 0xf0, 0x0, 0x0, 0xd, 0xf0, 0x0,
    0x0, 0xd, 0xf0, 0x0, 0x0, 0xd, 0xf0, 0x0,
    0x0, 0xd, 0xf0, 0x0, 0x0, 0xd, 0xf0, 0x0,
    0x0, 0xd, 0xf0, 0x0, 0x0, 0xd, 0xf0, 0x0,
    0x47, 0x7e, 0xf7, 0x76, 0xaf, 0xff, 0xff, 0xfd,

    /* U+012B "ī" */
    0x0, 0xdf, 0xff, 0xf1, 0x0, 0x5, 0x66, 0x66,
    0x0, 0x0, 0x0, 0x0, 0x0, 0x4, 0xff, 0xff,
    0x90, 0x0, 0x28, 0x8a, 0xf9, 0x0, 0x0, 0x0,
    0x4f, 0x90, 0x0, 0x0, 0x4, 0xf9, 0x0, 0x0,
    0x0, 0x4f, 0x90, 0x0, 0x0, 0x4, 0xf9, 0x0,
    0x0, 0x0, 0x4f, 0x90, 0x0, 0x28, 0x8a, 0xfc,
    0x88, 0x24, 0xff, 0xff, 0xff, 0xf5,

    /* U+012C "Ĭ" */
    0x8, 0x70, 0x5, 0xa0, 0x7, 0xf5, 0x3e, 0xa0,
    0x0, 0xbf, 0xfd, 0x10, 0x0, 0x3, 0x30, 0x0,
    0xaf, 0xff, 0xff, 0xfd, 0x47, 0x7e, 0xf7, 0x76,
    0x0, 0xd, 0xf0, 0x0, 0x0, 0xd, 0xf0, 0x0,
    0x0, 0xd, 0xf0, 0x0, 0x0, 0xd, 0xf0, 0x0,
    0x0, 0xd, 0xf0, 0x0, 0x0, 0xd, 0xf0, 0x0,
    0x0, 0xd, 0xf0, 0x0, 0x0, 0xd, 0xf0, 0x0,
    0x47, 0x7e, 0xf7, 0x76, 0xaf, 0xff, 0xff, 0xfd,

    /* U+012D "ĭ" */
    0x2, 0xc1, 0x0, 0xa5, 0x0, 0xe, 0xb2, 0x8f,
    0x30, 0x0, 0x4e, 0xff, 0x70, 0x0, 0x0, 0x3,
    0x10, 0x0, 0x4f, 0xff, 0xf9, 0x0, 0x2, 0x88,
    0xaf, 0x90, 0x0, 0x0, 0x4, 0xf9, 0x0, 0x0,
    0x0, 0x4f, 0x90, 0x0, 0x0, 0x4, 0xf9, 0x0,
    0x0, 0x0, 0x4f, 0x90, 0x0, 0x0, 0x4, 0xf9,
    0x0, 0x2, 0x88, 0xaf, 0xc8, 0x82, 0x4f, 0xff,
    0xff, 0xff, 0x50,

    /* U+012E "Į" */
    0xaf, 0xff, 0xff, 0xfd, 0x4, 0x77, 0xef, 0x77,
    0x60, 0x0, 0xd, 0xf0, 0x0, 0x0, 0x0, 0xdf,
    0x0, 0x0, 0x0, 0xd, 0xf0, 0x0, 0x0, 0x0,
    0xdf, 0x0, 0x0, 0x0, 0xd, 0xf0, 0x0, 0x0,
    0x0, 0xdf, 0x0, 0x0, 0x0, 0xd, 0xf0, 0x0,
    0x0, 0x0, 0xdf, 0x0, 0x0, 0x47, 0x7e, 0xf8,
    0x76, 0xa, 0xff, 0xff, 0xff, 0xd0, 0x0, 0x0,
    0x7, 0xa2, 0x0, 0x0, 0x5, 0xf2, 0x30, 0x0,
    0x0, 0x3d, 0xfc, 0x10,

    /* U+012F "į" */
    0x0, 0x6, 0xfa, 0x0, 0x0, 0x0, 0x9f, 0xd0,
    0x0, 0x0, 0x1, 0x52, 0x0, 0x0, 0x0, 0x0,
    0x0, 0x0, 0x4f, 0xff, 0xf9, 0x0, 0x2, 0x88,
    0xaf, 0x90, 0x0, 0x0, 0x4, 0xf9, 0x0, 0x0,
    0x0, 0x4f, 0x90, 0x0, 0x0, 0x4, 0xf9, 0x0,
    0x0, 0x0, 0x4f, 0x90, 0x0, 0x0, 0x4, 0xf9,
    0x0, 0x2, 0x88, 0xaf, 0xc8, 0x83, 0x4f, 0xff,
    0xff, 0xff, 0x50, 0x0, 0x0, 0x2b, 0x60, 0x0,
    0x0, 0xd, 0x92, 0x10, 0x0, 0x0, 0x8f, 0xf7,

    /* U+0130 "İ" */
    0x0, 0x3, 0x40, 0x0, 0x0, 0x1f, 0xf4, 0x0,
    0x0, 0xd, 0xe3, 0x0, 0x0, 0x0, 0x0, 0x0,
    0xaf, 0xff, 0xff, 0xfd, 0x47, 0x7e, 0xf7, 0x76,
    0x0, 0xd, 0xf0, 0x0, 0x0, 0xd, 0xf0, 0x0,
    0x0, 0xd, 0xf0, 0x0, 0x0, 0xd, 0xf0, 0x0,
    0x0, 0xd, 0xf0, 0x0, 0x0, 0xd, 0xf0, 0x0,
    0x0, 0xd, 0xf0, 0x0, 0x0, 0xd, 0xf0, 0x0,
    0x47, 0x7e, 0xf7, 0x76, 0xaf, 0xff, 0xff, 0xfd,

    /* U+0131 "ı" */
    0x4f, 0xff, 0xf9, 0x0, 0x2, 0x88, 0xaf, 0x90,
    0x0, 0x0, 0x4, 0xf9, 0x0, 0x0, 0x0, 0x4f,
    0x90, 0x0, 0x0, 0x4, 0xf9, 0x0, 0x0, 0x0,
    0x4f, 0x90, 0x0, 0x0, 0x4, 0xf9, 0x0, 0x2,
    0x88, 0xaf, 0xc8, 0x82, 0x4f, 0xff, 0xff, 0xff,
    0x50,

    /* U+0132 "Ĳ" */
    0xaf, 0x30, 0x1, 0xfc, 0xaf, 0x30, 0x1, 0xfc,
    0xaf, 0x30, 0x1, 0xfc, 0xaf, 0x30, 0x1, 0xfc,
    0xaf, 0x30, 0x1, 0xfc, 0xaf, 0x30, 0x1, 0xfc,
    0x8d, 0x30, 0x1, 0xfc, 0x0, 0x0, 0x1, 0xfc,
    0x3, 0x0, 0x2, 0xfc, 0x9f, 0x60, 0x6, 0xfa,
    0x3f, 0xfb, 0xbf, 0xf2, 0x3, 0xbe, 0xeb, 0x30,

    /* U+0133 "ĳ" */
    0x8f, 0x80, 0x5, 0xfb, 0xbf, 0xb0, 0x8, 0xfe,
    0x15, 0x10, 0x0, 0x52, 0x0, 0x0, 0x0, 0x0,
    0x7f, 0x60, 0x3, 0xfa, 0x7f, 0x60, 0x3, 0xfa,
    0x7f, 0x60, 0x3, 0xfa, 0x7f, 0x60, 0x3, 0xfa,
    0x7f, 0x60, 0x3, 0xfa, 0x7f, 0x60, 0x3, 0xfa,
    0x7f, 0x60, 0x3, 0xfa, 0x7f, 0x60, 0x3, 0xfa,
    0x7f, 0x60, 0x3, 0xfa, 0x0, 0x0, 0x3, 0xfa,
    0x0, 0x48, 0x89, 0xf8, 0x0, 0x9f, 0xff, 0xb1,

    /* U+0134 "Ĵ" */
    0x0, 0x6, 0x83, 0x0, 0x0, 0x4f, 0xfe, 0x10,
    0x1, 0xeb, 0x3e, 0xc0, 0x4, 0xb0, 0x3, 0xc1,
    0x0, 0x0, 0x0, 0x0, 0xa, 0xff, 0xff, 0xf6,
    0x6, 0x99, 0x9c, 0xf6, 0x0, 0x0, 0x8, 0xf6,
    0x0, 0x0, 0x8, 0xf6, 0x0, 0x0, 0x8, 0xf6,
    0x0, 0x0, 0x8, 0xf6, 0x0, 0x0, 0x8, 0xf6,
    0x0, 0x0, 0x8, 0xf6, 0x3, 0x0, 0x8, 0xf5,
    0xdf, 0x20, 0xc, 0xf4, 0x6f, 0xea, 0xcf, 0xc0,
    0x6, 0xdf, 0xe9, 0x10,

    /* U+0135 "ĵ" */
    0x0, 0x0, 0x58, 0x40, 0x0, 0x0, 0x4f, 0xff,
    0x30, 0x0, 0x1e, 0xb1, 0xde, 0x10, 0x2, 0x90,
    0x1, 0xa1, 0x0, 0x0, 0x0, 0x0, 0x7, 0xff,
    0xff, 0xf6, 0x0, 0x38, 0x88, 0xbf, 0x60, 0x0,
    0x0, 0x7, 0xf6, 0x0, 0x0, 0x0, 0x7f, 0x60,
    0x0, 0x0, 0x7, 0xf6, 0x0, 0x0, 0x0, 0x7f,
    0x60, 0x0, 0x0, 0x7, 0xf6, 0x0, 0x0, 0x0,
    0x7f, 0x60, 0x0, 0x0, 0x7, 0xf6, 0x0, 0x0,
    0x0, 0x7f, 0x60, 0x2, 0x88, 0x8b, 0xf4, 0x0,
    0x5f, 0xff, 0xf9, 0x0, 0x0,

    /* U+0136 "Ķ" */
    0xaf, 0x30, 0x0, 0xbf, 0x70, 0xaf, 0x30, 0x7,
    0xfb, 0x0, 0xaf, 0x30, 0x4f, 0xd0, 0x0, 0xaf,
    0x31, 0xef, 0x20, 0x0, 0xaf, 0x4c, 0xf6, 0x0,
    0x0, 0xaf, 0xbf, 0xf3, 0x0, 0x0, 0xaf, 0xfd,
    0xfc, 0x0, 0x0, 0xaf, 0xd0, 0xcf, 0x60, 0x0,
    0xaf, 0x40, 0x3f, 0xe0, 0x0, 0xaf, 0x30, 0x9,
    0xf8, 0x0, 0xaf, 0x30, 0x1, 0xff, 0x20, 0xaf,
    0x30, 0x0, 0x7f, 0xb0, 0x0, 0x0, 0x0, 0x0,
    0x0, 0x0, 0xa, 0xf6, 0x0, 0x0, 0x0, 0xc,
    0xf0, 0x0, 0x0, 0x0, 0xe, 0x90, 0x0, 0x0,
    0x0, 0x6, 0x20, 0x0, 0x0,

    /* U+0137 "ķ" */
    0x8f, 0x50, 0x0, 0x0, 0x8, 0xf5, 0x0, 0x0,
    0x0, 0x8f, 0x50, 0x0, 0x0, 0x8, 0xf5, 0x0,
    0x0, 0x0, 0x8f, 0x50, 0x4, 0xfd, 0x18, 0xf5,
    0x4, 0xfd, 0x10, 0x8f, 0x54, 0xfd, 0x10, 0x8,
    0xf9, 0xff, 0x20, 0x0, 0x8f, 0xfe, 0xf9, 0x0,
    0x8, 0xfa, 0xc, 0xf5, 0x0, 0x8f, 0x50, 0x2f,
    0xe1, 0x8, 0xf5, 0x0, 0x6f, 0xc0, 0x8f, 0x50,
    0x0, 0xbf, 0x70, 0x0, 0x0, 0x0, 0x0, 0x0,
    0xc, 0xf4, 0x0, 0x0, 0x0, 0xee, 0x0, 0x0,
    0x0, 0xf, 0x80, 0x0, 0x0, 0x0, 0x61, 0x0,
    0x0,

    /* U+0138 "ĸ" */
    0x7f, 0x50, 0x3, 0xfe, 0x27, 0xf5, 0x2, 0xee,
    0x20, 0x7f, 0x52, 0xee, 0x20, 0x7, 0xf6, 0xdf,
    0x30, 0x0, 0x7f, 0xff, 0xf9, 0x0, 0x7, 0xfc,
    0x1d, 0xf5, 0x0, 0x7f, 0x50, 0x2f, 0xf2, 0x7,
    0xf5, 0x0, 0x6f, 0xc0, 0x7f, 0x50, 0x0, 0xaf,
    0x80,

    /* U+0139 "Ĺ" */
    0x0, 0x40, 0x0, 0x0, 0x0, 0x1f, 0xb0, 0x0,
    0x0, 0x9, 0xf3, 0x0, 0x0, 0x0, 0xd7, 0x0,
    0x0, 0x0, 0x0, 0x0, 0x0, 0x0, 0x2, 0xfb,
    0x0, 0x0, 0x0, 0x2f, 0xb0, 0x0, 0x0, 0x2,
    0xfb, 0x0, 0x0, 0x0, 0x2f, 0xb0, 0x0, 0x0,
    0x2, 0xfb, 0x0, 0x0, 0x0, 0x2f, 0xb0, 0x0,
    0x0, 0x2, 0xfb, 0x0, 0x0, 0x0, 0x2f, 0xb0,
    0x0, 0x0, 0x2, 0xfb, 0x0, 0x0, 0x0, 0x2f,
    0xb0, 0x0, 0x0, 0x2, 0xfe, 0x99, 0x99, 0x91,
    0x2f, 0xff, 0xff, 0xff, 0x20,

    /* U+013A "ĺ" */
    0x0, 0x0, 0x89, 0x10, 0x0, 0x1, 0xfc, 0x0,
    0x0, 0x8, 0xf2, 0x0, 0x0, 0x4, 0x40, 0x0,
    0xbf, 0xff, 0xf0, 0x0, 0x58, 0x8e, 0xf0, 0x0,
    0x0, 0xd, 0xf0, 0x0, 0x0, 0xd, 0xf0, 0x0,
    0x0, 0xd, 0xf0, 0x0, 0x0, 0xd, 0xf0, 0x0,
    0x0, 0xd, 0xf0, 0x0, 0x0, 0xd, 0xf0, 0x0,
    0x0, 0xd, 0xf0, 0x0, 0x0, 0xd, 0xf0, 0x0,
    0x0, 0xd, 0xf0, 0x0, 0x58, 0x8e, 0xf8, 0x87,
    0xbf, 0xff, 0xff, 0xff,

    /* U+013B "Ļ" */
    0x2f, 0xb0, 0x0, 0x0, 0x2, 0xfb, 0x0, 0x0,
    0x0, 0x2f, 0xb0, 0x0, 0x0, 0x2, 0xfb, 0x0,
    0x0, 0x0, 0x2f, 0xb0, 0x0, 0x0, 0x2, 0xfb,
    0x0, 0x0, 0x0, 0x2f, 0xb0, 0x0, 0x0, 0x2,
    0xfb, 0x0, 0x0, 0x0, 0x2f, 0xb0, 0x0, 0x0,
    0x2, 0xfb, 0x0, 0x0, 0x0, 0x2f, 0xe9, 0x99,
    0x99, 0x12, 0xff, 0xff, 0xff, 0xf2, 0x0, 0x0,
    0x0, 0x0, 0x0, 0x0, 0xaf, 0x60, 0x0, 0x0,
    0xc, 0xf0, 0x0, 0x0, 0x0, 0xe9, 0x0, 0x0,
    0x0, 0x6, 0x20, 0x0, 0x0,

    /* U+013C "ļ" */
    0xbf, 0xff, 0xf0, 0x0, 0x58, 0x8e, 0xf0, 0x0,
    0x0, 0xd, 0xf0, 0x0, 0x0, 0xd, 0xf0, 0x0,
    0x0, 0xd, 0xf0, 0x0, 0x0, 0xd, 0xf0, 0x0,
    0x0, 0xd, 0xf0, 0x0, 0x0, 0xd, 0xf0, 0x0,
    0x0, 0xd, 0xf0, 0x0, 0x0, 0xd, 0xf0, 0x0,
    0x0, 0xd, 0xf0, 0x0, 0x58, 0x8e, 0xf8, 0x87,
    0xbf, 0xff, 0xff, 0xff, 0x0, 0x0, 0x0, 0x0,
    0x0, 0xf, 0xf0, 0x0, 0x0, 0x2f, 0x90, 0x0,
    0x0, 0x4f, 0x30, 0x0, 0x0, 0x26, 0x0, 0x0,

    /* U+013D "Ľ" */
    0x0, 0x0, 0xcf, 0x30, 0x2, 0xfb, 0xc, 0xf0,
    0x0, 0x2f, 0xb0, 0xda, 0x0, 0x2, 0xfb, 0x5,
    0x30, 0x0, 0x2f, 0xb0, 0x0, 0x0, 0x2, 0xfb,
    0x0, 0x0, 0x0, 0x2f, 0xb0, 0x0, 0x0, 0x2,
    0xfb, 0x0, 0x0, 0x0, 0x2f, 0xb0, 0x0, 0x0,
    0x2, 0xfb, 0x0, 0x0, 0x0, 0x2f, 0xb0, 0x0,
    0x0, 0x2, 0xfe, 0x99, 0x99, 0x91, 0x2f, 0xff,
    0xff, 0xff, 0x20,

    /* U+013E "ľ" */
    0xbf, 0xff, 0xf0, 0x9f, 0x65, 0x88, 0xef, 0xa,
    0xf2, 0x0, 0xd, 0xf0, 0xad, 0x0, 0x0, 0xdf,
    0x4, 0x40, 0x0, 0xd, 0xf0, 0x0, 0x0, 0x0,
    0xdf, 0x0, 0x0, 0x0, 0xd, 0xf0, 0x0, 0x0,
    0x0, 0xdf, 0x0, 0x0, 0x0, 0xd, 0xf0, 0x0,
    0x0, 0x0, 0xdf, 0x0, 0x0, 0x0, 0xd, 0xf0,
    0x0, 0x5, 0x88, 0xef, 0x88, 0x70, 0xbf, 0xff,
    0xff, 0xff, 0x0,

    /* U+013F "Ŀ" */
    0x2f, 0xb0, 0x0, 0x0, 0x2, 0xfb, 0x0, 0x0,
    0x0, 0x2f, 0xb0, 0x0, 0x0, 0x2, 0xfb, 0x0,
    0x0, 0x0, 0x2f, 0xb0, 0x0, 0x0, 0x2, 0xfb,
    0x0, 0x9f, 0x70, 0x2f, 0xb0, 0xb, 0xfa, 0x2,
    0xfb, 0x0, 0x15, 0x10, 0x2f, 0xb0, 0x0, 0x0,
    0x2, 0xfb, 0x0, 0x0, 0x0, 0x2f, 0xe9, 0x99,
    0x99, 0x12, 0xff, 0xff, 0xff, 0xf2,

    /* U+0140 "ŀ" */
    0xdf, 0xff, 0xf0, 0x0, 0x6, 0x88, 0xff, 0x0,
    0x0, 0x0, 0xe, 0xf0, 0x0, 0x0, 0x0, 0xef,
    0x0, 0x0, 0x0, 0xe, 0xf0, 0x0, 0x0, 0x0,
    0xef, 0x0, 0x0, 0x0, 0xe, 0xf0, 0x5, 0x20,
    0x0, 0xef, 0x8, 0xfe, 0x0, 0xe, 0xf0, 0x5f,
    0xb0, 0x0, 0xef, 0x0, 0x0, 0x0, 0xe, 0xf0,
    0x0, 0x6, 0x88, 0xff, 0x88, 0x60, 0xdf, 0xff,
    0xff, 0xfd, 0x0,

    /* U+0141 "Ł" */
    0x1, 0xfd, 0x0, 0x0, 0x0, 0x1, 0xfd, 0x0,
    0x0, 0x0, 0x1, 0xfd, 0x0, 0x0, 0x0, 0x1,
    0xfd, 0x0, 0x0, 0x0, 0x1, 0xfd, 0x1, 0x62,
    0x0, 0x1, 0xfe, 0xcf, 0xf3, 0x0, 0x3d, 0xff,
    0xc6, 0x10, 0x0, 0x5b, 0xfd, 0x0, 0x0, 0x0,
    0x1, 0xfd, 0x0, 0x0, 0x0, 0x1, 0xfd, 0x0,
    0x0, 0x0, 0x1, 0xfe, 0x99, 0x99, 0x91, 0x1,
    0xff, 0xff, 0xff, 0xf2,

    /* U+0142 "ł" */
    0xbf, 0xff, 0xf0, 0x0, 0x58, 0x8e, 0xf0, 0x0,
    0x0, 0xd, 0xf0, 0x0, 0x0, 0xd, 0xf0, 0x0,
    0x0, 0xd, 0xf0, 0x0, 0x0, 0xd, 0xf1, 0x64,
    0x0, 0x1d, 0xff, 0xf6, 0x2b, 0xff, 0xf7, 0x10,
    0x3c, 0x6d, 0xf0, 0x0, 0x0, 0xd, 0xf0, 0x0,
    0x0, 0xd, 0xf0, 0x0, 0x58, 0x8e, 0xf8, 0x87,
    0xbf, 0xff, 0xff, 0xfe,

    /* U+0143 "Ń" */
    0x0, 0x0, 0x21, 0x0, 0x0, 0x0, 0xcf, 0x10,
    0x0, 0x5, 0xf7, 0x0, 0x0, 0x9, 0xb0, 0x0,
    0x0, 0x0, 0x0, 0x0, 0xcf, 0xd0, 0x0, 0xbf,
    0xcf, 0xf3, 0x0, 0xbf, 0xcf, 0xf9, 0x0, 0xbf,
    0xce, 0xaf, 0x0, 0xbf, 0xce, 0x4f, 0x50, 0xbf,
    0xce, 0xe, 0xb0, 0xbf, 0xce, 0x8, 0xf2, 0xbf,
    0xce, 0x2, 0xf7, 0xbf, 0xce, 0x0, 0xcd, 0xbf,
    0xce, 0x0, 0x6f, 0xff, 0xce, 0x0, 0x1f, 0xff,
    0xce, 0x0, 0xa, 0xff,

    /* U+0144 "ń" */
    0x0, 0x0, 0x45, 0x0, 0x0, 0x0, 0xde, 0x10,
    0x0, 0x6, 0xf5, 0x0, 0x0, 0x6, 0x90, 0x0,
    0x0, 0x0, 0x0, 0x0, 0x9f, 0x5a, 0xfe, 0x70,
    0x9f, 0xc7, 0x5c, 0xf6, 0x9f, 0x60, 0x2, 0xfb,
    0x9f, 0x40, 0x0, 0xfd, 0x9f, 0x40, 0x0, 0xfd,
    0x9f, 0x40, 0x0, 0xfd, 0x9f, 0x40, 0x0, 0xfd,
    0x9f, 0x40, 0x0, 0xfd, 0x9f, 0x40, 0x0, 0xfd,

    /* U+0145 "Ņ" */
    0xcf, 0xd0, 0x0, 0xbf, 0xcf, 0xf3, 0x0, 0xbf,
    0xcf, 0xf9, 0x0, 0xbf, 0xce, 0xaf, 0x0, 0xbf,
    0xce, 0x4f, 0x50, 0xbf, 0xce, 0xe, 0xb0, 0xbf,
    0xce, 0x8, 0xf2, 0xbf, 0xce, 0x2, 0xf7, 0xbf,
    0xce, 0x0, 0xcd, 0xbf, 0xce, 0x0, 0x6f, 0xff,
    0xce, 0x0, 0x1f, 0xff, 0xce, 0x0, 0xa, 0xff,
    0x0, 0x0, 0x0, 0x0, 0x0, 0xf, 0xf0, 0x0,
    0x0, 0x2f, 0x90, 0x0, 0x0, 0x4f, 0x30, 0x0,
    0x0, 0x26, 0x0, 0x0,

    /* U+0146 "ņ" */
    0x9f, 0x5a, 0xfe, 0x70, 0x9f, 0xc7, 0x5c, 0xf6,
    0x9f, 0x60, 0x2, 0xfb, 0x9f, 0x40, 0x0, 0xfd,
    0x9f, 0x40, 0x0, 0xfd, 0x9f, 0x40, 0x0, 0xfd,
    0x9f, 0x40, 0x0, 0xfd, 0x9f, 0x40, 0x0, 0xfd,
    0x9f, 0x40, 0x0, 0xfd, 0x0, 0x0, 0x0, 0x0,
    0x0, 0xf, 0xf1, 0x0, 0x0, 0x1f, 0xa0, 0x0,
    0x0, 0x3f, 0x40, 0x0, 0x0, 0x26, 0x0, 0x0,

    /* U+0147 "Ň" */
    0x0, 0x0, 0x0, 0x10, 0x9, 0xc1, 0xa, 0xd0,
    0x1, 0xed, 0xaf, 0x30, 0x0, 0x3f, 0xf6, 0x0,
    0x0, 0x0, 0x0, 0x0, 0xcf, 0xd0, 0x0, 0xbf,
    0xcf, 0xf3, 0x0, 0xbf, 0xcf, 0xf9, 0x0, 0xbf,
    0xce, 0xaf, 0x0, 0xbf, 0xce, 0x4f, 0x50, 0xbf,
    0xce, 0xe, 0xb0, 0xbf, 0xce, 0x8, 0xf2, 0xbf,
    0xce, 0x2, 0xf7, 0xbf, 0xce, 0x0, 0xcd, 0xbf,
    0xce, 0x0, 0x6f, 0xff, 0xce, 0x0, 0x1f, 0xff,
    0xce, 0x0, 0xa, 0xff,

    /* U+0148 "ň" */
    0x0, 0x10, 0x0, 0x10, 0x9, 0xd1, 0x9, 0xd0,
    0x1, 0xed, 0xaf, 0x40, 0x0, 0x3f, 0xf7, 0x0,
    0x0, 0x0, 0x0, 0x0, 0x9f, 0x5a, 0xfe, 0x70,
    0x9f, 0xc7, 0x5c, 0xf6, 0x9f, 0x60, 0x2, 0xfb,
    0x9f, 0x40, 0x0, 0xfd, 0x9f, 0x40, 0x0, 0xfd,
    0x9f, 0x40, 0x0, 0xfd, 0x9f, 0x40, 0x0, 0xfd,
    0x9f, 0x40, 0x0, 0xfd, 0x9f, 0x40, 0x0, 0xfd,

    /* U+0149 "ŉ" */
    0xdd, 0x0, 0x0, 0x0, 0xe, 0x80, 0x0, 0x0,
    0x0, 0xf4, 0x0, 0x0, 0x0, 0x5, 0x0, 0x0,
    0x0, 0x0, 0x4, 0xf8, 0x8e, 0xe9, 0x0, 0x4f,
    0xd8, 0x5b, 0xf8, 0x4, 0xfa, 0x0, 0xf, 0xd0,
    0x4f, 0x80, 0x0, 0xee, 0x4, 0xf8, 0x0, 0xe,
    0xe0, 0x4f, 0x80, 0x0, 0xee, 0x4, 0xf8, 0x0,
    0xe, 0xe0, 0x4f, 0x80, 0x0, 0xee, 0x4, 0xf8,
    0x0, 0xe, 0xe0,

    /* U+014A "Ŋ" */
    0xcf, 0xd0, 0x0, 0xbf, 0xcf, 0xf3, 0x0, 0xbf,
    0xcf, 0xf9, 0x0, 0xbf, 0xce, 0xaf, 0x0, 0xbf,
    0xce, 0x4f, 0x50, 0xbf, 0xce, 0xe, 0xb0, 0xbf,
    0xce, 0x8, 0xf2, 0xbf, 0xce, 0x2, 0xf7, 0xbf,
    0xce, 0x0, 0xcd, 0xbf, 0xce, 0x0, 0x6f, 0xff,
    0xce, 0x0, 0x1f, 0xff, 0xce, 0x0, 0xa, 0xff,
    0x0, 0x0, 0x0, 0xcf, 0x0, 0x77, 0x77, 0xed,
    0x1, 0xff, 0xff, 0xd4,

    /* U+014B "ŋ" */
    0x9f, 0x5a, 0xfe, 0x80, 0x9f, 0xc7, 0x5c, 0xf6,
    0x9f, 0x60, 0x2, 0xfb, 0x9f, 0x40, 0x0, 0xfd,
    0x9f, 0x40, 0x0, 0xfd, 0x9f, 0x40, 0x0, 0xfd,
    0x9f, 0x40, 0x0, 0xfd, 0x9f, 0x40, 0x0, 0xfd,
    0x9f, 0x40, 0x0, 0xfd, 0x0, 0x0, 0x0, 0xfd,
    0x0, 0x58, 0x88, 0xfb, 0x0, 0xbf, 0xff, 0xd3,

    /* U+014C "Ō" */
    0x0, 0x1, 0x11, 0x10, 0x0, 0x0, 0x5f, 0xff,
    0xf9, 0x0, 0x0, 0x14, 0x44, 0x42, 0x0, 0x0,
    0x0, 0x0, 0x0, 0x0, 0x0, 0x2b, 0xff, 0xc4,
    0x0, 0x2, 0xff, 0xba, 0xff, 0x40, 0xa, 0xf6,
    0x0, 0x3f, 0xd0, 0xf, 0xf0, 0x0, 0xc, 0xf2,
    0x2f, 0xd0, 0x0, 0xa, 0xf5, 0x3f, 0xc0, 0x0,
    0x9, 0xf6, 0x3f, 0xc0, 0x0, 0x9, 0xf6, 0x2f,
    0xd0, 0x0, 0xa, 0xf5, 0xf, 0xf0, 0x0, 0xc,
    0xf2, 0xa, 0xf6, 0x0, 0x3f, 0xd0, 0x2, 0xff,
    0xba, 0xff, 0x40, 0x0, 0x2b, 0xff, 0xc4, 0x0,

    /* U+014D "ō" */
    0x0, 0x5f, 0xff, 0xf9, 0x0, 0x0, 0x26, 0x66,
    0x63, 0x0, 0x0, 0x0, 0x0, 0x0, 0x0, 0x0,
    0x3b, 0xff, 0xc4, 0x0, 0x3, 0xff, 0x88, 0xdf,
    0x50, 0xb, 0xf3, 0x0, 0x1f, 0xe0, 0xf, 0xe0,
    0x0, 0xb, 0xf2, 0xf, 0xe0, 0x0, 0xa, 0xf3,
    0xf, 0xe0, 0x0, 0xb, 0xf2, 0xa, 0xf3, 0x0,
    0x1f, 0xe0, 0x2, 0xff, 0x98, 0xef, 0x50, 0x0,
    0x3b, 0xff, 0xc4, 0x0,

    /* U+014E "Ŏ" */
    0x0, 0x87, 0x0, 0x5a, 0x0, 0x0, 0x7f, 0x53,
    0xea, 0x0, 0x0, 0xb, 0xff, 0xd1, 0x0, 0x0,
    0x0, 0x33, 0x0, 0x0, 0x0, 0x2b, 0xff, 0xc4,
    0x0, 0x2, 0xff, 0xba, 0xff, 0x40, 0xa, 0xf6,
    0x0, 0x3f, 0xd0, 0xf, 0xf0, 0x0, 0xc, 0xf2,
    0x2f, 0xd0, 0x0, 0xa, 0xf5, 0x3f, 0xc0, 0x0,
    0x9, 0xf6, 0x3f, 0xc0, 0x0, 0x9, 0xf6, 0x2f,
    0xd0, 0x0, 0xa, 0xf5, 0xf, 0xf0, 0x0, 0xc,
    0xf2, 0xa, 0xf6, 0x0, 0x3f, 0xd0, 0x2, 0xff,
    0xba, 0xff, 0x40, 0x0, 0x2b, 0xff, 0xc4, 0x0,

    /* U+014F "ŏ" */
    0x0, 0x87, 0x0, 0x4a, 0x0, 0x0, 0x7f, 0x43,
    0xea, 0x0, 0x0, 0xb, 0xff, 0xd1, 0x0, 0x0,
    0x0, 0x23, 0x0, 0x0, 0x0, 0x3b, 0xff, 0xc4,
    0x0, 0x3, 0xff, 0x88, 0xdf, 0x50, 0xb, 0xf3,
    0x0, 0x1f, 0xe0, 0xf, 0xe0, 0x0, 0xb, 0xf2,
    0xf, 0xe0, 0x0, 0xa, 0xf3, 0xf, 0xe0, 0x0,
    0xb, 0xf2, 0xa, 0xf3, 0x0, 0x1f, 0xe0, 0x2,
    0xff, 0x98, 0xef, 0x50, 0x0, 0x3b, 0xff, 0xc4,
    0x0,

    /* U+0150 "Ő" */
    0x0, 0x0, 0x10, 0x1, 0x0, 0x0, 0x2, 0xf6,
    0x1f, 0x70, 0x0, 0xa, 0xe1, 0x9f, 0x20, 0x0,
    0x1f, 0x51, 0xf5, 0x0, 0x0, 0x2, 0x0, 0x20,
    0x0, 0x0, 0x2b, 0xff, 0xc4, 0x0, 0x2, 0xff,
    0xba, 0xff, 0x40, 0xa, 0xf6, 0x0, 0x3f, 0xd0,
    0xf, 0xf0, 0x0, 0xc, 0xf2, 0x2f, 0xd0, 0x0,
    0xa, 0xf5, 0x3f, 0xc0, 0x0, 0x9, 0xf6, 0x3f,
    0xc0, 0x0, 0x9, 0xf6, 0x2f, 0xd0, 0x0, 0xa,
    0xf5, 0xf, 0xf0, 0x0, 0xc, 0xf2, 0xa, 0xf6,
    0x0, 0x3f, 0xd0, 0x2, 0xff, 0xba, 0xff, 0x40,
    0x0, 0x2b, 0xff, 0xc4, 0x0,

    /* U+0151 "ő" */
    0x0, 0x0, 0x40, 0x3, 0x0, 0x0, 0x3, 0xf7,
    0x3f, 0x80, 0x0, 0xb, 0xd0, 0xbd, 0x0, 0x0,
    0x1e, 0x31, 0xe3, 0x0, 0x0, 0x0, 0x0, 0x0,
    0x0, 0x0, 0x3b, 0xff, 0xc4, 0x0, 0x3, 0xff,
    0x88, 0xdf, 0x50, 0xb, 0xf3, 0x0, 0x1f, 0xe0,
    0xf, 0xe0, 0x0, 0xb, 0xf2, 0xf, 0xe0, 0x0,
    0xa, 0xf3, 0xf, 0xe0, 0x0, 0xb, 0xf2, 0xa,
    0xf3, 0x0, 0x1f, 0xe0, 0x2, 0xff, 0x98, 0xef,
    0x50, 0x0, 0x3b, 0xff, 0xc4, 0x0,

    /* U+0152 "Œ" */
    0x0, 0x5c, 0xff, 0xff, 0xfb, 0x6, 0xfe, 0x9e,
    0xf7, 0x75, 0xf, 0xe1, 0xd, 0xf0, 0x0, 0x4f,
    0x80, 0xd, 0xf0, 0x0, 0x7f, 0x50, 0xd, 0xf2,
    0x21, 0x8f, 0x50, 0xd, 0xff, 0xf8, 0x8f, 0x50,
    0xd, 0xf5, 0x52, 0x7f, 0x50, 0xd, 0xf0, 0x0,
    0x4f, 0x80, 0xd, 0xf0, 0x0, 0xf, 0xe1, 0xd,
    0xf0, 0x0, 0x6, 0xfe, 0x9e, 0xf7, 0x75, 0x0,
    0x5c, 0xff, 0xff, 0xfb,

    /* U+0153 "œ" */
    0x7, 0xee, 0x53, 0xdf, 0x90, 0x4f, 0x87, 0xfe,
    0x86, 0xf6, 0x9e, 0x0, 0xce, 0x0, 0xab, 0xbc,
    0x0, 0xbd, 0x0, 0x8d, 0xcc, 0x0, 0xbf, 0xff,
    0xfe, 0xbc, 0x0, 0xbd, 0x22, 0x22, 0x9e, 0x0,
    0xcf, 0x0, 0x43, 0x4f, 0x87, 0xff, 0x95, 0xf8,
    0x7, 0xfe, 0x54, 0xdf, 0x90,

    /* U+0154 "Ŕ" */
    0x0, 0x0, 0x22, 0x0, 0x0, 0x0, 0xb, 0xf2,
    0x0, 0x0, 0x3, 0xf8, 0x0, 0x0, 0x0, 0x7c,
    0x0, 0x0, 0x0, 0x0, 0x0, 0x0, 0x9, 0xff,
    0xff, 0xea, 0x10, 0x9f, 0xb9, 0x9c, 0xfc, 0x9,
    0xf5, 0x0, 0xc, 0xf2, 0x9f, 0x50, 0x0, 0xaf,
    0x49, 0xf5, 0x0, 0xc, 0xf3, 0x9f, 0xa8, 0x8b,
    0xfc, 0x9, 0xff, 0xff, 0xf9, 0x10, 0x9f, 0x50,
    0xdf, 0x20, 0x9, 0xf5, 0x5, 0xfa, 0x0, 0x9f,
    0x50, 0xd, 0xf3, 0x9, 0xf5, 0x0, 0x5f, 0xb0,
    0x9f, 0x50, 0x0, 0xdf, 0x40,

    /* U+0155 "ŕ" */
    0x0, 0x0, 0x7, 0x20, 0x0, 0x0, 0x3, 0xfa,
    0x0, 0x0, 0x0, 0xbe, 0x10, 0x0, 0x0, 0xb,
    0x40, 0x0, 0x0, 0x0, 0x0, 0x0, 0xb, 0xff,
    0xf7, 0x4d, 0xf8, 0x58, 0xbf, 0x9f, 0xdc, 0x60,
    0x6, 0xfe, 0x20, 0x0, 0x0, 0x6f, 0x90, 0x0,
    0x0, 0x6, 0xf7, 0x0, 0x0, 0x0, 0x6f, 0x70,
    0x0, 0x0, 0x6, 0xf7, 0x0, 0x0, 0x58, 0xbf,
    0xb8, 0x70, 0xb, 0xff, 0xff, 0xff, 0x0,

    /* U+0156 "Ŗ" */
    0x9f, 0xff, 0xfe, 0xa1, 0x9, 0xfb, 0x99, 0xcf,
    0xc0, 0x9f, 0x50, 0x0, 0xcf, 0x29, 0xf5, 0x0,
    0xa, 0xf4, 0x9f, 0x50, 0x0, 0xcf, 0x39, 0xfa,
    0x88, 0xbf, 0xc0, 0x9f, 0xff, 0xff, 0x91, 0x9,
    0xf5, 0xd, 0xf2, 0x0, 0x9f, 0x50, 0x5f, 0xa0,
    0x9, 0xf5, 0x0, 0xdf, 0x30, 0x9f, 0x50, 0x5,
    0xfb, 0x9, 0xf5, 0x0, 0xd, 0xf4, 0x0, 0x0,
    0x0, 0x0, 0x0, 0x0, 0xdf, 0x30, 0x0, 0x0,
    0xf, 0xc0, 0x0, 0x0, 0x1, 0xf6, 0x0, 0x0,
    0x0, 0x16, 0x0, 0x0, 0x0,

    /* U+0157 "ŗ" */
    0xbf, 0xff, 0x74, 0xdf, 0x85, 0x8b, 0xf9, 0xfd,
    0xc6, 0x0, 0x6f, 0xe2, 0x0, 0x0, 0x6, 0xf9,
    0x0, 0x0, 0x0, 0x6f, 0x70, 0x0, 0x0, 0x6,
    0xf7, 0x0, 0x0, 0x0, 0x6f, 0x70, 0x0, 0x5,
    0x8b, 0xfb, 0x87, 0x0, 0xbf, 0xff, 0xff, 0xf0,
    0x0, 0x0, 0x0, 0x0, 0x0, 0x0, 0x9f, 0x70,
    0x0, 0x0, 0xb, 0xf1, 0x0, 0x0, 0x0, 0xda,
    0x0, 0x0, 0x0, 0x6, 0x20, 0x0, 0x0,

    /* U+0158 "Ř" */
    0x0, 0x10, 0x0, 0x10, 0x0, 0x8d, 0x10, 0x8e,
    0x0, 0x1, 0xde, 0x9f, 0x50, 0x0, 0x2, 0xff,
    0x80, 0x0, 0x0, 0x0, 0x0, 0x0, 0x9, 0xff,
    0xff, 0xea, 0x10, 0x9f, 0xb9, 0x9c, 0xfc, 0x9,
    0xf5, 0x0, 0xc, 0xf2, 0x9f, 0x50, 0x0, 0xaf,
    0x49, 0xf5, 0x0, 0xc, 0xf3, 0x9f, 0xa8, 0x8b,
    0xfc, 0x9, 0xff, 0xff, 0xf9, 0x10, 0x9f, 0x50,
    0xdf, 0x20, 0x9, 0xf5, 0x5, 0xfa, 0x0, 0x9f,
    0x50, 0xd, 0xf3, 0x9, 0xf5, 0x0, 0x5f, 0xb0,
    0x9f, 0x50, 0x0, 0xdf, 0x40,

    /* U+0159 "ř" */
    0x0, 0x10, 0x0, 0x10, 0x0, 0xe, 0x90, 0x1d,
    0x80, 0x0, 0x5f, 0xad, 0xd1, 0x0, 0x0, 0x8f,
    0xf2, 0x0, 0x0, 0x0, 0x0, 0x0, 0xb, 0xff,
    0xf7, 0x4d, 0xf8, 0x58, 0xbf, 0x9f, 0xdc, 0x60,
    0x6, 0xfe, 0x20, 0x0, 0x0, 0x6f, 0x90, 0x0,
    0x0, 0x6, 0xf7, 0x0, 0x0, 0x0, 0x6f, 0x70,
    0x0, 0x0, 0x6, 0xf7, 0x0, 0x0, 0x58, 0xbf,
    0xb8, 0x70, 0xb, 0xff, 0xff, 0xff, 0x0,

    /* U+015A "Ś" */
    0x0, 0x0, 0x1, 0x0, 0x0, 0x0, 0x0, 0xb,
    0xd1, 0x0, 0x0, 0x0, 0x3f, 0x90, 0x0, 0x0,
    0x0, 0xad, 0x0, 0x0, 0x0, 0x0, 0x1, 0x0,
    0x0, 0x0, 0x4b, 0xef, 0xd8, 0x10, 0x5, 0xff,
    0xa9, 0xdf, 0xd0, 0xc, 0xf4, 0x0, 0x7, 0x60,
    0xd, 0xf1, 0x0, 0x0, 0x0, 0xa, 0xf9, 0x10,
    0x0, 0x0, 0x2, 0xef, 0xfe, 0xa5, 0x0, 0x0,
    0x6, 0x9c, 0xff, 0x90, 0x0, 0x0, 0x0, 0x1e,
    0xf2, 0x0, 0x0, 0x0, 0xa, 0xf4, 0xb, 0x80,
    0x0, 0xe, 0xf2, 0x1c, 0xfe, 0xaa, 0xef, 0xa0,
    0x0, 0x7d, 0xfe, 0xc7, 0x0,

    /* U+015B "ś" */
    0x0, 0x0, 0x31, 0x0, 0x0, 0x0, 0xcf, 0x10,
    0x0, 0x5, 0xf7, 0x0, 0x0, 0x9, 0xb0, 0x0,
    0x0, 0x0, 0x0, 0x0, 0x4, 0xbe, 0xfd, 0x81,
    0x3f, 0xe7, 0x7a, 0xf9, 0x7f, 0x50, 0x0, 0x20,
    0x4f, 0xd7, 0x41, 0x0, 0x7, 0xef, 0xff, 0xc2,
    0x0, 0x1, 0x48, 0xfd, 0x25, 0x0, 0x0, 0xee,
    0xbf, 0xb7, 0x7b, 0xf9, 0x7, 0xcf, 0xfd, 0x70,

    /* U+015C "Ŝ" */
    0x0, 0x0, 0x78, 0x10, 0x0, 0x0, 0x8, 0xff,
    0xb0, 0x0, 0x0, 0x4f, 0x97, 0xf7, 0x0, 0x0,
    0x9a, 0x0, 0x8c, 0x0, 0x0, 0x0, 0x0, 0x0,
    0x0, 0x0, 0x4b, 0xef, 0xd8, 0x10, 0x5, 0xff,
    0xa9, 0xdf, 0xd0, 0xc, 0xf4, 0x0, 0x7, 0x60,
    0xd, 0xf1, 0x0, 0x0, 0x0, 0xa, 0xf9, 0x10,
    0x0, 0x0, 0x2, 0xef, 0xfe, 0xa5, 0x0, 0x0,
    0x6, 0x9c, 0xff, 0x90, 0x0, 0x0, 0x0, 0x1e,
    0xf2, 0x0, 0x0, 0x0, 0xa, 0xf4, 0xb, 0x80,
    0x0, 0xe, 0xf2, 0x1c, 0xfe, 0xaa, 0xef, 0xa0,
    0x0, 0x7d, 0xfe, 0xc7, 0x0,

    /* U+015D "ŝ" */
    0x0, 0x7, 0x81, 0x0, 0x0, 0x9f, 0xfc, 0x0,
    0x5, 0xf7, 0x5f, 0x80, 0x8, 0x80, 0x6, 0xa0,
    0x0, 0x0, 0x0, 0x0, 0x4, 0xbe, 0xfd, 0x81,
    0x3f, 0xe7, 0x7a, 0xf9, 0x7f, 0x50, 0x0, 0x20,
    0x4f, 0xd7, 0x41, 0x0, 0x7, 0xef, 0xff, 0xc2,
    0x0, 0x1, 0x48, 0xfd, 0x25, 0x0, 0x0, 0xee,
    0xbf, 0xb7, 0x7b, 0xf9, 0x7, 0xcf, 0xfd, 0x70,

    /* U+015E "Ş" */
    0x0, 0x4b, 0xef, 0xd8, 0x10, 0x5, 0xff, 0xa9,
    0xdf, 0xd0, 0xc, 0xf4, 0x0, 0x7, 0x60, 0xd,
    0xf1, 0x0, 0x0, 0x0, 0xa, 0xf9, 0x10, 0x0,
    0x0, 0x2, 0xef, 0xfd, 0xa4, 0x0, 0x0, 0x16,
    0xac, 0xff, 0x80, 0x0, 0x0, 0x0, 0x2e, 0xf1,
    0x0, 0x0, 0x0, 0xa, 0xf4, 0xb, 0x80, 0x0,
    0xd, 0xf2, 0x1d, 0xfd, 0x99, 0xdf, 0xa0, 0x1,
    0x9e, 0xff, 0xd8, 0x0, 0x0, 0x0, 0x98, 0x20,
    0x0, 0x0, 0x0, 0x36, 0xf3, 0x0, 0x0, 0x4,
    0xef, 0xb0, 0x0,

    /* U+015F "ş" */
    0x4, 0xbe, 0xfd, 0x81, 0x3f, 0xe7, 0x7a, 0xf9,
    0x7f, 0x50, 0x0, 0x20, 0x4f, 0xd7, 0x41, 0x0,
    0x7, 0xef, 0xff, 0xc2, 0x0, 0x2, 0x48, 0xfc,
    0x25, 0x0, 0x0, 0xee, 0xbf, 0xb7, 0x6b, 0xf9,
    0x7, 0xdf, 0xfd, 0x80, 0x0, 0x9, 0x82, 0x0,
    0x0, 0x3, 0x5f, 0x30, 0x0, 0x4e, 0xfb, 0x0,

    /* U+0160 "Š" */
    0x0, 0x0, 0x0, 0x1, 0x0, 0x0, 0x9c, 0x10,
    0xad, 0x0, 0x0, 0x1e, 0xda, 0xf3, 0x0, 0x0,
    0x3, 0xff, 0x60, 0x0, 0x0, 0x0, 0x0, 0x0,
    0x0, 0x0, 0x4b, 0xef, 0xd8, 0x10, 0x5, 0xff,
    0xa9, 0xdf, 0xd0, 0xc, 0xf4, 0x0, 0x7, 0x60,
    0xd, 0xf1, 0x0, 0x0, 0x0, 0xa, 0xf9, 0x10,
    0x0, 0x0, 0x2, 0xef, 0xfe, 0xa5, 0x0, 0x0,
    0x6, 0x9c, 0xff, 0x90, 0x0, 0x0, 0x0, 0x1e,
    0xf2, 0x0, 0x0, 0x0, 0xa, 0xf4, 0xb, 0x80,
    0x0, 0xe, 0xf2, 0x1c, 0xfe, 0xaa, 0xef, 0xa0,
    0x0, 0x7d, 0xfe, 0xc7, 0x0,

    /* U+0161 "š" */
    0x5, 0x60, 0x3, 0x70, 0x6, 0xf6, 0x3e, 0xa0,
    0x0, 0xaf, 0xfc, 0x0, 0x0, 0x7, 0x81, 0x0,
    0x0, 0x0, 0x0, 0x0, 0x4, 0xbe, 0xfd, 0x81,
    0x3f, 0xe7, 0x7a, 0xf9, 0x7f, 0x50, 0x0, 0x20,
    0x4f, 0xd7, 0x41, 0x0, 0x7, 0xef, 0xff, 0xc2,
    0x0, 0x1, 0x48, 0xfd, 0x25, 0x0, 0x0, 0xee,
    0xbf, 0xb7, 0x7b, 0xf9, 0x7, 0xcf, 0xfd, 0x70,

    /* U+0162 "Ţ" */
    0x9f, 0xff, 0xff, 0xff, 0xfc, 0x59, 0x99, 0xff,
    0xa9, 0x97, 0x0, 0x0, 0xdf, 0x0, 0x0, 0x0,
    0x0, 0xdf, 0x0, 0x0, 0x0, 0x0, 0xdf, 0x0,
    0x0, 0x0, 0x0, 0xdf, 0x0, 0x0, 0x0, 0x0,
    0xdf, 0x0, 0x0, 0x0, 0x0, 0xdf, 0x0, 0x0,
    0x0, 0x0, 0xdf, 0x0, 0x0, 0x0, 0x0, 0xdf,
    0x0, 0x0, 0x0, 0x0, 0xdf, 0x0, 0x0, 0x0,
    0x0, 0xdf, 0x0, 0x0, 0x0, 0x0, 0x89, 0x10,
    0x0, 0x0, 0x0, 0x35, 0xf4, 0x0, 0x0, 0x3,
    0xef, 0xc1, 0x0,

    /* U+0163 "ţ" */
    0x0, 0x8, 0xf3, 0x0, 0x0, 0x0, 0x8f, 0x30,
    0x0, 0x0, 0x9, 0xf3, 0x0, 0x5, 0xff, 0xff,
    0xff, 0xff, 0x28, 0x8c, 0xf9, 0x88, 0x70, 0x0,
    0x9f, 0x30, 0x0, 0x0, 0x9, 0xf3, 0x0, 0x0,
    0x0, 0x9f, 0x30, 0x0, 0x0, 0x9, 0xf3, 0x0,
    0x0, 0x0, 0x9f, 0x30, 0x0, 0x0, 0x7, 0xf9,
    0x88, 0x70, 0x0, 0x1b, 0xff, 0xff, 0x0, 0x0,
    0x5, 0xb2, 0x0, 0x0, 0x0, 0x33, 0xf6, 0x0,
    0x0, 0x1d, 0xfd, 0x30,

    /* U+0164 "Ť" */
    0x0, 0x0, 0x0, 0x1, 0x0, 0x0, 0x9c, 0x10,
    0xad, 0x0, 0x0, 0x1e, 0xda, 0xf3, 0x0, 0x0,
    0x3, 0xff, 0x60, 0x0, 0x0, 0x0, 0x0, 0x0,
    0x0, 0x9f, 0xff, 0xff, 0xff, 0xfc, 0x59, 0x99,
    0xff, 0xa9, 0x97, 0x0, 0x0, 0xdf, 0x0, 0x0,
    0x0, 0x0, 0xdf, 0x0, 0x0, 0x0, 0x0, 0xdf,
    0x0, 0x0, 0x0, 0x0, 0xdf, 0x0, 0x0, 0x0,
    0x0, 0xdf, 0x0, 0x0, 0x0, 0x0, 0xdf, 0x0,
    0x0, 0x0, 0x0, 0xdf, 0x0, 0x0, 0x0, 0x0,
    0xdf, 0x0, 0x0, 0x0, 0x0, 0xdf, 0x0, 0x0,
    0x0, 0x0, 0xdf, 0x0, 0x0,

    /* U+0165 "ť" */
    0x0, 0x0, 0x0, 0x4f, 0xb0, 0x0, 0x8f, 0x34,
    0xf7, 0x0, 0x8, 0xf3, 0x5f, 0x30, 0x0, 0x9f,
    0x32, 0x60, 0x5f, 0xff, 0xff, 0xff, 0xf2, 0x88,
    0xcf, 0x98, 0x87, 0x0, 0x9, 0xf3, 0x0, 0x0,
    0x0, 0x9f, 0x30, 0x0, 0x0, 0x9, 0xf3, 0x0,
    0x0, 0x0, 0x9f, 0x30, 0x0, 0x0, 0x9, 0xf3,
    0x0, 0x0, 0x0, 0x7f, 0x98, 0x87, 0x0, 0x1,
    0xbf, 0xff, 0xf0,

    /* U+0166 "Ŧ" */
    0x9f, 0xff, 0xff, 0xff, 0xfc, 0x59, 0x99, 0xff,
    0xa9, 0x97, 0x0, 0x0, 0xdf, 0x0, 0x0, 0x0,
    0x0, 0xdf, 0x0, 0x0, 0x1, 0x22, 0xef, 0x22,
    0x10, 0x9, 0xff, 0xff, 0xff, 0xc0, 0x2, 0x55,
    0xef, 0x55, 0x30, 0x0, 0x0, 0xdf, 0x0, 0x0,
    0x0, 0x0, 0xdf, 0x0, 0x0, 0x0, 0x0, 0xdf,
    0x0, 0x0, 0x0, 0x0, 0xdf, 0x0, 0x0, 0x0,
    0x0, 0xdf, 0x0, 0x0,

    /* U+0167 "ŧ" */
    0x0, 0x8, 0xf3, 0x0, 0x0, 0x0, 0x8f, 0x30,
    0x0, 0x0, 0x9, 0xf3, 0x0, 0x5, 0xff, 0xff,
    0xff, 0xff, 0x28, 0x8c, 0xf9, 0x88, 0x70, 0x0,
    0x9f, 0x30, 0x0, 0x0, 0x1a, 0xf4, 0x11, 0x0,
    0x5f, 0xff, 0xff, 0xf0, 0x1, 0x4b, 0xf7, 0x44,
    0x0, 0x0, 0x9f, 0x30, 0x0, 0x0, 0x8, 0xf9,
    0x88, 0x70, 0x0, 0x1b, 0xff, 0xff,

    /* U+0168 "Ũ" */
    0x0, 0x11, 0x11, 0x0, 0x0, 0xaf, 0xff, 0xfc,
    0x0, 0x1, 0x44, 0x44, 0x10, 0x0, 0x0, 0x0,
    0x0, 0x0, 0xdf, 0x10, 0x0, 0xef, 0xd, 0xf1,
    0x0, 0xe, 0xf0, 0xdf, 0x10, 0x0, 0xef, 0xd,
    0xf1, 0x0, 0xe, 0xf0, 0xdf, 0x10, 0x0, 0xef,
    0xd, 0xf1, 0x0, 0xe, 0xf0, 0xdf, 0x10, 0x0,
    0xef, 0xd, 0xf1, 0x0, 0xe, 0xf0, 0xcf, 0x20,
    0x0, 0xff, 0x9, 0xf6, 0x0, 0x3f, 0xc0, 0x3f,
    0xfa, 0x9e, 0xf6, 0x0, 0x5c, 0xff, 0xd7, 0x0,

    /* U+0169 "ũ" */
    0x5, 0xed, 0x51, 0x40, 0x9, 0x8a, 0xff, 0xd0,
    0x0, 0x0, 0x26, 0x10, 0x0, 0x0, 0x0, 0x0,
    0xaf, 0x30, 0x1, 0xfc, 0xaf, 0x30, 0x1, 0xfc,
    0xaf, 0x30, 0x1, 0xfc, 0xaf, 0x30, 0x1, 0xfc,
    0xaf, 0x30, 0x1, 0xfc, 0xaf, 0x30, 0x1, 0xfc,
    0x8f, 0x60, 0x4, 0xfc, 0x3f, 0xf9, 0x9b, 0xfc,
    0x5, 0xdf, 0xb2, 0xfc,

    /* U+016A "Ū" */
    0x0, 0x11, 0x11, 0x0, 0x0, 0x5f, 0xff, 0xf9,
    0x0, 0x1, 0x44, 0x44, 0x20, 0x0, 0x0, 0x0,
    0x0, 0x0, 0xdf, 0x10, 0x0, 0xef, 0xd, 0xf1,
    0x0, 0xe, 0xf0, 0xdf, 0x10, 0x0, 0xef, 0xd,
    0xf1, 0x0, 0xe, 0xf0, 0xdf, 0x10, 0x0, 0xef,
    0xd, 0xf1, 0x0, 0xe, 0xf0, 0xdf, 0x10, 0x0,
    0xef, 0xd, 0xf1, 0x0, 0xe, 0xf0, 0xcf, 0x20,
    0x0, 0xff, 0x9, 0xf6, 0x0, 0x3f, 0xc0, 0x3f,
    0xfa, 0x9e, 0xf6, 0x0, 0x5c, 0xff, 0xd7, 0x0,

    /* U+016B "ū" */
    0x6, 0xff, 0xff, 0x80, 0x2, 0x66, 0x66, 0x30,
    0x0, 0x0, 0x0, 0x0, 0xaf, 0x30, 0x1, 0xfc,
    0xaf, 0x30, 0x1, 0xfc, 0xaf, 0x30, 0x1, 0xfc,
    0xaf, 0x30, 0x1, 0xfc, 0xaf, 0x30, 0x1, 0xfc,
    0xaf, 0x30, 0x1, 0xfc, 0x8f, 0x60, 0x4, 0xfc,
    0x3f, 0xf9, 0x9b, 0xfc, 0x5, 0xdf, 0xb2, 0xfc,

    /* U+016C "Ŭ" */
    0x8, 0x70, 0x5, 0xa0, 0x0, 0x7f, 0x53, 0xea,
    0x0, 0x0, 0xbf, 0xfd, 0x10, 0x0, 0x0, 0x33,
    0x0, 0x0, 0xdf, 0x10, 0x0, 0xef, 0xd, 0xf1,
    0x0, 0xe, 0xf0, 0xdf, 0x10, 0x0, 0xef, 0xd,
    0xf1, 0x0, 0xe, 0xf0, 0xdf, 0x10, 0x0, 0xef,
    0xd, 0xf1, 0x0, 0xe, 0xf0, 0xdf, 0x10, 0x0,
    0xef, 0xd, 0xf1, 0x0, 0xe, 0xf0, 0xcf, 0x20,
    0x0, 0xff, 0x9, 0xf6, 0x0, 0x3f, 0xc0, 0x3f,
    0xfa, 0x9e, 0xf6, 0x0, 0x5c, 0xff, 0xd7, 0x0,

    /* U+016D "ŭ" */
    0x8, 0x70, 0x5, 0xa0, 0x8, 0xf4, 0x3e, 0xa0,
    0x0, 0xbf, 0xfc, 0x10, 0x0, 0x2, 0x30, 0x0,
    0xaf, 0x30, 0x1, 0xfc, 0xaf, 0x30, 0x1, 0xfc,
    0xaf, 0x30, 0x1, 0xfc, 0xaf, 0x30, 0x1, 0xfc,
    0xaf, 0x30, 0x1, 0xfc, 0xaf, 0x30, 0x1, 0xfc,
    0x8f, 0x60, 0x4, 0xfc, 0x3f, 0xf9, 0x9b, 0xfc,
    0x5, 0xdf, 0xb2, 0xfc,

    /* U+016E "Ů" */
    0x0, 0x4c, 0xd6, 0x0, 0x0, 0xe, 0x74, 0xf2,
    0x0, 0x0, 0xf4, 0x1f, 0x30, 0x0, 0x6, 0xff,
    0x90, 0x0, 0x0, 0x0, 0x0, 0x0, 0xd, 0xf1,
    0x0, 0xe, 0xf0, 0xdf, 0x10, 0x0, 0xef, 0xd,
    0xf1, 0x0, 0xe, 0xf0, 0xdf, 0x10, 0x0, 0xef,
    0xd, 0xf1, 0x0, 0xe, 0xf0, 0xdf, 0x10, 0x0,
    0xef, 0xd, 0xf1, 0x0, 0xe, 0xf0, 0xdf, 0x10,
    0x0, 0xef, 0xc, 0xf2, 0x0, 0xf, 0xf0, 0x9f,
    0x60, 0x3, 0xfc, 0x3, 0xff, 0xa9, 0xef, 0x60,
    0x5, 0xcf, 0xfd, 0x70, 0x0,

    /* U+016F "ů" */
    0x0, 0x4c, 0xd6, 0x0, 0x0, 0xf6, 0x4f, 0x20,
    0x0, 0xf4, 0x1f, 0x30, 0x0, 0x6f, 0xf9, 0x0,
    0x0, 0x0, 0x0, 0x0, 0xaf, 0x30, 0x1, 0xfc,
    0xaf, 0x30, 0x1, 0xfc, 0xaf, 0x30, 0x1, 0xfc,
    0xaf, 0x30, 0x1, 0xfc, 0xaf, 0x30, 0x1, 0xfc,
    0xaf, 0x30, 0x1, 0xfc, 0x8f, 0x60, 0x4, 0xfc,
    0x3f, 0xf9, 0x9b, 0xfc, 0x5, 0xdf, 0xb2, 0xfc,

    /* U+0170 "Ű" */
    0x0, 0x4, 0x0, 0x30, 0x0, 0x3, 0xf7, 0x3f,
    0x80, 0x0, 0xbd, 0xb, 0xd0, 0x0, 0x1e, 0x31,
    0xe3, 0x0, 0x0, 0x0, 0x0, 0x0, 0xd, 0xf1,
    0x0, 0xe, 0xf0, 0xdf, 0x10, 0x0, 0xef, 0xd,
    0xf1, 0x0, 0xe, 0xf0, 0xdf, 0x10, 0x0, 0xef,
    0xd, 0xf1, 0x0, 0xe, 0xf0, 0xdf, 0x10, 0x0,
    0xef, 0xd, 0xf1, 0x0, 0xe, 0xf0, 0xdf, 0x10,
    0x0, 0xef, 0xc, 0xf2, 0x0, 0xf, 0xf0, 0x9f,
    0x60, 0x3, 0xfc, 0x3, 0xff, 0xa9, 0xef, 0x60,
    0x5, 0xcf, 0xfd, 0x70, 0x0,

    /* U+0171 "ű" */
    0x0, 0x7, 0x10, 0x71, 0x0, 0x5f, 0x65, 0xf7,
    0x0, 0xdb, 0xd, 0xc0, 0x1, 0xb1, 0x1b, 0x10,
    0x0, 0x0, 0x0, 0x0, 0xaf, 0x30, 0x1, 0xfc,
    0xaf, 0x30, 0x1, 0xfc, 0xaf, 0x30, 0x1, 0xfc,
    0xaf, 0x30, 0x1, 0xfc, 0xaf, 0x30, 0x1, 0xfc,
    0xaf, 0x30, 0x1, 0xfc, 0x8f, 0x60, 0x4, 0xfc,
    0x3f, 0xf9, 0x9b, 0xfc, 0x5, 0xdf, 0xb2, 0xfc,

    /* U+0172 "Ų" */
    0xdf, 0x10, 0x0, 0xef, 0xd, 0xf1, 0x0, 0xe,
    0xf0, 0xdf, 0x10, 0x0, 0xef, 0xd, 0xf1, 0x0,
    0xe, 0xf0, 0xdf, 0x10, 0x0, 0xef, 0xd, 0xf1,
    0x0, 0xe, 0xf0, 0xdf, 0x10, 0x0, 0xef, 0xd,
    0xf1, 0x0, 0xe, 0xf0, 0xcf, 0x10, 0x0, 0xee,
    0x9, 0xf6, 0x0, 0x3f, 0xb0, 0x3f, 0xf9, 0x9e,
    0xf3, 0x0, 0x4c, 0xff, 0xe3, 0x0, 0x0, 0x4,
    0x91, 0x0, 0x0, 0x1, 0xf6, 0x30, 0x0, 0x0,
    0xb, 0xfe, 0x40, 0x0,

    /* U+0173 "ų" */
    0xaf, 0x30, 0x1, 0xfc, 0xa, 0xf3, 0x0, 0x1f,
    0xc0, 0xaf, 0x30, 0x1, 0xfc, 0xa, 0xf3, 0x0,
    0x1f, 0xc0, 0xaf, 0x30, 0x1, 0xfc, 0xa, 0xf3,
    0x0, 0x1f, 0xc0, 0x8f, 0x60, 0x4, 0xfc, 0x3,
    0xff, 0x99, 0xbf, 0xc0, 0x5, 0xdf, 0xb2, 0xeb,
    0x0, 0x0, 0x0, 0xa9, 0x0, 0x0, 0x0, 0x7e,
    0x24, 0x0, 0x0, 0x3, 0xdf, 0xc0,

    /* U+0174 "Ŵ" */
    0x0, 0x4, 0xff, 0x70, 0x0, 0x0, 0x2e, 0xba,
    0xf4, 0x0, 0x0, 0x9b, 0x0, 0x9c, 0x0, 0x0,
    0x0, 0x0, 0x0, 0x0, 0x8f, 0x10, 0x0, 0x0,
    0xdb, 0x7f, 0x20, 0x0, 0x0, 0xea, 0x6f, 0x30,
    0x0, 0x0, 0xf9, 0x5f, 0x40, 0xef, 0x20, 0xf8,
    0x4f, 0x51, 0xff, 0x51, 0xf7, 0x3f, 0x64, 0xfc,
    0x82, 0xf6, 0x1f, 0x77, 0xc9, 0xb3, 0xf5, 0xf,
    0x8a, 0x96, 0xe4, 0xf3, 0xf, 0x9d, 0x73, 0xf7,
    0xf2, 0xe, 0xbf, 0x41, 0xfb, 0xf1, 0xd, 0xff,
    0x10, 0xef, 0xf0, 0xc, 0xfe, 0x0, 0xbf, 0xf0,

    /* U+0175 "ŵ" */
    0x0, 0x4, 0xff, 0x70, 0x0, 0x0, 0x3f, 0xa8,
    0xf5, 0x0, 0x0, 0x89, 0x0, 0x7a, 0x0, 0x0,
    0x0, 0x0, 0x0, 0x0, 0x9f, 0x0, 0xdf, 0x10,
    0xbc, 0x7f, 0x10, 0xff, 0x40, 0xda, 0x5f, 0x33,
    0xfb, 0x70, 0xf8, 0x2f, 0x45, 0xc8, 0xa0, 0xf6,
    0xf, 0x68, 0x96, 0xc2, 0xf3, 0xe, 0x8b, 0x63,
    0xf4, 0xf1, 0xc, 0xae, 0x40, 0xf8, 0xf0, 0xa,
    0xdf, 0x10, 0xed, 0xd0, 0x8, 0xfe, 0x0, 0xbf,
    0xb0,

    /* U+0176 "Ŷ" */
    0x0, 0x4, 0xff, 0x70, 0x0, 0x0, 0x2e, 0xba,
    0xf4, 0x0, 0x0, 0x9b, 0x0, 0x9c, 0x0, 0x0,
    0x0, 0x0, 0x0, 0x0, 0x8f, 0x90, 0x0, 0x5,
    0xfb, 0x1f, 0xf1, 0x0, 0xd, 0xf3, 0x7, 0xf9,
    0x0, 0x5f, 0xa0, 0x0, 0xef, 0x10, 0xdf, 0x20,
    0x0, 0x6f, 0x95, 0xf9, 0x0, 0x0, 0xe, 0xfd,
    0xf1, 0x0, 0x0, 0x6, 0xff, 0x90, 0x0, 0x0,
    0x0, 0xef, 0x10, 0x0, 0x0, 0x0, 0xdf, 0x0,
    0x0, 0x0, 0x0, 0xdf, 0x0, 0x0, 0x0, 0x0,
    0xdf, 0x0, 0x0, 0x0, 0x0, 0xdf, 0x0, 0x0,

    /* U+0177 "ŷ" */
    0x0, 0x0, 0x78, 0x10, 0x0, 0x0, 0x9, 0xff,
    0xc0, 0x0, 0x0, 0x6f, 0x64, 0xf9, 0x0, 0x0,
    0x66, 0x0, 0x48, 0x0, 0x0, 0x0, 0x0, 0x0,
    0x0, 0x2f, 0xc0, 0x0, 0x8, 0xf5, 0xb, 0xf2,
    0x0, 0xe, 0xe0, 0x4, 0xf9, 0x0, 0x4f, 0x80,
    0x0, 0xde, 0x0, 0xbf, 0x10, 0x0, 0x7f, 0x51,
    0xfa, 0x0, 0x0, 0x1f, 0xa6, 0xf4, 0x0, 0x0,
    0xa, 0xfd, 0xd0, 0x0, 0x0, 0x3, 0xff, 0x70,
    0x0, 0x0, 0x0, 0xef, 0x10, 0x0, 0x0, 0x3,
    0xf9, 0x0, 0x0, 0x5, 0x8b, 0xf3, 0x0, 0x0,
    0xa, 0xfe, 0x60, 0x0, 0x0,

    /* U+0178 "Ÿ" */
    0x0, 0x1, 0x0, 0x10, 0x0, 0x0, 0x9f, 0x63,
    0xfd, 0x0, 0x0, 0x8f, 0x52, 0xfb, 0x0, 0x0,
    0x0, 0x0, 0x0, 0x0, 0x8f, 0x90, 0x0, 0x5,
    0xfb, 0x1f, 0xf1, 0x0, 0xd, 0xf3, 0x7, 0xf9,
    0x0, 0x5f, 0xa0, 0x0, 0xef, 0x10, 0xdf, 0x20,
    0x0, 0x6f, 0x95, 0xf9, 0x0, 0x0, 0xe, 0xfd,
    0xf1, 0x0, 0x0, 0x6, 0xff, 0x90, 0x0, 0x0,
    0x0, 0xef, 0x10, 0x0, 0x0, 0x0, 0xdf, 0x0,
    0x0, 0x0, 0x0, 0xdf, 0x0, 0x0, 0x0, 0x0,
    0xdf, 0x0, 0x0, 0x0, 0x0, 0xdf, 0x0, 0x0,

    /* U+0179 "Ź" */
    0x0, 0x0, 0x2, 0x10, 0x0, 0x0, 0x0, 0xc,
    0xf1, 0x0, 0x0, 0x0, 0x5f, 0x70, 0x0, 0x0,
    0x0, 0x9b, 0x0, 0x0, 0x0, 0x0, 0x0, 0x0,
    0x0, 0xf, 0xff, 0xff, 0xff, 0xf2, 0x9, 0x99,
    0x99, 0xaf, 0xf1, 0x0, 0x0, 0x0, 0x9f, 0x90,
    0x0, 0x0, 0x4, 0xfd, 0x0, 0x0, 0x0, 0x1e,
    0xf2, 0x0, 0x0, 0x0, 0xbf, 0x60, 0x0, 0x0,
    0x7, 0xfb, 0x0, 0x0, 0x0, 0x3f, 0xe1, 0x0,
    0x0, 0x0, 0xdf, 0x40, 0x0, 0x0, 0x9, 0xf8,
    0x0, 0x0, 0x0, 0x2f, 0xfa, 0x99, 0x99, 0x93,
    0x3f, 0xff, 0xff, 0xff, 0xf6,

    /* U+017A "ź" */
    0x0, 0x0, 0x54, 0x0, 0x0, 0x0, 0xee, 0x10,
    0x0, 0x6, 0xf4, 0x0, 0x0, 0x7, 0x80, 0x0,
    0x0, 0x0, 0x0, 0x0, 0x8f, 0xff, 0xff, 0xfb,
    0x48, 0x88, 0x8c, 0xfa, 0x0, 0x0, 0x4f, 0xd1,
    0x0, 0x3, 0xfe, 0x20, 0x0, 0x2e, 0xf2, 0x0,
    0x1, 0xef, 0x30, 0x0, 0x1d, 0xf5, 0x0, 0x0,
    0xaf, 0xc8, 0x88, 0x87, 0xbf, 0xff, 0xff, 0xfe,

    /* U+017B "Ż" */
    0x0, 0x0, 0x34, 0x0, 0x0, 0x0, 0x1, 0xff,
    0x40, 0x0, 0x0, 0x0, 0xde, 0x30, 0x0, 0x0,
    0x0, 0x0, 0x0, 0x0, 0xf, 0xff, 0xff, 0xff,
    0xf2, 0x9, 0x99, 0x99, 0xaf, 0xf1, 0x0, 0x0,
    0x0, 0x9f, 0x90, 0x0, 0x0, 0x4, 0xfd, 0x0,
    0x0, 0x0, 0x1e, 0xf2, 0x0, 0x0, 0x0, 0xbf,
    0x60, 0x0, 0x0, 0x7, 0xfb, 0x0, 0x0, 0x0,
    0x3f, 0xe1, 0x0, 0x0, 0x0, 0xdf, 0x40, 0x0,
    0x0, 0x9, 0xf8, 0x0, 0x0, 0x0, 0x2f, 0xfa,
    0x99, 0x99, 0x93, 0x3f, 0xff, 0xff, 0xff, 0xf6,

    /* U+017C "ż" */
    0x0, 0xd, 0xe2, 0x0, 0x0, 0x1f, 0xf5, 0x0,
    0x0, 0x4, 0x50, 0x0, 0x0, 0x0, 0x0, 0x0,
    0x8f, 0xff, 0xff, 0xfb, 0x48, 0x88, 0x8c, 0xfa,
    0x0, 0x0, 0x4f, 0xd1, 0x0, 0x3, 0xfe, 0x20,
    0x0, 0x2e, 0xf2, 0x0, 0x1, 0xef, 0x30, 0x0,
    0x1d, 0xf5, 0x0, 0x0, 0xaf, 0xc8, 0x88, 0x87,
    0xbf, 0xff, 0xff, 0xfe,

    /* U+2014 "—" */
    0x99, 0x99, 0x99, 0x99, 0x99, 0x1f, 0xff, 0xff,
    0xff, 0xff, 0xf3,

    /* U+2192 "→" */
    0x0, 0x0, 0x0, 0x30, 0x0, 0x0, 0x0, 0x9,
    0xf3, 0x0, 0x0, 0x0, 0x1, 0xcf, 0x30, 0x49,
    0x99, 0x98, 0x8f, 0xf3, 0x8f, 0xff, 0xff, 0xff,
    0xf9, 0x0, 0x0, 0x0, 0x6f, 0xa0, 0x0, 0x0,
    0x6, 0xfa, 0x0, 0x0, 0x0, 0x5, 0xa0, 0x0
};


/*---------------------
 *  GLYPH DESCRIPTION
 *--------------------*/

static const lv_font_fmt_txt_glyph_dsc_t glyph_dsc[] = {
    {.bitmap_index = 0, .adv_w = 0, .box_w = 0, .box_h = 0, .ofs_x = 0, .ofs_y = 0} /* id = 0 reserved */,
    {.bitmap_index = 0, .adv_w = 163, .box_w = 0, .box_h = 0, .ofs_x = 0, .ofs_y = 0},
    {.bitmap_index = 0, .adv_w = 163, .box_w = 4, .box_h = 12, .ofs_x = 3, .ofs_y = 0},
    {.bitmap_index = 24, .adv_w = 163, .box_w = 6, .box_h = 6, .ofs_x = 2, .ofs_y = 7},
    {.bitmap_index = 42, .adv_w = 163, .box_w = 10, .box_h = 12, .ofs_x = 0, .ofs_y = 0},
    {.bitmap_index = 102, .adv_w = 163, .box_w = 10, .box_h = 16, .ofs_x = 0, .ofs_y = -2},
    {.bitmap_index = 182, .adv_w = 163, .box_w = 11, .box_h = 12, .ofs_x = 0, .ofs_y = 0},
    {.bitmap_index = 248, .adv_w = 163, .box_w = 10, .box_h = 12, .ofs_x = 0, .ofs_y = 0},
    {.bitmap_index = 308, .adv_w = 163, .box_w = 2, .box_h = 6, .ofs_x = 4, .ofs_y = 7},
    {.bitmap_index = 314, .adv_w = 163, .box_w = 6, .box_h = 16, .ofs_x = 3, .ofs_y = -3},
    {.bitmap_index = 362, .adv_w = 163, .box_w = 6, .box_h = 16, .ofs_x = 1, .ofs_y = -3},
    {.bitmap_index = 410, .adv_w = 163, .box_w = 10, .box_h = 9, .ofs_x = 0, .ofs_y = 0},
    {.bitmap_index = 455, .adv_w = 163, .box_w = 9, .box_h = 9, .ofs_x = 1, .ofs_y = 1},
    {.bitmap_index = 496, .adv_w = 163, .box_w = 4, .box_h = 6, .ofs_x = 3, .ofs_y = -2},
    {.bitmap_index = 508, .adv_w = 163, .box_w = 6, .box_h = 2, .ofs_x = 2, .ofs_y = 4},
    {.bitmap_index = 514, .adv_w = 163, .box_w = 4, .box_h = 3, .ofs_x = 3, .ofs_y = 0},
    {.bitmap_index = 520, .adv_w = 163, .box_w = 8, .box_h = 16, .ofs_x = 1, .ofs_y = -3},
    {.bitmap_index = 584, .adv_w = 163, .box_w = 10, .box_h = 12, .ofs_x = 0, .ofs_y = 0},
    {.bitmap_index = 644, .adv_w = 163, .box_w = 10, .box_h = 12, .ofs_x = 0, .ofs_y = 0},
    {.bitmap_index = 704, .adv_w = 163, .box_w = 10, .box_h = 12, .ofs_x = 0, .ofs_y = 0},
    {.bitmap_index = 764, .adv_w = 163, .box_w = 10, .box_h = 12, .ofs_x = 0, .ofs_y = 0},
    {.bitmap_index = 824, .adv_w = 163, .box_w = 10, .box_h = 12, .ofs_x = 0, .ofs_y = 0},
    {.bitmap_index = 884, .adv_w = 163, .box_w = 9, .box_h = 12, .ofs_x = 1, .ofs_y = 0},
    {.bitmap_index = 938, .adv_w = 163, .box_w = 10, .box_h = 12, .ofs_x = 0, .ofs_y = 0},
    {.bitmap_index = 998, .adv_w = 163, .box_w = 9, .box_h = 12, .ofs_x = 1, .ofs_y = 0},
    {.bitmap_index = 1052, .adv_w = 163, .box_w = 10, .box_h = 12, .ofs_x = 0, .ofs_y = 0},
    {.bitmap_index = 1112, .adv_w = 163, .box_w = 10, .box_h = 12, .ofs_x = 0, .ofs_y = 0},
    {.bitmap_index = 1172, .adv_w = 163, .box_w = 4, .box_h = 9, .ofs_x = 3, .ofs_y = 0},
    {.bitmap_index = 1190, .adv_w = 163, .box_w = 4, .box_h = 12, .ofs_x = 3, .ofs_y = -3},
    {.bitmap_index = 1214, .adv_w = 163, .box_w = 8, .box_h = 11, .ofs_x = 1, .ofs_y = 0},
    {.bitmap_index = 1258, .adv_w = 163, .box_w = 9, .box_h = 5, .ofs_x = 1, .ofs_y = 3},
    {.bitmap_index = 1281, .adv_w = 163, .box_w = 8, .box_h = 11, .ofs_x = 1, .ofs_y = 0},
    {.bitmap_index = 1325, .adv_w = 163, .box_w = 8, .box_h = 12, .ofs_x = 1, .ofs_y = 0},
    {.bitmap_index = 1373, .adv_w = 163, .box_w = 10, .box_h = 14, .ofs_x = 0, .ofs_y = -2},
    {.bitmap_index = 1443, .adv_w = 163, .box_w = 10, .box_h = 12, .ofs_x = 0, .ofs_y = 0},
    {.bitmap_index = 1503, .adv_w = 163, .box_w = 9, .box_h = 12, .ofs_x = 1, .ofs_y = 0},
    {.bitmap_index = 1557, .adv_w = 163, .box_w = 10, .box_h = 12, .ofs_x = 0, .ofs_y = 0},
    {.bitmap_index = 1617, .adv_w = 163, .box_w = 9, .box_h = 12, .ofs_x = 1, .ofs_y = 0},
    {.bitmap_index = 1671, .adv_w = 163, .box_w = 8, .box_h = 12, .ofs_x = 1, .ofs_y = 0},
    {.bitmap_index = 1719, .adv_w = 163, .box_w = 9, .box_h = 12, .ofs_x = 1, .ofs_y = 0},
    {.bitmap_index = 1773, .adv_w = 163, .box_w = 10, .box_h = 12, .ofs_x = 0, .ofs_y = 0},
    {.bitmap_index = 1833, .adv_w = 163, .box_w = 8, .box_h = 12, .ofs_x = 1, .ofs_y = 0},
    {.bitmap_index = 1881, .adv_w = 163, .box_w = 8, .box_h = 12, .ofs_x = 1, .ofs_y = 0},
    {.bitmap_index = 1929, .adv_w = 163, .box_w = 8, .box_h = 12, .ofs_x = 1, .ofs_y = 0},
    {.bitmap_index = 1977, .adv_w = 163, .box_w = 10, .box_h = 12, .ofs_x = 1, .ofs_y = 0},
    {.bitmap_index = 2037, .adv_w = 163, .box_w = 9, .box_h = 12, .ofs_x = 1, .ofs_y = 0},
    {.bitmap_index = 2091, .adv_w = 163, .box_w = 10, .box_h = 12, .ofs_x = 0, .ofs_y = 0},
    {.bitmap_index = 2151, .adv_w = 163, .box_w = 8, .box_h = 12, .ofs_x = 1, .ofs_y = 0},
    {.bitmap_index = 2199, .adv_w = 163, .box_w = 10, .box_h = 12, .ofs_x = 0, .ofs_y = 0},
    {.bitmap_index = 2259, .adv_w = 163, .box_w = 9, .box_h = 12, .ofs_x = 1, .ofs_y = 0},
    {.bitmap_index = 2313, .adv_w = 163, .box_w = 10, .box_h = 16, .ofs_x = 0, .ofs_y = -4},
    {.bitmap_index = 2393, .adv_w = 163, .box_w = 9, .box_h = 12, .ofs_x = 1, .ofs_y = 0},
    {.bitmap_index = 2447, .adv_w = 163, .box_w = 10, .box_h = 12, .ofs_x = 0, .ofs_y = 0},
    {.bitmap_index = 2507, .adv_w = 163, .box_w = 10, .box_h = 12, .ofs_x = 0, .ofs_y = 0},
    {.bitmap_index = 2567, .adv_w = 163, .box_w = 9, .box_h = 12, .ofs_x = 1, .ofs_y = 0},
    {.bitmap_index = 2621, .adv_w = 163, .box_w = 10, .box_h = 12, .ofs_x = 0, .ofs_y = 0},
    {.bitmap_index = 2681, .adv_w = 163, .box_w = 10, .box_h = 12, .ofs_x = 0, .ofs_y = 0},
    {.bitmap_index = 2741, .adv_w = 163, .box_w = 10, .box_h = 12, .ofs_x = 0, .ofs_y = 0},
    {.bitmap_index = 2801, .adv_w = 163, .box_w = 10, .box_h = 12, .ofs_x = 0, .ofs_y = 0},
    {.bitmap_index = 2861, .adv_w = 163, .box_w = 10, .box_h = 12, .ofs_x = 0, .ofs_y = 0},
    {.bitmap_index = 2921, .adv_w = 163, .box_w = 6, .box_h = 16, .ofs_x = 3, .ofs_y = -3},
    {.bitmap_index = 2969, .adv_w = 163, .box_w = 8, .box_h = 16, .ofs_x = 1, .ofs_y = -3},
    {.bitmap_index = 3033, .adv_w = 163, .box_w = 6, .box_h = 16, .ofs_x = 1, .ofs_y = -3},
    {.bitmap_index = 3081, .adv_w = 163, .box_w = 10, .box_h = 8, .ofs_x = 0, .ofs_y = 4},
    {.bitmap_index = 3121, .adv_w = 163, .box_w = 9, .box_h = 2, .ofs_x = 1, .ofs_y = -3},
    {.bitmap_index = 3130, .adv_w = 163, .box_w = 5, .box_h = 5, .ofs_x = 2, .ofs_y = 9},
    {.bitmap_index = 3143, .adv_w = 163, .box_w = 9, .box_h = 9, .ofs_x = 1, .ofs_y = 0},
    {.bitmap_index = 3184, .adv_w = 163, .box_w = 9, .box_h = 13, .ofs_x = 1, .ofs_y = 0},
    {.bitmap_index = 3243, .adv_w = 163, .box_w = 8, .box_h = 9, .ofs_x = 1, .ofs_y = 0},
    {.bitmap_index = 3279, .adv_w = 163, .box_w = 9, .box_h = 13, .ofs_x = 0, .ofs_y = 0},
    {.bitmap_index = 3338, .adv_w = 163, .box_w = 9, .box_h = 9, .ofs_x = 1, .ofs_y = 0},
    {.bitmap_index = 3379, .adv_w = 163, .box_w = 9, .box_h = 13, .ofs_x = 1, .ofs_y = 0},
    {.bitmap_index = 3438, .adv_w = 163, .box_w = 9, .box_h = 15, .ofs_x = 1, .ofs_y = -3},
    {.bitmap_index = 3506, .adv_w = 163, .box_w = 8, .box_h = 13, .ofs_x = 1, .ofs_y = 0},
    {.bitmap_index = 3558, .adv_w = 163, .box_w = 9, .box_h = 13, .ofs_x = 1, .ofs_y = 0},
    {.bitmap_index = 3617, .adv_w = 163, .box_w = 7, .box_h = 16, .ofs_x = 1, .ofs_y = -3},
    {.bitmap_index = 3673, .adv_w = 163, .box_w = 9, .box_h = 13, .ofs_x = 1, .ofs_y = 0},
    {.bitmap_index = 3732, .adv_w = 163, .box_w = 8, .box_h = 13, .ofs_x = 1, .ofs_y = 0},
    {.bitmap_index = 3784, .adv_w = 163, .box_w = 10, .box_h = 9, .ofs_x = 0, .ofs_y = 0},
    {.bitmap_index = 3829, .adv_w = 163, .box_w = 8, .box_h = 9, .ofs_x = 1, .ofs_y = 0},
    {.bitmap_index = 3865, .adv_w = 163, .box_w = 10, .box_h = 9, .ofs_x = 0, .ofs_y = 0},
    {.bitmap_index = 3910, .adv_w = 163, .box_w = 9, .box_h = 12, .ofs_x = 1, .ofs_y = -3},
    {.bitmap_index = 3964, .adv_w = 163, .box_w = 9, .box_h = 12, .ofs_x = 0, .ofs_y = -3},
    {.bitmap_index = 4018, .adv_w = 163, .box_w = 9, .box_h = 9, .ofs_x = 1, .ofs_y = 0},
    {.bitmap_index = 4059, .adv_w = 163, .box_w = 8, .box_h = 9, .ofs_x = 1, .ofs_y = 0},
    {.bitmap_index = 4095, .adv_w = 163, .box_w = 9, .box_h = 12, .ofs_x = 0, .ofs_y = 0},
    {.bitmap_index = 4149, .adv_w = 163, .box_w = 8, .box_h = 9, .ofs_x = 1, .ofs_y = 0},
    {.bitmap_index = 4185, .adv_w = 163, .box_w = 10, .box_h = 9, .ofs_x = 0, .ofs_y = 0},
    {.bitmap_index = 4230, .adv_w = 163, .box_w = 10, .box_h = 9, .ofs_x = 0, .ofs_y = 0},
    {.bitmap_index = 4275, .adv_w = 163, .box_w = 10, .box_h = 9, .ofs_x = 0, .ofs_y = 0},
    {.bitmap_index = 4320, .adv_w = 163, .box_w = 10, .box_h = 12, .ofs_x = 0, .ofs_y = -3},
    {.bitmap_index = 4380, .adv_w = 163, .box_w = 8, .box_h = 9, .ofs_x = 1, .ofs_y = 0},
    {.bitmap_index = 4416, .adv_w = 163, .box_w = 8, .box_h = 16, .ofs_x = 1, .ofs_y = -3},
    {.bitmap_index = 4480, .adv_w = 163, .box_w = 2, .box_h = 16, .ofs_x = 4, .ofs_y = -3},
    {.bitmap_index = 4496, .adv_w = 163, .box_w = 8, .box_h = 16, .ofs_x = 1, .ofs_y = -3},
    {.bitmap_index = 4560, .adv_w = 163, .box_w = 10, .box_h = 4, .ofs_x = 0, .ofs_y = 3},
    {.bitmap_index = 4580, .adv_w = 163, .box_w = 7, .box_h = 8, .ofs_x = 2, .ofs_y = 5},
    {.bitmap_index = 4608, .adv_w = 163, .box_w = 4, .box_h = 3, .ofs_x = 3, .ofs_y = 4},
    {.bitmap_index = 4614, .adv_w = 163, .box_w = 10, .box_h = 16, .ofs_x = 0, .ofs_y = 0},
    {.bitmap_index = 4694, .adv_w = 163, .box_w = 10, .box_h = 16, .ofs_x = 0, .ofs_y = 0},
    {.bitmap_index = 4774, .adv_w = 163, .box_w = 9, .box_h = 16, .ofs_x = 1, .ofs_y = 0},
    {.bitmap_index = 4846, .adv_w = 163, .box_w = 9, .box_h = 16, .ofs_x = 1, .ofs_y = -3},
    {.bitmap_index = 4918, .adv_w = 163, .box_w = 9, .box_h = 13, .ofs_x = 1, .ofs_y = 0},
    {.bitmap_index = 4977, .adv_w = 163, .box_w = 10, .box_h = 13, .ofs_x = 0, .ofs_y = 0},
    {.bitmap_index = 5042, .adv_w = 163, .box_w = 8, .box_h = 13, .ofs_x = 1, .ofs_y = 0},
    {.bitmap_index = 5094, .adv_w = 163, .box_w = 11, .box_h = 15, .ofs_x = 0, .ofs_y = -3},
    {.bitmap_index = 5177, .adv_w = 163, .box_w = 9, .box_h = 12, .ofs_x = 1, .ofs_y = -3},
    {.bitmap_index = 5231, .adv_w = 163, .box_w = 10, .box_h = 17, .ofs_x = 0, .ofs_y = 0},
    {.bitmap_index = 5316, .adv_w = 163, .box_w = 8, .box_h = 14, .ofs_x = 1, .ofs_y = 0},
    {.bitmap_index = 5372, .adv_w = 163, .box_w = 10, .box_h = 17, .ofs_x = 0, .ofs_y = 0},
    {.bitmap_index = 5457, .adv_w = 163, .box_w = 8, .box_h = 14, .ofs_x = 1, .ofs_y = 0},
    {.bitmap_index = 5513, .adv_w = 163, .box_w = 10, .box_h = 16, .ofs_x = 0, .ofs_y = 0},
    {.bitmap_index = 5593, .adv_w = 163, .box_w = 8, .box_h = 13, .ofs_x = 1, .ofs_y = 0},
    {.bitmap_index = 5645, .adv_w = 163, .box_w = 10, .box_h = 17, .ofs_x = 0, .ofs_y = 0},
    {.bitmap_index = 5730, .adv_w = 163, .box_w = 8, .box_h = 14, .ofs_x = 1, .ofs_y = 0},
    {.bitmap_index = 5786, .adv_w = 163, .box_w = 9, .box_h = 17, .ofs_x = 1, .ofs_y = 0},
    {.bitmap_index = 5863, .adv_w = 163, .box_w = 11, .box_h = 13, .ofs_x = 0, .ofs_y = 0},
    {.bitmap_index = 5935, .adv_w = 163, .box_w = 10, .box_h = 12, .ofs_x = 0, .ofs_y = 0},
    {.bitmap_index = 5995, .adv_w = 163, .box_w = 10, .box_h = 13, .ofs_x = 0, .ofs_y = 0},
    {.bitmap_index = 6060, .adv_w = 163, .box_w = 8, .box_h = 16, .ofs_x = 1, .ofs_y = 0},
    {.bitmap_index = 6124, .adv_w = 163, .box_w = 9, .box_h = 12, .ofs_x = 1, .ofs_y = 0},
    {.bitmap_index = 6178, .adv_w = 163, .box_w = 8, .box_h = 16, .ofs_x = 1, .ofs_y = 0},
    {.bitmap_index = 6242, .adv_w = 163, .box_w = 9, .box_h = 13, .ofs_x = 1, .ofs_y = 0},
    {.bitmap_index = 6301, .adv_w = 163, .box_w = 8, .box_h = 16, .ofs_x = 1, .ofs_y = 0},
    {.bitmap_index = 6365, .adv_w = 163, .box_w = 9, .box_h = 13, .ofs_x = 1, .ofs_y = 0},
    {.bitmap_index = 6424, .adv_w = 163, .box_w = 9, .box_h = 15, .ofs_x = 1, .ofs_y = -3},
    {.bitmap_index = 6492, .adv_w = 163, .box_w = 9, .box_h = 12, .ofs_x = 1, .ofs_y = -3},
    {.bitmap_index = 6546, .adv_w = 163, .box_w = 8, .box_h = 17, .ofs_x = 1, .ofs_y = 0},
    {.bitmap_index = 6614, .adv_w = 163, .box_w = 9, .box_h = 14, .ofs_x = 1, .ofs_y = 0},
    {.bitmap_index = 6677, .adv_w = 163, .box_w = 10, .box_h = 17, .ofs_x = 0, .ofs_y = 0},
    {.bitmap_index = 6762, .adv_w = 163, .box_w = 9, .box_h = 17, .ofs_x = 1, .ofs_y = -3},
    {.bitmap_index = 6839, .adv_w = 163, .box_w = 10, .box_h = 16, .ofs_x = 0, .ofs_y = 0},
    {.bitmap_index = 6919, .adv_w = 163, .box_w = 9, .box_h = 17, .ofs_x = 1, .ofs_y = -3},
    {.bitmap_index = 6996, .adv_w = 163, .box_w = 10, .box_h = 16, .ofs_x = 0, .ofs_y = 0},
    {.bitmap_index = 7076, .adv_w = 163, .box_w = 9, .box_h = 16, .ofs_x = 1, .ofs_y = -3},
    {.bitmap_index = 7148, .adv_w = 163, .box_w = 10, .box_h = 17, .ofs_x = 0, .ofs_y = -5},
    {.bitmap_index = 7233, .adv_w = 163, .box_w = 9, .box_h = 17, .ofs_x = 1, .ofs_y = -3},
    {.bitmap_index = 7310, .adv_w = 163, .box_w = 8, .box_h = 16, .ofs_x = 1, .ofs_y = 0},
    {.bitmap_index = 7374, .adv_w = 163, .box_w = 10, .box_h = 17, .ofs_x = -1, .ofs_y = 0},
    {.bitmap_index = 7459, .adv_w = 163, .box_w = 11, .box_h = 12, .ofs_x = 0, .ofs_y = 0},
    {.bitmap_index = 7525, .adv_w = 163, .box_w = 9, .box_h = 13, .ofs_x = 0, .ofs_y = 0},
    {.bitmap_index = 7584, .adv_w = 163, .box_w = 8, .box_h = 16, .ofs_x = 1, .ofs_y = 0},
    {.bitmap_index = 7648, .adv_w = 163, .box_w = 9, .box_h = 13, .ofs_x = 1, .ofs_y = 0},
    {.bitmap_index = 7707, .adv_w = 163, .box_w = 8, .box_h = 16, .ofs_x = 1, .ofs_y = 0},
    {.bitmap_index = 7771, .adv_w = 163, .box_w = 9, .box_h = 12, .ofs_x = 1, .ofs_y = 0},
    {.bitmap_index = 7825, .adv_w = 163, .box_w = 8, .box_h = 16, .ofs_x = 1, .ofs_y = 0},
    {.bitmap_index = 7889, .adv_w = 163, .box_w = 9, .box_h = 13, .ofs_x = 1, .ofs_y = 0},
    {.bitmap_index = 7948, .adv_w = 163, .box_w = 9, .box_h = 15, .ofs_x = 1, .ofs_y = -3},
    {.bitmap_index = 8016, .adv_w = 163, .box_w = 9, .box_h = 16, .ofs_x = 1, .ofs_y = -3},
    {.bitmap_index = 8088, .adv_w = 163, .box_w = 8, .box_h = 16, .ofs_x = 1, .ofs_y = 0},
    {.bitmap_index = 8152, .adv_w = 163, .box_w = 9, .box_h = 9, .ofs_x = 1, .ofs_y = 0},
    {.bitmap_index = 8193, .adv_w = 163, .box_w = 8, .box_h = 12, .ofs_x = 1, .ofs_y = 0},
    {.bitmap_index = 8241, .adv_w = 163, .box_w = 8, .box_h = 16, .ofs_x = 1, .ofs_y = -3},
    {.bitmap_index = 8305, .adv_w = 163, .box_w = 8, .box_h = 17, .ofs_x = 1, .ofs_y = 0},
    {.bitmap_index = 8373, .adv_w = 163, .box_w = 9, .box_h = 17, .ofs_x = 1, .ofs_y = -3},
    {.bitmap_index = 8450, .adv_w = 163, .box_w = 10, .box_h = 17, .ofs_x = 1, .ofs_y = -5},
    {.bitmap_index = 8535, .adv_w = 163, .box_w = 9, .box_h = 18, .ofs_x = 1, .ofs_y = -5},
    {.bitmap_index = 8616, .adv_w = 163, .box_w = 9, .box_h = 9, .ofs_x = 1, .ofs_y = 0},
    {.bitmap_index = 8657, .adv_w = 163, .box_w = 9, .box_h = 17, .ofs_x = 1, .ofs_y = 0},
    {.bitmap_index = 8734, .adv_w = 163, .box_w = 8, .box_h = 17, .ofs_x = 1, .ofs_y = 0},
    {.bitmap_index = 8802, .adv_w = 163, .box_w = 9, .box_h = 17, .ofs_x = 1, .ofs_y = -5},
    {.bitmap_index = 8879, .adv_w = 163, .box_w = 8, .box_h = 18, .ofs_x = 1, .ofs_y = -5},
    {.bitmap_index = 8951, .adv_w = 163, .box_w = 9, .box_h = 13, .ofs_x = 1, .ofs_y = 0},
    {.bitmap_index = 9010, .adv_w = 163, .box_w = 9, .box_h = 13, .ofs_x = 1, .ofs_y = 0},
    {.bitmap_index = 9069, .adv_w = 163, .box_w = 9, .box_h = 12, .ofs_x = 1, .ofs_y = 0},
    {.bitmap_index = 9123, .adv_w = 163, .box_w = 9, .box_h = 13, .ofs_x = 1, .ofs_y = 0},
    {.bitmap_index = 9182, .adv_w = 163, .box_w = 10, .box_h = 12, .ofs_x = 0, .ofs_y = 0},
    {.bitmap_index = 9242, .adv_w = 163, .box_w = 8, .box_h = 13, .ofs_x = 1, .ofs_y = 0},
    {.bitmap_index = 9294, .adv_w = 163, .box_w = 8, .box_h = 17, .ofs_x = 1, .ofs_y = 0},
    {.bitmap_index = 9362, .adv_w = 163, .box_w = 8, .box_h = 14, .ofs_x = 1, .ofs_y = 0},
    {.bitmap_index = 9418, .adv_w = 163, .box_w = 8, .box_h = 17, .ofs_x = 1, .ofs_y = -5},
    {.bitmap_index = 9486, .adv_w = 163, .box_w = 8, .box_h = 14, .ofs_x = 1, .ofs_y = -5},
    {.bitmap_index = 9542, .adv_w = 163, .box_w = 8, .box_h = 17, .ofs_x = 1, .ofs_y = 0},
    {.bitmap_index = 9610, .adv_w = 163, .box_w = 8, .box_h = 14, .ofs_x = 1, .ofs_y = 0},
    {.bitmap_index = 9666, .adv_w = 163, .box_w = 9, .box_h = 13, .ofs_x = 0, .ofs_y = 0},
    {.bitmap_index = 9725, .adv_w = 163, .box_w = 8, .box_h = 15, .ofs_x = 1, .ofs_y = -3},
    {.bitmap_index = 9785, .adv_w = 163, .box_w = 8, .box_h = 12, .ofs_x = 1, .ofs_y = -3},
    {.bitmap_index = 9833, .adv_w = 163, .box_w = 10, .box_h = 16, .ofs_x = 0, .ofs_y = 0},
    {.bitmap_index = 9913, .adv_w = 163, .box_w = 10, .box_h = 12, .ofs_x = 0, .ofs_y = 0},
    {.bitmap_index = 9973, .adv_w = 163, .box_w = 10, .box_h = 16, .ofs_x = 0, .ofs_y = 0},
    {.bitmap_index = 10053, .adv_w = 163, .box_w = 10, .box_h = 13, .ofs_x = 0, .ofs_y = 0},
    {.bitmap_index = 10118, .adv_w = 163, .box_w = 10, .box_h = 17, .ofs_x = 0, .ofs_y = 0},
    {.bitmap_index = 10203, .adv_w = 163, .box_w = 10, .box_h = 14, .ofs_x = 0, .ofs_y = 0},
    {.bitmap_index = 10273, .adv_w = 163, .box_w = 10, .box_h = 12, .ofs_x = 0, .ofs_y = 0},
    {.bitmap_index = 10333, .adv_w = 163, .box_w = 10, .box_h = 9, .ofs_x = 0, .ofs_y = 0},
    {.bitmap_index = 10378, .adv_w = 163, .box_w = 9, .box_h = 17, .ofs_x = 1, .ofs_y = 0},
    {.bitmap_index = 10455, .adv_w = 163, .box_w = 9, .box_h = 14, .ofs_x = 1, .ofs_y = 0},
    {.bitmap_index = 10518, .adv_w = 163, .box_w = 9, .box_h = 17, .ofs_x = 1, .ofs_y = -5},
    {.bitmap_index = 10595, .adv_w = 163, .box_w = 9, .box_h = 14, .ofs_x = 1, .ofs_y = -5},
    {.bitmap_index = 10658, .adv_w = 163, .box_w = 9, .box_h = 17, .ofs_x = 1, .ofs_y = 0},
    {.bitmap_index = 10735, .adv_w = 163, .box_w = 9, .box_h = 14, .ofs_x = 1, .ofs_y = 0},
    {.bitmap_index = 10798, .adv_w = 163, .box_w = 10, .box_h = 17, .ofs_x = 0, .ofs_y = 0},
    {.bitmap_index = 10883, .adv_w = 163, .box_w = 8, .box_h = 14, .ofs_x = 1, .ofs_y = 0},
    {.bitmap_index = 10939, .adv_w = 163, .box_w = 10, .box_h = 17, .ofs_x = 0, .ofs_y = 0},
    {.bitmap_index = 11024, .adv_w = 163, .box_w = 8, .box_h = 14, .ofs_x = 1, .ofs_y = 0},
    {.bitmap_index = 11080, .adv_w = 163, .box_w = 10, .box_h = 15, .ofs_x = 0, .ofs_y = -3},
    {.bitmap_index = 11155, .adv_w = 163, .box_w = 8, .box_h = 12, .ofs_x = 1, .ofs_y = -3},
    {.bitmap_index = 11203, .adv_w = 163, .box_w = 10, .box_h = 17, .ofs_x = 0, .ofs_y = 0},
    {.bitmap_index = 11288, .adv_w = 163, .box_w = 8, .box_h = 14, .ofs_x = 1, .ofs_y = 0},
    {.bitmap_index = 11344, .adv_w = 163, .box_w = 10, .box_h = 15, .ofs_x = 0, .ofs_y = -3},
    {.bitmap_index = 11419, .adv_w = 163, .box_w = 9, .box_h = 15, .ofs_x = 0, .ofs_y = -3},
    {.bitmap_index = 11487, .adv_w = 163, .box_w = 10, .box_h = 17, .ofs_x = 0, .ofs_y = 0},
    {.bitmap_index = 11572, .adv_w = 163, .box_w = 9, .box_h = 13, .ofs_x = 0, .ofs_y = 0},
    {.bitmap_index = 11631, .adv_w = 163, .box_w = 10, .box_h = 12, .ofs_x = 0, .ofs_y = 0},
    {.bitmap_index = 11691, .adv_w = 163, .box_w = 9, .box_h = 12, .ofs_x = 0, .ofs_y = 0},
    {.bitmap_index = 11745, .adv_w = 163, .box_w = 9, .box_h = 16, .ofs_x = 1, .ofs_y = 0},
    {.bitmap_index = 11817, .adv_w = 163, .box_w = 8, .box_h = 13, .ofs_x = 1, .ofs_y = 0},
    {.bitmap_index = 11869, .adv_w = 163, .box_w = 9, .box_h = 16, .ofs_x = 1, .ofs_y = 0},
    {.bitmap_index = 11941, .adv_w = 163, .box_w = 8, .box_h = 12, .ofs_x = 1, .ofs_y = 0},
    {.bitmap_index = 11989, .adv_w = 163, .box_w = 9, .box_h = 16, .ofs_x = 1, .ofs_y = 0},
    {.bitmap_index = 12061, .adv_w = 163, .box_w = 8, .box_h = 13, .ofs_x = 1, .ofs_y = 0},
    {.bitmap_index = 12113, .adv_w = 163, .box_w = 9, .box_h = 17, .ofs_x = 1, .ofs_y = 0},
    {.bitmap_index = 12190, .adv_w = 163, .box_w = 8, .box_h = 14, .ofs_x = 1, .ofs_y = 0},
    {.bitmap_index = 12246, .adv_w = 163, .box_w = 9, .box_h = 17, .ofs_x = 1, .ofs_y = 0},
    {.bitmap_index = 12323, .adv_w = 163, .box_w = 8, .box_h = 14, .ofs_x = 1, .ofs_y = 0},
    {.bitmap_index = 12379, .adv_w = 163, .box_w = 9, .box_h = 15, .ofs_x = 1, .ofs_y = -3},
    {.bitmap_index = 12447, .adv_w = 163, .box_w = 9, .box_h = 12, .ofs_x = 1, .ofs_y = -3},
    {.bitmap_index = 12501, .adv_w = 163, .box_w = 10, .box_h = 16, .ofs_x = 0, .ofs_y = 0},
    {.bitmap_index = 12581, .adv_w = 163, .box_w = 10, .box_h = 13, .ofs_x = 0, .ofs_y = 0},
    {.bitmap_index = 12646, .adv_w = 163, .box_w = 10, .box_h = 16, .ofs_x = 0, .ofs_y = 0},
    {.bitmap_index = 12726, .adv_w = 163, .box_w = 10, .box_h = 17, .ofs_x = 0, .ofs_y = -3},
    {.bitmap_index = 12811, .adv_w = 163, .box_w = 10, .box_h = 16, .ofs_x = 0, .ofs_y = 0},
    {.bitmap_index = 12891, .adv_w = 163, .box_w = 10, .box_h = 17, .ofs_x = 0, .ofs_y = 0},
    {.bitmap_index = 12976, .adv_w = 163, .box_w = 8, .box_h = 14, .ofs_x = 1, .ofs_y = 0},
    {.bitmap_index = 13032, .adv_w = 163, .box_w = 10, .box_h = 16, .ofs_x = 0, .ofs_y = 0},
    {.bitmap_index = 13112, .adv_w = 163, .box_w = 8, .box_h = 13, .ofs_x = 1, .ofs_y = 0},
    {.bitmap_index = 13164, .adv_w = 163, .box_w = 11, .box_h = 2, .ofs_x = 0, .ofs_y = 4},
    {.bitmap_index = 13175, .adv_w = 163, .box_w = 10, .box_h = 8, .ofs_x = 0, .ofs_y = 2}
};

/*---------------------
 *  CHARACTER MAPPING
 *--------------------*/

static const uint16_t unicode_list_1[] = {
    0x0, 0x7, 0x14, 0x26, 0x2c, 0x2f, 0x34, 0x46,
    0x4c
};

static const uint16_t unicode_list_3[] = {
    0x0, 0x17e
};

/*Collect the unicode lists and glyph_id offsets*/
static const lv_font_fmt_txt_cmap_t cmaps[] =
{
    {
        .range_start = 32, .range_length = 95, .glyph_id_start = 1,
        .unicode_list = NULL, .glyph_id_ofs_list = NULL, .list_length = 0, .type = LV_FONT_FMT_TXT_CMAP_FORMAT0_TINY
    },
    {
        .range_start = 176, .range_length = 77, .glyph_id_start = 96,
        .unicode_list = unicode_list_1, .glyph_id_ofs_list = NULL, .list_length = 9, .type = LV_FONT_FMT_TXT_CMAP_SPARSE_TINY
    },
    {
        .range_start = 260, .range_length = 121, .glyph_id_start = 105,
        .unicode_list = NULL, .glyph_id_ofs_list = NULL, .list_length = 0, .type = LV_FONT_FMT_TXT_CMAP_FORMAT0_TINY
    },
    {
        .range_start = 8212, .range_length = 383, .glyph_id_start = 226,
        .unicode_list = unicode_list_3, .glyph_id_ofs_list = NULL, .list_length = 2, .type = LV_FONT_FMT_TXT_CMAP_SPARSE_TINY
    }
};



/*--------------------
 *  ALL CUSTOM DATA
 *--------------------*/

#if LVGL_VERSION_MAJOR == 8
/*Store all the custom data of the font*/
static  lv_font_fmt_txt_glyph_cache_t cache;
#endif

#if LVGL_VERSION_MAJOR >= 8
static const lv_font_fmt_txt_dsc_t font_dsc = {
#else
static lv_font_fmt_txt_dsc_t font_dsc = {
#endif
    .glyph_bitmap = glyph_bitmap,
    .glyph_dsc = glyph_dsc,
    .cmaps = cmaps,
    .kern_dsc = NULL,
    .kern_scale = 0,
    .cmap_num = 4,
    .bpp = 4,
    .kern_classes = 0,
    .bitmap_format = 0,
#if LVGL_VERSION_MAJOR == 8
    .cache = &cache
#endif
};



/*-----------------
 *  PUBLIC FONT
 *----------------*/

/*Initialize a public general font descriptor*/
#if LVGL_VERSION_MAJOR >= 8
const lv_font_t plex_mono_17 = {
#else
lv_font_t plex_mono_17 = {
#endif
    .get_glyph_dsc = lv_font_get_glyph_dsc_fmt_txt,    /*Function pointer to get glyph's data*/
    .get_glyph_bitmap = lv_font_get_bitmap_fmt_txt,    /*Function pointer to get glyph's bitmap*/
    .line_height = 22,          /*The maximum line height required by the font*/
    .base_line = 5,             /*Baseline measured from the bottom of the line*/
#if !(LVGL_VERSION_MAJOR == 6 && LVGL_VERSION_MINOR == 0)
    .subpx = LV_FONT_SUBPX_NONE,
#endif
#if LV_VERSION_CHECK(7, 4, 0) || LVGL_VERSION_MAJOR >= 8
    .underline_position = -2,
    .underline_thickness = 1,
#endif
#if LV_VERSION_CHECK(9, 3, 0)
    .static_bitmap = 1,   /*Uncompressed const bitmaps: use in place, no copy*/
#endif
    .dsc = &font_dsc,          /*The custom font data. Will be accessed by `get_glyph_bitmap/dsc` */
#if LV_VERSION_CHECK(8, 2, 0) || LVGL_VERSION_MAJOR >= 9
    .fallback = NULL,
#endif
    .user_data = NULL,
};



#endif /*#if PLEX_MONO_17*/

