/*******************************************************************************
 * Size: 100 px
 * Bpp: 4
 * Opts: --font /Users/monsjovis/repositories/esp-flight-monitor/tools/fonts/IBMPlexSansCondensed-SemiBold.ttf --format lvgl --bpp 4 --size 100 --lv-font-name plex_sans_cond_100 -o /Users/monsjovis/repositories/esp-flight-monitor/main/ui/fonts/plex_sans_cond_100.c -r 0x20-0x7F -r 0xC4,0xD6,0xDC,0xE4,0xF6,0xFC,0xDF -r 0xB0,0xB7 -r 0x2192,0x2014
 ******************************************************************************/

#ifdef LV_LVGL_H_INCLUDE_SIMPLE
#include "lvgl.h"
#else
#include "lvgl/lvgl.h"
#endif

#ifndef PLEX_SANS_COND_100
#define PLEX_SANS_COND_100 1
#endif

#if PLEX_SANS_COND_100

/*-----------------
 *    BITMAPS
 *----------------*/

/*Store the image of the glyphs*/
static LV_ATTRIBUTE_LARGE_CONST const uint8_t glyph_bitmap[] = {
    /* U+0020 " " */

    /* U+0021 "!" */
    0x2, 0xcc, 0xff, 0xe0, 0x38, 0x0, 0x4c, 0xff,
    0xf8, 0x1c, 0x1, 0xff, 0xff, 0x0, 0xff, 0xff,
    0x80, 0x7f, 0xff, 0xc0, 0x3f, 0xfe, 0xa2, 0x1,
    0xff, 0xc0, 0x10, 0x1, 0x0, 0x7f, 0xf0, 0x3c,
    0x2, 0x10, 0xf, 0xf8, 0x80, 0x22, 0x0, 0xff,
    0x98, 0x2, 0x60, 0xf, 0xf8, 0x80, 0x22, 0x0,
    0xff, 0x84, 0x2, 0xe0, 0xf, 0xf1, 0x0, 0x62,
    0x0, 0xff, 0x30, 0x6, 0x60, 0xf, 0xf1, 0x0,
    0x62, 0x0, 0xff, 0x70, 0x7, 0x8, 0x7, 0xf1,
    0x0, 0x71, 0x0, 0x7f, 0x30, 0x7, 0x30, 0x7,
    0xf1, 0x0, 0x71, 0x0, 0x7f, 0x8, 0x7, 0x70,
    0x7, 0xe2, 0x0, 0xf1, 0x0, 0x7e, 0x10, 0xf,
    0x30, 0x7, 0xe6, 0x0, 0xf1, 0x0, 0x7e, 0x20,
    0xf, 0x84, 0x3, 0xee, 0x0, 0xf8, 0x80, 0x3e,
    0x20, 0xf, 0x98, 0x3, 0xe6, 0x0, 0xf8, 0x80,
    0x3e, 0x20, 0xf, 0xbc, 0x3, 0xc2, 0x1, 0xf8,
    0x80, 0x3c, 0x40, 0x1f, 0x98, 0x3, 0xcc, 0x1,
    0xf8, 0xc0, 0x3c, 0x40, 0x1f, 0xfc, 0x3e, 0x0,
    0xfe, 0x20, 0xe, 0x20, 0xf, 0xe6, 0x0, 0xe6,
    0x0, 0xfe, 0x20, 0xe, 0x20, 0xf, 0xe9, 0xff,
    0xe0, 0xf, 0xff, 0xf8, 0x7, 0xff, 0xd, 0x1e,
    0x20, 0xea, 0x40, 0x1f, 0x4f, 0xdc, 0x3b, 0xa2,
    0xb7, 0xc, 0x3, 0x63, 0x0, 0x7e, 0x3c, 0x40,
    0x4, 0x18, 0x7, 0xfd, 0x40, 0x7, 0x0, 0xff,
    0xe0, 0xb, 0x20, 0x7, 0xff, 0xb, 0x4, 0x3,
    0xff, 0x84, 0xc6, 0x1, 0xff, 0xe3, 0x30, 0xf,
    0xfe, 0x13, 0xb8, 0x3, 0xff, 0x84, 0x64, 0x60,
    0x1f, 0xfc, 0x1a, 0xf, 0x0, 0xff, 0xe0, 0x31,
    0x1, 0xd8, 0x80, 0x7f, 0x34, 0x80, 0x49, 0xf0,
    0x82, 0x0, 0x13, 0x6c, 0x90, 0x0,

    /* U+0022 "\"" */
    0x9f, 0xff, 0xf0, 0x80, 0x7c, 0x7f, 0xff, 0xe8,
    0x0, 0xff, 0xff, 0x80, 0x7f, 0xff, 0xc0, 0x3f,
    0xff, 0xe0, 0x1f, 0xff, 0xf0, 0xf, 0xff, 0xf8,
    0x7, 0xff, 0xfc, 0x3, 0xff, 0xfe, 0x1, 0xff,
    0xff, 0x0, 0xff, 0xff, 0x80, 0x7f, 0xff, 0xc0,
    0x3f, 0xff, 0xe0, 0x1f, 0xff, 0xf0, 0xf, 0xfe,
    0x94, 0xff, 0xff, 0x84, 0x3, 0xe3, 0xff, 0xff,
    0x40,

    /* U+0023 "#" */
    0x0, 0xff, 0xe3, 0x57, 0xff, 0xc0, 0x1f, 0xfc,
    0x26, 0xff, 0xf9, 0x80, 0x3f, 0xf9, 0xae, 0x1,
    0xe2, 0x0, 0xff, 0xe1, 0x70, 0x7, 0xc4, 0x1,
    0xff, 0xcd, 0x20, 0xf, 0x30, 0x7, 0xff, 0x8,
    0x80, 0x3e, 0x50, 0xf, 0xfe, 0x60, 0x80, 0x7c,
    0x60, 0x1f, 0xfc, 0x27, 0x0, 0xf8, 0x40, 0x3f,
    0xf9, 0x8a, 0x1, 0xf7, 0x0, 0x7f, 0xf0, 0x88,
    0x3, 0xc6, 0x1, 0xff, 0xcd, 0x20, 0xf, 0x94,
    0x3, 0xff, 0x82, 0x20, 0x1f, 0x30, 0x7, 0xff,
    0x37, 0xc0, 0x3e, 0x20, 0xf, 0xfe, 0xa, 0x80,
    0x7d, 0xa0, 0x1f, 0xfc, 0xd2, 0x0, 0xf8, 0x40,
    0x3f, 0xf8, 0x24, 0x1, 0xf1, 0x0, 0x7f, 0xf3,
    0x58, 0x3, 0xc6, 0x1, 0xff, 0xc2, 0xf0, 0xf,
    0x9c, 0x3, 0xff, 0x9a, 0x40, 0x1e, 0x60, 0xf,
    0xfe, 0x11, 0x0, 0x7c, 0x40, 0x1f, 0xfc, 0xc2,
    0x0, 0xfb, 0x40, 0x3f, 0xf8, 0x4c, 0x1, 0xe1,
    0x0, 0xff, 0xe6, 0xb8, 0x7, 0xc4, 0x1, 0xff,
    0xc2, 0x20, 0xf, 0x28, 0x7, 0xff, 0x34, 0x80,
    0x3e, 0x70, 0xf, 0xfe, 0x9, 0x0, 0x7c, 0x40,
    0x1f, 0xfc, 0xde, 0x0, 0xf8, 0x80, 0x3f, 0xf8,
    0x2c, 0x1, 0xf7, 0x80, 0x7f, 0xf3, 0x54, 0x3,
    0xc4, 0x1, 0xff, 0xc2, 0x30, 0xf, 0x88, 0x3,
    0xff, 0x9a, 0x40, 0x1e, 0x60, 0xf, 0xfe, 0x17,
    0x0, 0x7c, 0xa0, 0x1f, 0xfc, 0xd1, 0x0, 0xf1,
    0x80, 0x7f, 0xf0, 0x94, 0x3, 0xe1, 0x0, 0xff,
    0xe6, 0x18, 0x7, 0xdc, 0x1, 0xff, 0xc2, 0x20,
    0xf, 0x18, 0x7, 0xff, 0xc, 0xcf, 0xfc, 0x80,
    0x1f, 0x8c, 0xff, 0xf8, 0x42, 0x1, 0xe7, 0x33,
    0xfe, 0x0, 0xe4, 0xcc, 0xff, 0x40, 0x7, 0xd3,
    0x99, 0xff, 0xc2, 0x0, 0xf9, 0x33, 0x3f, 0x8c,
    0x3, 0xff, 0xfe, 0x1, 0xff, 0xff, 0x0, 0xff,
    0xff, 0x80, 0x7f, 0xff, 0xc0, 0x3f, 0xfb, 0x89,
    0xff, 0xfc, 0xc0, 0x1f, 0x7f, 0xff, 0xf0, 0xac,
    0x3, 0xe9, 0xff, 0xff, 0x18, 0x7, 0xff, 0x8,
    0x80, 0x3c, 0x40, 0x1f, 0xfc, 0x22, 0x0, 0xf8,
    0x80, 0x3f, 0xf9, 0xaa, 0x1, 0xe6, 0x0, 0xff,
    0xe1, 0x78, 0x7, 0xca, 0x1, 0xff, 0xcd, 0x10,
    0xf, 0x18, 0x7, 0xff, 0x8, 0x80, 0x3e, 0x10,
    0xf, 0xfe, 0x61, 0x80, 0x7d, 0xc0, 0x1f, 0xfc,
    0x25, 0x0, 0xf1, 0x80, 0x7f, 0xf3, 0x54, 0x3,
    0xe5, 0x0, 0xff, 0xe1, 0x8, 0x7, 0x94, 0x3,
    0xff, 0x9b, 0xc0, 0x1f, 0x10, 0x7, 0xff, 0x4,
    0xc0, 0x3e, 0xe0, 0xf, 0xfe, 0x69, 0x80, 0x7c,
    0x20, 0x1f, 0xfc, 0x16, 0x0, 0xf8, 0xc0, 0x3f,
    0xf9, 0xac, 0x1, 0xe3, 0x0, 0xff, 0xe1, 0x68,
    0x7, 0xcc, 0x1, 0xff, 0xcd, 0x20, 0xf, 0x30,
    0x7, 0xff, 0x8, 0x80, 0x3e, 0x20, 0xf, 0xfe,
    0x61, 0x0, 0x7d, 0xa0, 0x1f, 0xfc, 0x27, 0x0,
    0xf1, 0x0, 0x7f, 0xf3, 0x5c, 0x3, 0xe2, 0x0,
    0xff, 0xe1, 0x10, 0x7, 0x9c, 0x3, 0xff, 0x9a,
    0x40, 0x1f, 0x38, 0x7, 0xff, 0x4, 0x80, 0x3e,
    0x20, 0xf, 0xfe, 0x6e, 0x80, 0x7c, 0x40, 0x1f,
    0xfc, 0x16, 0x0, 0xfb, 0x40, 0x3f, 0xf9, 0xae,
    0x1, 0xe2, 0x0, 0xff, 0xe1, 0x10, 0x7, 0xce,
    0x1, 0xff, 0xcd, 0x20, 0xf, 0x30, 0x7, 0xff,
    0xb, 0xc0, 0x3e, 0x20, 0xf, 0xfe, 0x61, 0x0,
    0x7c, 0x60, 0x1f, 0xfc, 0x22, 0x0, 0xf1, 0x0,
    0x7f, 0xf3, 0x58, 0x3, 0xee, 0x0, 0xff, 0xe1,
    0x28, 0x7, 0x98, 0x3, 0xff, 0x86, 0x67, 0xfe,
    0xc0, 0xf, 0xc6, 0x7f, 0xfc, 0x21, 0x0, 0xf0,
    0x99, 0xff, 0x0, 0x71, 0xe6, 0x7f, 0x9c, 0x3,
    0xe9, 0xcc, 0xff, 0xe1, 0x0, 0x7c, 0xb9, 0x9f,
    0xc8, 0x1, 0xff, 0xff, 0x0, 0xff, 0xff, 0x80,
    0x7f, 0xff, 0xc0, 0x3f, 0xff, 0xe0, 0x1f, 0xfd,
    0xc3, 0xff, 0xfe, 0x50, 0xf, 0xbf, 0xff, 0xf8,
    0x56, 0x1, 0xf5, 0x7f, 0xff, 0x90, 0x3, 0xff,
    0x84, 0xe0, 0x1e, 0x20, 0xf, 0xfe, 0x11, 0x80,
    0x7c, 0xe0, 0x1f, 0xfc, 0xd2, 0x0, 0xf3, 0x0,
    0x7f, 0xf0, 0xb8, 0x3, 0xe2, 0x0, 0xff, 0xe6,
    0x10, 0x7, 0xc4, 0x1, 0xff, 0xc2, 0x50, 0xf,
    0x10, 0x7, 0xff, 0x35, 0x80, 0x3e, 0xf0, 0xf,
    0xfe, 0x11, 0x0, 0x79, 0x80, 0x3f, 0xf9, 0xa6,
    0x1, 0xf1, 0x0, 0x7f, 0xf0, 0x44, 0x40, 0x1e,
    0x20, 0xf, 0xfe, 0x6f, 0x0, 0x7c, 0xa0, 0x1f,
    0xfc, 0x12, 0x0, 0xfb, 0xc0, 0x3f, 0xf9, 0xaa,
    0x1, 0xf0, 0x80, 0x7f, 0xf0, 0x54, 0x3, 0xe2,
    0x0, 0xff, 0xe6, 0x90, 0x7, 0x8c, 0x3, 0xff,
    0x85, 0xc0, 0x1f, 0x28, 0x7, 0xff, 0x30, 0x44,
    0x1, 0xe6, 0x0, 0xff, 0xe1, 0x18, 0x7, 0xc2,
    0x1, 0xff, 0xcc, 0x20, 0xf, 0x88, 0x3, 0xff,
    0x84, 0xc0, 0x1e, 0x30, 0xf, 0xfe, 0x6a, 0x80,
    0x7d, 0xa0, 0x1f, 0xfc, 0x22, 0x0, 0xf3, 0x0,
    0x7f, 0xf3, 0x78, 0x3, 0xe6, 0x0, 0xff, 0xe0,
    0x90, 0x7, 0xc4, 0x1, 0xff, 0xcd, 0x30, 0xf,
    0x8c, 0x3, 0xff, 0x82, 0xe0, 0x1f, 0x68, 0x7,
    0xff, 0x35, 0x40, 0x3c, 0x20, 0x1f, 0xfc, 0x22,
    0x0, 0xf9, 0x80, 0x3f, 0xf9, 0xa2, 0x1, 0xe5,
    0x0, 0xff, 0xe1, 0x68, 0x7, 0xc6, 0x1, 0xff,
    0xcc, 0x30, 0xf, 0x88, 0x3, 0xff, 0x84, 0xc0,
    0x1e, 0x10, 0xf, 0xfe, 0x6b, 0x0, 0x7d, 0xc0,
    0x1f, 0xfc, 0x23, 0x0, 0xf2, 0x80, 0x7f, 0xf3,
    0x59, 0xdf, 0xe5, 0x0, 0xff, 0xe1, 0x3b, 0xfd,
    0xc0, 0x1f, 0xfc, 0x60,

    /* U+0024 "$" */
    0x0, 0xff, 0xe4, 0x11, 0x7f, 0x0, 0x7f, 0xf6,
    0x8f, 0x77, 0xf9, 0x0, 0x3f, 0xff, 0xe0, 0x1f,
    0xff, 0xf0, 0xf, 0xff, 0xf8, 0x7, 0xff, 0xfc,
    0x3, 0xff, 0xfa, 0xc0, 0x1f, 0xc6, 0x20, 0x1f,
    0xfd, 0x31, 0x6a, 0xdf, 0xa0, 0xf, 0xe8, 0xee,
    0x5b, 0x98, 0x7, 0xff, 0x35, 0xb3, 0xa5, 0x48,
    0x3, 0xff, 0x82, 0x29, 0x19, 0xb0, 0x20, 0x1f,
    0xfc, 0x86, 0xe9, 0x30, 0xf, 0xfe, 0x49, 0x3f,
    0x49, 0x0, 0x7f, 0xf1, 0xb, 0x64, 0x40, 0x3f,
    0xf9, 0xcd, 0xae, 0x1, 0xff, 0xc2, 0x4d, 0x20,
    0xf, 0xfe, 0x94, 0x60, 0x80, 0x7f, 0xcd, 0x60,
    0x1f, 0xfd, 0x53, 0xf3, 0x0, 0xfe, 0x59, 0x0,
    0xff, 0xeb, 0x8e, 0x20, 0x7, 0xc3, 0x40, 0x1f,
    0xfd, 0xab, 0x30, 0xf, 0x50, 0x7, 0xff, 0x73,
    0x44, 0x3, 0x1a, 0x0, 0x7f, 0xf0, 0x45, 0x5c,
    0x3, 0xe6, 0x61, 0x0, 0x7f, 0xf0, 0x94, 0x40,
    0x34, 0x80, 0x7f, 0xf0, 0x6, 0xba, 0xac, 0x3,
    0xed, 0x9d, 0xd3, 0x80, 0x7f, 0xcb, 0x60, 0x1c,
    0xa0, 0x1f, 0xf2, 0x72, 0x80, 0x7f, 0xf0, 0x4a,
    0x39, 0x80, 0x3f, 0x3d, 0x0, 0x72, 0x80, 0x7f,
    0xc5, 0x60, 0x1f, 0xfc, 0x51, 0x9a, 0x0, 0xf4,
    0xc0, 0x7, 0xb4, 0x3, 0xfe, 0xe0, 0xf, 0xfe,
    0x42, 0xe8, 0x80, 0x54, 0xc0, 0x1f, 0x18, 0x7,
    0xf8, 0x8c, 0x3, 0xff, 0x92, 0x58, 0x22, 0xc5,
    0x0, 0xfc, 0xa0, 0x1f, 0xe4, 0x0, 0xff, 0xe5,
    0x96, 0xe1, 0x80, 0x7f, 0x8, 0x7, 0xfb, 0xc0,
    0x3f, 0xf9, 0x86, 0x40, 0x1f, 0xfc, 0x93, 0x0,
    0xff, 0xeb, 0x88, 0x7, 0xff, 0xbc, 0xc0, 0x3f,
    0xfa, 0xe2, 0x1, 0xff, 0x70, 0x7, 0xff, 0x8d,
    0x0, 0x3f, 0xfb, 0x6, 0x1, 0xfe, 0x33, 0x0,
    0x7f, 0xf5, 0xd4, 0x3, 0xfe, 0xf0, 0xf, 0xfe,
    0xbe, 0x0, 0x7f, 0xc7, 0x60, 0x1f, 0xfd, 0x64,
    0x0, 0xff, 0xe0, 0x26, 0x98, 0x7, 0xff, 0x50,
    0x54, 0x3, 0xff, 0x80, 0x59, 0x68, 0x1, 0xff,
    0xd3, 0x90, 0xf, 0xfe, 0x12, 0x5e, 0x0, 0x7f,
    0xf4, 0x8d, 0x40, 0x3f, 0xfc, 0x76, 0x40, 0x1f,
    0xfc, 0xaa, 0x95, 0x0, 0xff, 0xe4, 0x8f, 0x88,
    0x7, 0xff, 0x24, 0x5a, 0xbe, 0xd4, 0x3, 0xff,
    0x8e, 0x5a, 0x20, 0x1f, 0xfc, 0xc4, 0xaf, 0x92,
    0x0, 0xff, 0xe2, 0x9f, 0x98, 0x7, 0xff, 0x39,
    0xb6, 0xcc, 0x3, 0xff, 0x88, 0x39, 0x0, 0x1f,
    0xfc, 0xf4, 0xc9, 0x10, 0xf, 0xfe, 0x23, 0xf3,
    0x0, 0x7f, 0xf3, 0xdb, 0xd0, 0x3, 0xff, 0x88,
    0x33, 0xce, 0x20, 0x1f, 0xfc, 0xd1, 0xb5, 0x0,
    0xff, 0xe2, 0x8c, 0x75, 0x20, 0x7, 0xff, 0x36,
    0x94, 0x3, 0xff, 0x8e, 0xb7, 0xf4, 0xc2, 0x1,
    0xff, 0xca, 0xa3, 0x0, 0xff, 0xe4, 0xac, 0xe8,
    0x7, 0xff, 0x2f, 0x80, 0x3f, 0xfa, 0x64, 0x1,
    0xff, 0xc3, 0x26, 0x0, 0xff, 0xe9, 0x4e, 0xb0,
    0x7, 0xff, 0xa, 0x0, 0x3f, 0xfa, 0x65, 0x3a,
    0x60, 0x1f, 0xfc, 0x1, 0x40, 0xf, 0xfe, 0xa1,
    0x63, 0x0, 0x7f, 0xf0, 0x34, 0x3, 0xff, 0xad,
    0x2a, 0x1, 0xff, 0x20, 0x7, 0xff, 0x5e, 0xc4,
    0x3, 0xfc, 0x40, 0x1f, 0xfd, 0x71, 0x60, 0xf,
    0xf8, 0x80, 0x3f, 0xfa, 0xf6, 0x1, 0xff, 0x8,
    0x7, 0xff, 0x5c, 0xc0, 0x3f, 0xe7, 0x0, 0xff,
    0xec, 0x10, 0x7, 0xff, 0xfc, 0x3, 0xff, 0xa6,
    0xe0, 0x1f, 0xfd, 0x83, 0x0, 0xff, 0x10, 0x7,
    0x87, 0x54, 0x3, 0xff, 0x9c, 0x22, 0x0, 0xff,
    0x8, 0x7, 0x17, 0x95, 0x10, 0x7, 0xff, 0x35,
    0xc0, 0x3f, 0xc4, 0x1, 0xc7, 0x82, 0x0, 0xc2,
    0x0, 0xff, 0xe6, 0x50, 0x7, 0xf9, 0xc0, 0x32,
    0x60, 0x80, 0x43, 0xa8, 0x1, 0xff, 0xca, 0x53,
    0x0, 0xff, 0x60, 0x4, 0xd6, 0x1, 0xf5, 0xc0,
    0x7, 0xff, 0x20, 0xac, 0x3, 0xfe, 0x70, 0x3,
    0xc8, 0x7, 0xf3, 0xf3, 0x0, 0x7f, 0xf1, 0x57,
    0x4, 0x3, 0xfc, 0x62, 0x11, 0x0, 0xf, 0xf8,
    0x67, 0xa0, 0xc0, 0x3f, 0xf8, 0x9, 0x74, 0x20,
    0x1f, 0xf4, 0x80, 0x34, 0x3, 0xff, 0x84, 0x2f,
    0x9d, 0x72, 0x1, 0xf4, 0xfd, 0xa0, 0x7, 0xff,
    0x0, 0x94, 0x0, 0xb0, 0x1, 0xff, 0xc4, 0x14,
    0x50, 0xf, 0x88, 0x3, 0xff, 0x87, 0x20, 0x19,
    0xdc, 0x1, 0xff, 0xdc, 0x64, 0x0, 0xe8, 0x80,
    0x7, 0xff, 0x68, 0xe4, 0x3, 0xe7, 0xa0, 0xf,
    0xfe, 0xc1, 0xe0, 0x7, 0xf2, 0xe9, 0x80, 0x7f,
    0xf5, 0x57, 0x0, 0x3f, 0xe2, 0xca, 0x10, 0xf,
    0xfe, 0x88, 0xcd, 0x0, 0x7f, 0xf0, 0x97, 0xa4,
    0x80, 0x3f, 0xf9, 0xcf, 0xec, 0x1, 0xff, 0xc5,
    0x6d, 0xb6, 0x10, 0xf, 0xfe, 0x41, 0xc7, 0x40,
    0x80, 0x7f, 0xf2, 0x12, 0x7b, 0x21, 0x48, 0x3,
    0xff, 0x80, 0x6d, 0x3d, 0x8e, 0x20, 0x1f, 0xfc,
    0xd3, 0x7a, 0xdf, 0xb0, 0xf, 0xeb, 0xc9, 0x61,
    0x0, 0xff, 0xea, 0xb8, 0x7, 0xff, 0xfc, 0x3,
    0xff, 0xfe, 0x1, 0xff, 0xff, 0x0, 0xff, 0xff,
    0x80, 0x7f, 0xfd, 0x0,

    /* U+0025 "%" */
    0x0, 0xff, 0x96, 0x73, 0xbf, 0xee, 0xca, 0x62,
    0x0, 0xff, 0xfa, 0x15, 0x7d, 0x31, 0x88, 0x4,
    0x26, 0xb3, 0xb8, 0xa0, 0x1f, 0xfd, 0x24, 0xcc,
    0xff, 0x18, 0x7, 0xff, 0x1e, 0x35, 0x40, 0x3f,
    0xf8, 0x27, 0x56, 0x40, 0x1f, 0xfd, 0x9, 0x33,
    0xfe, 0x73, 0x0, 0xff, 0xe2, 0x8e, 0x38, 0x7,
    0xff, 0x15, 0x30, 0xc0, 0x3f, 0xf9, 0xce, 0x40,
    0x1f, 0xd2, 0x1, 0xff, 0xc6, 0xd3, 0x0, 0xff,
    0xe3, 0x8e, 0x18, 0x7, 0xff, 0x30, 0xa0, 0x3,
    0xfa, 0x8, 0x3, 0xff, 0x8b, 0x46, 0x1, 0xff,
    0xca, 0xd1, 0x0, 0xff, 0xe5, 0xc8, 0x7, 0xf1,
    0x38, 0x7, 0xff, 0x15, 0x14, 0x3, 0xff, 0x96,
    0x36, 0x1, 0xff, 0xca, 0x54, 0x0, 0xfe, 0x90,
    0xf, 0xfe, 0x34, 0x80, 0x7f, 0xc, 0xf7, 0xfa,
    0xd0, 0x3, 0xf9, 0x4c, 0x3, 0xff, 0x93, 0x60,
    0x1f, 0xca, 0x80, 0x1f, 0xfc, 0x54, 0x20, 0xf,
    0xc3, 0xec, 0x20, 0x4, 0xb6, 0x0, 0xfe, 0x90,
    0xf, 0xfe, 0x44, 0x88, 0x7, 0xe1, 0xb0, 0xf,
    0xfe, 0x37, 0x0, 0x7f, 0x58, 0x80, 0x7a, 0x44,
    0x3, 0xf2, 0x80, 0x7f, 0xf1, 0xcd, 0x80, 0x3f,
    0xa0, 0x40, 0x3f, 0xf8, 0xca, 0x1, 0xf8, 0x54,
    0x3, 0xf3, 0x0, 0x7f, 0x28, 0x7, 0xff, 0x1b,
    0xc0, 0x3f, 0x8d, 0x80, 0x3f, 0xf8, 0xc6, 0x1,
    0xfc, 0xe0, 0x1f, 0xd6, 0x1, 0xfd, 0x80, 0x1f,
    0xfc, 0x56, 0x30, 0xf, 0xef, 0x0, 0xff, 0xe3,
    0xa0, 0x7, 0xf7, 0x80, 0x7f, 0x18, 0x7, 0xf2,
    0x0, 0x7f, 0xf1, 0x6, 0x40, 0x3f, 0x9c, 0xc0,
    0x3f, 0xf8, 0xfc, 0x1, 0xfc, 0x60, 0x1f, 0xfc,
    0x72, 0x0, 0xff, 0xe2, 0x58, 0x7, 0xf0, 0xc0,
    0x7, 0xff, 0x21, 0x40, 0x3f, 0x84, 0x3, 0xfc,
    0x20, 0x1f, 0xc4, 0x1, 0xff, 0xc2, 0x45, 0x0,
    0xfe, 0xb0, 0xf, 0xfe, 0x49, 0x0, 0x7f, 0xf4,
    0x98, 0x3, 0xff, 0x85, 0x20, 0x1f, 0xc8, 0xa0,
    0x1f, 0xfc, 0x91, 0x0, 0xff, 0xe9, 0x8, 0x7,
    0xff, 0x5, 0xc8, 0x3, 0xfa, 0x40, 0x3f, 0xfd,
    0x26, 0x1, 0xff, 0xc0, 0x28, 0x0, 0xfe, 0x82,
    0x0, 0xff, 0xf4, 0x88, 0x7, 0xff, 0x2, 0x40,
    0x3f, 0x89, 0xc0, 0x3f, 0xf9, 0x42, 0x1, 0xff,
    0xdf, 0x54, 0x0, 0xfe, 0x90, 0xf, 0xff, 0xbd,
    0x80, 0x7f, 0x2a, 0x0, 0x7f, 0xf2, 0xc4, 0x3,
    0xff, 0xbd, 0x22, 0x1, 0xf8, 0x6c, 0x3, 0xff,
    0xd8, 0x20, 0x1f, 0xc6, 0xc0, 0x1f, 0xd0, 0x20,
    0x1f, 0xfe, 0xc3, 0x0, 0xfe, 0xf0, 0xf, 0xe3,
    0x60, 0xf, 0xfe, 0x70, 0x80, 0x7f, 0xf4, 0x84,
    0x3, 0xf3, 0x18, 0x7, 0xf7, 0x80, 0x7f, 0xf3,
    0xc8, 0x3, 0xff, 0xa4, 0xc0, 0x1f, 0xc, 0x80,
    0x7f, 0x39, 0x80, 0x7f, 0xf3, 0xd4, 0x3, 0xf8,
    0x40, 0x3f, 0xc2, 0x1, 0xfc, 0x40, 0x1f, 0x58,
    0x7, 0xf0, 0xc0, 0x7, 0xff, 0x43, 0x80, 0x3f,
    0x8c, 0x3, 0xff, 0x8e, 0x40, 0x1f, 0x22, 0x80,
    0x7f, 0x58, 0x7, 0xff, 0x45, 0x0, 0x3f, 0xbc,
    0x3, 0xf8, 0xc0, 0x3f, 0x90, 0x3, 0xe9, 0x0,
    0xfe, 0x45, 0x0, 0xff, 0xe8, 0x98, 0x7, 0xf3,
    0x80, 0x7f, 0x20, 0x7, 0xf6, 0x0, 0x79, 0xc8,
    0x3, 0xfa, 0x40, 0x3f, 0xfa, 0x6a, 0x1, 0xf8,
    0x50, 0x3, 0xf4, 0x80, 0x7f, 0x28, 0x7, 0x14,
    0x0, 0x7f, 0x41, 0x0, 0x7f, 0xf4, 0xf8, 0x3,
    0xfa, 0x84, 0x3, 0xd2, 0x20, 0x1f, 0x94, 0x3,
    0xd2, 0x1, 0xfc, 0x4e, 0x1, 0xff, 0xd4, 0x42,
    0x0, 0xfc, 0x3e, 0xc2, 0x0, 0x4b, 0x60, 0xf,
    0xe9, 0x0, 0xe5, 0x40, 0xf, 0xe9, 0x0, 0xff,
    0xeb, 0x48, 0x7, 0xf0, 0xcf, 0x7f, 0xad, 0x0,
    0x3f, 0x94, 0xc0, 0x3a, 0xc0, 0x3f, 0x95, 0x0,
    0x3f, 0x13, 0x56, 0x77, 0x3f, 0xb6, 0xe1, 0x0,
    0x3f, 0xf8, 0x48, 0xa0, 0x1f, 0xfc, 0xb1, 0xb0,
    0xe, 0x91, 0x0, 0xfc, 0x36, 0x1, 0xf2, 0xe6,
    0xca, 0x98, 0x88, 0x4, 0x91, 0xef, 0xe4, 0x40,
    0x3f, 0xf8, 0x14, 0x60, 0x1f, 0xfc, 0xad, 0x10,
    0xc, 0x6c, 0x1, 0xfd, 0x2, 0x1, 0xc5, 0x94,
    0x60, 0x1f, 0xfc, 0x16, 0xe7, 0x0, 0xff, 0xe0,
    0x69, 0x80, 0x7f, 0xf1, 0xc6, 0xcc, 0x3, 0xbc,
    0x3, 0xf8, 0xd8, 0x3, 0x93, 0xc, 0x3, 0xff,
    0x8b, 0x16, 0x1, 0xff, 0xe, 0x38, 0x7, 0xff,
    0x15, 0x31, 0x0, 0x39, 0x8c, 0x3, 0xfb, 0xc0,
    0x39, 0x2c, 0x40, 0x3f, 0xf8, 0xe9, 0x60, 0x1f,
    0xfc, 0x8, 0xd5, 0x0, 0xff, 0xe0, 0x9d, 0x59,
    0x0, 0x70, 0xc0, 0x7, 0xf3, 0x18, 0x6, 0x1a,
    0x0, 0xff, 0xe5, 0x24, 0x80, 0x7f, 0xf0, 0xa,
    0xbe, 0x98, 0xc4, 0x2, 0x13, 0x59, 0xdc, 0x50,
    0xf, 0xac, 0x40, 0x3f, 0xc, 0x80, 0x75, 0x8,
    0x7, 0xff, 0x2d, 0x8c, 0x3, 0xff, 0x84, 0xb3,
    0x9d, 0xff, 0x76, 0x53, 0x10, 0x7, 0xe4, 0x50,
    0xf, 0xeb, 0x0, 0xe3, 0x40, 0xf, 0xe3, 0xbe,
    0xfd, 0x81, 0x0, 0xfe, 0xf0, 0xf, 0xfe, 0xb4,
    0x80, 0x7f, 0x22, 0x80, 0x74, 0x80, 0x7f, 0x2e,
    0x20, 0x81, 0x3e, 0x8, 0x7, 0xe3, 0x30, 0x7,
    0xff, 0x51, 0xc8, 0x3, 0xfa, 0x40, 0x38, 0x54,
    0x3, 0xf0, 0xd0, 0x7, 0x8a, 0xc0, 0x3f, 0xa8,
    0x3, 0xff, 0xa6, 0x50, 0x1, 0xfd, 0x4, 0x1,
    0xc8, 0x1, 0xfd, 0x20, 0x1f, 0x94, 0x40, 0x3f,
    0x38, 0x7, 0xff, 0x4e, 0x40, 0x3f, 0x89, 0xc0,
    0x3d, 0x80, 0x1f, 0xc8, 0x1, 0xfc, 0xe0, 0x1f,
    0x84, 0xc0, 0x3f, 0xfa, 0x2a, 0x80, 0x1f, 0xd2,
    0x1, 0xf2, 0x0, 0x7f, 0x18, 0x7, 0xf7, 0x0,
    0x7f, 0x28, 0x7, 0xff, 0x46, 0xc0, 0x3f, 0x95,
    0x0, 0x3e, 0x20, 0xf, 0xfe, 0x39, 0x0, 0x7f,
    0x78, 0x7, 0xff, 0x42, 0x44, 0x3, 0xfa, 0xc0,
    0x3e, 0x20, 0xf, 0xe1, 0x0, 0xff, 0x8, 0x7,
    0xf1, 0x0, 0x7f, 0xf3, 0xcd, 0x80, 0x3f, 0xa4,
    0x40, 0x3e, 0x60, 0xf, 0xfe, 0x93, 0x0, 0x7f,
    0xf3, 0xfc, 0x3, 0xf8, 0xd8, 0x3, 0xf0, 0x80,
    0x7f, 0xf4, 0x88, 0x3, 0xff, 0x9c, 0xc6, 0x1,
    0xfd, 0xe0, 0x1f, 0xc6, 0x1, 0xff, 0xec, 0x18,
    0x0, 0xfe, 0x63, 0x0, 0xfe, 0x10, 0xf, 0xff,
    0x65, 0x88, 0x7, 0xe1, 0x90, 0xf, 0xfe, 0xf0,
    0x80, 0x7f, 0xf2, 0xd1, 0x40, 0x3f, 0xac, 0x3,
    0xff, 0xef, 0x20, 0x1f, 0xc8, 0xa0, 0x1f, 0xfd,
    0xf1, 0x0, 0xff, 0xe5, 0x39, 0x0, 0x7f, 0x48,
    0x7, 0xff, 0x0, 0x40, 0x3f, 0xfd, 0x25, 0x0,
    0x1f, 0xd0, 0x40, 0x1f, 0xfc, 0x3, 0x0, 0xff,
    0xf4, 0xc8, 0x7, 0xf1, 0x38, 0x7, 0xff, 0x4,
    0x40, 0x3f, 0xfa, 0x44, 0x1, 0xff, 0xc9, 0x54,
    0x0, 0xfe, 0x90, 0xf, 0xfe, 0x13, 0x0, 0x7f,
    0xf4, 0x84, 0x3, 0xff, 0x93, 0x60, 0x1f, 0xca,
    0x80, 0x1f, 0xfc, 0x22, 0x0, 0xfe, 0x10, 0xf,
    0xf0, 0x80, 0x7f, 0x28, 0x7, 0xff, 0x22, 0x44,
    0x3, 0xfa, 0xc0, 0x3f, 0xf8, 0x84, 0x1, 0xff,
    0xc7, 0x20, 0xf, 0xef, 0x0, 0xff, 0xe3, 0x9b,
    0x0, 0x7f, 0x48, 0x80, 0x7f, 0xf1, 0x1c, 0x3,
    0xf8, 0xc0, 0x3f, 0xb8, 0x3, 0xf9, 0x40, 0x3f,
    0xf8, 0xfe, 0x1, 0xfc, 0x6c, 0x1, 0xff, 0xc5,
    0xc0, 0xf, 0xe4, 0x0, 0xfe, 0x70, 0xf, 0xc2,
    0x60, 0x1f, 0xfc, 0x66, 0x30, 0xf, 0xef, 0x0,
    0xff, 0xe3, 0x38, 0x7, 0xf4, 0x80, 0x7e, 0x51,
    0x0, 0xfc, 0x80, 0x1f, 0xfc, 0x61, 0x80, 0xf,
    0xe6, 0x30, 0xf, 0xfe, 0x30, 0xa0, 0x7, 0xe1,
    0x90, 0xf, 0xd, 0x80, 0x7f, 0x70, 0x7, 0xff,
    0x1a, 0xc4, 0x3, 0xf0, 0xc8, 0x7, 0xff, 0x23,
    0xc0, 0x3f, 0x9a, 0xd0, 0x0, 0x2d, 0xe2, 0x1,
    0xf8, 0x90, 0x3, 0xff, 0x8a, 0x8a, 0x1, 0xfd,
    0x60, 0x1f, 0xfc, 0x94, 0x40, 0x7, 0xf2, 0x5f,
    0xfb, 0xa4, 0x40, 0x3f, 0xa4, 0x3, 0xff, 0x8d,
    0x20, 0x1f, 0xc8, 0xa0, 0x1f, 0xfc, 0xa9, 0x10,
    0xf, 0xfe, 0x5b, 0x20, 0x7, 0xff, 0x15, 0xc8,
    0x3, 0xfa, 0x40, 0x3f, 0xf9, 0x65, 0x40, 0x1f,
    0xfc, 0xa3, 0x90, 0xf, 0xfe, 0x29, 0x40, 0x7,
    0xf4, 0x10, 0x7, 0xff, 0x31, 0x2c, 0x3, 0xff,
    0x90, 0x98, 0x1, 0xff, 0xc6, 0x90, 0xf, 0xe2,
    0x70, 0xf, 0xfe, 0x72, 0x69, 0x80, 0x7f, 0xf1,
    0x5e, 0xc0, 0x3f, 0xf8, 0xc6, 0xe6, 0x7f, 0xd2,
    0x1, 0xff, 0xd0, 0x2c, 0xa3, 0x0, 0xff, 0xe0,
    0xb6, 0xc0, 0x7, 0xff, 0x1c, 0xf3, 0x3f, 0xc8,
    0x1, 0xff, 0xd2, 0x5c, 0xd8, 0x52, 0x10, 0x8,
    0x4d, 0xab, 0xe4, 0x80, 0x3f, 0x0,

    /* U+0026 "&" */
    0x0, 0xff, 0xe2, 0x9b, 0xd6, 0x77, 0xfe, 0xec,
    0xa8, 0x40, 0xf, 0xfe, 0xf9, 0xd7, 0xe4, 0x29,
    0x88, 0x6, 0x13, 0x57, 0xbf, 0xb5, 0x0, 0xff,
    0xed, 0x15, 0xe2, 0x80, 0x7f, 0xf1, 0x12, 0xb5,
    0x0, 0x3f, 0xfa, 0xef, 0xa8, 0x1, 0xff, 0xc8,
    0x2b, 0x90, 0xf, 0xfe, 0xac, 0xc0, 0x7, 0xff,
    0x31, 0xac, 0x3, 0xff, 0xa7, 0xc, 0x1, 0xff,
    0xce, 0x4b, 0x0, 0xff, 0xe8, 0xab, 0x80, 0x7f,
    0xf4, 0x11, 0xc0, 0x3f, 0xfa, 0x16, 0x1, 0xff,
    0xd2, 0x82, 0x0, 0xff, 0xe7, 0x38, 0x80, 0x7f,
    0xf4, 0xe0, 0x3, 0xff, 0x9d, 0x40, 0x1f, 0xfc,
    0x13, 0x78, 0x97, 0x30, 0xf, 0xfe, 0xa, 0x88,
    0x7, 0xff, 0x30, 0xc8, 0x3, 0xfe, 0x2c, 0xc4,
    0x3b, 0x46, 0x6a, 0x0, 0x7f, 0xf0, 0x10, 0x3,
    0xff, 0x98, 0xa0, 0x1f, 0xf1, 0x61, 0x80, 0x78,
    0xad, 0x0, 0x3f, 0xec, 0x0, 0xff, 0xe6, 0x60,
    0x7, 0xfd, 0x22, 0x1, 0xfd, 0x40, 0x1f, 0xf2,
    0x0, 0x7f, 0xf3, 0x18, 0x3, 0xfc, 0x28, 0x1,
    0xfe, 0x14, 0x0, 0xff, 0x10, 0x7, 0xff, 0x30,
    0x40, 0x3f, 0xca, 0x1, 0xff, 0xc0, 0x30, 0xf,
    0xfe, 0xb9, 0x80, 0x7f, 0x88, 0x3, 0xff, 0x81,
    0xc0, 0x1f, 0xf0, 0x80, 0x7f, 0xfb, 0xc4, 0x3,
    0xff, 0x96, 0x60, 0x1f, 0xfe, 0xf6, 0x0, 0xff,
    0x10, 0x7, 0xff, 0x0, 0x40, 0x3f, 0xc2, 0x1,
    0xff, 0xcc, 0x20, 0xf, 0xf2, 0x80, 0x7f, 0xf0,
    0x38, 0x3, 0xfc, 0xa0, 0x1f, 0xfc, 0xcc, 0x0,
    0xff, 0x9, 0x80, 0x7f, 0xc8, 0x1, 0xfe, 0x30,
    0xf, 0xfe, 0x62, 0x0, 0x7f, 0xd4, 0x1, 0xfe,
    0x22, 0x0, 0x7f, 0xb0, 0x3, 0xff, 0x98, 0x24,
    0x1, 0xfe, 0x61, 0x0, 0xfe, 0xb0, 0xf, 0xf0,
    0xa0, 0x7, 0xff, 0x36, 0x80, 0x3f, 0xe9, 0x0,
    0xfc, 0x4c, 0x1, 0xfe, 0x60, 0xf, 0xfe, 0x73,
    0x0, 0x7f, 0xce, 0x40, 0x1f, 0x70, 0x7, 0xfd,
    0x20, 0x1f, 0xfc, 0xe1, 0x50, 0xf, 0xfb, 0x80,
    0x3d, 0x46, 0x1, 0xfe, 0x81, 0x0, 0xff, 0xe7,
    0xc8, 0x7, 0xfc, 0x72, 0x1, 0xa9, 0x40, 0x3f,
    0xc4, 0xe0, 0x1f, 0xfd, 0x3, 0x40, 0xf, 0xf9,
    0x98, 0x5, 0xaa, 0x1, 0xff, 0x70, 0x7, 0xff,
    0x4a, 0x40, 0x3f, 0xf8, 0x13, 0x5a, 0x40, 0x1f,
    0xf4, 0x98, 0x7, 0xff, 0x48, 0x9c, 0x3, 0xff,
    0x80, 0xa0, 0x1f, 0xfc, 0x7, 0x60, 0xf, 0xfe,
    0xa4, 0x10, 0x7, 0xff, 0x2d, 0xe0, 0x3, 0xff,
    0xad, 0x20, 0x1f, 0xfc, 0xa8, 0x80, 0x7, 0xff,
    0x5d, 0x1c, 0x3, 0xff, 0x91, 0x6e, 0x1, 0xff,
    0xd9, 0x83, 0x0, 0xff, 0xe2, 0x9e, 0xa0, 0x7,
    0xf0, 0x8f, 0xff, 0x8, 0x3, 0xff, 0x86, 0xa4,
    0x1, 0xff, 0xc4, 0x8c, 0x20, 0xf, 0xe5, 0xee,
    0xff, 0xe1, 0x18, 0x7, 0xff, 0x0, 0xae, 0x84,
    0x3, 0xff, 0x86, 0xae, 0x1, 0xff, 0x18, 0x7,
    0xff, 0x39, 0x75, 0x0, 0x3f, 0xf8, 0xaa, 0xc0,
    0x1f, 0xf7, 0x0, 0x7f, 0xf3, 0x66, 0x80, 0x3f,
    0xf9, 0x12, 0x60, 0x1f, 0xe1, 0x0, 0xff, 0xe6,
    0x5b, 0x0, 0x7f, 0xf2, 0xb8, 0x3, 0xfc, 0x40,
    0x1f, 0xfc, 0xbb, 0x40, 0xf, 0xfe, 0x59, 0x50,
    0x7, 0xf3, 0x0, 0x7f, 0xf2, 0xad, 0x0, 0x3f,
    0xf8, 0x6, 0x1, 0xff, 0xc0, 0x57, 0x0, 0xfc,
    0x40, 0x1f, 0xfc, 0x98, 0x40, 0xf, 0xf8, 0x73,
    0xa, 0x1, 0xff, 0xc0, 0x83, 0x0, 0xf1, 0x0,
    0x7f, 0xf2, 0x4d, 0xc0, 0x3f, 0xe3, 0xf3, 0xa,
    0x20, 0xf, 0xfe, 0x6, 0x88, 0x7, 0x38, 0x7,
    0xff, 0x27, 0xc0, 0x3f, 0xe2, 0xd1, 0x0, 0xbc,
    0x3, 0xff, 0x80, 0x34, 0x1, 0xda, 0x1, 0xff,
    0xc8, 0x53, 0x0, 0xff, 0xbc, 0x40, 0x31, 0x58,
    0x7, 0xff, 0x1, 0x20, 0x3, 0x18, 0x7, 0xf5,
    0xff, 0xf1, 0x80, 0x6e, 0x0, 0xff, 0x9c, 0x80,
    0x3c, 0x8e, 0x1, 0xff, 0xc0, 0x74, 0x0, 0x90,
    0x3, 0xf9, 0x40, 0x3f, 0x85, 0x0, 0x3f, 0xe9,
    0x0, 0xfd, 0x8, 0x1, 0xff, 0xc0, 0xa1, 0x3,
    0x0, 0xfe, 0x21, 0x0, 0xfe, 0x70, 0xf, 0xf9,
    0x4, 0x3, 0xfa, 0x88, 0x3, 0xfe, 0x1d, 0xb,
    0x0, 0xfe, 0x40, 0xf, 0xf7, 0x80, 0x7f, 0xd8,
    0x1, 0xfe, 0x1e, 0x0, 0xff, 0xe0, 0x1c, 0x28,
    0x7, 0xf6, 0x80, 0x7f, 0x94, 0x3, 0xfe, 0x20,
    0xf, 0xf8, 0xe8, 0x3, 0xff, 0x80, 0xe4, 0x1,
    0xfc, 0x80, 0x1f, 0xe2, 0x0, 0xff, 0x98, 0x3,
    0xff, 0x80, 0xac, 0x1, 0xff, 0xc9, 0x40, 0xf,
    0xf8, 0x40, 0x3f, 0xf9, 0xb2, 0x60, 0x1f, 0xfc,
    0x8d, 0x0, 0xff, 0xed, 0x68, 0x80, 0x7f, 0xf1,
    0xd8, 0x3, 0xfc, 0x20, 0x1f, 0xfc, 0xf1, 0xd0,
    0xf, 0xfe, 0x32, 0x80, 0x7f, 0xc2, 0x1, 0xff,
    0xc0, 0x70, 0xf, 0xfe, 0x19, 0xc8, 0x7, 0xff,
    0x16, 0x40, 0x3f, 0xf9, 0x84, 0x1, 0xff, 0xc4,
    0x65, 0x0, 0xff, 0xe1, 0x99, 0x80, 0x3f, 0xf8,
    0x2, 0x1, 0xff, 0x60, 0x7, 0xff, 0x16, 0x88,
    0x3, 0xff, 0x85, 0x20, 0x1f, 0xfc, 0x13, 0x0,
    0xff, 0x90, 0x3, 0xff, 0x8d, 0xe2, 0x1, 0xff,
    0xc1, 0xe0, 0xf, 0xfe, 0xb, 0x80, 0x7f, 0xc2,
    0xe0, 0x1f, 0xfc, 0x52, 0x20, 0x7, 0xff, 0x5,
    0x24, 0x3, 0xff, 0x81, 0xa0, 0x1f, 0xfc, 0x8,
    0x30, 0xf, 0xfe, 0x26, 0x18, 0x7, 0xff, 0x9,
    0x98, 0x1, 0xff, 0x20, 0x7, 0xff, 0x7, 0x4c,
    0x3, 0xff, 0x82, 0x78, 0x60, 0x1f, 0xfc, 0x49,
    0x40, 0xf, 0xf1, 0x88, 0x7, 0xff, 0x0, 0x72,
    0x4, 0x3, 0xf8, 0x67, 0xc, 0x2, 0x5c, 0x30,
    0xf, 0xfe, 0x5, 0x90, 0x7, 0xf9, 0x80, 0x3f,
    0xf8, 0x4f, 0xd7, 0xa, 0x86, 0x8b, 0x19, 0xcc,
    0x1, 0xde, 0x7a, 0x20, 0x1f, 0xfc, 0xf, 0x10,
    0xf, 0xea, 0x0, 0xff, 0xe2, 0x23, 0xd5, 0xe5,
    0xd3, 0x98, 0x7, 0xc8, 0x3, 0x40, 0x1f, 0xfc,
    0x2, 0xd0, 0xf, 0xe2, 0x60, 0xf, 0xfe, 0x92,
    0x8, 0x1, 0x1c, 0x3, 0xff, 0x80, 0x72, 0x1,
    0xfd, 0x2, 0x1, 0xff, 0xd1, 0x80, 0xd, 0x8,
    0x1, 0xff, 0xc0, 0x67, 0x0, 0xfc, 0x36, 0x1,
    0xff, 0xd0, 0x53, 0x0, 0xea, 0x10, 0xf, 0xfe,
    0x4, 0x20, 0x7, 0xe5, 0x80, 0xf, 0xfe, 0x71,
    0x50, 0x7, 0x86, 0x80, 0x3f, 0xf8, 0x36, 0x40,
    0x1f, 0x9d, 0xc0, 0x1f, 0xfc, 0xc1, 0xf0, 0xf,
    0xc9, 0x0, 0x1f, 0xfc, 0x1f, 0x10, 0xf, 0xd1,
    0x40, 0x1f, 0xfc, 0xa2, 0xf2, 0x0, 0xfe, 0x74,
    0x0, 0xff, 0xe0, 0x16, 0x80, 0x7f, 0x2e, 0xa8,
    0x7, 0xff, 0x1d, 0xf4, 0x40, 0x3f, 0xea, 0x10,
    0xf, 0xfe, 0x1, 0xd0, 0x7, 0xf1, 0x56, 0xb0,
    0x80, 0x7f, 0xf0, 0x45, 0xf6, 0x0, 0x3f, 0xf8,
    0x23, 0xa6, 0x7f, 0xfc, 0x16, 0x40, 0xf, 0xf1,
    0x4f, 0x64, 0x29, 0x88, 0x4, 0x24, 0x91, 0x7d,
    0x4, 0x1, 0xff, 0xc3, 0x3c, 0xcf, 0xfe, 0x12,
    0x0,

    /* U+0027 "'" */
    0x9f, 0xff, 0xf0, 0x80, 0x7f, 0xff, 0xc0, 0x3f,
    0xff, 0xe0, 0x1f, 0xff, 0xf0, 0xf, 0xff, 0xf8,
    0x7, 0xff, 0xc2, 0x7f, 0xff, 0xc2,

    /* U+0028 "(" */
    0x0, 0xff, 0xe1, 0xb6, 0x67, 0xfa, 0xc0, 0x3f,
    0xf8, 0x6b, 0x26, 0x7f, 0xe8, 0x0, 0xff, 0xe1,
    0x25, 0x0, 0x7f, 0xac, 0xc0, 0x3f, 0xf8, 0x25,
    0x40, 0x1f, 0xe9, 0x40, 0xf, 0xfe, 0x17, 0x88,
    0x7, 0xf3, 0x30, 0x3, 0xff, 0x85, 0x44, 0x1,
    0xfc, 0x52, 0x1, 0xff, 0xc2, 0x55, 0x0, 0x7f,
    0xbc, 0x3, 0xff, 0x84, 0x36, 0x1, 0xfe, 0x92,
    0x0, 0xff, 0xe1, 0x58, 0x80, 0x7f, 0x23, 0x0,
    0x7f, 0xf0, 0x8d, 0x40, 0x3f, 0xd2, 0x1, 0xff,
    0xc3, 0xe0, 0xf, 0xf3, 0x90, 0x7, 0xff, 0x9,
    0x48, 0x3, 0xf8, 0x60, 0x3, 0xff, 0x87, 0x0,
    0x1f, 0xeb, 0x0, 0xff, 0xe1, 0xa9, 0x0, 0x7f,
    0x12, 0x80, 0x7f, 0xf0, 0xe0, 0x3, 0xfd, 0x0,
    0x1f, 0xfc, 0x34, 0x20, 0xf, 0xe2, 0x50, 0xf,
    0xfe, 0x1f, 0x0, 0x7f, 0xac, 0x3, 0xff, 0x86,
    0x2a, 0x1, 0xfc, 0x2c, 0x1, 0xff, 0xc3, 0x60,
    0xf, 0xf3, 0x0, 0x7f, 0xf1, 0x2c, 0x3, 0xfd,
    0x40, 0x1f, 0xfc, 0x32, 0x30, 0xf, 0xe4, 0x20,
    0xf, 0xfe, 0x1a, 0x80, 0x7f, 0xb4, 0x3, 0xff,
    0x89, 0x60, 0x1f, 0xe7, 0x0, 0xff, 0xe2, 0x18,
    0x7, 0xf1, 0x88, 0x7, 0xff, 0xd, 0x40, 0x3f,
    0xd6, 0x1, 0xff, 0xc4, 0xd0, 0xf, 0xf2, 0x0,
    0x7f, 0xf1, 0x10, 0x3, 0xfc, 0x60, 0x1f, 0xfc,
    0x43, 0x0, 0xfe, 0x30, 0xf, 0xfe, 0x21, 0x80,
    0x7f, 0x90, 0x3, 0xff, 0x88, 0xa0, 0x1f, 0xee,
    0x0, 0xff, 0xe2, 0x60, 0x7, 0xf9, 0x40, 0x3f,
    0xf8, 0x8c, 0x1, 0xfe, 0x20, 0xf, 0xfe, 0x21,
    0x80, 0x7f, 0x84, 0x3, 0xff, 0x86, 0x20, 0x1f,
    0xe2, 0x0, 0xff, 0xe2, 0x10, 0x7, 0xf9, 0x80,
    0x3f, 0xf8, 0x8c, 0x1, 0xfe, 0x10, 0xf, 0xfe,
    0x21, 0x0, 0x7f, 0x8c, 0x3, 0xff, 0x89, 0xe0,
    0x1f, 0xe1, 0x0, 0xff, 0xe2, 0x10, 0x7, 0xff,
    0x3c, 0x40, 0x3f, 0xf9, 0xee, 0x1, 0xff, 0xcf,
    0x10, 0xf, 0xff, 0xf8, 0x7, 0xe3, 0x0, 0xff,
    0xff, 0x80, 0x7e, 0x30, 0xf, 0xff, 0xf8, 0x7,
    0xe1, 0x0, 0xff, 0xe7, 0xb8, 0x7, 0xff, 0x3c,
    0x40, 0x3f, 0xf9, 0xe6, 0x1, 0xff, 0xcf, 0xe0,
    0xf, 0xf0, 0x80, 0x7f, 0xf1, 0x8, 0x3, 0xfc,
    0x60, 0x1f, 0xfc, 0x41, 0x0, 0xff, 0x8, 0x7,
    0xff, 0x11, 0x80, 0x3f, 0xce, 0x1, 0xff, 0xc4,
    0x20, 0xf, 0xf1, 0x0, 0x7f, 0xf1, 0x48, 0x3,
    0xf8, 0x40, 0x3f, 0xf8, 0xae, 0x1, 0xfe, 0x20,
    0xf, 0xfe, 0x26, 0x80, 0x7f, 0x9c, 0x3, 0xff,
    0x88, 0x60, 0x1f, 0xed, 0x0, 0xff, 0xe2, 0x28,
    0x7, 0xf8, 0xc0, 0x3f, 0xf8, 0x82, 0x40, 0x1f,
    0xca, 0x1, 0xff, 0xc5, 0x40, 0xf, 0xe1, 0x20,
    0xf, 0xfe, 0x26, 0x0, 0x7f, 0x94, 0x3, 0xff,
    0x88, 0x80, 0x1f, 0xec, 0x0, 0xff, 0xe2, 0x9,
    0x80, 0x7f, 0x20, 0x7, 0xff, 0x15, 0x0, 0x3f,
    0xca, 0x1, 0xff, 0xc4, 0xb0, 0xf, 0xf7, 0x80,
    0x7f, 0xf1, 0xc, 0x80, 0x3f, 0x94, 0x40, 0x3f,
    0xf8, 0x8a, 0x1, 0xfe, 0x70, 0xf, 0xfe, 0x25,
    0x0, 0x7f, 0xac, 0x3, 0xff, 0x88, 0x46, 0x1,
    0xfc, 0x48, 0x1, 0xff, 0xc4, 0x90, 0xf, 0xf4,
    0x0, 0x7f, 0xf1, 0x14, 0x40, 0x3f, 0x8d, 0x0,
    0x3f, 0xf8, 0x92, 0x1, 0xfe, 0xf0, 0xf, 0xfe,
    0x23, 0x88, 0x7, 0xf2, 0x18, 0x7, 0xff, 0x12,
    0x40, 0x3f, 0xde, 0x1, 0xff, 0xc4, 0x71, 0x0,
    0xfe, 0x36, 0x0, 0xff, 0xe2, 0x58, 0x7, 0xfa,
    0x4, 0x3, 0xff, 0x86, 0xa6, 0x1, 0xfc, 0x30,
    0x1, 0xff, 0xc4, 0xe0, 0xf, 0xf3, 0x20, 0x7,
    0xff, 0xc, 0xa0, 0x3, 0xfd, 0x42, 0x1, 0xff,
    0xc3, 0x73, 0x0, 0xfe, 0x1a, 0x0, 0xff, 0xe2,
    0x68, 0x80, 0x7f, 0x23, 0x0, 0x7f, 0xf0, 0xc6,
    0x80, 0x3f, 0xd2, 0x80, 0x1f, 0xfc, 0x34, 0x90,
    0xf, 0xf5, 0x10, 0x7, 0xff, 0xd, 0x9c, 0x3,
    0xf8, 0x70, 0x40, 0x3f, 0xf8, 0x70, 0xc0, 0x1f,
    0xc3, 0xa0,

    /* U+0029 ")" */
    0x8c, 0xcf, 0xf4, 0x80, 0x7f, 0xf1, 0x20, 0x4c,
    0xff, 0x9a, 0x80, 0x3f, 0xf8, 0x98, 0x20, 0x1f,
    0xcb, 0x0, 0x1f, 0xfc, 0x31, 0xc0, 0xf, 0xf3,
    0xb0, 0x7, 0xff, 0xc, 0xac, 0x3, 0xfd, 0x26,
    0x1, 0xff, 0xc3, 0x46, 0x0, 0xff, 0x70, 0x7,
    0xff, 0x12, 0x48, 0x3, 0xf8, 0xa4, 0x3, 0xff,
    0x89, 0xe0, 0x1f, 0xe6, 0x40, 0xf, 0xfe, 0x19,
    0x48, 0x7, 0xfa, 0x80, 0x3f, 0xf8, 0x8c, 0x40,
    0x1f, 0xc3, 0x0, 0x1f, 0xfc, 0x4e, 0x0, 0xff,
    0x39, 0x0, 0x7f, 0xf0, 0xcd, 0x40, 0x3f, 0xd0,
    0x1, 0xff, 0xc4, 0xb0, 0xf, 0xf2, 0x90, 0x7,
    0xff, 0xc, 0x5c, 0x3, 0xfd, 0x0, 0x1f, 0xfc,
    0x49, 0x0, 0xff, 0x28, 0x80, 0x7f, 0xf0, 0xc5,
    0x80, 0x3f, 0xd2, 0x1, 0xff, 0xc4, 0xb0, 0xf,
    0xf3, 0x0, 0x7f, 0xf1, 0x9, 0x40, 0x3f, 0x85,
    0x40, 0x3f, 0xf8, 0x92, 0x1, 0xfe, 0xe0, 0xf,
    0xfe, 0x21, 0x90, 0x7, 0xf2, 0x8, 0x7, 0xff,
    0x12, 0x80, 0x3f, 0xce, 0x1, 0xff, 0xc4, 0x60,
    0xf, 0xf6, 0x80, 0x7f, 0xf1, 0x4, 0xc0, 0x3f,
    0x90, 0x3, 0xff, 0x8b, 0x60, 0x1f, 0xe5, 0x0,
    0xff, 0xe2, 0x20, 0x7, 0xfb, 0x0, 0x3f, 0xf8,
    0x86, 0x20, 0x1f, 0xc8, 0x1, 0xff, 0xc5, 0x50,
    0xf, 0xe2, 0x10, 0xf, 0xfe, 0x26, 0x0, 0x7f,
    0x90, 0x3, 0xff, 0x88, 0x60, 0x1f, 0xed, 0x0,
    0xff, 0xe2, 0x28, 0x7, 0xf8, 0xc0, 0x3f, 0xf8,
    0x82, 0x20, 0xf, 0xe5, 0x0, 0xff, 0xe2, 0x90,
    0x7, 0xf0, 0x88, 0x3, 0xff, 0x88, 0xc0, 0x1f,
    0xe2, 0x0, 0xff, 0xe2, 0x10, 0x7, 0xf9, 0x40,
    0x3f, 0xf8, 0x9c, 0x1, 0xfe, 0xe0, 0xf, 0xfe,
    0x21, 0x80, 0x7f, 0x88, 0x3, 0xff, 0x88, 0x20,
    0x1f, 0xe1, 0x0, 0xff, 0xe7, 0xb0, 0x7, 0xff,
    0x11, 0xc0, 0x3f, 0xc6, 0x1, 0xff, 0xcf, 0x10,
    0xf, 0xff, 0x60, 0x80, 0x7f, 0xf3, 0xcc, 0x3,
    0xff, 0xfe, 0x1, 0xf8, 0x40, 0x3f, 0xf9, 0xe2,
    0x1, 0xff, 0xff, 0x0, 0xfc, 0x60, 0x1f, 0xfc,
    0xf1, 0x0, 0xff, 0xfd, 0xb8, 0x7, 0xf8, 0x80,
    0x3f, 0xf9, 0xe2, 0x1, 0xff, 0xc4, 0x10, 0xf,
    0xf3, 0x0, 0x7f, 0xf1, 0xc, 0x3, 0xfc, 0x40,
    0x1f, 0xfc, 0x4e, 0x0, 0xff, 0x70, 0x7, 0xff,
    0x10, 0x80, 0x3f, 0xc4, 0x1, 0xff, 0xc4, 0x10,
    0xf, 0xf2, 0x80, 0x7f, 0xf1, 0x14, 0x3, 0xfc,
    0x20, 0x1f, 0xfc, 0x41, 0x0, 0xfe, 0x30, 0xf,
    0xfe, 0x21, 0x80, 0x7f, 0x94, 0x3, 0xff, 0x88,
    0xa0, 0x1f, 0xec, 0x0, 0xff, 0xe2, 0x60, 0x7,
    0xf9, 0xc0, 0x3f, 0xf8, 0x8e, 0x1, 0xfc, 0x24,
    0x1, 0xff, 0xc3, 0x22, 0x0, 0x7f, 0x20, 0x7,
    0xff, 0x11, 0x0, 0x3f, 0xd8, 0x1, 0xff, 0xc4,
    0xd0, 0xf, 0xf3, 0x80, 0x7f, 0xf0, 0xc5, 0x0,
    0x3f, 0x8c, 0x40, 0x3f, 0xf8, 0x68, 0x1, 0xfe,
    0xb0, 0xf, 0xfe, 0x27, 0x0, 0x7f, 0x94, 0x3,
    0xff, 0x86, 0x48, 0x1, 0xfc, 0x64, 0x1, 0xff,
    0xc3, 0xa0, 0xf, 0xf5, 0x0, 0x7f, 0xf0, 0xc5,
    0xc0, 0x3f, 0xce, 0x1, 0xff, 0xc3, 0x60, 0xf,
    0xf2, 0x88, 0x7, 0xff, 0xe, 0x40, 0x3f, 0xd2,
    0x1, 0xff, 0xc3, 0x61, 0x0, 0xfe, 0x43, 0x0,
    0xff, 0xe1, 0xc0, 0x7, 0xfb, 0xc0, 0x3f, 0xf8,
    0x70, 0x20, 0x1f, 0xc6, 0x80, 0x1f, 0xfc, 0x22,
    0x70, 0xf, 0xf7, 0x80, 0x7f, 0xf0, 0xe4, 0x3,
    0xfc, 0xa6, 0x1, 0xff, 0xc2, 0x44, 0x0, 0x7f,
    0xac, 0x3, 0xff, 0x84, 0x34, 0x1, 0xfe, 0x91,
    0x0, 0xff, 0xe1, 0x50, 0x80, 0x7f, 0x23, 0x0,
    0x7f, 0xf0, 0x99, 0x0, 0x3f, 0x86, 0x40, 0x3f,
    0xf8, 0x45, 0x20, 0x1f, 0xeb, 0x20, 0xf, 0xfe,
    0x8, 0xf8, 0x7, 0xf9, 0xd4, 0x3, 0xff, 0x85,
    0xa4, 0x1, 0xfc, 0x90, 0x1, 0xff, 0xc2, 0xa3,
    0x0, 0xfe, 0x3b, 0x0, 0xff, 0xe1, 0x4a, 0x80,
    0x7f, 0x16, 0x80, 0x7f, 0xf0, 0xc0,

    /* U+002A "*" */
    0x0, 0xff, 0xe3, 0x19, 0xff, 0xc0, 0x1f, 0xfd,
    0x8f, 0xcc, 0xff, 0x18, 0x7, 0xff, 0x5d, 0x80,
    0x3f, 0xc6, 0x1, 0xff, 0xd7, 0x20, 0xf, 0xe1,
    0x0, 0xff, 0xec, 0x70, 0x7, 0xf1, 0x0, 0x7f,
    0xf6, 0x8, 0x3, 0xf9, 0x80, 0x3f, 0xfb, 0xc,
    0x1, 0xfc, 0x40, 0x1f, 0xfd, 0x82, 0x0, 0xfe,
    0xe0, 0xf, 0xfe, 0xc9, 0x0, 0x7e, 0x50, 0xf,
    0xfe, 0xcb, 0x0, 0x7e, 0x20, 0xf, 0xfe, 0xc9,
    0x0, 0x7e, 0x10, 0xf, 0xfe, 0x49, 0x40, 0x80,
    0x7f, 0xf0, 0x78, 0x3, 0xe2, 0x0, 0xff, 0xe1,
    0x2b, 0x80, 0x7a, 0x9f, 0xa0, 0x40, 0x3f, 0xe3,
    0x0, 0xf9, 0x80, 0x3f, 0xf8, 0xb, 0xb5, 0x20,
    0x1e, 0x50, 0x3, 0xf4, 0x8, 0x7, 0xf3, 0x0,
    0x7c, 0x40, 0x1f, 0xe5, 0xda, 0x20, 0x14, 0x0,
    0xc6, 0x40, 0x19, 0xfa, 0x4, 0x3, 0xe2, 0x0,
    0xfb, 0xc0, 0x3f, 0x2e, 0xd1, 0x0, 0x6d, 0x0,
    0xd6, 0x1, 0xf3, 0xf4, 0x8, 0x7, 0x84, 0x3,
    0xc4, 0x1, 0xe5, 0xda, 0x20, 0xf, 0x38, 0x6,
    0x50, 0xf, 0xe7, 0xe8, 0x10, 0xc, 0x40, 0x1e,
    0x60, 0xc, 0xbb, 0x44, 0x1, 0xf8, 0x4c, 0x0,
    0x44, 0x0, 0xff, 0x9f, 0xa0, 0x40, 0xa, 0x1,
    0xe2, 0x0, 0x2e, 0xd1, 0x0, 0x7f, 0xd4, 0x0,
    0xa0, 0xf, 0xfe, 0x13, 0xf4, 0x11, 0x0, 0x3c,
    0x6b, 0xb4, 0x40, 0x1f, 0xfc, 0x17, 0x0, 0x28,
    0x7, 0xff, 0x11, 0xf5, 0x0, 0x3d, 0x94, 0x40,
    0x1f, 0xfc, 0x31, 0x32, 0x20, 0x7, 0xff, 0x82,
    0x90, 0x3, 0xff, 0xc2, 0xad, 0xf9, 0x2c, 0x82,
    0x1, 0xff, 0xd6, 0x25, 0x8b, 0xec, 0x0, 0x1b,
    0x4d, 0xf7, 0x2e, 0x14, 0x80, 0x3f, 0xf9, 0x62,
    0x8f, 0x5b, 0xfb, 0x4e, 0x82, 0x1, 0xf8, 0x51,
    0xeb, 0x7f, 0x25, 0x8c, 0x3, 0xff, 0x82, 0x4b,
    0x17, 0xdc, 0xb8, 0x52, 0x0, 0xff, 0xe4, 0x1b,
    0x4e, 0x58, 0x7, 0xfc, 0xbb, 0x4e, 0x82, 0x1,
    0xff, 0xd1, 0xc0, 0xf, 0xf9, 0xc4, 0x3, 0xff,
    0xa8, 0xee, 0x0, 0xff, 0x8b, 0x40, 0x3f, 0xfa,
    0x6d, 0x0, 0x1f, 0xfc, 0x13, 0xc0, 0xf, 0xfe,
    0x8a, 0xc8, 0x7, 0xff, 0xc, 0xec, 0x3, 0xff,
    0x9e, 0xb4, 0x1, 0xf1, 0x7c, 0x0, 0x7c, 0x96,
    0x1, 0xff, 0xcd, 0x4a, 0x0, 0xfd, 0x20, 0xe2,
    0x1, 0xf2, 0x50, 0x7, 0xff, 0x2c, 0xec, 0x3,
    0xf1, 0xa0, 0x2, 0x0, 0x3f, 0x2c, 0x80, 0x7f,
    0xf2, 0x4f, 0x0, 0x3f, 0xbc, 0x2, 0x62, 0x0,
    0xfc, 0xd0, 0x1, 0xff, 0xc7, 0x2d, 0x0, 0xfe,
    0x43, 0x0, 0xd0, 0x1, 0xfc, 0xf0, 0x1, 0xff,
    0xc5, 0x2c, 0x10, 0xf, 0xe8, 0x0, 0xe5, 0x30,
    0xf, 0xe7, 0x70, 0x7, 0xff, 0xc, 0xb0, 0x40,
    0x3f, 0x94, 0xc0, 0x3d, 0x0, 0x1f, 0xe8, 0x60,
    0xf, 0xfe, 0x8, 0xf8, 0x80, 0x7f, 0xa0, 0x3,
    0xe4, 0x40, 0x7, 0xfa, 0x54, 0x3, 0xff, 0x81,
    0x84, 0x1, 0xfe, 0x62, 0x0, 0xfd, 0x0, 0x1f,
    0xf5, 0x20, 0x7, 0xfd, 0x2, 0x1, 0xfe, 0x80,
    0xf, 0xe3, 0x50, 0xf, 0xf3, 0x20, 0x7, 0xfc,
    0xbe, 0x60, 0x1f, 0x9c, 0x40, 0x3f, 0xd0, 0x1,
    0xfd, 0x52, 0x1, 0xff, 0xc1, 0x1c, 0x70, 0xf,
    0xa4, 0x3, 0xfe, 0x26, 0x0, 0xf1, 0xea, 0x80,
    0x7f, 0xf1, 0x22, 0xc4, 0x3, 0x40, 0x80, 0x7f,
    0xf0, 0x20, 0x3, 0x9f, 0x8, 0x3, 0xff, 0x8c,
    0x9e, 0x80, 0x1, 0x70, 0xf, 0xfe, 0x8, 0xb8,
    0x0, 0x6e, 0x0, 0x3f, 0xf9, 0x23, 0x70, 0x10,
    0x1, 0xff, 0xc3, 0x90, 0x4f, 0x40, 0xf, 0xfe,
    0x63, 0xeb, 0x0, 0x7f, 0xf0, 0xc7, 0x2c, 0x40,
    0x3f, 0xf8, 0x0,

    /* U+002B "+" */
    0x0, 0xff, 0xe2, 0x1e, 0x67, 0xf8, 0xc0, 0x3f,
    0xfa, 0x8e, 0x67, 0xfe, 0x70, 0xf, 0xff, 0xf8,
    0x7, 0xff, 0xfc, 0x3, 0xff, 0xfe, 0x1, 0xff,
    0xff, 0x0, 0xff, 0xff, 0x80, 0x7f, 0xff, 0xc0,
    0x3f, 0xff, 0xe0, 0x1f, 0xff, 0xf0, 0xf, 0xff,
    0xf8, 0x1c, 0xcf, 0xff, 0xf, 0xc0, 0x3f, 0xdf,
    0x33, 0xff, 0xc3, 0x35, 0x66, 0xff, 0xe1, 0xa0,
    0x7, 0xf9, 0x19, 0xbf, 0xf8, 0x6a, 0x1, 0xff,
    0xff, 0x0, 0xff, 0xff, 0x80, 0x7f, 0xff, 0xc0,
    0x3f, 0xff, 0xe0, 0x1f, 0xfe, 0x86, 0xff, 0xff,
    0xe1, 0xd8, 0x7, 0xfa, 0xff, 0xff, 0xf8, 0x6c,
    0x1, 0xff, 0xff, 0x0, 0xff, 0xff, 0x80, 0x7f,
    0xff, 0xc0, 0x3f, 0xff, 0xe0, 0x1f, 0xff, 0xf0,
    0xf, 0xff, 0xf8, 0x7, 0xff, 0xfc, 0x3, 0xff,
    0xfe, 0x1, 0xff, 0xff, 0x0, 0xff, 0xe8, 0x80,

    /* U+002C "," */
    0x0, 0xf0, 0xbd, 0xef, 0x6e, 0x4a, 0x0, 0x7f,
    0x3f, 0x42, 0x10, 0x91, 0xb5, 0xe0, 0x80, 0x79,
    0xe0, 0x3, 0xf8, 0xf0, 0x3, 0x86, 0x0, 0x3f,
    0xe2, 0x70, 0xc, 0xc0, 0x1f, 0xfc, 0x19, 0x0,
    0xd8, 0x1, 0xff, 0xc1, 0x11, 0x0, 0x4e, 0x1,
    0xff, 0xc2, 0x30, 0xf, 0xfe, 0x30, 0x80, 0x7f,
    0xf6, 0x44, 0x2, 0x60, 0xf, 0xfe, 0x11, 0x80,
    0x5a, 0x1, 0xff, 0xc2, 0x10, 0x9, 0x80, 0x3f,
    0xf8, 0x22, 0x1, 0x86, 0x40, 0x3f, 0xf8, 0x4,
    0x1, 0xcd, 0x42, 0x1, 0xfe, 0x50, 0xf, 0x2f,
    0x52, 0x80, 0x7e, 0xd0, 0xf, 0xca, 0x40, 0x1f,
    0x90, 0x3, 0xf9, 0x40, 0x3e, 0x40, 0xf, 0xe3,
    0x20, 0xf, 0xbc, 0x3, 0xfa, 0x40, 0x3e, 0x14,
    0x0, 0xfc, 0x6a, 0x1, 0xf4, 0x80, 0x7f, 0x40,
    0x7, 0xc2, 0xe0, 0x1f, 0x91, 0x0, 0x1f, 0x58,
    0x7, 0xf5, 0x0, 0x7c, 0x8a, 0x1, 0xfa, 0x84,
    0x3, 0xc3, 0x40, 0x1f, 0x9d, 0x40, 0x3e, 0xa1,
    0x0, 0xf9, 0x20, 0x3, 0xea, 0x40, 0xf, 0x8e,
    0xc0, 0x3e, 0x95, 0x0, 0xf8, 0xb4, 0x3, 0xeb,
    0x60, 0xf, 0xc0,

    /* U+002D "-" */
    0x22, 0xff, 0xe7, 0x6, 0xef, 0xff, 0x38, 0xc0,
    0x3f, 0xff, 0xe0, 0x1f, 0xff, 0xf0, 0xf, 0xff,
    0xf8, 0x7, 0xff, 0xf0,

    /* U+002E "." */
    0x0, 0xcb, 0x17, 0x75, 0x31, 0x0, 0x79, 0x7a,
    0x9d, 0x12, 0x59, 0xd9, 0x0, 0xcb, 0x42, 0x1,
    0xf9, 0xac, 0x0, 0x34, 0x1, 0xff, 0x23, 0x3,
    0x0, 0x7f, 0xf0, 0x6c, 0x34, 0x3, 0xff, 0x82,
    0x42, 0xc0, 0x1f, 0xfc, 0x23, 0x0, 0xff, 0xe1,
    0x88, 0x7, 0xff, 0x4c, 0x5c, 0x3, 0xff, 0x84,
    0x66, 0x0, 0xff, 0xe0, 0x88, 0xa8, 0x3, 0xff,
    0x82, 0xc0, 0x4e, 0x1, 0xff, 0x14, 0x80, 0x21,
    0x80, 0x3f, 0x8b, 0xc4, 0x2, 0x9d, 0x63, 0x10,
    0x1, 0x2d, 0x69, 0x0, 0x0,

    /* U+002F "/" */
    0x0, 0xff, 0xe7, 0x3f, 0xff, 0xf5, 0x0, 0x7f,
    0xf3, 0xb0, 0x3, 0xfb, 0xc0, 0x3f, 0xf9, 0xc8,
    0x1, 0xfc, 0x80, 0x1f, 0xfc, 0xd5, 0x0, 0xfe,
    0x31, 0x0, 0xff, 0xe6, 0xe0, 0x7, 0xf5, 0x80,
    0x7f, 0xf3, 0x9c, 0x3, 0xf9, 0x0, 0x3f, 0xf9,
    0xa6, 0x20, 0x1f, 0x84, 0xc0, 0x3f, 0xf9, 0xa8,
    0x1, 0xfc, 0xe0, 0x1f, 0xfc, 0xeb, 0x0, 0xfe,
    0xc0, 0xf, 0xfe, 0x68, 0x98, 0x7, 0xf2, 0x80,
    0x7f, 0xf3, 0x50, 0x3, 0xf9, 0x0, 0x3f, 0xf9,
    0xde, 0x1, 0xfd, 0x80, 0x1f, 0xfc, 0xe4, 0x0,
    0xfe, 0x50, 0xf, 0xfe, 0x69, 0x88, 0x7, 0xe2,
    0x20, 0x7, 0xff, 0x36, 0xc0, 0x3f, 0x90, 0x3,
    0xff, 0x9c, 0xa0, 0x1f, 0xda, 0x1, 0xff, 0xcd,
    0x12, 0x0, 0xfe, 0x40, 0xf, 0xfe, 0x6b, 0x80,
    0x7f, 0x20, 0x7, 0xff, 0x3b, 0x0, 0x3f, 0xb4,
    0x3, 0xff, 0x9c, 0xa0, 0x1f, 0xce, 0x1, 0xff,
    0xcd, 0x40, 0xf, 0xe2, 0x10, 0xf, 0xfe, 0x6e,
    0x0, 0x7f, 0x28, 0x7, 0xff, 0x39, 0x40, 0x3f,
    0xac, 0x3, 0xff, 0x9a, 0x44, 0x0, 0xfe, 0x30,
    0xf, 0xfe, 0x6a, 0x0, 0x7f, 0x28, 0x7, 0xff,
    0x3b, 0x40, 0x3f, 0xbc, 0x3, 0xff, 0x9c, 0x80,
    0x1f, 0xc8, 0x1, 0xff, 0xcd, 0x40, 0xf, 0xe3,
    0x10, 0xf, 0xfe, 0x6e, 0x80, 0x7f, 0x58, 0x7,
    0xff, 0x39, 0xc0, 0x3f, 0x90, 0x3, 0xff, 0x9a,
    0x42, 0x1, 0xf8, 0x4c, 0x3, 0xff, 0x9a, 0xa0,
    0x1f, 0xce, 0x1, 0xff, 0xce, 0xb0, 0xf, 0xec,
    0x0, 0xff, 0xe6, 0x89, 0x80, 0x7f, 0x28, 0x7,
    0xff, 0x35, 0x0, 0x3f, 0x8c, 0x3, 0xff, 0x9d,
    0xe0, 0x1f, 0xd6, 0x1, 0xff, 0xce, 0x40, 0xf,
    0xe5, 0x0, 0xff, 0xe6, 0x98, 0x80, 0x7e, 0x12,
    0x0, 0xff, 0xe6, 0xd8, 0x7, 0xf3, 0x80, 0x7f,
    0xf3, 0x90, 0x3, 0xfb, 0x40, 0x3f, 0xf9, 0xa2,
    0x60, 0x1f, 0xc8, 0x1, 0xff, 0xcd, 0x70, 0xf,
    0xe4, 0x0, 0xff, 0xe7, 0x60, 0x7, 0xf6, 0x80,
    0x7f, 0xf3, 0x94, 0x3, 0xf9, 0x0, 0x3f, 0xf9,
    0xa8, 0x1, 0xfc, 0x44, 0x0, 0xff, 0xe6, 0xe0,
    0x7, 0xf2, 0x80, 0x7f, 0xf3, 0x94, 0x3, 0xfb,
    0x0, 0x3f, 0xf9, 0xa4, 0x40, 0xf, 0xe4, 0x0,
    0xff, 0xe6, 0xa0, 0x7, 0xf2, 0x80, 0x7f, 0xf3,
    0xb4, 0x3, 0xfb, 0x0, 0x3f, 0xf9, 0xc8, 0x1,
    0xfc, 0xe0, 0x1f, 0xfc, 0xd4, 0x0, 0xfe, 0x31,
    0x0, 0xff, 0xe6, 0xe8, 0x7, 0xf2, 0x0, 0x7f,
    0xf3, 0x90, 0x3, 0xfa, 0xc0, 0x3f, 0xf9, 0xa4,
    0x40, 0xf, 0xc2, 0x60, 0x1f, 0xfc, 0xd5, 0x0,
    0xfe, 0x40, 0xf, 0xfe, 0x76, 0x0, 0x7f, 0x78,
    0x7, 0xff, 0x39, 0x0, 0x3f, 0x90, 0x3, 0xff,
    0x9a, 0xa0, 0x1f, 0xc6, 0x20, 0x1f, 0xfc, 0xdc,
    0x0, 0xfe, 0xb0, 0xf, 0xfe, 0x73, 0x80, 0x7f,
    0x28, 0x7, 0xff, 0x34, 0xc4, 0x3, 0xf0, 0x90,
    0x7, 0xff, 0x35, 0x0, 0x3f, 0x9c, 0x3, 0xff,
    0x9d, 0x60, 0x1f, 0xda, 0x1, 0xff, 0xcd, 0x13,
    0x0, 0xfe, 0x40, 0xf, 0xfe, 0x6a, 0x0, 0x7f,
    0x20, 0x7, 0xff, 0x3b, 0xc0, 0x3f, 0xb4, 0x3,
    0xff, 0x9c, 0x80, 0x1f, 0xc8, 0x1, 0xff, 0xcd,
    0x31, 0x0, 0xfc, 0x44, 0x0, 0xff, 0xe6, 0xd8,
    0x7, 0xf2, 0x80, 0x7f, 0xf3, 0x94, 0x3, 0xfb,
    0x0, 0x3f, 0xf9, 0xa2, 0x40, 0x1f, 0xc8, 0x1,
    0xff, 0xcd, 0x70, 0xf, 0xe4, 0x0, 0xff, 0xe7,
    0x68, 0x7, 0xf6, 0x80, 0x7f, 0xf3, 0x90, 0x3,
    0xf9, 0xc0, 0x3f, 0xf9, 0xa8, 0x1, 0xfc, 0x42,
    0x1, 0xff, 0xcd, 0xd0, 0xf, 0xe5, 0x0, 0xff,
    0xe7, 0x20, 0x7, 0xf5, 0x80, 0x7f, 0xf3, 0x48,
    0x80, 0x1f, 0x84, 0xc0, 0x3f, 0xf9, 0xaa, 0x1,
    0xfc, 0x80, 0x1f, 0xfc, 0xec, 0x0, 0xfe, 0xf0,
    0xf, 0xfe, 0x72, 0x0, 0x7f, 0x20, 0x7, 0xff,
    0x35, 0x40, 0x3f, 0x8c, 0x40, 0x3f, 0xf9, 0xb8,
    0x1, 0xfd, 0x60, 0x1f, 0xfc, 0xe7, 0x0, 0xfe,
    0x40, 0xf, 0xfe, 0x69, 0x88, 0x7, 0xe1, 0x30,
    0xf, 0xfe, 0x6a, 0x0, 0x7f, 0x38, 0x7, 0xff,
    0x3a, 0xc0, 0x3f, 0xb0, 0x3, 0xff, 0x9a, 0x26,
    0x1, 0xfc, 0xa0, 0x1f, 0xfc, 0xd4, 0x0, 0xfe,
    0x40, 0xf, 0xfe, 0x70,

    /* U+0030 "0" */
    0x0, 0xff, 0xe2, 0xa3, 0xd6, 0x77, 0x3f, 0xdd,
    0xcc, 0xa7, 0x40, 0xf, 0xfe, 0x9a, 0xdf, 0xdc,
    0x29, 0x88, 0x80, 0x2, 0x23, 0x58, 0xbf, 0xb5,
    0x0, 0xff, 0xe7, 0x2f, 0x52, 0x0, 0x7f, 0xf1,
    0x12, 0xb9, 0x40, 0x3f, 0xf9, 0x43, 0x94, 0x20,
    0x1f, 0xfc, 0x81, 0xac, 0x10, 0xf, 0xfe, 0x3a,
    0x79, 0x80, 0x7f, 0xf3, 0xf, 0xd0, 0x3, 0xff,
    0x8a, 0x96, 0x20, 0x1f, 0xfc, 0xe1, 0xb4, 0x0,
    0xff, 0xe1, 0x9d, 0x80, 0x7f, 0xf4, 0xac, 0xc0,
    0x3f, 0xf8, 0x23, 0xa0, 0x1f, 0xfd, 0x4d, 0x10,
    0xf, 0xfe, 0x5, 0x8, 0x7, 0xff, 0x50, 0x6c,
    0x3, 0xfe, 0x44, 0x0, 0x7f, 0xf5, 0x95, 0x0,
    0x3f, 0xd2, 0x1, 0xff, 0xc5, 0x12, 0x0, 0xff,
    0xe2, 0xc8, 0x7, 0xf2, 0x90, 0x7, 0xff, 0x5,
    0x6b, 0xfd, 0xdb, 0xfd, 0x4a, 0x1, 0xff, 0xc1,
    0x25, 0x0, 0xfd, 0x20, 0x1f, 0xfc, 0x2, 0xca,
    0x50, 0xe, 0x15, 0xac, 0x20, 0xf, 0xfe, 0x4,
    0x80, 0x7c, 0x66, 0x0, 0xff, 0x8b, 0x4c, 0x3,
    0xfc, 0x7a, 0x40, 0x1f, 0xf1, 0x98, 0x3, 0xd6,
    0x1, 0xff, 0xc0, 0xf0, 0xf, 0xfe, 0x17, 0x80,
    0x7f, 0xf0, 0x2c, 0x3, 0xca, 0x1, 0xff, 0x39,
    0x0, 0x7f, 0xf0, 0x89, 0xc0, 0x3f, 0xe5, 0x0,
    0xe2, 0x20, 0x7, 0xfd, 0x40, 0x1f, 0xfc, 0x4a,
    0x0, 0xff, 0x88, 0x80, 0x19, 0x0, 0x3f, 0xe3,
    0x20, 0xf, 0xfe, 0x21, 0x18, 0x7, 0xfc, 0x80,
    0x1b, 0x0, 0x3f, 0xe4, 0x0, 0xff, 0xe3, 0x20,
    0x7, 0xfd, 0x80, 0x19, 0x0, 0x3f, 0xed, 0x0,
    0xff, 0xe3, 0x68, 0x7, 0xfc, 0x80, 0x10, 0x88,
    0x3, 0xfe, 0x70, 0xf, 0xfe, 0x33, 0x80, 0x7f,
    0xc2, 0x20, 0x2, 0x80, 0x7f, 0xf0, 0x8, 0x3,
    0xff, 0x8c, 0x60, 0x1f, 0xfc, 0x5, 0x0, 0x18,
    0x7, 0xff, 0x4c, 0x40, 0x3f, 0xf8, 0x6, 0x0,
    0xe0, 0xf, 0xf8, 0x40, 0x3f, 0xf9, 0x2, 0x1,
    0xff, 0x70, 0x0, 0x80, 0x3f, 0xe3, 0x0, 0xff,
    0xe4, 0x18, 0x7, 0xfc, 0x40, 0x6, 0x0, 0xff,
    0xf0, 0x30, 0x0, 0x80, 0x3f, 0xe1, 0x0, 0xff,
    0xe4, 0x8, 0x7, 0xfc, 0x40, 0x1f, 0xfe, 0x51,
    0x0, 0xff, 0xf1, 0x9, 0x80, 0x7f, 0xf8, 0x8c,
    0x40, 0x3f, 0xfc, 0x42, 0xe0, 0x1f, 0xfe, 0x27,
    0x10, 0xf, 0xff, 0x10, 0x80, 0x7f, 0xff, 0xc0,
    0x3f, 0xf9, 0x26, 0x1, 0xff, 0xe2, 0x30, 0xf,
    0xff, 0xf8, 0x7, 0xff, 0x24, 0xc0, 0x3f, 0xfc,
    0x46, 0x1, 0xff, 0xff, 0x0, 0xff, 0xe4, 0x88,
    0x7, 0xff, 0x88, 0x5c, 0x3, 0xff, 0xc4, 0xe2,
    0x1, 0xff, 0xe2, 0x13, 0x0, 0xff, 0xf1, 0x18,
    0x80, 0x7f, 0xf8, 0x84, 0x3, 0xff, 0xca, 0x40,
    0x1f, 0xf0, 0x80, 0x7f, 0xf2, 0x4, 0x3, 0xfe,
    0x20, 0x3, 0x0, 0x7f, 0xf8, 0x18, 0x0, 0x40,
    0x1f, 0xf1, 0x80, 0x7f, 0xf2, 0xc, 0x3, 0xfe,
    0x20, 0x7, 0x0, 0x7f, 0xc2, 0x1, 0xff, 0xc8,
    0x10, 0xf, 0xfb, 0x80, 0x6, 0x1, 0xff, 0xe0,
    0x30, 0x2, 0x80, 0x7f, 0xf0, 0x8, 0x3, 0xff,
    0x8c, 0x40, 0x1f, 0xfc, 0x5, 0x0, 0x8, 0x80,
    0x3f, 0xe7, 0x0, 0xff, 0xe3, 0x38, 0x7, 0xfc,
    0x22, 0x0, 0x90, 0x3, 0xfe, 0xd0, 0xf, 0xfe,
    0x36, 0x80, 0x7f, 0xc8, 0x1, 0xb0, 0x3, 0xfe,
    0x40, 0xf, 0xfe, 0x32, 0x0, 0x7f, 0xd8, 0x1,
    0x90, 0x3, 0xfe, 0x32, 0x0, 0xff, 0xe2, 0x11,
    0x80, 0x7f, 0xc8, 0x1, 0x88, 0x80, 0x1f, 0xf5,
    0x0, 0x7f, 0xf1, 0x28, 0x3, 0xfe, 0x22, 0x0,
    0x72, 0x80, 0x7f, 0xce, 0x40, 0x1f, 0xfc, 0x22,
    0x70, 0xf, 0xf9, 0x40, 0x3d, 0x60, 0x1f, 0xfc,
    0xf, 0x0, 0xff, 0xe1, 0x78, 0x7, 0xff, 0x2,
    0xc0, 0x3c, 0x66, 0x0, 0xff, 0x8b, 0x4c, 0x3,
    0xfc, 0x7a, 0x40, 0x1f, 0xf1, 0x98, 0x3, 0xe9,
    0x0, 0xff, 0xe0, 0x16, 0x52, 0x80, 0x79, 0x6b,
    0x8, 0x3, 0xff, 0x81, 0x20, 0x1f, 0x94, 0x80,
    0x3f, 0xf8, 0x2b, 0x5f, 0xed, 0xd7, 0xfa, 0x94,
    0x3, 0xff, 0x82, 0x4a, 0x1, 0xfd, 0x20, 0x1f,
    0xfc, 0x52, 0x20, 0x7, 0xff, 0x16, 0x40, 0x3f,
    0xc8, 0x80, 0xf, 0xfe, 0xb2, 0x20, 0x3, 0xfe,
    0xa1, 0x0, 0xff, 0xea, 0xd, 0x0, 0x7f, 0xf0,
    0x7, 0x40, 0x3f, 0xfa, 0x9a, 0x20, 0x1f, 0xfc,
    0x13, 0xb0, 0xf, 0xfe, 0x95, 0x98, 0x7, 0xff,
    0xd, 0x2c, 0x40, 0x3f, 0xf9, 0xc3, 0x68, 0x1,
    0xff, 0xc5, 0x4f, 0x30, 0xf, 0xfe, 0x61, 0xfa,
    0x0, 0x7f, 0xf1, 0xc7, 0x28, 0x40, 0x3f, 0xf9,
    0x3, 0x58, 0x20, 0x1f, 0xfc, 0xa5, 0xea, 0x40,
    0xf, 0xfe, 0x22, 0x57, 0x28, 0x7, 0xff, 0x39,
    0x6f, 0xee, 0x14, 0xc4, 0x40, 0x1, 0x11, 0xac,
    0x5f, 0xda, 0x80, 0x7f, 0xf0, 0x80,

    /* U+0031 "1" */
    0x0, 0xff, 0xe0, 0x94, 0x47, 0xff, 0x19, 0x80,
    0x3f, 0xf9, 0xfe, 0xef, 0xff, 0xc6, 0xa0, 0xf,
    0xfe, 0x75, 0x90, 0x7, 0xff, 0x81, 0xd0, 0x3,
    0xff, 0xc0, 0x90, 0x1, 0xff, 0xe0, 0x2b, 0x0,
    0xff, 0xf0, 0xf8, 0x7, 0xff, 0x86, 0xc8, 0x3,
    0xff, 0xc1, 0x8, 0x1, 0xff, 0xe0, 0x47, 0x0,
    0xff, 0x91, 0x0, 0x1f, 0xfd, 0x32, 0xb0, 0xf,
    0xf8, 0xac, 0xc0, 0x3f, 0xfa, 0x7e, 0x1, 0xff,
    0xf, 0x80, 0x7f, 0xf5, 0x2c, 0x80, 0x3f, 0xea,
    0x20, 0xf, 0xfe, 0x9c, 0x20, 0x7, 0xfd, 0x8,
    0x1, 0xff, 0xd3, 0x47, 0x0, 0xff, 0x95, 0xc0,
    0x3f, 0xfa, 0x65, 0x60, 0x1f, 0xf1, 0x50, 0x7,
    0xff, 0x53, 0xc0, 0x3f, 0xe1, 0xf0, 0xf, 0xfe,
    0xa2, 0x10, 0x7, 0xfd, 0x44, 0x1, 0xff, 0xd4,
    0x4c, 0x20, 0xf, 0xe8, 0x40, 0xf, 0xfe, 0xb1,
    0xea, 0x80, 0x7c, 0xae, 0x1, 0xff, 0xd9, 0xa9,
    0x0, 0xe3, 0xa0, 0xf, 0xfe, 0xdb, 0x61, 0x0,
    0x7, 0x40, 0x3f, 0xfb, 0xa7, 0xaa, 0x14, 0x20,
    0x1f, 0xfd, 0xfa, 0xc4, 0x0, 0xff, 0xf0, 0x98,
    0x7, 0xff, 0xfc, 0x3, 0xff, 0xfe, 0x1, 0xff,
    0xff, 0x0, 0xff, 0xff, 0x80, 0x7f, 0xff, 0xc0,
    0x3f, 0xff, 0xe0, 0x1f, 0xff, 0xf0, 0xf, 0xff,
    0xf8, 0x7, 0xff, 0xfc, 0x3, 0xff, 0xfe, 0x1,
    0xff, 0xff, 0x0, 0xff, 0xff, 0x80, 0x7f, 0xff,
    0xc0, 0x3f, 0xff, 0xe0, 0x1f, 0xff, 0xf0, 0xf,
    0xff, 0xf8, 0x7, 0xff, 0xfc, 0x3, 0xff, 0xfe,
    0x1, 0xff, 0xff, 0x0, 0xff, 0xff, 0x80, 0x7f,
    0xff, 0xc0, 0x3f, 0xff, 0xe0, 0x1f, 0xfd, 0x94,
    0x88, 0xff, 0xe1, 0xa0, 0x7, 0xfc, 0x51, 0x1f,
    0xfc, 0x20, 0xd, 0x8e, 0xff, 0xfc, 0x33, 0x0,
    0xff, 0x85, 0xdf, 0xff, 0x84, 0x1, 0xff, 0xff,
    0x0, 0xff, 0xff, 0x80, 0x7f, 0xff, 0xc0, 0x3f,
    0xff, 0xe0, 0x1f, 0xff, 0xf0, 0xf, 0xff, 0x20,

    /* U+0032 "2" */
    0x0, 0xff, 0xe2, 0xa, 0x34, 0x55, 0x2e, 0xd5,
    0x30, 0xc8, 0x20, 0x1f, 0xfd, 0x13, 0x8d, 0xeb,
    0x97, 0x55, 0x22, 0x15, 0x9e, 0x6f, 0xb9, 0x28,
    0x1, 0xff, 0xcc, 0x5c, 0xc3, 0x90, 0x7, 0xff,
    0x8, 0x5a, 0xf9, 0xc0, 0x3f, 0xf9, 0x7, 0xb4,
    0x60, 0x1f, 0xfc, 0x81, 0x8e, 0x50, 0xf, 0xfe,
    0x2c, 0x61, 0x0, 0x7f, 0xf3, 0x6, 0xa8, 0x1,
    0xff, 0xc2, 0x1b, 0x70, 0xf, 0xfe, 0x82, 0xe0,
    0x7, 0xff, 0x0, 0x75, 0x0, 0x3f, 0xfa, 0x47,
    0x60, 0x1f, 0xf6, 0x98, 0x7, 0xff, 0x51, 0x20,
    0x3, 0xfa, 0x4c, 0x3, 0xff, 0xac, 0xe4, 0x1,
    0xf2, 0x30, 0x7, 0xff, 0x62, 0x0, 0x3e, 0x90,
    0xf, 0xfe, 0xca, 0x88, 0x7, 0x39, 0x0, 0x7f,
    0xf0, 0x4a, 0x33, 0xbf, 0xdb, 0x4c, 0x1, 0xff,
    0xc4, 0x60, 0xe, 0x90, 0xf, 0xfe, 0xd, 0x6b,
    0x98, 0x80, 0x9, 0x67, 0x94, 0x3, 0xff, 0x85,
    0x60, 0x19, 0x84, 0x3, 0xfe, 0x2d, 0x50, 0xf,
    0xe1, 0xa7, 0x0, 0xff, 0xe0, 0x98, 0x6, 0xa0,
    0xf, 0xf8, 0x7c, 0x80, 0x3f, 0xf8, 0x10, 0x60,
    0x1f, 0xfc, 0x13, 0x0, 0x11, 0x80, 0x7f, 0xd6,
    0x40, 0x1f, 0xfc, 0x2f, 0x0, 0xff, 0xe0, 0xa8,
    0x1, 0x40, 0x3f, 0xe3, 0x50, 0xf, 0xfe, 0x19,
    0x90, 0x7, 0xff, 0x3, 0x80, 0x6, 0x80, 0x1f,
    0xe9, 0x0, 0xff, 0xe2, 0xa0, 0x7, 0xff, 0x0,
    0x80, 0x9, 0x7a, 0xe2, 0x1, 0xe1, 0x50, 0xf,
    0xfe, 0x2f, 0x80, 0x7f, 0xf0, 0x4, 0x3, 0x14,
    0x75, 0xa0, 0x6, 0x70, 0xf, 0xfe, 0x31, 0x80,
    0x7f, 0xf0, 0x1c, 0x3, 0xe4, 0xbe, 0x82, 0xc,
    0x0, 0xff, 0xe3, 0x8, 0x7, 0xff, 0x28, 0x5f,
    0x6d, 0x0, 0x3f, 0xfa, 0x6e, 0x1, 0xff, 0xc0,
    0x41, 0x0, 0xff, 0xfa, 0x8, 0x7, 0xff, 0x0,
    0x40, 0x3f, 0xfa, 0x86, 0x1, 0xff, 0xc0, 0x20,
    0xf, 0xfe, 0xa0, 0x80, 0x7f, 0xf0, 0x34, 0x3,
    0xff, 0xa9, 0xa0, 0x1f, 0xfc, 0x7, 0x0, 0xff,
    0xea, 0x20, 0x7, 0xfc, 0x24, 0x1, 0xff, 0xd3,
    0x31, 0x0, 0xff, 0x90, 0x3, 0xff, 0xa9, 0x40,
    0x1f, 0xfc, 0xf, 0x0, 0xff, 0xe9, 0x8b, 0x0,
    0x7f, 0xc2, 0xa0, 0x1f, 0xfd, 0x38, 0x0, 0xff,
    0xe0, 0x48, 0x7, 0xff, 0x4c, 0xd8, 0x3, 0xfe,
    0x17, 0x0, 0xff, 0xe9, 0xf8, 0x7, 0xff, 0x2,
    0x40, 0x3f, 0xfa, 0x72, 0x60, 0x1f, 0xf1, 0x38,
    0x7, 0xff, 0x49, 0x58, 0x3, 0xff, 0x81, 0xc0,
    0x1f, 0xfd, 0x23, 0xa0, 0xf, 0xfe, 0x3, 0x98,
    0x7, 0xff, 0x44, 0xb4, 0x3, 0xff, 0x80, 0x70,
    0x1, 0xff, 0xd1, 0x1f, 0x10, 0xf, 0xf8, 0x74,
    0x3, 0xff, 0xa2, 0x38, 0x40, 0x1f, 0xfc, 0xd,
    0x10, 0xf, 0xfe, 0x80, 0xe1, 0x0, 0x7f, 0xf0,
    0x2c, 0xc0, 0x3f, 0xfa, 0x3, 0xa4, 0x1, 0xff,
    0xc0, 0x94, 0x0, 0xff, 0xe8, 0xe, 0x98, 0x7,
    0xff, 0x2, 0x18, 0x3, 0xff, 0xa0, 0x3a, 0x60,
    0x1f, 0xfc, 0x7, 0x70, 0x7, 0xff, 0x47, 0x4c,
    0x3, 0xff, 0x80, 0xd0, 0x1, 0xff, 0xd1, 0xc3,
    0x0, 0xff, 0xe0, 0x34, 0x80, 0x7f, 0xf4, 0x70,
    0xc0, 0x3f, 0xf8, 0xb, 0x20, 0x1f, 0xfd, 0x1c,
    0x30, 0xf, 0xfe, 0x2, 0xd0, 0x7, 0xff, 0x47,
    0xc, 0x3, 0xff, 0x80, 0xb4, 0x1, 0xff, 0xd1,
    0xc3, 0x0, 0xff, 0xe0, 0x2d, 0x0, 0x7f, 0xf4,
    0x70, 0xc0, 0x3f, 0xf8, 0xb, 0x40, 0x1f, 0xfd,
    0x1c, 0x30, 0xf, 0xfe, 0x2, 0xd0, 0x7, 0xff,
    0x46, 0xcc, 0x3, 0xff, 0x80, 0xb4, 0x1, 0xff,
    0xd1, 0xb4, 0x0, 0xff, 0xe0, 0x2d, 0x0, 0x7f,
    0xf4, 0x6d, 0x0, 0x3f, 0xf8, 0xb, 0x40, 0x1f,
    0xfd, 0x1b, 0x40, 0xf, 0xfe, 0x2, 0xd0, 0x7,
    0xff, 0x46, 0xd0, 0x3, 0xff, 0x80, 0xb4, 0x1,
    0xff, 0xd1, 0xb4, 0x0, 0xff, 0xe0, 0x2d, 0x0,
    0x7f, 0xf4, 0x6d, 0x0, 0x3f, 0xf8, 0xb, 0x40,
    0x1f, 0xfd, 0x1b, 0x40, 0xf, 0xfe, 0x2, 0xd0,
    0x7, 0xff, 0x45, 0xd0, 0x3, 0xff, 0x80, 0xb4,
    0x1, 0xff, 0xd2, 0xf0, 0xf, 0xfe, 0x14, 0xcf,
    0xff, 0x44, 0x80, 0x3f, 0xf8, 0x6a, 0xcd, 0xff,
    0xd2, 0x0, 0xff, 0xff, 0x80, 0x7f, 0xff, 0xc0,
    0x3f, 0xff, 0xe0, 0x1f, 0xff, 0xf0, 0xf, 0xff,
    0xf8, 0x7, 0xff, 0x6c,

    /* U+0033 "3" */
    0x0, 0xff, 0xe2, 0x92, 0xc5, 0xef, 0x73, 0xfe,
    0xec, 0xa8, 0x51, 0x0, 0xff, 0xe8, 0x13, 0xe6,
    0xd3, 0xa1, 0x8, 0x80, 0x21, 0x35, 0x7a, 0xec,
    0x71, 0x0, 0xff, 0xe5, 0x95, 0x6c, 0x18, 0x7,
    0xff, 0x10, 0xe3, 0xa8, 0x80, 0x3f, 0xf9, 0x13,
    0xaa, 0x1, 0xff, 0xca, 0x5d, 0x80, 0xf, 0xfe,
    0x2a, 0x73, 0x0, 0x7f, 0xf3, 0x9f, 0x48, 0x3,
    0xff, 0x84, 0xf6, 0x20, 0x1f, 0xfd, 0x2, 0xc2,
    0x0, 0xff, 0xe0, 0x4c, 0x0, 0x7f, 0xf4, 0xc7,
    0x4, 0x3, 0xfd, 0x2c, 0x1, 0xff, 0xd5, 0x1a,
    0x0, 0xfe, 0x76, 0x0, 0xff, 0xeb, 0xa2, 0x80,
    0x7c, 0xb0, 0x1, 0xff, 0xd9, 0x80, 0xf, 0xd,
    0x80, 0x7f, 0xf0, 0xc9, 0x9e, 0x20, 0xe8, 0x20,
    0x1f, 0xfc, 0x32, 0x40, 0xe, 0xb1, 0x0, 0xff,
    0xe0, 0xc, 0x76, 0xcc, 0x3b, 0xa2, 0xfa, 0x88,
    0x3, 0xff, 0x85, 0xc0, 0x1d, 0x2, 0x1, 0xff,
    0x37, 0x38, 0x80, 0x7e, 0x5d, 0x50, 0xf, 0xfe,
    0xa, 0x0, 0x71, 0x79, 0x80, 0x7f, 0x54, 0x80,
    0x7f, 0xf0, 0x68, 0xc0, 0x3f, 0xf8, 0x2, 0x40,
    0x1c, 0x38, 0x80, 0x1f, 0x5a, 0x80, 0x7f, 0xf0,
    0xf8, 0x3, 0xff, 0x82, 0xe0, 0x1f, 0x5b, 0x0,
    0x75, 0x20, 0x7, 0xff, 0x10, 0x90, 0x3, 0xff,
    0x80, 0x40, 0x1f, 0xa5, 0xc0, 0x26, 0x50, 0xf,
    0xfe, 0x36, 0x80, 0x7f, 0xf0, 0x3c, 0x3, 0xfa,
    0x24, 0xa, 0x40, 0x3f, 0xf8, 0xe4, 0x1, 0xff,
    0xc0, 0x10, 0xf, 0xf3, 0x5c, 0x80, 0x7f, 0xf2,
    0x1c, 0x3, 0xff, 0x98, 0x88, 0x0, 0xff, 0xea,
    0x88, 0x7, 0xff, 0x8b, 0xc0, 0x3f, 0xfc, 0x44,
    0x1, 0xff, 0xd5, 0x60, 0xf, 0xfe, 0x3, 0x80,
    0x7f, 0xf5, 0x48, 0x3, 0xfe, 0x12, 0x0, 0xff,
    0xea, 0xd8, 0x7, 0xfc, 0x80, 0x1f, 0xfd, 0x54,
    0x30, 0xf, 0xfb, 0x80, 0x3f, 0xfa, 0x83, 0x20,
    0x1f, 0xf1, 0x20, 0x7, 0xff, 0x4c, 0x74, 0x80,
    0x3f, 0xe9, 0x0, 0xff, 0xe9, 0xaf, 0x98, 0x7,
    0xfc, 0xa8, 0x1, 0xff, 0xcf, 0x24, 0x8e, 0xa1,
    0x0, 0xff, 0x8e, 0x80, 0x3f, 0xf9, 0x11, 0xff,
    0xf6, 0xdb, 0x88, 0x7, 0xff, 0x0, 0xb4, 0x3,
    0xff, 0xc0, 0xba, 0x20, 0x1f, 0xfd, 0xe2, 0xaa,
    0x0, 0x7f, 0xf7, 0x45, 0x6f, 0x54, 0x3, 0xff,
    0xba, 0x9d, 0x48, 0x1, 0xff, 0xdf, 0x72, 0x0,
    0xff, 0xf0, 0x9e, 0xfd, 0xb0, 0x7, 0xff, 0x85,
    0x27, 0xe4, 0x3, 0xff, 0xc4, 0xdc, 0xa0, 0x1f,
    0xfe, 0x11, 0xa6, 0x0, 0xff, 0xe4, 0x55, 0x7d,
    0x30, 0xc6, 0x1, 0xff, 0xc3, 0x96, 0x0, 0xff,
    0xe3, 0x92, 0xaf, 0x99, 0xe7, 0x3e, 0x48, 0x3,
    0xff, 0x83, 0x24, 0x1, 0xff, 0xd2, 0x6d, 0x60,
    0xf, 0xfe, 0xf, 0x0, 0x7f, 0xf5, 0x26, 0x0,
    0x3f, 0xf8, 0x6, 0x80, 0x1f, 0xfd, 0x47, 0x60,
    0xf, 0xfe, 0x7, 0x80, 0x7f, 0xf5, 0x60, 0x40,
    0x3f, 0xe4, 0x10, 0xf, 0xfe, 0xa0, 0xb8, 0x7,
    0xff, 0x1, 0x0, 0x3f, 0xfa, 0xba, 0x1, 0xff,
    0xc0, 0xd0, 0xf, 0xfe, 0xab, 0x0, 0x7f, 0xf0,
    0xc, 0x3, 0xff, 0xaa, 0x40, 0x1f, 0xfc, 0x7,
    0x0, 0xff, 0xf1, 0x8, 0x7, 0xff, 0x88, 0xc0,
    0x3f, 0xfc, 0x46, 0x1, 0xfd, 0x48, 0x1, 0xff,
    0xdf, 0x2d, 0x59, 0x0, 0xff, 0xe5, 0x10, 0x7,
    0xff, 0x1, 0x80, 0x3c, 0xba, 0x40, 0x4e, 0x1,
    0xff, 0xc9, 0x70, 0xf, 0xfe, 0x1, 0x0, 0x74,
    0xd0, 0x6, 0x82, 0x0, 0xff, 0xe4, 0x60, 0x7,
    0xff, 0x3, 0x80, 0x21, 0xc6, 0x0, 0xf7, 0x88,
    0x7, 0xff, 0x18, 0x58, 0x3, 0xff, 0x80, 0x80,
    0x4, 0xf3, 0x0, 0xf8, 0xb4, 0x3, 0xff, 0x8d,
    0x0, 0x1f, 0xfc, 0x13, 0x8, 0xb1, 0x0, 0xfe,
    0x3c, 0x10, 0xf, 0xfe, 0x1a, 0xb0, 0x7, 0xff,
    0x1, 0x40, 0x6, 0x1, 0xff, 0xc0, 0x3f, 0x40,
    0xf, 0xfe, 0xb, 0xd0, 0x7, 0xff, 0x7, 0x80,
    0x12, 0x1, 0xff, 0xc1, 0x1b, 0xb2, 0x80, 0x7f,
    0x2e, 0x40, 0x7, 0xff, 0x4, 0x90, 0x0, 0x50,
    0x1, 0xff, 0xc2, 0x4a, 0xfb, 0x87, 0x7a, 0x2f,
    0xe8, 0xc0, 0x3f, 0xf8, 0x50, 0x1, 0x9d, 0x0,
    0x3f, 0xf8, 0x88, 0xf1, 0x13, 0xa0, 0x7, 0xff,
    0x10, 0xd4, 0x3, 0xac, 0x80, 0x3f, 0xfb, 0x5c,
    0x1, 0xf7, 0x88, 0x7, 0xff, 0x62, 0x88, 0x3,
    0xe2, 0xc2, 0x0, 0xff, 0xeb, 0x4a, 0x80, 0x7f,
    0x16, 0x18, 0x7, 0xff, 0x52, 0x58, 0x3, 0xfe,
    0x1c, 0x70, 0xf, 0xfe, 0x88, 0xdb, 0x0, 0x7f,
    0xf0, 0xa3, 0x8, 0x3, 0xff, 0x9c, 0xde, 0x80,
    0x1f, 0xfc, 0x43, 0xda, 0x30, 0xf, 0xfe, 0x52,
    0xec, 0x88, 0x7, 0xff, 0x1d, 0x72, 0xd8, 0x40,
    0x3f, 0xf8, 0x87, 0x1d, 0x44, 0x1, 0xff, 0xcb,
    0x49, 0xed, 0x97, 0x42, 0x10, 0xc, 0x26, 0xaf,
    0x7d, 0x8e, 0x20, 0x1f, 0xfc, 0x0,

    /* U+0034 "4" */
    0x0, 0xff, 0xe6, 0x67, 0xff, 0xff, 0xf, 0x0,
    0x3f, 0xfa, 0x88, 0x60, 0x1f, 0xfe, 0x48, 0x0,
    0xff, 0xf2, 0x21, 0x80, 0x7f, 0xf9, 0x20, 0x3,
    0xff, 0xc8, 0x86, 0x1, 0xff, 0xe4, 0x80, 0xf,
    0xff, 0x22, 0x98, 0x7, 0xff, 0x92, 0x0, 0x3f,
    0xfc, 0x8a, 0x40, 0x1f, 0xfe, 0x48, 0x0, 0xff,
    0xf2, 0x29, 0x0, 0x7f, 0xf9, 0x20, 0x3, 0xf4,
    0x68, 0x80, 0x7f, 0xf6, 0x58, 0x80, 0x3e, 0x17,
    0x20, 0xf, 0xfe, 0xd5, 0x80, 0x7e, 0x90, 0xf,
    0xfe, 0xdb, 0x10, 0x7, 0xc2, 0xe0, 0x1f, 0xfd,
    0xb8, 0x0, 0xfd, 0x20, 0x1f, 0xfd, 0xb6, 0x10,
    0xf, 0x85, 0xc0, 0x3f, 0xfb, 0x70, 0x1, 0xf9,
    0x80, 0x3f, 0xfb, 0x6e, 0x20, 0x1f, 0xa4, 0x3,
    0xff, 0xb7, 0x20, 0x1f, 0x9c, 0x40, 0x3f, 0xfb,
    0x4e, 0x20, 0x1f, 0xa4, 0x3, 0xff, 0xb7, 0x20,
    0x1f, 0x98, 0x40, 0x3f, 0xfb, 0x4e, 0x20, 0x1f,
    0xa0, 0x3, 0xff, 0xb7, 0x20, 0x1f, 0x98, 0x40,
    0x3f, 0xfb, 0x50, 0x20, 0x1f, 0xac, 0x3, 0xff,
    0xb4, 0x2e, 0x1, 0xf9, 0x48, 0x3, 0xff, 0xb5,
    0x20, 0x1f, 0xd0, 0x1, 0xff, 0xda, 0x17, 0x0,
    0xfc, 0xa4, 0x1, 0xff, 0xda, 0x90, 0xf, 0xe8,
    0x0, 0xff, 0xed, 0xb, 0x80, 0x7e, 0x42, 0x0,
    0xff, 0xed, 0x48, 0x7, 0xf4, 0x0, 0x7f, 0xf6,
    0x85, 0xc0, 0x3f, 0x21, 0x80, 0x7f, 0xf6, 0xa0,
    0x3, 0xfa, 0x0, 0x3f, 0xfb, 0x42, 0xc0, 0x1f,
    0x8c, 0xc0, 0x1f, 0xfd, 0xa8, 0x0, 0xfe, 0x80,
    0xf, 0xfe, 0xd1, 0x30, 0x7, 0xe3, 0x40, 0xf,
    0xfe, 0xd5, 0x80, 0x7f, 0x40, 0x7, 0xff, 0x68,
    0x98, 0x3, 0xf1, 0xa0, 0x7, 0xff, 0x6a, 0x0,
    0x3f, 0xa4, 0x3, 0xff, 0xb4, 0x4a, 0x1, 0xf8,
    0x94, 0x3, 0xff, 0xb5, 0x0, 0x1f, 0xd0, 0x1,
    0xff, 0xda, 0x25, 0x0, 0xfc, 0x4a, 0x1, 0xff,
    0xda, 0x80, 0xf, 0xeb, 0x0, 0xff, 0xed, 0x1a,
    0x80, 0x7e, 0x16, 0x0, 0xff, 0xed, 0x40, 0x7,
    0xf4, 0x0, 0x7f, 0xf6, 0x85, 0x0, 0x3f, 0xb,
    0x0, 0x7f, 0xf9, 0x7, 0xff, 0xff, 0x8c, 0x20,
    0x1f, 0xe3, 0xff, 0xfc, 0x20, 0x1f, 0xff, 0xf0,
    0xf, 0xff, 0xf8, 0x7, 0xff, 0xfc, 0x3, 0xff,
    0xfe, 0x1, 0xff, 0xff, 0x0, 0xff, 0xff, 0x8f,
    0xff, 0xff, 0x40, 0x40, 0x3f, 0xc7, 0xff, 0xf8,
    0x40, 0x3f, 0xff, 0xe0, 0x1f, 0xff, 0xf0, 0xf,
    0xff, 0xf8, 0x7, 0xff, 0xfc, 0x3, 0xff, 0xfe,
    0x1, 0xff, 0xff, 0x0, 0xff, 0xff, 0x80, 0x7f,
    0xff, 0xc0, 0x3f, 0xfa, 0x32, 0xef, 0xfe, 0xa0,
    0xf, 0xe0,

    /* U+0035 "5" */
    0x0, 0xc3, 0x55, 0xff, 0xd9, 0x50, 0xf, 0xc6,
    0xab, 0xff, 0xd9, 0xc0, 0xf, 0xc2, 0x1, 0xff,
    0xe2, 0x70, 0xf, 0xff, 0x10, 0x80, 0x7f, 0xf8,
    0x8c, 0x3, 0xff, 0xc4, 0x20, 0x1f, 0xfe, 0x2f,
    0x0, 0xff, 0xf1, 0x8, 0x7, 0xff, 0x88, 0xc0,
    0x3f, 0xfc, 0x42, 0x1, 0xff, 0xe2, 0x70, 0xf,
    0xe8, 0xff, 0xff, 0xe7, 0xc8, 0x7, 0xe1, 0x0,
    0xfe, 0x10, 0xf, 0xfe, 0xc1, 0x80, 0x7f, 0x18,
    0x7, 0xff, 0x60, 0x40, 0x3f, 0x84, 0x3, 0xff,
    0xc4, 0xe0, 0x1f, 0xfd, 0x71, 0x0, 0xff, 0x8,
    0x7, 0xff, 0x5c, 0xc0, 0x3f, 0xc6, 0x1, 0xff,
    0xd7, 0x10, 0xf, 0xf0, 0x80, 0x7f, 0xf5, 0xdc,
    0x3, 0xff, 0xc4, 0x20, 0x1f, 0xc2, 0x1, 0xff,
    0xd8, 0x30, 0xf, 0xe3, 0x0, 0xff, 0xec, 0x8,
    0x7, 0xf0, 0x80, 0x7f, 0xf6, 0x3c, 0x3, 0xf9,
    0xc0, 0x3f, 0xfc, 0x42, 0x1, 0xff, 0xd8, 0x10,
    0xf, 0xe3, 0x0, 0xff, 0x84, 0x8c, 0x88, 0x1,
    0xff, 0xc8, 0x30, 0xf, 0xe1, 0x0, 0xf8, 0x5e,
    0xff, 0xb7, 0x37, 0x5f, 0xd4, 0xe2, 0x1, 0xff,
    0xc3, 0x10, 0xf, 0xef, 0x0, 0xf4, 0x74, 0x20,
    0x7, 0xc2, 0xb1, 0xd8, 0x80, 0x1f, 0xfc, 0x17,
    0x0, 0xfe, 0x10, 0xc, 0x5a, 0xe0, 0x1f, 0xfc,
    0x23, 0xbc, 0x20, 0xf, 0xf8, 0x40, 0x3f, 0x8c,
    0x2, 0x2c, 0x20, 0xf, 0xfe, 0x29, 0xeb, 0x0,
    0x7f, 0x8c, 0x3, 0xf8, 0x40, 0x3, 0x82, 0x1,
    0xff, 0xc8, 0x98, 0x0, 0xfe, 0x10, 0xf, 0xe6,
    0x0, 0x58, 0x80, 0x7f, 0xf2, 0x9e, 0x0, 0x3f,
    0xf8, 0xc6, 0x8, 0xa0, 0x1f, 0xfc, 0xc7, 0x50,
    0xf, 0x8, 0x7, 0xf8, 0x43, 0xc0, 0x3f, 0xf9,
    0xd6, 0x20, 0x1c, 0x60, 0x1f, 0xf1, 0x20, 0x7,
    0xff, 0x38, 0x60, 0x3, 0x84, 0x3, 0xfc, 0x34,
    0x1, 0xff, 0xd0, 0x61, 0x0, 0xce, 0x1, 0xfe,
    0xe7, 0x0, 0x8e, 0x33, 0xbf, 0xdd, 0x90, 0x60,
    0x1f, 0xfc, 0x46, 0x0, 0xc2, 0x1, 0xff, 0xc1,
    0x2b, 0xc7, 0x31, 0x0, 0x9, 0xbe, 0x60, 0x80,
    0x3f, 0xf8, 0x54, 0x1, 0x8c, 0x3, 0xff, 0x80,
    0xba, 0x80, 0x1f, 0xe3, 0xd5, 0x0, 0xff, 0xe0,
    0x91, 0x0, 0x21, 0x0, 0xff, 0x9a, 0x80, 0x3f,
    0xf8, 0x54, 0x40, 0x1f, 0xfc, 0x14, 0x0, 0x9f,
    0x6e, 0x5d, 0x4c, 0x40, 0x24, 0x90, 0xf, 0xfe,
    0x27, 0x0, 0x7f, 0xf0, 0x70, 0x3, 0x12, 0x34,
    0x56, 0x77, 0xed, 0x50, 0x3, 0xff, 0x8a, 0x68,
    0x1, 0xff, 0xc0, 0x60, 0xf, 0xfe, 0x1, 0x28,
    0x80, 0x7f, 0xf1, 0xb4, 0x3, 0xff, 0x80, 0x60,
    0x1f, 0xfd, 0x54, 0x0, 0xff, 0xe0, 0x88, 0x7,
    0xff, 0x50, 0x80, 0x3f, 0xf8, 0x26, 0x1, 0xff,
    0xd5, 0x10, 0xf, 0xfe, 0x0, 0x80, 0x7f, 0xf5,
    0x4c, 0x3, 0xff, 0x80, 0xe0, 0x1f, 0xfd, 0x51,
    0x0, 0xff, 0xff, 0x80, 0x7f, 0xf4, 0xdc, 0x3,
    0xff, 0xfe, 0x1, 0xc2, 0x1, 0xff, 0xc0, 0x20,
    0xf, 0xc3, 0x40, 0x1f, 0xfc, 0xb3, 0x0, 0xff,
    0xe0, 0x8, 0x7, 0xc7, 0xea, 0xe0, 0x1f, 0xfc,
    0xa1, 0x0, 0xff, 0x84, 0x3, 0xe6, 0xc1, 0x8,
    0x10, 0xf, 0xfe, 0x42, 0x0, 0x7f, 0xf0, 0x14,
    0x3, 0xd5, 0x20, 0x1a, 0x80, 0x3f, 0xf9, 0x18,
    0x1, 0xff, 0xc0, 0x30, 0xc, 0x5a, 0xa0, 0x1c,
    0x90, 0x1, 0xff, 0xc7, 0x60, 0xf, 0xfe, 0x6,
    0x0, 0x4b, 0xa4, 0x1, 0xf3, 0xb0, 0x7, 0xff,
    0x15, 0x84, 0x3, 0xff, 0x80, 0x80, 0x8, 0xa0,
    0xf, 0xf4, 0xb8, 0x7, 0xff, 0xc, 0xe4, 0x3,
    0xff, 0x80, 0xa0, 0x1, 0x70, 0xf, 0xfe, 0x4,
    0x58, 0x80, 0x7f, 0xf0, 0x13, 0x40, 0x3f, 0xf8,
    0x3c, 0x0, 0x18, 0x0, 0xff, 0xe0, 0xa7, 0x49,
    0x0, 0x7e, 0x3a, 0xb1, 0x0, 0xff, 0xe0, 0x12,
    0x0, 0x4e, 0x40, 0x1f, 0xfc, 0x26, 0xdd, 0x54,
    0x3b, 0xa2, 0xbb, 0x14, 0x3, 0xff, 0x85, 0x0,
    0x1d, 0xc0, 0x1f, 0xfc, 0x42, 0x57, 0x88, 0x3a,
    0x88, 0x7, 0xff, 0xc, 0xd4, 0x3, 0x8e, 0x40,
    0x3f, 0xfb, 0x5c, 0x1, 0xf3, 0x30, 0x3, 0xff,
    0xb1, 0x44, 0x1, 0xfa, 0x58, 0x3, 0xff, 0xac,
    0xea, 0x1, 0xfe, 0x97, 0x0, 0xff, 0xea, 0x3c,
    0x0, 0x7f, 0xf0, 0x22, 0x84, 0x3, 0xff, 0xa3,
    0x30, 0x1, 0xff, 0xc2, 0x5f, 0x50, 0xf, 0xfe,
    0x71, 0xeb, 0x0, 0x7f, 0xf1, 0x6, 0xb1, 0x40,
    0x3f, 0xf9, 0x47, 0x78, 0x40, 0x1f, 0xfc, 0x73,
    0xad, 0x83, 0x0, 0xff, 0xe2, 0x13, 0x66, 0x10,
    0x3, 0xff, 0x96, 0x4f, 0x9d, 0x4e, 0x84, 0x22,
    0x0, 0x84, 0xd1, 0xeb, 0x75, 0x26, 0x1, 0xff,
    0xc1,

    /* U+0036 "6" */
    0x0, 0xff, 0xe4, 0x96, 0x7f, 0xff, 0xf0, 0xf4,
    0x80, 0x3f, 0xf9, 0xe9, 0x86, 0x1, 0xff, 0xc2,
    0x5d, 0x20, 0xf, 0xfe, 0x73, 0x58, 0x80, 0x7f,
    0xf0, 0xa6, 0x80, 0x3f, 0xf9, 0xf1, 0x20, 0x1f,
    0xfc, 0x21, 0xb6, 0x0, 0xff, 0xe7, 0xcb, 0x80,
    0x7f, 0xf0, 0x8b, 0x10, 0x3, 0xff, 0x9f, 0x2c,
    0x1, 0xff, 0xc2, 0x4d, 0x20, 0xf, 0xfe, 0x7c,
    0xb0, 0x7, 0xff, 0x9, 0xac, 0x3, 0xff, 0xa0,
    0xec, 0x1, 0xff, 0xc2, 0x79, 0x0, 0xff, 0xe8,
    0x2c, 0x0, 0x7f, 0xf0, 0xa6, 0x0, 0x3f, 0xfa,
    0x7, 0x40, 0x1f, 0xfc, 0x2a, 0x60, 0xf, 0xfe,
    0x80, 0xe8, 0x7, 0xff, 0xa, 0x94, 0x3, 0xff,
    0xa3, 0x42, 0x1, 0xff, 0xc1, 0xa5, 0x0, 0xff,
    0xe8, 0xba, 0x0, 0x7f, 0xf0, 0x65, 0x40, 0x3f,
    0xfa, 0x25, 0x0, 0x1f, 0xfc, 0x19, 0x60, 0xf,
    0xfe, 0x97, 0x0, 0x7f, 0xf0, 0x5d, 0x80, 0x3f,
    0xfa, 0x4e, 0x60, 0x1f, 0xfc, 0x4, 0x80, 0xf,
    0xfe, 0x90, 0xc0, 0x7, 0xff, 0x0, 0xac, 0x3,
    0xff, 0xa7, 0x60, 0x1f, 0xfc, 0x1f, 0x0, 0xff,
    0xe9, 0x9a, 0x80, 0x7f, 0xf0, 0x28, 0x80, 0x3f,
    0xfa, 0x70, 0x1, 0xff, 0xc0, 0x55, 0x0, 0x7f,
    0xf4, 0xcd, 0x0, 0x3f, 0xe1, 0xb0, 0xf, 0xfe,
    0xa4, 0x0, 0x7f, 0xf0, 0x20, 0x40, 0x3f, 0xfa,
    0x66, 0x80, 0x1f, 0xf1, 0xb0, 0x7, 0xff, 0x52,
    0x40, 0x3f, 0xf8, 0x1e, 0x1, 0xff, 0xd4, 0x15,
    0x0, 0xff, 0x90, 0xc0, 0x3f, 0xfa, 0x8c, 0x1,
    0xff, 0xc0, 0x80, 0xf, 0xe1, 0x23, 0x21, 0x0,
    0xff, 0xe3, 0xd8, 0x7, 0xfc, 0x66, 0x0, 0xe1,
    0x7b, 0xfe, 0xdc, 0xde, 0xfc, 0x94, 0x0, 0xff,
    0xe1, 0x11, 0x80, 0x7f, 0xd4, 0x1, 0x8a, 0xfa,
    0x10, 0x3, 0xe3, 0x6b, 0xe7, 0x10, 0xf, 0xf9,
    0x40, 0x3f, 0xf8, 0xe, 0x1, 0x36, 0xa0, 0x7,
    0xff, 0x4, 0x63, 0xd4, 0x3, 0xfd, 0x60, 0x1f,
    0xf2, 0x8, 0x2, 0x64, 0x1, 0xff, 0xc5, 0x1a,
    0xa0, 0x7, 0xe1, 0x30, 0xf, 0xfb, 0x80, 0x10,
    0xc0, 0x1f, 0xfc, 0x85, 0xb0, 0xf, 0x90, 0x3,
    0xff, 0x80, 0xa0, 0xae, 0x1, 0xff, 0xca, 0x4b,
    0x0, 0xf6, 0x0, 0x7f, 0xc6, 0x0, 0xb0, 0xf,
    0xfe, 0x62, 0x40, 0x7, 0x20, 0x7, 0xfc, 0xa1,
    0x2, 0x1, 0xff, 0xcd, 0x73, 0x0, 0xc4, 0x1,
    0xff, 0x60, 0x30, 0x7, 0xff, 0x3f, 0xc0, 0x23,
    0x0, 0xff, 0xe0, 0x33, 0x4, 0x3, 0xff, 0x9e,
    0x68, 0x0, 0x50, 0xf, 0xfe, 0x6, 0x48, 0x4,
    0x4f, 0x7b, 0xfe, 0xed, 0x95, 0x0, 0xff, 0xe2,
    0x78, 0x3, 0x80, 0x3f, 0xf8, 0x63, 0x3b, 0x8,
    0x40, 0x1, 0x26, 0xae, 0x50, 0xf, 0xfe, 0x12,
    0x8, 0x10, 0x7, 0xff, 0x8, 0xb1, 0x80, 0x3f,
    0xc3, 0x52, 0x1, 0xff, 0xc2, 0x70, 0x60, 0xf,
    0xfe, 0x17, 0x10, 0x7, 0xff, 0x5, 0x98, 0x1,
    0xff, 0xc1, 0xc0, 0x10, 0xf, 0xfe, 0xb, 0x98,
    0x7, 0xff, 0xe, 0x44, 0x3, 0xff, 0x80, 0x80,
    0x60, 0x1f, 0xfc, 0x19, 0x0, 0xff, 0xe2, 0xc8,
    0x7, 0xff, 0x0, 0x46, 0x0, 0xff, 0xe0, 0x20,
    0x80, 0x7f, 0xf1, 0x58, 0x3, 0xff, 0x82, 0x40,
    0x1f, 0xfc, 0x1c, 0x0, 0xff, 0xe3, 0x8, 0x80,
    0x3f, 0xf8, 0xc, 0x1, 0xff, 0xc1, 0x30, 0xf,
    0xfe, 0x3a, 0x80, 0x7f, 0xf0, 0x8, 0x3, 0xff,
    0x82, 0xe0, 0x1f, 0xfc, 0x72, 0x0, 0xff, 0xe0,
    0x78, 0x7, 0xff, 0x4, 0x40, 0x3f, 0xf8, 0xe2,
    0x1, 0xff, 0xc1, 0x10, 0xf, 0xfe, 0x1, 0x80,
    0x7f, 0xf5, 0x4, 0xc0, 0x3f, 0xfc, 0x4c, 0x1,
    0xff, 0xe1, 0x11, 0x0, 0x7f, 0xf8, 0x7c, 0x80,
    0x3f, 0xf8, 0x6, 0x1, 0xff, 0xc7, 0x10, 0xf,
    0xfe, 0x0, 0xe8, 0x7, 0xff, 0x0, 0x40, 0x3f,
    0xf8, 0xe6, 0x1, 0xff, 0xc0, 0x27, 0x0, 0xff,
    0xe0, 0x30, 0x7, 0xff, 0x1d, 0x80, 0x3f, 0xf8,
    0xc, 0x40, 0x1f, 0xfc, 0xc, 0x0, 0xff, 0xe3,
    0x98, 0x7, 0xff, 0x0, 0x81, 0x0, 0x3f, 0xe4,
    0x0, 0xff, 0xe3, 0x20, 0x7, 0xff, 0x0, 0xc0,
    0x18, 0x1, 0xff, 0x11, 0x80, 0x7f, 0xf1, 0x78,
    0x3, 0xff, 0x80, 0x80, 0x5, 0x0, 0xff, 0xe0,
    0x40, 0x7, 0xff, 0x10, 0xd4, 0x3, 0xff, 0x81,
    0x60, 0x2, 0x30, 0xf, 0xf9, 0x1c, 0x3, 0xff,
    0x87, 0xc0, 0x1f, 0xfc, 0x1, 0x30, 0xa, 0x80,
    0x3f, 0xf8, 0x11, 0x0, 0xf, 0xfe, 0x0, 0xe1,
    0x0, 0x7f, 0xf0, 0x18, 0x3, 0x30, 0x80, 0x7f,
    0xf0, 0x1f, 0x10, 0x3, 0xf0, 0xbf, 0x98, 0x7,
    0xff, 0x6, 0x40, 0x3a, 0x0, 0x3f, 0xf8, 0x27,
    0x7f, 0x70, 0xee, 0x89, 0xce, 0x81, 0x0, 0xff,
    0xe0, 0xb8, 0x80, 0x73, 0x10, 0x7, 0xff, 0xd,
    0x1e, 0x20, 0xec, 0x60, 0x1f, 0xfc, 0x31, 0x90,
    0xf, 0xb8, 0x3, 0xff, 0xb3, 0x62, 0x1, 0xf1,
    0xc0, 0x7, 0xff, 0x5d, 0x94, 0x3, 0xf9, 0xd4,
    0x3, 0xff, 0xaa, 0x92, 0x1, 0xff, 0x52, 0x80,
    0x7f, 0xf4, 0xd6, 0xc0, 0x3f, 0xf8, 0x34, 0xe0,
    0x1f, 0xfd, 0x17, 0xa0, 0xf, 0xfe, 0x1c, 0x58,
    0x80, 0x7f, 0xf3, 0x4a, 0xe0, 0x3, 0xff, 0x8a,
    0x9d, 0x2, 0x1, 0xff, 0xc9, 0x18, 0xd4, 0x0,
    0xff, 0xe4, 0x3f, 0x52, 0x0, 0x7f, 0xf1, 0x56,
    0xb9, 0xc0, 0x3f, 0xf9, 0x8b, 0x7f, 0x70, 0xa6,
    0x22, 0x0, 0x84, 0x91, 0xa7, 0x3e, 0x94, 0x3,
    0xff, 0x82,

    /* U+0037 "7" */
    0x68, 0x8f, 0xfe, 0xfd, 0x3b, 0xff, 0xf7, 0xc0,
    0x3f, 0xff, 0xe0, 0x1f, 0xff, 0xf0, 0xf, 0xff,
    0xf8, 0x7, 0xff, 0xfc, 0x3, 0xff, 0xfe, 0x1,
    0xff, 0xd3, 0x4f, 0xff, 0xfe, 0x44, 0x80, 0x7f,
    0xc2, 0x1, 0xff, 0xd3, 0xa0, 0xf, 0xf9, 0xc0,
    0x3f, 0xfa, 0x42, 0x60, 0x1f, 0xf5, 0x0, 0x7f,
    0xf4, 0x98, 0x3, 0xfe, 0x23, 0x0, 0xff, 0xe9,
    0x50, 0x7, 0xfc, 0xa0, 0x1f, 0xfd, 0x23, 0x20,
    0xf, 0xfa, 0x80, 0x3f, 0xfa, 0x54, 0x1, 0xff,
    0x11, 0x0, 0x3f, 0xfa, 0x4e, 0x1, 0xff, 0x50,
    0x7, 0xff, 0x49, 0x4, 0x3, 0xfe, 0x50, 0xf,
    0xfe, 0x97, 0x0, 0x7f, 0xc6, 0x40, 0x1f, 0xfd,
    0x25, 0x0, 0xff, 0xa8, 0x3, 0xff, 0xa4, 0xc0,
    0x1f, 0xfc, 0x7, 0x0, 0xa9, 0xdf, 0xfb, 0x80,
    0x3f, 0xf8, 0x9a, 0x1, 0xff, 0x20, 0x80, 0x4d,
    0x11, 0xfc, 0xa0, 0x1f, 0xfc, 0x31, 0x40, 0xf,
    0xfb, 0x40, 0x3f, 0xfa, 0x4c, 0x1, 0xff, 0xc0,
    0x60, 0xf, 0xfe, 0x95, 0x0, 0x7f, 0xca, 0x1,
    0xff, 0xd2, 0x32, 0x0, 0xff, 0xbc, 0x3, 0xff,
    0xa5, 0x40, 0x1f, 0xfc, 0x5, 0x0, 0xff, 0xe9,
    0x38, 0x7, 0xfc, 0xa0, 0x1f, 0xfd, 0x24, 0x10,
    0xf, 0xfb, 0x80, 0x3f, 0xfa, 0x5c, 0x1, 0xff,
    0xa, 0x0, 0x7f, 0xf4, 0x94, 0x3, 0xfe, 0x70,
    0xf, 0xfe, 0x93, 0x0, 0x7f, 0xf0, 0x28, 0x3,
    0xff, 0xa5, 0xa0, 0x1f, 0xf1, 0x18, 0x7, 0xff,
    0x44, 0x50, 0x3, 0xfe, 0x50, 0xf, 0xfe, 0x93,
    0x0, 0x7f, 0xf0, 0x28, 0x3, 0xff, 0xa5, 0x40,
    0x1f, 0xf1, 0x10, 0x3, 0xff, 0xa2, 0x64, 0x1,
    0xff, 0x50, 0x7, 0xff, 0x4a, 0xc0, 0x3f, 0xf8,
    0xa, 0x1, 0xff, 0xd2, 0x60, 0xf, 0xf8, 0xc8,
    0x3, 0xff, 0xa2, 0x82, 0x1, 0xff, 0x50, 0x7,
    0xff, 0x4b, 0x80, 0x3f, 0xf8, 0xe, 0x1, 0xff,
    0xd2, 0x50, 0xf, 0xf9, 0x4, 0x3, 0xff, 0xa2,
    0xc0, 0x1f, 0xfc, 0xe, 0x0, 0xff, 0xe9, 0x68,
    0x7, 0xff, 0x1, 0x40, 0x3f, 0xfa, 0x22, 0x80,
    0x1f, 0xf2, 0x80, 0x7f, 0xf4, 0x98, 0x3, 0xff,
    0x81, 0xe0, 0x1f, 0xfd, 0x2a, 0x0, 0xff, 0xe0,
    0x28, 0x7, 0xff, 0x44, 0xc8, 0x3, 0xfe, 0x60,
    0xf, 0xfe, 0x95, 0x80, 0x7f, 0xf0, 0x34, 0x3,
    0xff, 0xa4, 0xc0, 0x1f, 0xf0, 0xa0, 0x7, 0xff,
    0x45, 0x4, 0x3, 0xfe, 0x70, 0xf, 0xfe, 0x97,
    0x0, 0x7f, 0xf0, 0x28, 0x3, 0xff, 0xa4, 0xa0,
    0x1f, 0xf1, 0x18, 0x7, 0xff, 0x45, 0x40, 0x3f,
    0xf8, 0xa, 0x1, 0xff, 0xd2, 0xe0, 0xf, 0xfe,
    0x5, 0x0, 0x7f, 0xf4, 0x45, 0x0, 0x3f, 0xe2,
    0x20, 0x7, 0xff, 0x45, 0x80, 0x3f, 0xf8, 0x14,
    0x1, 0xff, 0xd2, 0xa0, 0xf, 0xfe, 0x3, 0x0,
    0x7f, 0xf4, 0x4c, 0x80, 0x3f, 0xe3, 0x10, 0xf,
    0xfe, 0x8d, 0x80, 0x7f, 0xf0, 0x28, 0x3, 0xff,
    0xa4, 0xc0, 0x1f, 0xfc, 0x7, 0x0, 0xff, 0xe8,
    0xa0, 0x80, 0x7f, 0xc8, 0x20, 0x1f, 0xfd, 0x1e,
    0x0, 0xff, 0xe0, 0x70, 0x7, 0xff, 0x49, 0x40,
    0x3f, 0xf8, 0xa, 0x1, 0xff, 0xd1, 0x50, 0xf,
    0xfe, 0x2, 0x80, 0x7f, 0xf4, 0xb8, 0x3, 0xff,
    0x81, 0xe0, 0x1f, 0xfd, 0x11, 0x40, 0xf, 0xfe,
    0x2, 0x80, 0x7f, 0xf4, 0x58, 0x3, 0xff, 0x80,
    0xc0, 0x1f, 0xfd, 0x2a, 0x0, 0xff, 0xe0, 0x68,
    0x7, 0xff, 0x20,

    /* U+0038 "8" */
    0x0, 0xff, 0xe2, 0x23, 0xcd, 0xef, 0x7f, 0xee,
    0xdb, 0x97, 0x40, 0xf, 0xfe, 0x80, 0xb6, 0x7d,
    0xc3, 0x21, 0x8, 0x6, 0x12, 0x46, 0x8b, 0xfc,
    0x61, 0x0, 0xff, 0xe5, 0xc, 0xf4, 0x98, 0x7,
    0xff, 0x18, 0xe7, 0xa4, 0x40, 0x3f, 0xf8, 0xed,
    0xcc, 0x1, 0xff, 0xcc, 0x6e, 0x60, 0xf, 0xfe,
    0x2d, 0x48, 0x7, 0xff, 0x42, 0x68, 0x3, 0xff,
    0x87, 0x6a, 0x1, 0xff, 0xd2, 0x5b, 0x0, 0xff,
    0xe0, 0xca, 0x0, 0x7f, 0xf5, 0x12, 0x40, 0x3f,
    0xe5, 0x60, 0xf, 0xfe, 0xb3, 0x28, 0x7, 0xfa,
    0xc0, 0x3f, 0xfb, 0x16, 0x1, 0xfc, 0xe2, 0x1,
    0xff, 0xd8, 0x17, 0x0, 0xfd, 0x20, 0x1f, 0xfc,
    0x24, 0x9d, 0xff, 0xdb, 0x28, 0x1, 0xff, 0xc2,
    0x90, 0xf, 0x90, 0x40, 0x3f, 0xf8, 0x5, 0xb6,
    0xc4, 0x1, 0x89, 0xaf, 0x48, 0x3, 0xff, 0x80,
    0x26, 0x1, 0xec, 0x0, 0xff, 0xe0, 0x1e, 0x90,
    0x7, 0xf8, 0xb4, 0xc0, 0x3f, 0xf8, 0x16, 0x1,
    0xe4, 0x0, 0xff, 0x87, 0x40, 0x3f, 0xf8, 0x5a,
    0x20, 0x1f, 0xf2, 0x0, 0x78, 0x80, 0x3f, 0xe9,
    0x10, 0xf, 0xfe, 0x10, 0xc8, 0x7, 0xfc, 0x40,
    0x1e, 0x10, 0xf, 0xf9, 0xc0, 0x3f, 0xf8, 0x8e,
    0x1, 0xff, 0x8, 0x7, 0x10, 0x7, 0xfc, 0x60,
    0x1f, 0xfc, 0x63, 0x0, 0xff, 0x88, 0x3, 0xff,
    0x88, 0xa0, 0x1f, 0xfc, 0x65, 0x0, 0xff, 0xe8,
    0x8, 0x7, 0xff, 0x18, 0x40, 0x3f, 0xfd, 0xe6,
    0x1, 0x8c, 0x3, 0xff, 0xc6, 0x20, 0x1f, 0xfd,
    0xe1, 0x0, 0xe3, 0x0, 0xff, 0x8, 0x7, 0xff,
    0x18, 0x40, 0x3f, 0xc6, 0x1, 0xe5, 0x0, 0xff,
    0x18, 0x7, 0xff, 0x18, 0x80, 0x3f, 0xca, 0x1,
    0xec, 0x0, 0xff, 0x20, 0x7, 0xff, 0x19, 0x40,
    0x3f, 0xd8, 0x1, 0xe5, 0x10, 0xf, 0xe1, 0x30,
    0xf, 0xfe, 0x22, 0x8, 0x7, 0xf0, 0xa8, 0x7,
    0xce, 0x1, 0xfe, 0x80, 0xf, 0xfe, 0x27, 0x80,
    0x7f, 0x9c, 0x3, 0xf4, 0x0, 0x7f, 0x91, 0x80,
    0x3f, 0xf8, 0x4e, 0x80, 0x1f, 0xe8, 0x0, 0xfc,
    0x30, 0x1, 0xfe, 0x97, 0x0, 0xff, 0xe0, 0x3c,
    0x0, 0x7f, 0xa0, 0x40, 0x3f, 0x9d, 0x40, 0x3f,
    0xd1, 0x68, 0x1, 0xf9, 0x2e, 0x0, 0x3f, 0xca,
    0xe0, 0x1f, 0xf5, 0x18, 0x7, 0xf9, 0x2f, 0xee,
    0x62, 0x13, 0x7f, 0x68, 0x1, 0xfe, 0x3a, 0x0,
    0xff, 0xe0, 0xe2, 0x80, 0x7f, 0xf0, 0x11, 0x9d,
    0xcc, 0x80, 0x1f, 0xfc, 0x5, 0xc0, 0xf, 0xfe,
    0x1d, 0x48, 0x80, 0x7f, 0xf3, 0x86, 0x68, 0x3,
    0xff, 0x8a, 0xde, 0xe4, 0x1, 0xff, 0xca, 0x27,
    0xf6, 0x0, 0xff, 0xe3, 0x8c, 0x6b, 0x0, 0x7f,
    0xf2, 0x1b, 0x60, 0x40, 0x3f, 0xf9, 0x42, 0x60,
    0x1f, 0xfc, 0x83, 0x10, 0xf, 0xfe, 0x53, 0xe7,
    0x28, 0x7, 0xff, 0x21, 0x7b, 0x1c, 0x3, 0xff,
    0x8d, 0x1f, 0x6, 0x1, 0xff, 0xcc, 0x38, 0xe8,
    0x0, 0xff, 0xe1, 0x16, 0xb8, 0x7, 0xff, 0x44,
    0x5f, 0x48, 0x3, 0xfe, 0x4d, 0x20, 0xf, 0xfe,
    0xa1, 0x69, 0x80, 0x7f, 0x1d, 0x80, 0x7f, 0xf0,
    0x52, 0x73, 0xbf, 0xdd, 0x90, 0x80, 0x1f, 0xfc,
    0x1c, 0x30, 0xf, 0x87, 0x40, 0x3f, 0xf8, 0x9,
    0xb6, 0xc6, 0x20, 0x1, 0x37, 0xbd, 0x40, 0xf,
    0xfe, 0x6, 0x88, 0x7, 0xac, 0x40, 0x3f, 0xe7,
    0xb2, 0x0, 0xff, 0x15, 0xb8, 0x7, 0xfc, 0x36,
    0x1, 0xc6, 0xa0, 0x1f, 0xf2, 0xc0, 0x7, 0xff,
    0xa, 0x14, 0x3, 0xfe, 0x53, 0x0, 0xd2, 0x1,
    0xff, 0xc0, 0xb0, 0xf, 0xfe, 0x25, 0x80, 0x7f,
    0xf0, 0x24, 0x2, 0x15, 0x0, 0xff, 0x9c, 0x40,
    0x3f, 0xf8, 0x82, 0xc0, 0x1f, 0xf2, 0x88, 0x1,
    0x0, 0x3f, 0xf8, 0x18, 0x1, 0xff, 0xc6, 0xd0,
    0xf, 0xfe, 0x2, 0x0, 0x30, 0x3, 0xff, 0x80,
    0x80, 0x1f, 0xfc, 0x64, 0x0, 0xff, 0xe0, 0x68,
    0x1, 0x40, 0x3f, 0xe1, 0x0, 0xff, 0xe4, 0x8,
    0x7, 0xfc, 0x80, 0x2, 0x0, 0xff, 0x8c, 0x3,
    0xff, 0x90, 0x60, 0x1f, 0xf1, 0x0, 0x4, 0x3,
    0xfe, 0x10, 0xf, 0xfe, 0x40, 0x80, 0x7f, 0xc2,
    0x1, 0xff, 0xe5, 0x10, 0xf, 0xff, 0x10, 0x88,
    0x3, 0xff, 0x80, 0x20, 0x1f, 0xfc, 0x81, 0x0,
    0xff, 0xe0, 0x8, 0x7, 0xff, 0x4, 0xc0, 0x3f,
    0xf9, 0x6, 0x1, 0xff, 0xc2, 0x10, 0xf, 0xf8,
    0x40, 0x3f, 0xf9, 0x2, 0x1, 0xff, 0x8, 0x0,
    0x80, 0x3f, 0xf8, 0x6, 0x1, 0xff, 0xc6, 0x30,
    0xf, 0xfe, 0x1, 0x0, 0x14, 0x3, 0xff, 0x81,
    0x60, 0x1f, 0xfc, 0x6b, 0x0, 0xff, 0xe0, 0x28,
    0x3, 0xc0, 0x3f, 0xf8, 0xc, 0x1, 0xff, 0xc6,
    0x70, 0xf, 0xfe, 0x7, 0x80, 0x10, 0x3, 0xff,
    0x80, 0x32, 0x1, 0xff, 0xc4, 0x90, 0xf, 0xfe,
    0xb, 0x80, 0x8, 0xc0, 0x3f, 0xf8, 0xc, 0xe0,
    0x1f, 0xfc, 0x27, 0x60, 0xf, 0xfe, 0x1, 0x88,
    0x5, 0x40, 0x1f, 0xfc, 0x18, 0xa1, 0x0, 0xff,
    0xd, 0x40, 0x7, 0xff, 0x6, 0x80, 0x33, 0x8,
    0x7, 0xff, 0x5, 0x7a, 0x94, 0x80, 0x31, 0x2d,
    0x72, 0x80, 0x7f, 0xf0, 0x45, 0x80, 0x3a, 0x0,
    0x3f, 0xf8, 0x6b, 0x5b, 0xff, 0xb6, 0x94, 0x3,
    0xff, 0x87, 0x0, 0x1e, 0x63, 0x0, 0xff, 0xed,
    0x1b, 0x0, 0x7d, 0xc2, 0x1, 0xff, 0xd8, 0x1e,
    0x0, 0xfc, 0x54, 0x1, 0xff, 0xd8, 0xa2, 0x0,
    0xfe, 0x4b, 0x0, 0xff, 0xeb, 0x5a, 0x0, 0x7f,
    0xc9, 0x82, 0x1, 0xff, 0xd2, 0x1c, 0x40, 0xf,
    0xfe, 0x9, 0xf3, 0x0, 0x7f, 0xf4, 0x1b, 0x8c,
    0x3, 0xff, 0x89, 0x3a, 0xa0, 0x1f, 0xfc, 0xc5,
    0xd9, 0x0, 0xff, 0xe3, 0x95, 0x74, 0x18, 0x7,
    0xff, 0x18, 0xe3, 0xa8, 0x80, 0x3f, 0xf9, 0x42,
    0xf9, 0xf7, 0xa, 0x84, 0x20, 0x18, 0x49, 0x16,
    0x2f, 0xf1, 0xc4, 0x3, 0xff, 0x80,

    /* U+0039 "9" */
    0x0, 0xff, 0xe2, 0x1b, 0x4d, 0xef, 0x7f, 0xdd,
    0xcc, 0xa7, 0x40, 0xf, 0xfe, 0x8a, 0xd7, 0xe4,
    0xb2, 0x10, 0x80, 0x42, 0x23, 0x58, 0xbf, 0xb6,
    0x0, 0xff, 0xe6, 0x3f, 0x52, 0x80, 0x7f, 0xf1,
    0x52, 0x79, 0xc0, 0x3f, 0xf9, 0x9, 0xb0, 0x20,
    0x1f, 0xfc, 0x91, 0x8e, 0x40, 0xf, 0xfe, 0x2c,
    0x59, 0x0, 0x7f, 0xf3, 0x46, 0xe4, 0x3, 0xff,
    0x87, 0x6e, 0x1, 0xff, 0xd1, 0x6b, 0x0, 0xff,
    0xe0, 0xda, 0x0, 0x7f, 0xf4, 0xd2, 0x80, 0x3f,
    0xe9, 0x40, 0xf, 0xfe, 0xaa, 0xc0, 0x7, 0xf2,
    0xb0, 0x7, 0xff, 0x5d, 0xd0, 0x3, 0xe1, 0xb0,
    0xf, 0xfe, 0xcc, 0x80, 0x7d, 0x2, 0x1, 0xff,
    0xc3, 0x36, 0x78, 0x83, 0xa0, 0x7, 0xff, 0xc,
    0x9c, 0x3, 0x89, 0x80, 0x3f, 0xf8, 0x23, 0x1d,
    0x93, 0xe, 0xe8, 0xbf, 0xb3, 0x0, 0xff, 0xe0,
    0xc8, 0x7, 0x50, 0x7, 0xff, 0x4, 0xfd, 0xc4,
    0x3, 0xf2, 0x64, 0x0, 0x7f, 0xf0, 0x5, 0x80,
    0x33, 0x0, 0x7f, 0xf0, 0xb, 0x4, 0x3, 0xff,
    0x80, 0xf0, 0x1, 0xff, 0xc0, 0xb0, 0x9, 0x4,
    0x3, 0xff, 0x81, 0xe0, 0x1f, 0xfc, 0x37, 0x40,
    0xf, 0xf8, 0x88, 0x0, 0xc0, 0xf, 0xfe, 0x2,
    0x90, 0x7, 0xff, 0x12, 0x0, 0x3f, 0xf8, 0xa,
    0x0, 0x40, 0xf, 0xfe, 0x4, 0x80, 0x7f, 0xf1,
    0x4c, 0x80, 0x3f, 0xec, 0x0, 0x18, 0x7, 0xff,
    0x0, 0xc0, 0x3f, 0xf8, 0xc8, 0x1, 0xff, 0x20,
    0x10, 0x7, 0xff, 0x0, 0xc0, 0x3f, 0xf8, 0xf8,
    0x1, 0xff, 0xc0, 0x37, 0x0, 0xff, 0xe0, 0x28,
    0x7, 0xff, 0x1d, 0x80, 0x3f, 0xf8, 0xc, 0x60,
    0x1f, 0xfd, 0x41, 0x0, 0xff, 0xe0, 0x6f, 0x0,
    0x7f, 0xf0, 0x4, 0x3, 0xff, 0x8e, 0x60, 0x1f,
    0xfc, 0x2, 0x0, 0xff, 0xf1, 0x30, 0x80, 0x7f,
    0xf8, 0x44, 0x3, 0xff, 0xc4, 0x62, 0x1, 0xff,
    0xd4, 0x30, 0xf, 0xfe, 0x0, 0x80, 0x7f, 0xf0,
    0x44, 0x3, 0xff, 0x8e, 0x20, 0x1f, 0xfc, 0x1f,
    0x0, 0xff, 0xe0, 0x10, 0x7, 0xff, 0x1d, 0x80,
    0x3f, 0xf8, 0x24, 0x1, 0xff, 0xc0, 0x50, 0xf,
    0xfe, 0x3e, 0x80, 0x7f, 0xf0, 0x58, 0x3, 0xff,
    0x80, 0x24, 0x1, 0xff, 0xc6, 0x40, 0xf, 0xfe,
    0x0, 0x98, 0x7, 0xff, 0x6, 0x80, 0x3f, 0xf8,
    0xa4, 0x60, 0x1f, 0xfc, 0x22, 0x0, 0xff, 0xe0,
    0x30, 0x80, 0x7f, 0xf1, 0x2c, 0x3, 0xff, 0x82,
    0x60, 0xe0, 0x1f, 0xfc, 0x1, 0xa0, 0xf, 0xfe,
    0x1a, 0x30, 0x7, 0xff, 0x5, 0x83, 0xc0, 0x3f,
    0xf8, 0x29, 0x20, 0x1f, 0xfc, 0x14, 0xb0, 0xf,
    0xfe, 0x10, 0x82, 0x80, 0x7f, 0xf0, 0x9b, 0x10,
    0x3, 0xf8, 0x66, 0xc0, 0x3f, 0xf8, 0x7a, 0x0,
    0x50, 0xf, 0xfe, 0x11, 0xde, 0xca, 0xa1, 0xa2,
    0xbd, 0xf3, 0x0, 0x42, 0x1, 0xff, 0xc0, 0x20,
    0x4, 0x80, 0x7f, 0xf1, 0x9, 0xaa, 0xf2, 0xea,
    0x10, 0x3, 0x5e, 0x0, 0x7f, 0xf0, 0x1c, 0x0,
    0x68, 0x1, 0xff, 0xcf, 0x24, 0x40, 0x7, 0xff,
    0x0, 0x80, 0x29, 0x0, 0xff, 0xe7, 0xd8, 0x60,
    0x7, 0xfc, 0x80, 0x18, 0xa4, 0x3, 0xff, 0x9a,
    0x6c, 0xe, 0x1, 0xff, 0x18, 0x7, 0x33, 0x0,
    0x3f, 0xf9, 0x9e, 0x2, 0x40, 0x1f, 0xf6, 0x0,
    0x7a, 0x58, 0x3, 0xff, 0x95, 0x46, 0xc, 0x1,
    0xff, 0xc0, 0x40, 0xf, 0xa6, 0x0, 0x3f, 0xf9,
    0x14, 0xa0, 0xb, 0x0, 0xff, 0x90, 0x3, 0xf9,
    0xf0, 0xc0, 0x3f, 0xf8, 0x85, 0x8a, 0x0, 0x23,
    0x0, 0xff, 0xb4, 0x3, 0xfc, 0x79, 0x48, 0x1,
    0xff, 0xc0, 0x18, 0xd3, 0x0, 0xa8, 0x3, 0xff,
    0x80, 0xe0, 0x1f, 0xfc, 0x5, 0xbe, 0x96, 0x31,
    0x0, 0x84, 0xde, 0xf9, 0xc0, 0x39, 0x80, 0x3f,
    0xe4, 0x10, 0xf, 0xfe, 0x10, 0xb4, 0xe7, 0x7f,
    0xdd, 0x90, 0x80, 0x1e, 0x61, 0x0, 0xff, 0xb8,
    0x3, 0xff, 0xab, 0x60, 0x1f, 0xf0, 0xa8, 0x7,
    0xff, 0x51, 0x88, 0x3, 0xfe, 0x90, 0xf, 0xfe,
    0xac, 0x0, 0x7f, 0xf0, 0x18, 0x3, 0xff, 0xa9,
    0x22, 0x1, 0xff, 0x30, 0x80, 0x7f, 0xf4, 0xcd,
    0x80, 0x3f, 0xf8, 0x10, 0x1, 0xff, 0xd4, 0xe0,
    0xf, 0xfe, 0x3, 0x88, 0x7, 0xff, 0x4e, 0x48,
    0x3, 0xfe, 0x19, 0x0, 0xff, 0xe9, 0xb3, 0x0,
    0x3f, 0xf8, 0x12, 0x20, 0x1f, 0xfd, 0x23, 0x90,
    0xf, 0xfe, 0x1, 0x38, 0x7, 0xff, 0x48, 0x74,
    0x3, 0xff, 0x83, 0xc0, 0x1f, 0xfd, 0x3c, 0x10,
    0xf, 0xfe, 0x3, 0x18, 0x7, 0xff, 0x4b, 0x8,
    0x3, 0xff, 0x80, 0x52, 0x1, 0xff, 0xd2, 0xb3,
    0x0, 0xff, 0xe0, 0xf8, 0x7, 0xff, 0x4a, 0xd0,
    0x3, 0xff, 0x83, 0x24, 0x1, 0xff, 0xd1, 0xb4,
    0x0, 0xff, 0xe0, 0xab, 0x0, 0x7f, 0xf4, 0x7,
    0x10, 0x3, 0xff, 0x82, 0x74, 0x1, 0xff, 0xd0,
    0x1c, 0x30, 0xf, 0xfe, 0x9, 0x68, 0x7, 0xff,
    0x40, 0xbc, 0x80, 0x3f, 0xf8, 0x23, 0xe2, 0x1,
    0xff, 0xcf, 0x4d, 0x10, 0xf, 0xfe, 0x16, 0x90,
    0x7, 0xff, 0x3d, 0xac, 0x3, 0xff, 0x84, 0x38,
    0x60, 0x1f, 0xfc, 0xf9, 0x90, 0x7, 0xff, 0x8,
    0x74, 0xc0, 0x3f, 0xf9, 0xc3, 0x6c, 0x1, 0xff,
    0xc2, 0x2c, 0x30, 0xf, 0xfe, 0x71, 0x62, 0x0,
    0x7f, 0xf0, 0x8f, 0x8, 0x3, 0xff, 0x9c, 0xba,
    0x40, 0x1f, 0xfc, 0x26, 0xc1, 0x0, 0xff, 0xe7,
    0x11, 0x1d, 0xff, 0xf8, 0x77, 0x20, 0x1f, 0xfc,
    0x90,

    /* U+003A ":" */
    0x0, 0xc6, 0xf5, 0x76, 0xa8, 0x40, 0xf, 0xd,
    0xe4, 0x2a, 0x21, 0x5e, 0xf4, 0xc0, 0x21, 0xf4,
    0x0, 0xfc, 0x58, 0x60, 0xb, 0x10, 0xf, 0xfb,
    0x80, 0x54, 0x3, 0xff, 0x80, 0x46, 0xa0, 0x1f,
    0xfc, 0x24, 0x20, 0xf, 0xfe, 0x17, 0x80, 0x7f,
    0xf0, 0xc4, 0x3, 0xff, 0xa8, 0x60, 0x1f, 0xfc,
    0x2e, 0x40, 0xf, 0xfe, 0x11, 0x89, 0x80, 0x7f,
    0xf0, 0x5, 0x3, 0xc0, 0x3f, 0xf8, 0x16, 0x0,
    0x3b, 0x10, 0xf, 0xe9, 0x50, 0x9, 0x3a, 0x50,
    0x40, 0x2, 0x6f, 0xcc, 0x1, 0xe6, 0xbe, 0xff,
    0x76, 0x40, 0x80, 0x7f, 0xff, 0xc0, 0x3f, 0xff,
    0xe0, 0x1f, 0xff, 0xf0, 0xf, 0xff, 0xf8, 0x7,
    0xff, 0xbc, 0xde, 0xae, 0xd5, 0x8, 0x1, 0xe1,
    0xbc, 0x85, 0x44, 0x2b, 0xde, 0x98, 0x4, 0x3e,
    0x80, 0x1f, 0x8b, 0xc, 0x1, 0x62, 0x1, 0xff,
    0x70, 0xa, 0x80, 0x7f, 0xf0, 0x8, 0xd4, 0x3,
    0xff, 0x84, 0x84, 0x1, 0xff, 0xc2, 0xf0, 0xf,
    0xfe, 0x18, 0x80, 0x7f, 0xf5, 0xc, 0x3, 0xff,
    0x85, 0xc8, 0x1, 0xff, 0xc2, 0x31, 0x30, 0xf,
    0xfe, 0x0, 0xa0, 0x78, 0x7, 0xff, 0x2, 0xc0,
    0x7, 0x62, 0x1, 0xfd, 0x2a, 0x1, 0x27, 0x4a,
    0x8, 0x0, 0x4d, 0xf9, 0x80, 0x0,

    /* U+003B ";" */
    0x0, 0xf8, 0xde, 0xae, 0xd5, 0x8, 0x1, 0xfc,
    0x37, 0x90, 0xa8, 0x85, 0x7b, 0xd3, 0x0, 0xf0,
    0xfa, 0x0, 0x7e, 0x2c, 0x30, 0xe, 0xb1, 0x0,
    0xff, 0xb8, 0x3, 0xa, 0x80, 0x7f, 0xf0, 0x8,
    0xc0, 0x25, 0x0, 0xff, 0xe1, 0x20, 0x4, 0x40,
    0x1f, 0xfc, 0x2f, 0x0, 0xff, 0xe3, 0x8, 0x7,
    0xff, 0x74, 0xc0, 0x3f, 0xf8, 0x5c, 0x1, 0x20,
    0x7, 0xff, 0x8, 0xc0, 0x21, 0x30, 0xf, 0xfe,
    0x0, 0xa0, 0x6, 0xf0, 0xf, 0xfe, 0x5, 0x80,
    0x71, 0xd8, 0x80, 0x7f, 0x4a, 0x80, 0x79, 0x3a,
    0x50, 0x40, 0x2, 0x6f, 0xcc, 0x1, 0xfc, 0xd7,
    0xdf, 0xee, 0xc8, 0x10, 0xf, 0xff, 0xf8, 0x7,
    0xff, 0xfc, 0x3, 0xff, 0xfe, 0x1, 0xff, 0xff,
    0x0, 0xff, 0xff, 0x80, 0x7f, 0xfa, 0x56, 0xb3,
    0xb9, 0xb4, 0xc0, 0x1f, 0xc7, 0xb4, 0xa6, 0x22,
    0x25, 0x9e, 0x50, 0xf, 0x16, 0x10, 0x7, 0xe1,
    0xa4, 0x0, 0xe9, 0x0, 0xff, 0xe0, 0x48, 0x6,
    0x14, 0x0, 0xff, 0xe0, 0x12, 0x0, 0x4a, 0x1,
    0xff, 0xc2, 0x30, 0x8, 0x80, 0x3f, 0xf8, 0x5c,
    0x1, 0xff, 0xf0, 0x20, 0xf, 0xfe, 0x10, 0x80,
    0x4a, 0x1, 0xff, 0xc2, 0xf0, 0x8, 0x54, 0x3,
    0xff, 0x82, 0x40, 0x1a, 0xc4, 0x3, 0xff, 0x80,
    0xe0, 0x18, 0x71, 0x0, 0x3f, 0xe2, 0x0, 0xe2,
    0xbc, 0x80, 0xf, 0xc8, 0x1, 0xf8, 0xd8, 0x3,
    0xf6, 0x80, 0x7f, 0x30, 0x7, 0xe7, 0x0, 0xfe,
    0xa0, 0xf, 0x90, 0x40, 0x3f, 0x21, 0x0, 0x7d,
    0xe0, 0x1f, 0xd0, 0x1, 0xf1, 0x20, 0x7, 0xe5,
    0x30, 0xf, 0xa4, 0x3, 0xfa, 0x0, 0x3e, 0x34,
    0x0, 0xfd, 0x4, 0x1, 0xf7, 0x0, 0x7e, 0x47,
    0x0, 0xfa, 0x48, 0x3, 0xe2, 0xa0, 0xf, 0x95,
    0x80, 0x3e, 0x1f, 0x10, 0xf, 0x25, 0x0, 0x7e,
    0xd2, 0x0, 0xf2, 0x58, 0x7, 0xeb, 0x30, 0xf,
    0x2d, 0x80, 0x7e,

    /* U+003C "<" */
    0x0, 0xff, 0xec, 0x8, 0x80, 0x3f, 0xfa, 0xeb,
    0xc4, 0x1, 0xff, 0xd5, 0x1a, 0xa0, 0x7, 0xff,
    0x59, 0x3d, 0x40, 0x3f, 0xfa, 0xd1, 0x62, 0x1,
    0xff, 0xd5, 0x2c, 0x70, 0xf, 0xfe, 0xb3, 0x69,
    0x80, 0x7f, 0xf5, 0x46, 0xe4, 0x3, 0xff, 0xac,
    0x9e, 0x80, 0x1f, 0xfd, 0x69, 0xb1, 0x0, 0xff,
    0xea, 0x9e, 0xb0, 0x7, 0xff, 0x59, 0xf0, 0x80,
    0x3f, 0xfa, 0xa5, 0x90, 0x1, 0xff, 0xd6, 0x5d,
    0x30, 0xf, 0xfe, 0x18, 0x90, 0x7, 0xff, 0x10,
    0x6a, 0x80, 0x1f, 0xfc, 0x45, 0xf1, 0x0, 0xff,
    0xe1, 0xa7, 0xa8, 0x7, 0xff, 0xc, 0x6a, 0x82,
    0x1, 0xff, 0xc3, 0x8b, 0x10, 0xf, 0xfe, 0x1a,
    0xfa, 0x80, 0x7f, 0xf0, 0xcb, 0x5c, 0x3, 0xff,
    0x86, 0x35, 0x41, 0x0, 0xff, 0xe1, 0xb6, 0x90,
    0x7, 0xff, 0xd, 0x3d, 0x40, 0x3f, 0xf8, 0x63,
    0x72, 0x1, 0xff, 0xc4, 0x9b, 0x10, 0xf, 0xfe,
    0x1a, 0x7a, 0x0, 0x7f, 0xf0, 0xd3, 0x98, 0x3,
    0xff, 0x89, 0x36, 0x20, 0x1f, 0xfc, 0x39, 0xb1,
    0x0, 0xff, 0xe1, 0x9e, 0xb0, 0x7, 0xff, 0xc,
    0xf5, 0x80, 0x3f, 0xf8, 0x8f, 0x84, 0x1, 0xff,
    0xc3, 0x8c, 0x20, 0xf, 0xfe, 0x19, 0x64, 0x0,
    0x7f, 0xf0, 0xcf, 0x5c, 0x3, 0xff, 0x88, 0xba,
    0x60, 0x1f, 0xfc, 0x38, 0xc2, 0x0, 0xff, 0xe2,
    0x1d, 0x0, 0x7f, 0xf0, 0xcf, 0x5c, 0x3, 0xff,
    0xac, 0xf8, 0x40, 0x1f, 0xfd, 0x52, 0xc8, 0x0,
    0xff, 0xeb, 0x3e, 0x98, 0x7, 0xff, 0x5e, 0x0,
    0x3f, 0xfb, 0x2c, 0x1, 0xff, 0xd9, 0x9b, 0x10,
    0xf, 0xfe, 0xc2, 0x7a, 0x80, 0x7f, 0xf6, 0x6,
    0xac, 0x40, 0x3f, 0xf8, 0xe6, 0xe0, 0x1f, 0xfc,
    0x34, 0xf5, 0x0, 0xff, 0xe3, 0xc6, 0x8, 0x7,
    0xff, 0x8, 0x6a, 0x82, 0x1, 0xff, 0xc6, 0x3e,
    0x50, 0xf, 0xfe, 0x1a, 0xfa, 0x80, 0x7f, 0xf1,
    0xea, 0x82, 0x1, 0xff, 0xc2, 0x1a, 0xa0, 0x80,
    0x7f, 0xf1, 0x97, 0xd0, 0x3, 0xff, 0x86, 0xbe,
    0x80, 0x1f, 0xfc, 0x61, 0xb8, 0x0, 0xff, 0xe1,
    0x8d, 0xd0, 0x80, 0x7f, 0xf1, 0x9f, 0x48, 0x3,
    0xff, 0x86, 0xbe, 0x80, 0x1f, 0xfc, 0x62, 0xd7,
    0x0, 0xff, 0xe1, 0x8d, 0xc8, 0x7, 0xff, 0x1e,
    0x2c, 0x40, 0x3f, 0xf8, 0x6d, 0xc8, 0x1, 0xff,
    0xc6, 0x4f, 0x50, 0xf, 0xfe, 0x18, 0xdc, 0x80,
    0x7f, 0xf1, 0x86, 0xa8, 0x1, 0xff, 0xc4, 0x6e,
    0x40, 0xf, 0xfe, 0x32, 0xf1, 0x80, 0x7f, 0xf0,
    0xc6, 0xe4, 0x3, 0xff, 0x8c, 0x39, 0x0, 0x1f,
    0xfc, 0x46, 0xd1, 0x0, 0xff, 0xe3, 0x3e, 0x10,
    0x7, 0xff, 0xc, 0x88, 0x1, 0xff, 0xc7, 0x3d,
    0x60, 0xf, 0xfe, 0xcc, 0xd8, 0x80, 0x7f, 0xf6,
    0x13, 0xd4, 0x3, 0xff, 0xb0, 0x35, 0x20, 0x1f,
    0xfd, 0x96, 0xd3, 0x0, 0xff, 0xec, 0x16, 0x40,
    0x7, 0xff, 0x65, 0xf0, 0x80, 0x3f, 0xfb, 0x7,
    0xac, 0x1, 0xff, 0xd9, 0x9b, 0x10, 0xf, 0xfe,
    0xc2, 0x7a, 0x0, 0x7f, 0xf6, 0x6, 0xe4, 0x3,
    0xff, 0xb2, 0xda, 0x40,

    /* U+003D "=" */
    0x6f, 0xff, 0xfe, 0xf3, 0x0, 0x7f, 0xff, 0xc0,
    0x3f, 0xff, 0xe0, 0x1f, 0xff, 0xf0, 0xf, 0xff,
    0xf8, 0x7, 0xff, 0xa0, 0x91, 0x3f, 0xfb, 0xc4,
    0x97, 0x7f, 0xfd, 0xe4, 0x0, 0xff, 0xff, 0x80,
    0x7f, 0xff, 0xc0, 0x3f, 0xff, 0xe0, 0x1f, 0xff,
    0xf0, 0xf, 0xff, 0xf8, 0x7, 0xff, 0xd5, 0x2e,
    0xff, 0xfb, 0xc8, 0x48, 0x9f, 0xfd, 0xe2, 0x0,
    0xff, 0xff, 0x80, 0x7f, 0xff, 0xc0, 0x3f, 0xff,
    0xe0, 0x1f, 0xff, 0xf0, 0xf, 0xff, 0x40,

    /* U+003E ">" */
    0x11, 0x0, 0x7f, 0xf6, 0xb, 0x94, 0x3, 0xff,
    0xb3, 0x54, 0x10, 0xf, 0xfe, 0xc2, 0xfa, 0x0,
    0x7f, 0xf6, 0x6, 0xe0, 0x3, 0xff, 0xb2, 0xfa,
    0x40, 0x1f, 0xfd, 0x82, 0xd7, 0x0, 0xff, 0xec,
    0xc5, 0x88, 0x7, 0xff, 0x61, 0x3d, 0x40, 0x3f,
    0xfb, 0x3, 0x54, 0x0, 0xff, 0xec, 0xae, 0x98,
    0x7, 0xff, 0x60, 0xb2, 0x0, 0x3f, 0xfb, 0x2f,
    0x84, 0x1, 0xff, 0xc7, 0x21, 0x0, 0xff, 0xe1,
    0x9e, 0xb0, 0x7, 0xff, 0x18, 0x7d, 0x40, 0x3f,
    0xf8, 0x93, 0x62, 0x1, 0xff, 0xc5, 0x1a, 0xb1,
    0x0, 0xff, 0xe1, 0xa7, 0xa0, 0x7, 0xff, 0x19,
    0x3d, 0x40, 0x3f, 0xf8, 0x63, 0x72, 0x1, 0xff,
    0xc6, 0x1a, 0xa0, 0x80, 0x7f, 0xf0, 0xdb, 0x4c,
    0x3, 0xff, 0x8c, 0xbe, 0xa0, 0x1f, 0xfc, 0x32,
    0xc7, 0x0, 0xff, 0xe3, 0xd, 0x50, 0x40, 0x3f,
    0xf8, 0x71, 0x84, 0x1, 0xff, 0xc6, 0x5f, 0x50,
    0xf, 0xfe, 0x19, 0xeb, 0x0, 0x7f, 0xf1, 0x86,
    0xa8, 0x20, 0x1f, 0xfc, 0x39, 0xa1, 0x0, 0xff,
    0xe3, 0x2f, 0xa0, 0x7, 0xff, 0xd, 0x7d, 0x0,
    0x3f, 0xf8, 0xc3, 0x72, 0x1, 0xff, 0xc3, 0x1b,
    0x90, 0xf, 0xfe, 0x3b, 0x72, 0x0, 0x7f, 0xf0,
    0xdb, 0x4c, 0x3, 0xff, 0x8c, 0x37, 0x20, 0x1f,
    0xfc, 0x32, 0xc7, 0x0, 0xff, 0xe3, 0xb7, 0x20,
    0x7, 0xff, 0xe, 0xc, 0x3, 0xff, 0x8e, 0x37,
    0x20, 0x1f, 0xfd, 0x96, 0xd3, 0x0, 0xff, 0xec,
    0x16, 0x48, 0x7, 0xff, 0x65, 0x80, 0x3f, 0xfb,
    0x2e, 0x1, 0xff, 0xd7, 0x2c, 0x80, 0xf, 0xfe,
    0xb3, 0xe9, 0x80, 0x7f, 0xf5, 0x4b, 0x20, 0x3,
    0xff, 0xac, 0xda, 0x60, 0x1f, 0xfc, 0x39, 0x30,
    0xf, 0xfe, 0x20, 0xdc, 0x80, 0x7f, 0xf0, 0xcf,
    0x58, 0x3, 0xff, 0x88, 0xdc, 0x80, 0x1f, 0xfc,
    0x37, 0xc2, 0x0, 0xff, 0xe1, 0x8d, 0xc8, 0x7,
    0xff, 0xc, 0x72, 0x0, 0x3f, 0xf8, 0x8b, 0xe8,
    0x1, 0xff, 0xc3, 0x5f, 0x30, 0xf, 0xfe, 0x18,
    0xd5, 0x4, 0x3, 0xff, 0x87, 0x54, 0x10, 0xf,
    0xfe, 0x1a, 0xfa, 0x80, 0x7f, 0xf0, 0xcf, 0x94,
    0x3, 0xff, 0x86, 0x35, 0x41, 0x0, 0xff, 0xe1,
    0xc6, 0x8, 0x7, 0xff, 0xd, 0x3d, 0x40, 0x3f,
    0xf8, 0x65, 0x8e, 0x1, 0xff, 0xc4, 0x9b, 0x10,
    0xf, 0xfe, 0x1b, 0x69, 0x80, 0x7f, 0xf0, 0xd3,
    0x98, 0x3, 0xff, 0x86, 0x37, 0x20, 0x1f, 0xfc,
    0x49, 0xb1, 0x0, 0xff, 0xe1, 0xa7, 0xa0, 0x7,
    0xff, 0xc, 0x75, 0x80, 0x3f, 0xf8, 0x93, 0x62,
    0x1, 0xff, 0xc4, 0x22, 0x0, 0x7f, 0xf0, 0xcf,
    0x58, 0x3, 0xff, 0xac, 0xf8, 0x40, 0x1f, 0xfd,
    0x51, 0xc8, 0x0, 0xff, 0xeb, 0x2f, 0x18, 0x7,
    0xff, 0x5a, 0xa8, 0x1, 0xff, 0xd6, 0x3e, 0x50,
    0xf, 0xfe, 0xb4, 0x60, 0x80, 0x7f, 0xf5, 0x4b,
    0x1c, 0x3, 0xff, 0xac, 0xda, 0x60, 0x1f, 0xfd,
    0x51, 0xb9, 0x0, 0xff, 0xeb, 0x27, 0xa0, 0x7,
    0xff, 0x5a, 0x6c, 0x40, 0x3f, 0xfa, 0xa5, 0xac,
    0x1, 0xff, 0xd7,

    /* U+003F "?" */
    0x0, 0xff, 0xe1, 0x1b, 0xd6, 0x77, 0xfe, 0xec,
    0xa7, 0x40, 0xf, 0xfe, 0x69, 0xcf, 0xe4, 0x29,
    0x88, 0x6, 0x13, 0x58, 0xbf, 0xb6, 0x0, 0xff,
    0xe4, 0x15, 0xe3, 0x0, 0x7f, 0xf1, 0x12, 0x79,
    0xc0, 0x3f, 0xf8, 0xaf, 0xa8, 0x1, 0xff, 0xc8,
    0x18, 0xd3, 0x0, 0xff, 0xe1, 0x5c, 0x0, 0x7f,
    0xf3, 0xb, 0x18, 0x3, 0xff, 0x81, 0x68, 0x1,
    0xff, 0xcf, 0x96, 0x0, 0xff, 0x5a, 0x0, 0x7f,
    0xf4, 0x65, 0x0, 0x3f, 0x3a, 0x0, 0x7f, 0xf4,
    0xe8, 0x40, 0x3c, 0x70, 0x1, 0xff, 0xd4, 0x18,
    0x0, 0xf7, 0x0, 0x7f, 0xf5, 0x98, 0x80, 0x32,
    0x90, 0x7, 0xff, 0x8, 0x4d, 0x8, 0x3, 0xff,
    0x8b, 0x40, 0x1a, 0x0, 0x3f, 0xf8, 0x3, 0x1d,
    0xcc, 0xbd, 0xfb, 0x40, 0xf, 0xfe, 0x13, 0x0,
    0x4a, 0x40, 0x1f, 0xf2, 0x7b, 0x88, 0x7, 0x25,
    0xc8, 0x7, 0xff, 0x4, 0x4c, 0x1, 0xe0, 0x1f,
    0xf2, 0x58, 0x80, 0x7f, 0x34, 0x0, 0x7f, 0xf0,
    0x50, 0x0, 0xa0, 0x1f, 0xe2, 0xb0, 0xf, 0xfe,
    0x3, 0x98, 0x7, 0xff, 0x3, 0x41, 0x0, 0x3f,
    0xe9, 0x0, 0xff, 0xe1, 0x50, 0x7, 0xff, 0x1,
    0x81, 0x5c, 0x40, 0x3f, 0x1a, 0x0, 0x7f, 0xf0,
    0x9c, 0x3, 0xff, 0x80, 0x40, 0x31, 0xd2, 0x60,
    0x1e, 0x90, 0xf, 0xfe, 0x18, 0x88, 0x3, 0xfe,
    0x10, 0xc, 0xd9, 0x85, 0x0, 0xca, 0x1, 0xff,
    0xc4, 0x30, 0xf, 0xfe, 0x31, 0xd7, 0x40, 0xa0,
    0x7, 0xff, 0x14, 0x40, 0x3f, 0xf8, 0x2, 0x1,
    0xf0, 0xbf, 0x50, 0x7, 0xff, 0x74, 0x40, 0x3f,
    0xfa, 0x42, 0x1, 0xff, 0xd0, 0x10, 0xf, 0xfe,
    0xe9, 0x0, 0x7f, 0xc4, 0x1, 0xff, 0xdd, 0x70,
    0xf, 0xfe, 0x82, 0x0, 0x7f, 0xf0, 0x34, 0x3,
    0xff, 0xa1, 0xa0, 0x1f, 0xfc, 0x4, 0x0, 0xff,
    0xe7, 0x8b, 0x0, 0x7f, 0xc2, 0x60, 0x1f, 0xfc,
    0xf8, 0x0, 0xff, 0xe0, 0x30, 0x7, 0xff, 0x3d,
    0xd8, 0x3, 0xff, 0x81, 0x20, 0x1f, 0xfc, 0xe8,
    0x80, 0x7, 0xff, 0x1, 0x44, 0x3, 0xff, 0x96,
    0x2d, 0xce, 0x1, 0xff, 0xc1, 0x80, 0xf, 0xfe,
    0x30, 0x88, 0xd6, 0x33, 0xa4, 0x40, 0x3f, 0xf8,
    0x32, 0x40, 0x1f, 0xfc, 0x44, 0xfe, 0xe6, 0x53,
    0x98, 0x7, 0xff, 0xd, 0x18, 0x3, 0xff, 0xb6,
    0x76, 0x1, 0xff, 0xdb, 0x3c, 0x0, 0xff, 0xed,
    0xb6, 0x0, 0x7f, 0xf6, 0x86, 0xe4, 0x3, 0xff,
    0xb2, 0x53, 0xc8, 0x1, 0xff, 0xd7, 0x16, 0xbd,
    0x60, 0xf, 0xfe, 0xc6, 0x74, 0xa0, 0x7, 0xff,
    0x68, 0x80, 0x3f, 0xff, 0xe0, 0x1f, 0xff, 0xf0,
    0xf, 0xff, 0xf8, 0x7, 0xff, 0xfc, 0x3, 0xff,
    0x96, 0x9f, 0xff, 0xf0, 0x80, 0x7f, 0xff, 0xc0,
    0x3f, 0xff, 0xe0, 0x1f, 0xff, 0xf0, 0xf, 0xff,
    0xf8, 0x7, 0xff, 0x38, 0xda, 0x22, 0x73, 0x0,
    0xff, 0xea, 0xae, 0xe4, 0xbb, 0xd1, 0x9c, 0xe0,
    0x1f, 0xfd, 0x26, 0xa2, 0x0, 0xf8, 0x62, 0x40,
    0x3f, 0xfa, 0x5, 0x20, 0x1f, 0xf3, 0x28, 0x7,
    0xff, 0x3e, 0xc0, 0x3f, 0xf8, 0x32, 0x1, 0xff,
    0xcf, 0x40, 0xf, 0xfe, 0x9, 0x80, 0x7f, 0xf3,
    0xc8, 0x3, 0xff, 0x84, 0x40, 0x1f, 0xfd, 0xd1,
    0x0, 0xff, 0xff, 0x80, 0x7f, 0xf5, 0xc4, 0x3,
    0xff, 0x84, 0x40, 0x1f, 0xfc, 0xe5, 0x0, 0xff,
    0xe0, 0x88, 0x80, 0x3f, 0xf9, 0xdc, 0x1, 0xff,
    0xc1, 0x70, 0xf, 0xfe, 0x7a, 0x98, 0x7, 0xfc,
    0x30, 0x1, 0xff, 0xd0, 0xd4, 0x0, 0xfe, 0x2c,
    0x10, 0xf, 0xfe, 0x80, 0xdd, 0x94, 0x80, 0x22,
    0x5a, 0xd2, 0x0, 0xff, 0xe2, 0x0,

    /* U+0040 "@" */
    0x0, 0xff, 0xe8, 0x12, 0xbc, 0xe6, 0xf7, 0x3f,
    0xee, 0xdc, 0xa8, 0x63, 0x0, 0xff, 0xf3, 0x8b,
    0x57, 0x6d, 0x43, 0x19, 0x8, 0x80, 0x21, 0x23,
    0x57, 0x9c, 0xfc, 0x83, 0x0, 0xff, 0xf0, 0xa5,
    0x74, 0xa8, 0x80, 0x7f, 0xf1, 0xcd, 0xf3, 0x60,
    0x80, 0x3f, 0xfb, 0x8d, 0xb6, 0xa0, 0x1f, 0xfc,
    0xe2, 0x7d, 0xa3, 0x0, 0xff, 0xec, 0x2e, 0xc9,
    0x0, 0x7f, 0xf4, 0xd7, 0x28, 0x40, 0x3f, 0xfa,
    0x85, 0x74, 0x40, 0x1f, 0xfd, 0x75, 0xe7, 0x0,
    0xff, 0xe9, 0x36, 0xa0, 0x7, 0xff, 0x10, 0x48,
    0xcc, 0x42, 0x1, 0xff, 0xc5, 0x8c, 0x10, 0xf,
    0xfe, 0x7c, 0xc8, 0x3, 0xff, 0x80, 0x29, 0x17,
    0xdf, 0xdb, 0x98, 0xde, 0xfe, 0xc9, 0x52, 0x0,
    0xff, 0xe0, 0x1f, 0xa0, 0x7, 0xff, 0x30, 0x71,
    0x80, 0x3f, 0xe5, 0xbe, 0xb7, 0x41, 0x0, 0xfc,
    0x26, 0xd5, 0xb8, 0xe2, 0x1, 0xfe, 0x1b, 0x40,
    0xf, 0xfe, 0x50, 0xe9, 0x80, 0x7f, 0x9f, 0xe9,
    0x0, 0x3f, 0xf8, 0xc7, 0x1d, 0x44, 0x1, 0xfe,
    0xb5, 0x0, 0xff, 0xe4, 0xe9, 0x80, 0x7f, 0x37,
    0x40, 0x7, 0xff, 0x31, 0x76, 0x44, 0x3, 0xfa,
    0x90, 0x3, 0xff, 0x8f, 0x66, 0x1, 0xf8, 0xb2,
    0x44, 0x3, 0xff, 0x9e, 0xde, 0xa0, 0x1f, 0xd4,
    0x40, 0x1f, 0xfc, 0x58, 0x40, 0xf, 0xc9, 0xa6,
    0x1, 0xff, 0xd2, 0x1a, 0x90, 0xf, 0xc3, 0xe0,
    0x1f, 0xfc, 0x45, 0x70, 0xf, 0xcd, 0x60, 0x1f,
    0xfd, 0x66, 0xa0, 0xf, 0xc5, 0x20, 0x1f, 0xfc,
    0x21, 0xb0, 0xf, 0xcd, 0x20, 0x1f, 0xfd, 0x85,
    0xb0, 0xf, 0xcc, 0x60, 0x1f, 0xfc, 0x1b, 0x10,
    0xf, 0x96, 0x40, 0x3f, 0xfb, 0x49, 0x20, 0x1f,
    0xb8, 0x3, 0xff, 0x80, 0x8a, 0x1, 0xf1, 0x50,
    0x7, 0xff, 0x71, 0x98, 0x1, 0xf1, 0x30, 0x7,
    0xfd, 0x20, 0x1f, 0xbc, 0x3, 0xff, 0xbd, 0x24,
    0x1, 0xf4, 0x0, 0x7f, 0x94, 0x80, 0x3e, 0x82,
    0x0, 0xff, 0xef, 0xf0, 0x7, 0xc2, 0xc0, 0x1f,
    0xd2, 0x1, 0xf1, 0x38, 0x7, 0xff, 0x80, 0xd0,
    0x3, 0xeb, 0x0, 0xfc, 0x86, 0x1, 0xf4, 0x80,
    0x7f, 0xf8, 0xa4, 0x3, 0xe2, 0x40, 0xf, 0xbc,
    0x3, 0xe2, 0x40, 0xf, 0xfe, 0x11, 0xc5, 0xf7,
    0xfb, 0xad, 0xc0, 0x3f, 0xf9, 0x64, 0x80, 0x1f,
    0x70, 0x7, 0x85, 0x0, 0x3e, 0x80, 0xf, 0xfe,
    0xa, 0x66, 0x1d, 0x4, 0x0, 0x29, 0x1c, 0x80,
    0x1b, 0xff, 0xf9, 0x80, 0x3f, 0x78, 0x7, 0xca,
    0x1, 0xe7, 0x0, 0xf8, 0x54, 0x3, 0xff, 0x81,
    0x36, 0x60, 0x1f, 0xc3, 0x6a, 0x1, 0xff, 0xc9,
    0x42, 0x0, 0xf9, 0x0, 0x3a, 0x80, 0x3e, 0x70,
    0xf, 0xfe, 0x5, 0xb0, 0x7, 0xff, 0x6, 0x88,
    0x3, 0xff, 0x92, 0xa0, 0x1f, 0x68, 0x6, 0x13,
    0x0, 0xfa, 0x80, 0x3f, 0xea, 0x40, 0xf, 0xfe,
    0x1c, 0x80, 0x7f, 0xf2, 0x6c, 0x3, 0xe7, 0x0,
    0xc8, 0x1, 0xf0, 0x98, 0x7, 0xf9, 0x94, 0x3,
    0xff, 0x88, 0x84, 0x1, 0xff, 0xc8, 0x30, 0xf,
    0x84, 0x80, 0x2c, 0x0, 0xf9, 0x0, 0x3f, 0xc3,
    0x20, 0x1f, 0xfc, 0x6a, 0x0, 0xff, 0xe4, 0xa0,
    0x7, 0xce, 0x1, 0x38, 0x7, 0xd8, 0x1, 0xfe,
    0x80, 0xf, 0xfe, 0x3a, 0x20, 0x3, 0xff, 0x90,
    0x60, 0x1f, 0x68, 0x0, 0x44, 0x1, 0xf2, 0x80,
    0x7f, 0x98, 0x3, 0xfe, 0x6b, 0xde, 0xc8, 0x20,
    0x3b, 0x0, 0xff, 0xe4, 0x68, 0x7, 0xc6, 0x0,
    0x50, 0xf, 0xc6, 0x1, 0xfc, 0xc0, 0x1f, 0xe3,
    0xe9, 0x42, 0x13, 0x7d, 0x80, 0xf, 0xfe, 0x53,
    0x0, 0x7c, 0xc0, 0x3, 0x0, 0xf8, 0x80, 0x3f,
    0xda, 0x1, 0xfc, 0x78, 0x20, 0x1f, 0x3c, 0x0,
    0x7f, 0xf2, 0x48, 0x3, 0xe2, 0x0, 0x70, 0x7,
    0xcc, 0x1, 0xfe, 0x40, 0xf, 0xee, 0x0, 0xff,
    0x39, 0x0, 0x7f, 0xf2, 0x4, 0x3, 0xf0, 0x82,
    0x80, 0x7c, 0x40, 0x1f, 0xc6, 0x1, 0xfc, 0xa4,
    0x1, 0xff, 0x58, 0x7, 0xff, 0x44, 0xc0, 0x40,
    0x3e, 0xe0, 0xf, 0xe5, 0x0, 0xfe, 0xf0, 0xf,
    0xfe, 0x2, 0x0, 0x7f, 0xf4, 0x58, 0x8, 0x3,
    0xe1, 0x0, 0xfe, 0xe0, 0xf, 0xe7, 0x0, 0xff,
    0xe0, 0x10, 0x7, 0xff, 0x24, 0x40, 0x3f, 0x8,
    0x7, 0xe3, 0x0, 0xfe, 0x20, 0xf, 0xe2, 0x0,
    0xff, 0xef, 0x9, 0x80, 0x7f, 0xf1, 0x98, 0x3,
    0xf0, 0x80, 0x7f, 0xfa, 0x44, 0x3, 0xf8, 0x40,
    0x3f, 0xfd, 0x6, 0x20, 0x1f, 0xfc, 0x63, 0x0,
    0xff, 0xf4, 0xb8, 0x7, 0xff, 0x18, 0x40, 0x3f,
    0xfd, 0x6, 0x1, 0xff, 0xff, 0x0, 0xff, 0xfd,
    0x8, 0x7, 0xff, 0xd0, 0x40, 0x3e, 0x77, 0x0,
    0x7f, 0xfe, 0xc8, 0x40, 0x3f, 0xf8, 0xc2, 0x1,
    0xff, 0xdf, 0x10, 0xf, 0xc2, 0x1, 0xfc, 0x20,
    0x1f, 0xc6, 0x1, 0xff, 0xdf, 0x30, 0xf, 0x88,
    0xc, 0x3, 0xff, 0x8c, 0x20, 0x1f, 0xfd, 0xf6,
    0x0, 0xf9, 0xc0, 0x40, 0x3f, 0x18, 0x7, 0xf3,
    0x0, 0x7e, 0x10, 0xf, 0xfe, 0xb1, 0x0, 0x7d,
    0xa0, 0x2, 0x0, 0xf8, 0x40, 0x3f, 0x88, 0x3,
    0xf8, 0x80, 0x3f, 0xfa, 0xb8, 0x1, 0xf1, 0x80,
    0x4, 0x3, 0xee, 0x0, 0xfe, 0xe0, 0xf, 0xe7,
    0x0, 0xff, 0xe0, 0x10, 0x7, 0xff, 0x21, 0x0,
    0x3e, 0x40, 0x2, 0x80, 0x7c, 0x40, 0x1f, 0xca,
    0x1, 0xfd, 0xe0, 0x1f, 0xfc, 0x4, 0x0, 0xfe,
    0x10, 0xf, 0xe3, 0x10, 0xf, 0x20, 0x5, 0xc0,
    0x1f, 0x30, 0x7, 0xf1, 0x80, 0x7f, 0x29, 0x0,
    0x7f, 0xd6, 0x1, 0xfd, 0xe0, 0x1f, 0xd2, 0x1,
    0xf6, 0x80, 0x46, 0x1, 0xf1, 0x0, 0x7f, 0x90,
    0x3, 0xfb, 0x80, 0x3f, 0xce, 0x40, 0x1f, 0xc6,
    0x1, 0xf8, 0xd4, 0x3, 0xe6, 0x0, 0x94, 0x3,
    0xf1, 0x0, 0x7f, 0x68, 0x7, 0xf1, 0xe0, 0x80,
    0x7c, 0xf0, 0x1, 0xfe, 0x42, 0x0, 0xf0, 0xf0,
    0x7, 0xcc, 0x1, 0x84, 0x40, 0x1f, 0x20, 0x7,
    0xf3, 0x0, 0x7f, 0x8f, 0xa5, 0x8, 0x4d, 0xb6,
    0x0, 0x58, 0x3, 0xfb, 0x84, 0x3, 0x1e, 0x10,
    0x7, 0xd0, 0x1, 0xce, 0x1, 0xf6, 0x0, 0x7f,
    0x98, 0x3, 0xfe, 0x6b, 0xde, 0xc9, 0x20, 0x3,
    0xc9, 0x0, 0x7e, 0x3e, 0xa8, 0x9c, 0xc1, 0x0,
    0x7c, 0xe2, 0x1, 0xd8, 0x1, 0xf2, 0x0, 0x7f,
    0xa0, 0x3, 0xff, 0x91, 0xa0, 0x80, 0x1f, 0xe5,
    0x76, 0x30, 0xf, 0xc5, 0x0, 0x1e, 0x40, 0xf,
    0x84, 0xc0, 0x3f, 0x86, 0x40, 0x3f, 0xf8, 0xc2,
    0x81, 0x40, 0x1f, 0xfc, 0xaf, 0x0, 0xf8, 0x4c,
    0x3, 0xea, 0x0, 0xff, 0x32, 0x80, 0x7f, 0xf1,
    0x60, 0x0, 0x6a, 0x1, 0xff, 0xc8, 0xb2, 0x0,
    0xfd, 0x40, 0x1f, 0x38, 0x7, 0xfd, 0x48, 0x1,
    0xff, 0xc3, 0x46, 0x0, 0xac, 0x80, 0x3f, 0xf8,
    0xd6, 0x80, 0x1f, 0xce, 0x1, 0xf0, 0xa8, 0x7,
    0xfd, 0x6c, 0x1, 0xff, 0xc1, 0x3b, 0x0, 0xc3,
    0xe4, 0x1, 0xff, 0xc3, 0x3d, 0x40, 0xf, 0xf0,
    0xa0, 0x7, 0xd0, 0x1, 0xff, 0xc0, 0x9b, 0x30,
    0xf, 0xf3, 0x60, 0x7, 0x8b, 0x5c, 0x3, 0xff,
    0x80, 0x75, 0x84, 0x1, 0xff, 0xc0, 0xf0, 0xf,
    0x89, 0x0, 0x3f, 0xf8, 0x9, 0x98, 0x74, 0x10,
    0x0, 0x9b, 0xec, 0x80, 0x7f, 0x47, 0xcb, 0x18,
    0x80, 0x44, 0x91, 0xb8, 0xa0, 0x1f, 0xfc, 0x24,
    0x30, 0xf, 0xa4, 0x3, 0xff, 0x84, 0x71, 0x7d,
    0xfe, 0xec, 0x82, 0x0, 0xff, 0xe0, 0x34, 0xe7,
    0x7f, 0xdb, 0x6e, 0x40, 0x1f, 0xfc, 0x59, 0x0,
    0xf8, 0x9c, 0x3, 0xff, 0xe6, 0xa4, 0x1, 0xf4,
    0x10, 0x7, 0xff, 0xce, 0x40, 0x3f, 0x78, 0x7,
    0xff, 0xcd, 0x14, 0x3, 0xe2, 0xa0, 0xf, 0xff,
    0x9d, 0x80, 0x7e, 0x59, 0x0, 0xff, 0xf9, 0xd,
    0x0, 0x7e, 0x69, 0x0, 0xff, 0xf9, 0x2b, 0x80,
    0x7e, 0x6b, 0x0, 0xff, 0xf9, 0x41, 0x80, 0x7e,
    0x4d, 0x30, 0xf, 0xff, 0x8e, 0x18, 0x7, 0xe2,
    0xc9, 0x10, 0xf, 0xff, 0x86, 0x98, 0x7, 0xf3,
    0x73, 0x80, 0x7f, 0xfb, 0xc7, 0x4c, 0x3, 0xfd,
    0x1f, 0x48, 0x1, 0xff, 0xed, 0x1c, 0x60, 0xf,
    0xf9, 0x6f, 0xad, 0xd0, 0x40, 0x3f, 0xfd, 0x53,
    0x20, 0xf, 0xfe, 0x0, 0xa4, 0x5f, 0x7f, 0x6e,
    0x67, 0xff, 0x21, 0x80, 0x3f, 0xfa, 0x6d, 0xa8,
    0x1, 0xff, 0xc4, 0x12, 0x33, 0xff, 0xe4, 0x70,
    0x7, 0xff, 0x50, 0xae, 0x88, 0x3, 0xff, 0xf6,
    0xbb, 0x24, 0x1, 0xff, 0xfb, 0x6d, 0xb5, 0x0,
    0xff, 0xfd, 0xa5, 0x74, 0xa8, 0x80, 0x7f, 0xfe,
    0x45, 0xab, 0xb6, 0xa1, 0x8c, 0x84, 0x40, 0x1f,
    0xfd, 0x90,

    /* U+0041 "A" */
    0x0, 0xff, 0xe4, 0x5f, 0xff, 0xff, 0xd, 0x40,
    0x3f, 0xfb, 0x88, 0x1, 0xff, 0xc3, 0xf0, 0xf,
    0xfe, 0xda, 0x80, 0x7f, 0xf1, 0x10, 0x3, 0xff,
    0xb7, 0x80, 0x1f, 0xfc, 0x41, 0x30, 0xf, 0xfe,
    0xd3, 0x80, 0x7f, 0xf1, 0x6c, 0x3, 0xff, 0xb2,
    0x62, 0x1, 0xff, 0xc5, 0x40, 0xf, 0xfe, 0xca,
    0x0, 0x7f, 0xf1, 0x8c, 0x40, 0x3f, 0xfb, 0x16,
    0x1, 0xff, 0xc7, 0x40, 0xf, 0xfe, 0xb8, 0x98,
    0x7, 0xff, 0x1f, 0xc0, 0x3f, 0xfa, 0xe8, 0x1,
    0xff, 0xc8, 0x40, 0xf, 0xfe, 0xbf, 0x80, 0x7f,
    0xf2, 0x4, 0xc0, 0x3f, 0xfa, 0xc8, 0x1, 0xfc,
    0xce, 0x1, 0xfe, 0xb0, 0xf, 0xfe, 0xa9, 0x88,
    0x7, 0xf5, 0x40, 0x7, 0xf9, 0x40, 0x3f, 0xfa,
    0xb6, 0x1, 0xfe, 0x30, 0x30, 0xf, 0xe2, 0x10,
    0xf, 0xfe, 0xa2, 0x0, 0x7f, 0x18, 0x1, 0x40,
    0x3f, 0xce, 0x1, 0xff, 0xd3, 0x13, 0x0, 0xfe,
    0x50, 0x7, 0x80, 0x7f, 0xb0, 0x3, 0xff, 0xa6,
    0x80, 0x1f, 0xef, 0x0, 0x28, 0x7, 0xf9, 0x40,
    0x3f, 0xfa, 0x7e, 0x1, 0xfe, 0x50, 0x1, 0x80,
    0x7f, 0xc8, 0x1, 0xff, 0xd2, 0x40, 0xf, 0xf1,
    0x80, 0x46, 0x1, 0xfe, 0xc0, 0xf, 0xfe, 0x89,
    0x88, 0x7, 0xf1, 0x80, 0x65, 0x0, 0xff, 0x28,
    0x7, 0xff, 0x46, 0xc0, 0x3f, 0xca, 0x1, 0xbc,
    0x3, 0xfc, 0x44, 0x0, 0xff, 0xe8, 0x28, 0x7,
    0xfb, 0xc0, 0x32, 0x80, 0x7f, 0xc8, 0x1, 0xff,
    0xcf, 0x12, 0x0, 0xff, 0x28, 0x6, 0x30, 0xf,
    0xfb, 0x40, 0x3f, 0xf9, 0xee, 0x1, 0xfe, 0x13,
    0x0, 0xe4, 0x0, 0xff, 0x20, 0x7, 0xff, 0x3f,
    0x40, 0x3f, 0xc8, 0x1, 0xec, 0x0, 0xff, 0x90,
    0x3, 0xff, 0x9c, 0x80, 0x1f, 0xec, 0x0, 0xf2,
    0x80, 0x7f, 0xda, 0x1, 0xff, 0xcd, 0x40, 0xf,
    0xf9, 0x0, 0x3c, 0x42, 0x1, 0xfe, 0x40, 0xf,
    0xfe, 0x6e, 0x0, 0x7f, 0x88, 0x80, 0x1f, 0x38,
    0x7, 0xf8, 0x88, 0x1, 0xff, 0xcc, 0x50, 0xf,
    0xf2, 0x0, 0x7e, 0xc0, 0xf, 0xf9, 0x40, 0x3f,
    0xf9, 0x64, 0x40, 0xf, 0xf6, 0x80, 0x7e, 0x40,
    0xf, 0xfb, 0x0, 0x3f, 0xf9, 0x68, 0x1, 0xff,
    0x20, 0x7, 0xe1, 0x30, 0xf, 0xf2, 0x0, 0x7f,
    0xf2, 0xf4, 0x3, 0xfc, 0x80, 0x1f, 0xeb, 0x0,
    0xff, 0x94, 0x3, 0xff, 0x94, 0x80, 0x1f, 0xec,
    0x0, 0xff, 0x20, 0x7, 0xfd, 0x80, 0x1f, 0xfc,
    0x94, 0x0, 0xff, 0x90, 0x3, 0xfc, 0x62, 0x1,
    0xfe, 0x70, 0xf, 0xfe, 0x4e, 0x80, 0x7f, 0x84,
    0xc0, 0x3f, 0xe4, 0x0, 0xff, 0x9, 0x0, 0x7f,
    0xf2, 0x10, 0x3, 0xfc, 0x80, 0x1f, 0xfc, 0xf,
    0x0, 0xff, 0x94, 0x3, 0xff, 0x8e, 0x44, 0x0,
    0xff, 0x78, 0x7, 0xff, 0x1, 0x0, 0x3f, 0xeb,
    0x0, 0xff, 0xe3, 0xa8, 0x7, 0xfc, 0x80, 0x1f,
    0xfc, 0x1, 0x30, 0xf, 0xf1, 0x88, 0x7, 0xff,
    0x1b, 0x0, 0x3f, 0xc4, 0x20, 0x1f, 0xfc, 0x14,
    0x0, 0xff, 0x90, 0x3, 0xff, 0x8c, 0x80, 0x1f,
    0xe5, 0x0, 0xff, 0xe1, 0x58, 0x7, 0xfd, 0xe0,
    0x1f, 0xfc, 0x55, 0x0, 0xff, 0xb0, 0x3, 0xff,
    0x84, 0x60, 0x1f, 0xf2, 0x0, 0x7f, 0xf1, 0x70,
    0x3, 0xfe, 0x73, 0x3f, 0xfe, 0x20, 0x7, 0xf8,
    0x4c, 0x3, 0xff, 0x88, 0xe0, 0x1f, 0xf6, 0x67,
    0xff, 0x10, 0xc0, 0x3f, 0xe4, 0x0, 0xff, 0xe1,
    0x98, 0x80, 0x7f, 0xf6, 0xec, 0x3, 0xff, 0x86,
    0x80, 0x1f, 0xfd, 0xc3, 0x10, 0xf, 0xfe, 0x15,
    0x80, 0x7f, 0xf7, 0x50, 0x3, 0xff, 0x82, 0x26,
    0x1, 0xff, 0xdd, 0xf0, 0xf, 0xfe, 0xa, 0x0,
    0x7f, 0xf7, 0x90, 0x3, 0xff, 0x83, 0xe0, 0x1f,
    0xfd, 0xe1, 0x30, 0xf, 0xfe, 0x2, 0x0, 0x7f,
    0xf7, 0xec, 0x3, 0xfe, 0x31, 0x0, 0xff, 0xef,
    0xa0, 0x7, 0xfd, 0x60, 0x1f, 0xfe, 0x3, 0x10,
    0xf, 0xf2, 0x0, 0x7f, 0x8f, 0xff, 0xff, 0x95,
    0x0, 0x1f, 0xf3, 0x80, 0x7f, 0x9, 0x80, 0x7f,
    0x90, 0x3, 0xff, 0x94, 0x80, 0x1f, 0xf6, 0x0,
    0x7f, 0x20, 0x7, 0xfd, 0x60, 0x1f, 0xfc, 0xa3,
    0x10, 0xf, 0xf2, 0x80, 0x7f, 0x78, 0x7, 0xfc,
    0x60, 0x1f, 0xfc, 0xb4, 0x0, 0xff, 0x90, 0x3,
    0xf2, 0x0, 0x7f, 0x90, 0x3, 0xff, 0x99, 0x80,
    0x1f, 0xf6, 0x0, 0x7c, 0x62, 0x1, 0xfe, 0xc0,
    0xf, 0xfe, 0x62, 0x0, 0x7f, 0xca, 0x1, 0xf5,
    0x80, 0x7f, 0xca, 0x1, 0xff, 0xcc, 0x21, 0x0,
    0xff, 0x10, 0x80, 0x79, 0x40, 0x3f, 0xc2, 0x40,
    0x1f, 0xfc, 0xd7, 0x0, 0xff, 0x9c, 0x3, 0x84,
    0x80, 0x3f, 0xc8, 0x1, 0xff, 0xce, 0xc0, 0xf,
    0xfb, 0x40, 0x39, 0xc0, 0x3f, 0xec, 0x0, 0xff,
    0xe7, 0x20, 0x7, 0xfc, 0x80, 0x1d, 0xa0, 0x1f,
    0xf3, 0x80, 0x7f, 0xf3, 0x84, 0x80, 0x3f, 0xe4,
    0x0, 0xc8, 0x1, 0xfe, 0x21, 0x0, 0xff, 0xe7,
    0xa8, 0x7, 0xfd, 0xa0, 0x12, 0x0, 0x7f, 0xc8,
    0x1, 0xff, 0xd0, 0xc0, 0xf, 0xf9, 0x0, 0x2c,
    0x0, 0xff, 0xb0, 0x3, 0xff, 0xa0, 0x80, 0x1f,
    0xf1, 0x10, 0x0, 0xa0, 0x1f, 0xf2, 0x0, 0x7f,
    0xf4, 0x4c, 0x3, 0xfe, 0x40, 0x22, 0x0, 0x7f,
    0x8c, 0x40, 0x3f, 0xfa, 0x36, 0x1, 0xff, 0x68,
    0x20, 0x7, 0xfc, 0x80, 0x1f, 0xfd, 0x24, 0x0,
    0xff, 0x90, 0x34, 0x3, 0xfe, 0xc0, 0xf, 0xfe,
    0x91, 0x80, 0x7f, 0xf0, 0x13, 0x1d, 0xff, 0xe4,
    0x0, 0xff, 0xe9, 0xcb, 0xbf, 0xfc, 0x0,

    /* U+0042 "B" */
    0xbf, 0xff, 0xfe, 0x9e, 0xdc, 0x28, 0x7, 0xff,
    0x84, 0x91, 0xeb, 0xe8, 0x80, 0x3f, 0xfc, 0x6b,
    0xb2, 0x1, 0xff, 0xe4, 0x6d, 0x10, 0xf, 0xff,
    0x19, 0x60, 0x80, 0x7f, 0xf8, 0xcb, 0x40, 0x3f,
    0xfc, 0x87, 0x0, 0x1f, 0xfe, 0x47, 0x20, 0xf,
    0xff, 0x25, 0x80, 0x7f, 0xf9, 0x18, 0x3, 0xff,
    0xca, 0xa0, 0x1f, 0xfc, 0x33, 0xff, 0xff, 0xe1,
    0xf5, 0x20, 0x7, 0xff, 0xb, 0xc0, 0x3f, 0xfa,
    0x62, 0xb7, 0x60, 0xf, 0xfe, 0xa, 0x0, 0x7f,
    0xf5, 0x92, 0x40, 0x3f, 0xf8, 0x2, 0x20, 0xf,
    0xfe, 0xb3, 0x8, 0x7, 0xff, 0x0, 0x80, 0x3f,
    0xfa, 0xe8, 0x1, 0xff, 0xc0, 0x60, 0xf, 0xfe,
    0xb9, 0x0, 0x7f, 0xf0, 0xc, 0x3, 0xff, 0xaf,
    0xe0, 0x1f, 0xfc, 0x1, 0x0, 0xff, 0xeb, 0x88,
    0x7, 0xff, 0xfc, 0x3, 0xff, 0xae, 0x20, 0x1f,
    0xfe, 0x43, 0x0, 0xff, 0xf2, 0x30, 0x7, 0xff,
    0x5c, 0x40, 0x3f, 0xf8, 0x6, 0x1, 0xff, 0xd7,
    0xf0, 0xf, 0xf8, 0x80, 0x3f, 0xfb, 0x4, 0x1,
    0xff, 0x20, 0x7, 0xff, 0x61, 0x0, 0x3f, 0xea,
    0x0, 0xff, 0xeb, 0xb0, 0x80, 0x7f, 0x88, 0xc0,
    0x3f, 0xfa, 0xc9, 0x20, 0x1f, 0xf4, 0x80, 0x7f,
    0xf5, 0x5, 0x2a, 0xc0, 0x3f, 0xe4, 0x40, 0x7,
    0xff, 0x10, 0xff, 0xff, 0xf8, 0x7d, 0x6a, 0x1,
    0xff, 0x1d, 0x80, 0x7f, 0xf8, 0x93, 0x40, 0x3f,
    0xfc, 0x25, 0x56, 0x20, 0x1f, 0xfd, 0xd6, 0x79,
    0xdd, 0x28, 0x7, 0xff, 0x7e, 0x61, 0x88, 0x3,
    0xff, 0xc3, 0x30, 0xc6, 0x1, 0xff, 0xe1, 0x67,
    0x9c, 0xe8, 0x10, 0xf, 0xff, 0x10, 0xbf, 0xb0,
    0x7, 0xff, 0x8c, 0x66, 0x80, 0x3f, 0xfc, 0x8b,
    0x60, 0x1f, 0xfc, 0x54, 0x4f, 0xfe, 0x29, 0x0,
    0x7f, 0xf0, 0x52, 0x40, 0x3f, 0xf8, 0x67, 0x77,
    0xff, 0xc5, 0xdf, 0x91, 0x0, 0xff, 0x99, 0x40,
    0x3f, 0xfa, 0xcd, 0xe6, 0x1, 0xff, 0x58, 0x7,
    0xff, 0x5c, 0x78, 0x3, 0xfe, 0x16, 0x0, 0xff,
    0xeb, 0x92, 0x0, 0x7f, 0xd6, 0x1, 0xff, 0xd8,
    0xc0, 0xf, 0xf8, 0x84, 0x3, 0xff, 0xae, 0x60,
    0x1f, 0xfc, 0x4, 0x0, 0xff, 0xeb, 0xb8, 0x7,
    0xff, 0x3, 0x0, 0x3f, 0xfc, 0x84, 0x1, 0xff,
    0xe4, 0x70, 0xf, 0xff, 0x20, 0x80, 0x7f, 0xf9,
    0xc, 0x3, 0xff, 0xc8, 0x60, 0x1f, 0xfe, 0x41,
    0x0, 0xff, 0xeb, 0xb0, 0x7, 0xff, 0x1, 0x80,
    0x3f, 0xfa, 0xfa, 0x1, 0xff, 0xc0, 0x20, 0xf,
    0xfe, 0xba, 0x0, 0x7f, 0xf0, 0x34, 0x3, 0xff,
    0xac, 0x86, 0x1, 0xff, 0xc0, 0x70, 0xf, 0xfe,
    0xaa, 0x50, 0x7, 0xff, 0x0, 0x88, 0x1, 0xff,
    0xd2, 0x15, 0xab, 0x10, 0xf, 0xfe, 0x2, 0x80,
    0x7f, 0xf0, 0x4f, 0xff, 0xff, 0x8b, 0xd4, 0xa0,
    0x1f, 0xfc, 0x29, 0x0, 0xff, 0xf1, 0xa0, 0x80,
    0x7f, 0xf8, 0xe0, 0x3, 0xff, 0xc6, 0xc6, 0x1,
    0xff, 0xe2, 0x18, 0x0, 0xff, 0xf1, 0xd0, 0x80,
    0x7f, 0xf8, 0xa5, 0x0, 0x3f, 0xfc, 0x52, 0xc0,
    0x1f, 0xfe, 0x12, 0xc6, 0x0, 0xff, 0xf0, 0xc,
    0x69, 0x80, 0x7f, 0xf7, 0x44, 0xda, 0xf9, 0xc0,
    0x3f, 0x80,

    /* U+0043 "C" */
    0x0, 0xff, 0xe4, 0xa, 0xc5, 0x67, 0x73, 0xfe,
    0xec, 0xb8, 0x51, 0x0, 0xff, 0xea, 0x94, 0x6f,
    0x53, 0xa9, 0x88, 0x80, 0x21, 0x34, 0x7a, 0xed,
    0x71, 0x0, 0xff, 0xe8, 0x26, 0x6b, 0x90, 0x7,
    0xff, 0x10, 0xa3, 0xac, 0x80, 0x3f, 0xf9, 0x85,
    0x96, 0x60, 0x1f, 0xfc, 0xa4, 0xd9, 0x10, 0xf,
    0xfe, 0x4b, 0xe9, 0x80, 0x7f, 0xf3, 0x9b, 0xcc,
    0x3, 0xff, 0x8f, 0x50, 0x1, 0xff, 0xd1, 0x1c,
    0x50, 0xf, 0xfe, 0x2e, 0x28, 0x7, 0xff, 0x52,
    0x94, 0x3, 0xff, 0x87, 0x66, 0x1, 0xff, 0xd6,
    0xa4, 0x0, 0xff, 0xe0, 0xd2, 0x0, 0x7f, 0xf6,
    0x28, 0x40, 0x3f, 0xe6, 0x50, 0xf, 0xfe, 0xc8,
    0xd8, 0x7, 0xf8, 0xa4, 0x3, 0xff, 0xb6, 0xa8,
    0x1, 0xfd, 0xc0, 0x1f, 0xfc, 0x32, 0x7b, 0xef,
    0xfd, 0xd4, 0xe2, 0x1, 0xff, 0xc2, 0x90, 0xf,
    0xc8, 0x60, 0x1f, 0xfc, 0x13, 0xbd, 0x84, 0x10,
    0xc, 0x2b, 0x1d, 0x22, 0x1, 0xff, 0xc0, 0x27,
    0x0, 0xfa, 0x40, 0x3f, 0xf8, 0x2f, 0x88, 0x1,
    0xff, 0xc0, 0x6f, 0x30, 0xf, 0xfe, 0x4, 0x80,
    0x79, 0x8, 0x3, 0xff, 0x81, 0x30, 0x1, 0xff,
    0xc3, 0x1d, 0x20, 0xf, 0xf8, 0x5c, 0x3, 0xbc,
    0x3, 0xff, 0x80, 0xec, 0x1, 0xff, 0xc5, 0x1f,
    0x0, 0xff, 0xe0, 0x48, 0x6, 0x24, 0x0, 0xff,
    0x8a, 0x0, 0x3f, 0xf8, 0xe4, 0xe0, 0x1f, 0xe1,
    0x90, 0xd, 0x40, 0x1f, 0xfc, 0xe, 0x0, 0xff,
    0xe4, 0xc0, 0x7, 0xf3, 0xf3, 0x80, 0x65, 0x0,
    0xff, 0x90, 0xc0, 0x3f, 0xf9, 0x4e, 0x1, 0xe6,
    0xe8, 0x0, 0xe2, 0x20, 0x7, 0xfd, 0xc0, 0x1f,
    0xfc, 0xba, 0x0, 0xcb, 0xb2, 0x20, 0x1e, 0x50,
    0xf, 0xf8, 0x54, 0x3, 0xff, 0x96, 0x44, 0x4,
    0xca, 0x20, 0xf, 0xda, 0x1, 0xff, 0x28, 0x7,
    0xff, 0x36, 0x2e, 0xc6, 0x1, 0xfe, 0x40, 0xf,
    0xf8, 0xc0, 0x3f, 0xf9, 0xaa, 0x80, 0x1f, 0xf1,
    0x8, 0x7, 0xfd, 0x80, 0x1f, 0xfd, 0xa7, 0x0,
    0xff, 0xe0, 0x38, 0x7, 0xff, 0x68, 0x80, 0x3f,
    0xf8, 0x2, 0x1, 0xff, 0xda, 0xe0, 0xf, 0xfe,
    0x1, 0x80, 0x7f, 0xf6, 0x94, 0x3, 0xff, 0x80,
    0x20, 0x1f, 0xfd, 0xa1, 0x0, 0xff, 0xf3, 0x90,
    0x7, 0xff, 0xfc, 0x3, 0xff, 0x9e, 0x20, 0x1f,
    0xfe, 0x73, 0x0, 0xff, 0xf3, 0x88, 0x7, 0xff,
    0xfc, 0x3, 0xff, 0xa0, 0xe0, 0x1f, 0xff, 0xf0,
    0xf, 0xff, 0xf8, 0x7, 0xff, 0xb5, 0xc0, 0x3f,
    0xff, 0xe0, 0x1f, 0xfd, 0x1, 0x0, 0xff, 0xf3,
    0x98, 0x7, 0xff, 0x9c, 0x40, 0x3f, 0xfd, 0x2,
    0x1, 0xff, 0xe7, 0x30, 0xf, 0xff, 0x3b, 0x0,
    0x7f, 0xf0, 0x4, 0x3, 0xff, 0xb4, 0x40, 0x1f,
    0xfc, 0x3, 0x0, 0xff, 0xed, 0x78, 0x7, 0xff,
    0x0, 0x40, 0x3f, 0xfb, 0x44, 0x1, 0xff, 0xc0,
    0x70, 0xf, 0xfe, 0xd2, 0x80, 0x7f, 0xf0, 0x30,
    0x3, 0xff, 0x9c, 0x60, 0x1f, 0xf0, 0x90, 0x7,
    0xfc, 0x60, 0x1f, 0xfc, 0xd1, 0xcb, 0x20, 0xf,
    0xf2, 0x0, 0x7f, 0xca, 0x1, 0xff, 0xcd, 0x70,
    0x4d, 0x80, 0xf, 0xec, 0x0, 0xff, 0x85, 0x40,
    0x3f, 0xf9, 0x94, 0x1, 0x3f, 0x28, 0x7, 0xca,
    0x1, 0xff, 0xc0, 0xe0, 0xf, 0xfe, 0x59, 0x98,
    0x3, 0xd, 0x61, 0x0, 0x79, 0x0, 0x3f, 0xe4,
    0x20, 0xf, 0xfe, 0x54, 0x0, 0x7c, 0x7b, 0x20,
    0x1d, 0xc0, 0x1f, 0xfc, 0xe, 0x0, 0xff, 0xe4,
    0xaa, 0x0, 0x7f, 0x37, 0x18, 0x4, 0xa2, 0x1,
    0xff, 0x1b, 0x80, 0x7f, 0xf1, 0xc6, 0xc0, 0x3f,
    0xe1, 0x20, 0xc, 0xc0, 0x1f, 0xfc, 0x8, 0x50,
    0xf, 0xfe, 0x36, 0x88, 0x7, 0xfc, 0xc2, 0x1,
    0xa4, 0x3, 0xff, 0x83, 0x50, 0x1, 0xff, 0xc3,
    0x1c, 0x30, 0xf, 0xfe, 0x4, 0x0, 0x70, 0xb0,
    0x7, 0xff, 0x5, 0xf1, 0x0, 0x3f, 0xf8, 0xd,
    0xc6, 0x1, 0xff, 0xc0, 0x61, 0x0, 0xf4, 0x0,
    0x7f, 0xf0, 0x8e, 0xf6, 0x10, 0x40, 0x30, 0xac,
    0xf4, 0x80, 0x7f, 0xf0, 0x46, 0x40, 0x3e, 0x19,
    0x0, 0xff, 0xe1, 0x93, 0xdf, 0x7f, 0xee, 0xa6,
    0x10, 0xf, 0xfe, 0x15, 0x0, 0x7f, 0x32, 0x0,
    0x7f, 0xf6, 0xd5, 0x0, 0x3f, 0xd4, 0x20, 0x1f,
    0xfd, 0x93, 0xa0, 0xf, 0xf8, 0x70, 0x3, 0xff,
    0xb0, 0x3a, 0x1, 0xff, 0xc1, 0x2c, 0x0, 0xff,
    0xeb, 0xe, 0x8, 0x7, 0xff, 0x8, 0xf0, 0x40,
    0x3f, 0xfa, 0x65, 0xe4, 0x1, 0xff, 0xc4, 0x3f,
    0x40, 0xf, 0xfe, 0x8a, 0x68, 0x80, 0x7f, 0xf1,
    0x86, 0xe4, 0x40, 0x3f, 0xf9, 0xa3, 0x56, 0x1,
    0xff, 0xca, 0x6e, 0x81, 0x0, 0xff, 0xe4, 0x8b,
    0xf2, 0x80, 0x7f, 0xf3, 0x5f, 0xad, 0x44, 0x3,
    0xff, 0x88, 0x95, 0xd0, 0x1, 0xff, 0xd1, 0x4a,
    0xed, 0x96, 0x42, 0x10, 0xc, 0x26, 0xaf, 0x7f,
    0x6a, 0x1, 0xff, 0xc2,

    /* U+0044 "D" */
    0xbf, 0xff, 0xfe, 0x6f, 0x6d, 0xcb, 0x10, 0x7,
    0xff, 0x84, 0x49, 0x1a, 0x77, 0xa9, 0x0, 0x3f,
    0xfc, 0x82, 0xb7, 0xce, 0x1, 0xff, 0xe5, 0x18,
    0xe5, 0x0, 0xff, 0xf2, 0x8d, 0x58, 0x80, 0x7f,
    0xf9, 0x53, 0x8, 0x3, 0xff, 0xca, 0x58, 0x40,
    0x1f, 0xfe, 0x51, 0xc2, 0x0, 0xff, 0xf2, 0x8f,
    0x80, 0x7f, 0xf9, 0x8a, 0x40, 0x3f, 0xfc, 0xcc,
    0x80, 0x1f, 0xfc, 0x53, 0xff, 0xff, 0xe0, 0x6e,
    0x4a, 0x88, 0x7, 0xff, 0xe, 0x40, 0x3f, 0xfa,
    0x44, 0x6d, 0x5d, 0x22, 0x1, 0xff, 0xc1, 0x26,
    0x0, 0xff, 0xeb, 0x37, 0x28, 0x7, 0xff, 0x6,
    0x0, 0x3f, 0xfb, 0x14, 0xc0, 0x1f, 0xfc, 0x1,
    0x50, 0xf, 0xfe, 0xc4, 0xa0, 0x7, 0xff, 0x3,
    0x80, 0x3f, 0xfb, 0x34, 0x20, 0x1f, 0xf2, 0x8,
    0x7, 0xff, 0x60, 0x60, 0x3, 0xff, 0x80, 0xe0,
    0x1f, 0xfd, 0x96, 0x0, 0xff, 0xe0, 0x68, 0x7,
    0xff, 0x69, 0x80, 0x3f, 0xe4, 0x0, 0xff, 0xed,
    0x68, 0x7, 0xff, 0x1, 0x0, 0x3f, 0xfb, 0x2a,
    0x1, 0xff, 0xc0, 0x30, 0xf, 0xfe, 0xc8, 0x88,
    0x3, 0xfe, 0xc0, 0xf, 0xfe, 0xd2, 0x80, 0x7f,
    0xca, 0x1, 0xff, 0xda, 0x10, 0xf, 0xf8, 0x40,
    0x3f, 0xfb, 0x46, 0x1, 0xff, 0xc0, 0x20, 0xf,
    0xfe, 0xc8, 0x80, 0x7f, 0xf0, 0x18, 0x3, 0xff,
    0xcc, 0x40, 0x1f, 0xfe, 0x61, 0x0, 0xff, 0xf3,
    0x70, 0x7, 0xff, 0x98, 0xc0, 0x3f, 0xfc, 0xc2,
    0x1, 0xff, 0xff, 0x0, 0xff, 0xff, 0x80, 0x1c,
    0x3, 0xff, 0xfe, 0x1, 0xff, 0xff, 0x0, 0x38,
    0x7, 0xff, 0xfc, 0x3, 0xff, 0xfe, 0x0, 0x10,
    0xf, 0xff, 0x31, 0x80, 0x7f, 0xf9, 0xb8, 0x3,
    0xff, 0xcc, 0x20, 0x1f, 0xfe, 0x62, 0x0, 0xff,
    0xec, 0x88, 0x7, 0xff, 0x1, 0x80, 0x3f, 0xfb,
    0x26, 0x1, 0xff, 0xc0, 0x20, 0xf, 0xfe, 0xc8,
    0x80, 0x7f, 0xc2, 0x1, 0xff, 0xda, 0x50, 0xf,
    0xf9, 0x40, 0x3f, 0xfb, 0x22, 0x20, 0xf, 0xfb,
    0x0, 0x3f, 0xfb, 0x2a, 0x1, 0xff, 0xc0, 0x30,
    0xf, 0xfe, 0xce, 0x80, 0x7f, 0xf0, 0x10, 0x3,
    0xff, 0xb2, 0xc0, 0x1f, 0xf2, 0x0, 0x7f, 0xf6,
    0x58, 0x3, 0xff, 0x81, 0xa0, 0x1f, 0xfd, 0x81,
    0x80, 0xf, 0xfe, 0x3, 0x80, 0x7f, 0xf6, 0x28,
    0x40, 0x3f, 0xe4, 0x10, 0xf, 0xfe, 0xbc, 0xa0,
    0x7, 0xff, 0x3, 0x80, 0x3f, 0xfa, 0xf4, 0xc0,
    0x1f, 0xfc, 0x1, 0x50, 0xf, 0xfe, 0xab, 0x72,
    0x80, 0x7f, 0xf0, 0x60, 0x3, 0xff, 0xa2, 0x46,
    0xd5, 0xd2, 0x20, 0x1f, 0xfc, 0x12, 0x60, 0xf,
    0xfe, 0x21, 0xff, 0xff, 0xf0, 0x37, 0x25, 0x44,
    0x3, 0xff, 0x87, 0x20, 0x1f, 0xfe, 0x56, 0x40,
    0xf, 0xff, 0x21, 0x48, 0x7, 0xff, 0x90, 0x7c,
    0x3, 0xff, 0xc8, 0x3a, 0x40, 0x1f, 0xfe, 0x32,
    0xc3, 0x0, 0xff, 0xf1, 0xa6, 0x10, 0x7, 0xff,
    0x88, 0x66, 0xc4, 0x3, 0xff, 0xc2, 0x31, 0xcc,
    0x1, 0xff, 0xe1, 0x5b, 0xe7, 0x0, 0xff, 0xee,
    0x9, 0x23, 0x4e, 0xfd, 0x20, 0x7, 0xff, 0x10,

    /* U+0045 "E" */
    0xbf, 0xff, 0xfe, 0xe9, 0x80, 0x7f, 0xff, 0xc0,
    0x3f, 0xff, 0xe0, 0x1f, 0xff, 0xf0, 0xf, 0xff,
    0xf8, 0x7, 0xff, 0xfc, 0x3, 0xff, 0xee, 0x7f,
    0xff, 0xfd, 0x13, 0x0, 0xff, 0xff, 0x80, 0x7f,
    0xff, 0xc0, 0x3f, 0xff, 0xe0, 0x1f, 0xff, 0xf0,
    0xf, 0xff, 0xf8, 0x7, 0xff, 0xfc, 0x3, 0xff,
    0xfe, 0x1, 0xff, 0xff, 0x0, 0xff, 0xff, 0x80,
    0x7f, 0xff, 0xc0, 0x3f, 0xfb, 0x7, 0xff, 0xff,
    0xcd, 0x80, 0xf, 0xff, 0xf8, 0x7, 0xff, 0xfc,
    0x3, 0xff, 0xfe, 0x1, 0xff, 0xff, 0x0, 0xff,
    0xff, 0x80, 0x7f, 0xf4, 0x51, 0x3f, 0xf9, 0xba,
    0x1, 0xff, 0xc4, 0x3b, 0xbf, 0xfe, 0x6a, 0x80,
    0x7f, 0xff, 0xc0, 0x3f, 0xff, 0xe0, 0x1f, 0xff,
    0xf0, 0xf, 0xff, 0xf8, 0x7, 0xff, 0xfc, 0x3,
    0xff, 0xfe, 0x1, 0xff, 0xff, 0x0, 0xff, 0xff,
    0x80, 0x7f, 0xff, 0xc0, 0x3f, 0xff, 0xe0, 0x1f,
    0xfd, 0xc3, 0xff, 0xff, 0xe8, 0x98, 0x7, 0xff,
    0xfc, 0x3, 0xff, 0xfe, 0x1, 0xff, 0xff, 0x0,
    0xff, 0xff, 0x80, 0x7f, 0xff, 0xc0, 0x3f, 0xfd,
    0x60,

    /* U+0046 "F" */
    0x0, 0xff, 0xef, 0x5f, 0xff, 0xff, 0x70, 0x40,
    0x3f, 0xff, 0xe0, 0x1f, 0xff, 0xf0, 0xf, 0xff,
    0xf8, 0x7, 0xff, 0xfc, 0x3, 0xff, 0xfe, 0x1,
    0xff, 0xed, 0x3f, 0xff, 0xfe, 0x80, 0x80, 0x7f,
    0xff, 0xc0, 0x3f, 0xff, 0xe0, 0x1f, 0xff, 0xf0,
    0xf, 0xff, 0xf8, 0x7, 0xff, 0xfc, 0x3, 0xff,
    0xfe, 0x1, 0xff, 0xff, 0x0, 0xff, 0xff, 0x80,
    0x7f, 0xff, 0xc0, 0x3f, 0xfc, 0xe7, 0x77, 0xff,
    0xcc, 0x30, 0xf, 0xfe, 0x2a, 0x27, 0xff, 0x31,
    0xc0, 0x3f, 0xff, 0xe0, 0x1f, 0xff, 0xf0, 0xf,
    0xff, 0xf8, 0x7, 0xff, 0xfc, 0x3, 0xff, 0xfe,
    0x1, 0xff, 0xc7, 0x3f, 0xff, 0xfe, 0x62, 0x0,
    0x7f, 0xff, 0xc0, 0x3f, 0xff, 0xe0, 0x1f, 0xff,
    0xf0, 0xf, 0xff, 0xf8, 0x7, 0xff, 0xfc, 0x3,
    0xff, 0xfe, 0x1, 0xff, 0xff, 0x0, 0xff, 0xff,
    0x80, 0x7f, 0xff, 0xc0, 0x3f, 0xff, 0xe0, 0x1f,
    0xff, 0xf0, 0xf, 0xff, 0xf8, 0x7, 0xff, 0xfc,
    0x3, 0xff, 0xfe, 0x1, 0xff, 0xff, 0x0, 0xff,
    0xff, 0x80, 0x7f, 0xf2, 0xb9, 0xdf, 0xfe, 0xa0,
    0xf, 0xfe, 0x88,

    /* U+0047 "G" */
    0x0, 0xff, 0xe4, 0xa, 0xc5, 0x67, 0x73, 0xfe,
    0xed, 0xb9, 0x73, 0x0, 0xff, 0xeb, 0x93, 0xef,
    0x53, 0xa9, 0x88, 0x80, 0x21, 0x24, 0x68, 0xcf,
    0xb6, 0x0, 0xff, 0xe9, 0x26, 0x6c, 0x10, 0x7,
    0xff, 0x15, 0x27, 0xe4, 0x40, 0x3f, 0xf9, 0xa5,
    0x96, 0x60, 0x1f, 0xfc, 0xb6, 0xe7, 0x0, 0xff,
    0xe5, 0xbe, 0x98, 0x7, 0xff, 0x3e, 0x34, 0x80,
    0x3f, 0xf9, 0x15, 0x0, 0x1f, 0xfd, 0x22, 0xc4,
    0x0, 0xff, 0xe3, 0x62, 0x80, 0x7f, 0xf5, 0x6,
    0xd8, 0x3, 0xff, 0x89, 0x66, 0x1, 0xff, 0xd7,
    0x95, 0x0, 0xff, 0xe1, 0x52, 0x0, 0x7f, 0xf6,
    0x69, 0x0, 0x3f, 0xf8, 0xc, 0xa0, 0x1f, 0xfd,
    0xbb, 0x20, 0xf, 0xf1, 0x48, 0x7, 0xff, 0x77,
    0x80, 0x3f, 0xd2, 0x1, 0xff, 0xc3, 0x16, 0xbd,
    0xff, 0xdd, 0x90, 0x80, 0x1f, 0xfc, 0x33, 0x70,
    0xf, 0xc8, 0x80, 0xf, 0xfe, 0x8, 0xd7, 0x4a,
    0x10, 0x6, 0x13, 0x7b, 0xe7, 0x0, 0xff, 0xe1,
    0x41, 0x0, 0x7d, 0x20, 0x1f, 0xfc, 0x15, 0xe5,
    0x0, 0xff, 0xe0, 0xc, 0x61, 0x0, 0x7f, 0xf0,
    0x60, 0x3, 0xca, 0x40, 0x1f, 0xfc, 0x7, 0xa0,
    0xf, 0xfe, 0x21, 0xe1, 0x80, 0x7f, 0xf0, 0x14,
    0x80, 0x3b, 0x80, 0x3f, 0xf8, 0xd, 0x0, 0x1f,
    0xfc, 0x61, 0xd2, 0x0, 0xff, 0xe0, 0x40, 0x6,
    0x24, 0x0, 0xff, 0x8a, 0x40, 0x3f, 0xf9, 0x3,
    0xe0, 0x1f, 0xf1, 0xc8, 0x6, 0xa0, 0xf, 0xfe,
    0x7, 0x0, 0x7f, 0xf2, 0x8a, 0x40, 0x3f, 0xc,
    0xe1, 0x80, 0x65, 0x0, 0xff, 0x8c, 0xc0, 0x1f,
    0xfc, 0xb6, 0x20, 0xf, 0x37, 0x30, 0x7, 0x11,
    0x0, 0x3f, 0xe9, 0x0, 0xff, 0xe6, 0xc0, 0x6,
    0x4d, 0x90, 0xf, 0x94, 0x3, 0xff, 0x80, 0xa0,
    0x1f, 0xfc, 0xd5, 0x10, 0x1a, 0xb2, 0x0, 0xfd,
    0x80, 0x1f, 0xf2, 0x0, 0x7f, 0xf3, 0xe5, 0xf9,
    0x40, 0x3f, 0xca, 0x1, 0xff, 0x18, 0x7, 0xff,
    0x3d, 0xe0, 0x3, 0xfe, 0x21, 0x0, 0xff, 0xb4,
    0x3, 0xff, 0xb8, 0xe0, 0x1f, 0xfc, 0x6, 0x0,
    0xff, 0xee, 0x10, 0x7, 0xff, 0x0, 0x40, 0x3f,
    0xfb, 0x9a, 0x1, 0xff, 0xc0, 0x30, 0xf, 0xfe,
    0xe3, 0x0, 0x7f, 0xf0, 0x4, 0x3, 0xff, 0xb8,
    0x40, 0x1f, 0xfe, 0x91, 0x0, 0xff, 0xff, 0x80,
    0x7f, 0xf4, 0xc8, 0x3, 0xff, 0xd2, 0x20, 0x1f,
    0xff, 0xf0, 0xf, 0xff, 0x88, 0xff, 0xff, 0xf3,
    0x1c, 0x3, 0xff, 0xfe, 0x1, 0xff, 0xff, 0x0,
    0xff, 0xfa, 0xb8, 0x7, 0xff, 0xfc, 0x3, 0xff,
    0xa8, 0x20, 0x1f, 0xfe, 0x93, 0x0, 0xff, 0xf4,
    0x88, 0x7, 0xff, 0xa8, 0x40, 0x3f, 0xfa, 0x8,
    0x9f, 0xfc, 0x0, 0xf, 0xfe, 0x9, 0x80, 0x7f,
    0xf3, 0xc6, 0xef, 0xff, 0x80, 0x20, 0x1f, 0xfc,
    0x7, 0x0, 0xff, 0xe0, 0x8, 0x7, 0xff, 0x70,
    0x80, 0x3f, 0xf8, 0x6, 0x1, 0xff, 0xdc, 0xe0,
    0xf, 0xfe, 0x0, 0x80, 0x7f, 0xf7, 0x14, 0x3,
    0xff, 0x80, 0xc0, 0x1f, 0xfd, 0xc3, 0x0, 0xff,
    0xe0, 0x68, 0x7, 0xff, 0x3c, 0x40, 0x3f, 0xf8,
    0x26, 0x1, 0xff, 0x18, 0x7, 0xff, 0x75, 0x40,
    0x3f, 0xe4, 0x0, 0xff, 0xe7, 0x10, 0x7, 0xff,
    0xb, 0x40, 0x3f, 0xf8, 0xa, 0x1, 0xff, 0xcd,
    0x50, 0xf, 0xfe, 0x12, 0x0, 0x7f, 0xf0, 0x24,
    0x3, 0xff, 0x9b, 0x80, 0x1f, 0xfc, 0x34, 0x0,
    0xff, 0x8c, 0xc0, 0x1f, 0xfc, 0xb3, 0x40, 0xf,
    0xfe, 0x1f, 0x0, 0x7f, 0xf0, 0x38, 0x3, 0xff,
    0x97, 0xe0, 0x1f, 0xfc, 0x45, 0x0, 0xff, 0xe0,
    0x14, 0x80, 0x7f, 0xf2, 0x60, 0xc0, 0x3f, 0xf8,
    0xac, 0x1, 0xff, 0xc0, 0x67, 0x0, 0xff, 0xe3,
    0xc3, 0x80, 0x7f, 0xf1, 0xa0, 0x3, 0xff, 0x83,
    0x12, 0x1, 0xff, 0xc4, 0x1b, 0x70, 0xf, 0xfe,
    0x38, 0xb0, 0x7, 0xff, 0x5, 0xb5, 0x40, 0x3f,
    0xf8, 0x3, 0x1c, 0x80, 0x1f, 0xfc, 0x98, 0x0,
    0xff, 0xe1, 0x15, 0x74, 0x20, 0x80, 0x61, 0x37,
    0xbe, 0x70, 0xe, 0x1e, 0x50, 0xf, 0xfe, 0x18,
    0xc0, 0x7, 0xff, 0xc, 0x5e, 0xfb, 0xff, 0x76,
    0x42, 0x0, 0x7c, 0x82, 0x60, 0x1f, 0xfc, 0x47,
    0x20, 0xf, 0xfe, 0xae, 0x0, 0x7f, 0xf1, 0xfc,
    0x3, 0xff, 0xa8, 0x2c, 0x1, 0xff, 0xc7, 0x2a,
    0x0, 0xff, 0xe9, 0xb0, 0x7, 0xff, 0x25, 0x64,
    0x3, 0xff, 0xa2, 0x50, 0x1, 0xff, 0xca, 0x69,
    0x0, 0xff, 0xe8, 0x70, 0x7, 0xff, 0x31, 0xac,
    0x40, 0x3f, 0xf9, 0xb6, 0x60, 0x1f, 0xfc, 0xd4,
    0xf4, 0x0, 0xff, 0xe5, 0xd, 0xa0, 0x7, 0xff,
    0x3c, 0x6e, 0xc4, 0x1, 0xff, 0xc7, 0x5f, 0x40,
    0xf, 0xfe, 0x92, 0x6e, 0x28, 0x7, 0xff, 0xd,
    0x72, 0x84, 0x3, 0xdc, 0x67, 0xfe, 0x0, 0xff,
    0xe2, 0x1d, 0x7e, 0x42, 0x98, 0x80, 0x42, 0x48,
    0xf7, 0xd4, 0x60, 0x1f, 0x9f, 0x33, 0xfc,

    /* U+0048 "H" */
    0x69, 0x9f, 0xf9, 0xc0, 0x3f, 0xf9, 0xad, 0x33,
    0xff, 0x3e, 0xb3, 0x7f, 0xd6, 0x1, 0xff, 0xcd,
    0xd6, 0x6f, 0xfa, 0xc0, 0x3f, 0xff, 0xe0, 0x1f,
    0xff, 0xf0, 0xf, 0xff, 0xf8, 0x7, 0xff, 0xfc,
    0x3, 0xff, 0xfe, 0x1, 0xff, 0xff, 0x0, 0xff,
    0xff, 0x80, 0x7f, 0xff, 0xc0, 0x3f, 0xff, 0xe0,
    0x1f, 0xff, 0xf0, 0xf, 0xff, 0xf8, 0x7, 0xff,
    0xfc, 0x3, 0xff, 0xfe, 0x1, 0xff, 0xff, 0x0,
    0xff, 0xff, 0x80, 0x7f, 0xff, 0xc0, 0x3f, 0xff,
    0xe0, 0x1f, 0xff, 0xf0, 0xf, 0xff, 0xf8, 0x7,
    0xff, 0xc, 0xff, 0xff, 0xf9, 0xa8, 0x1, 0xff,
    0xff, 0x0, 0xff, 0xff, 0x80, 0x7f, 0xff, 0xc0,
    0x3f, 0xff, 0xe0, 0x1f, 0xff, 0xf0, 0xf, 0xff,
    0xf8, 0x7, 0xff, 0x59, 0x13, 0xff, 0x9a, 0x20,
    0x1f, 0xfc, 0xc3, 0xbb, 0xff, 0xe6, 0xa8, 0x7,
    0xff, 0xfc, 0x3, 0xff, 0xfe, 0x1, 0xff, 0xff,
    0x0, 0xff, 0xff, 0x80, 0x7f, 0xff, 0xc0, 0x3f,
    0xff, 0xe0, 0x1f, 0xff, 0xf0, 0xf, 0xff, 0xf8,
    0x7, 0xff, 0xfc, 0x3, 0xff, 0xfe, 0x1, 0xff,
    0xff, 0x0, 0xff, 0xff, 0x80, 0x7f, 0xff, 0xc0,
    0x3f, 0xff, 0xe0, 0x1f, 0xff, 0xf0, 0xf, 0xff,
    0xf8, 0x7, 0xff, 0xfc, 0x3, 0xff, 0xfe, 0x1,
    0xff, 0xff, 0x0, 0xff, 0xfb, 0x0,

    /* U+0049 "I" */
    0x3f, 0xff, 0xfe, 0x87, 0x0, 0x7f, 0xff, 0xc0,
    0x3f, 0xff, 0xe0, 0x1f, 0xff, 0xf0, 0xf, 0xff,
    0x9, 0xff, 0xfe, 0x10, 0xf, 0xf9, 0xbf, 0xfe,
    0xe0, 0xf, 0xff, 0xf8, 0x7, 0xff, 0xfc, 0x3,
    0xff, 0xfe, 0x1, 0xff, 0xff, 0x0, 0xff, 0xff,
    0x80, 0x7f, 0xff, 0xc0, 0x3f, 0xff, 0xe0, 0x1f,
    0xff, 0xf0, 0xf, 0xff, 0xf8, 0x7, 0xff, 0xfc,
    0x3, 0xff, 0xfe, 0x1, 0xff, 0xff, 0x0, 0xff,
    0xff, 0x80, 0x7f, 0xff, 0xc0, 0x3f, 0xff, 0xe0,
    0x1f, 0xff, 0xf0, 0xf, 0xff, 0xf8, 0x7, 0xff,
    0xfc, 0x3, 0xff, 0xfe, 0x1, 0xff, 0xff, 0x3f,
    0xff, 0xc2, 0x1, 0xff, 0x37, 0xff, 0xdc, 0x1,
    0xff, 0xff, 0x0, 0xff, 0xff, 0x80, 0x7f, 0xff,
    0xc0, 0x3f, 0xfc, 0x20,

    /* U+004A "J" */
    0x0, 0xfc, 0x9f, 0xff, 0xfd, 0x39, 0x0, 0xff,
    0xff, 0x80, 0x7f, 0xff, 0xc0, 0x3f, 0xff, 0xe0,
    0x1f, 0xff, 0xf0, 0xf, 0xff, 0xf8, 0x1, 0xa6,
    0x7f, 0xf8, 0xe0, 0x1f, 0xfc, 0x92, 0x66, 0xff,
    0xe3, 0x88, 0x7, 0xff, 0xfc, 0x3, 0xff, 0xfe,
    0x1, 0xff, 0xff, 0x0, 0xff, 0xff, 0x80, 0x7f,
    0xff, 0xc0, 0x3f, 0xff, 0xe0, 0x1f, 0xff, 0xf0,
    0xf, 0xff, 0xf8, 0x7, 0xff, 0xfc, 0x3, 0xff,
    0xfe, 0x1, 0xff, 0xff, 0x0, 0xff, 0xff, 0x80,
    0x7f, 0xff, 0xc0, 0x3f, 0xff, 0xe0, 0x1f, 0xff,
    0xf0, 0xf, 0xff, 0xf8, 0x7, 0xff, 0xfc, 0x3,
    0xff, 0xfe, 0x1, 0xff, 0xff, 0x0, 0xff, 0xff,
    0x80, 0x7f, 0xff, 0xc0, 0x3f, 0xfc, 0x2, 0x90,
    0xe0, 0x1f, 0xfd, 0x53, 0x7a, 0xee, 0x5b, 0xd0,
    0x7, 0xff, 0x10, 0x40, 0x3f, 0xf8, 0x9, 0x39,
    0xf9, 0xa, 0x20, 0x11, 0x0, 0x7f, 0xf4, 0x7,
    0x18, 0xc0, 0x3f, 0x94, 0x3, 0xff, 0x84, 0x40,
    0x1f, 0xfc, 0x1c, 0x0, 0xff, 0xbc, 0x3, 0xff,
    0x84, 0xe0, 0x1f, 0xfc, 0xe, 0x50, 0xf, 0xf9,
    0x44, 0x3, 0xff, 0x83, 0xe0, 0x1f, 0xfc, 0x2,
    0x12, 0x0, 0xff, 0xa0, 0x3, 0xff, 0x80, 0x2a,
    0x1, 0xff, 0xc0, 0x60, 0x50, 0xf, 0xf9, 0x90,
    0x3, 0xfe, 0xa0, 0xf, 0xfe, 0x0, 0x90, 0x50,
    0x7, 0xff, 0x2, 0xd0, 0x3, 0xfa, 0x90, 0x3,
    0xff, 0x80, 0x80, 0x2, 0x30, 0xf, 0xfe, 0x5,
    0xd9, 0x44, 0x2, 0x27, 0xe5, 0x0, 0xff, 0xe0,
    0xf8, 0x5, 0x40, 0x1f, 0xfc, 0x14, 0xae, 0xff,
    0xb6, 0x4, 0x3, 0xff, 0x82, 0x2a, 0x1, 0x31,
    0x0, 0x7f, 0xf5, 0x98, 0x3, 0xa4, 0x3, 0xff,
    0xaa, 0x30, 0x1, 0xc8, 0x80, 0xf, 0xfe, 0xa5,
    0x80, 0x7d, 0x44, 0x1, 0xff, 0xd2, 0x65, 0x0,
    0xf8, 0x7c, 0x3, 0xff, 0xa2, 0xb2, 0x1, 0xfc,
    0x56, 0x1, 0xff, 0xcf, 0x6a, 0x0, 0xff, 0x93,
    0x48, 0x3, 0xff, 0x99, 0x32, 0x0, 0xff, 0xe0,
    0x96, 0xb8, 0x7, 0xff, 0x25, 0xb9, 0x80, 0x3f,
    0xf8, 0x91, 0xd0, 0x40, 0x1f, 0xfc, 0x32, 0x7e,
    0x91, 0x0, 0xff, 0xe3, 0xb, 0xee, 0xa5, 0x90,
    0x84, 0x2, 0x12, 0x46, 0x9d, 0xd4, 0x8, 0x7,
    0xf8,

    /* U+004B "K" */
    0x69, 0x9f, 0xf9, 0xc0, 0x3f, 0xf9, 0x8f, 0x33,
    0xff, 0xc1, 0x20, 0x6, 0xb3, 0x7f, 0xd6, 0x1,
    0xff, 0xcb, 0x58, 0x66, 0xff, 0xe0, 0x11, 0x0,
    0x3f, 0xfb, 0x23, 0x60, 0x1f, 0xfc, 0x1, 0xa0,
    0xf, 0xfe, 0xd5, 0x8, 0x7, 0xff, 0x2, 0x84,
    0x3, 0xff, 0xb2, 0xc8, 0x1, 0xff, 0xc0, 0x74,
    0x0, 0xff, 0xec, 0x94, 0x80, 0x7f, 0xf0, 0xe,
    0x0, 0x3f, 0xfb, 0x5c, 0x1, 0xff, 0xc0, 0x1d,
    0x0, 0xff, 0xed, 0x39, 0x80, 0x7f, 0xf0, 0x2c,
    0x40, 0x3f, 0xfb, 0x27, 0x0, 0x1f, 0xfc, 0x6,
    0x50, 0xf, 0xfe, 0xd7, 0x0, 0x7f, 0xf0, 0xa,
    0x40, 0x3f, 0xfb, 0x50, 0x40, 0x1f, 0xfc, 0xf,
    0x0, 0xff, 0xed, 0x1b, 0x80, 0x7f, 0xf0, 0x24,
    0x80, 0x3f, 0xfb, 0x5c, 0x1, 0xff, 0xc0, 0x56,
    0x0, 0xff, 0xed, 0x49, 0x0, 0x7f, 0xc5, 0x40,
    0x1f, 0xfd, 0xa4, 0x60, 0xf, 0xfe, 0x7, 0x0,
    0x7f, 0xf6, 0x86, 0x80, 0x3f, 0xf8, 0x10, 0x60,
    0x1f, 0xfd, 0xab, 0x10, 0xf, 0xf9, 0x1c, 0x3,
    0xff, 0xb4, 0xca, 0x1, 0xff, 0xd, 0x0, 0x7f,
    0xf6, 0x86, 0x40, 0x3f, 0xf8, 0x14, 0x20, 0x1f,
    0xfd, 0xaa, 0x0, 0xff, 0xe0, 0x3a, 0x0, 0x7f,
    0xf6, 0x9d, 0x0, 0x3f, 0xe3, 0x80, 0xf, 0xfe,
    0xd1, 0x40, 0x7, 0xff, 0x3, 0x80, 0x3f, 0xfb,
    0x7c, 0x1, 0xff, 0xc0, 0xa2, 0x0, 0xff, 0xed,
    0x41, 0x80, 0x7f, 0xcc, 0xa0, 0x1f, 0xfd, 0x27,
    0x0, 0xf8, 0x9c, 0x3, 0xfe, 0x29, 0x0, 0xff,
    0xed, 0xf0, 0x7, 0xff, 0x3, 0xc0, 0x3f, 0xfa,
    0x82, 0x1, 0xe7, 0x30, 0xf, 0xfa, 0x48, 0x3,
    0xff, 0xa8, 0x60, 0x1c, 0x50, 0x1, 0xff, 0x2b,
    0x0, 0x7f, 0xf5, 0x44, 0x3, 0xa4, 0x3, 0xfe,
    0x1b, 0x0, 0xff, 0xed, 0xb2, 0x0, 0x7f, 0xda,
    0x20, 0x1f, 0xfd, 0x6f, 0x0, 0x86, 0x0, 0x3f,
    0xf8, 0x4, 0x1, 0xff, 0xd7, 0x10, 0xa, 0xc4,
    0x3, 0xff, 0x81, 0x0, 0x1f, 0xfd, 0x73, 0x0,
    0x2a, 0x80, 0x3f, 0xf8, 0x2c, 0x60, 0x1f, 0xfd,
    0x61, 0x1, 0xb0, 0xf, 0xfe, 0x1f, 0x80, 0x7f,
    0xf6, 0x20, 0x40, 0x3f, 0xf8, 0x66, 0xa0, 0x1f,
    0xfd, 0x53, 0x66, 0x0, 0x7f, 0xf1, 0x60, 0x3,
    0xff, 0xab, 0x12, 0x1, 0xff, 0xc6, 0x27, 0x0,
    0xff, 0xf4, 0xc0, 0x80, 0x7f, 0xf7, 0x4, 0x3,
    0xff, 0x81, 0x0, 0x1f, 0xfd, 0xb7, 0xb0, 0xf,
    0xfe, 0x3, 0x18, 0x7, 0xff, 0x64, 0xe1, 0x4c,
    0x3, 0xff, 0x81, 0xe0, 0x1f, 0xfd, 0x81, 0xe0,
    0x4, 0x0, 0x7f, 0xf0, 0xd, 0x40, 0x3f, 0xfa,
    0xf6, 0x40, 0x4, 0x40, 0x7, 0xff, 0x2, 0x0,
    0x3f, 0xfa, 0xcc, 0xa0, 0x1a, 0x0, 0x3f, 0xf8,
    0x4, 0xe0, 0x1f, 0xfd, 0x43, 0x90, 0xe, 0x35,
    0x0, 0xff, 0xe0, 0x40, 0x80, 0x7f, 0xf4, 0xf8,
    0x3, 0xe8, 0x0, 0xff, 0xe0, 0xc0, 0x7, 0xff,
    0x4a, 0x88, 0x3, 0xe2, 0x60, 0xf, 0xfe, 0x3,
    0x18, 0x7, 0xff, 0x41, 0x94, 0x3, 0xfa, 0x0,
    0x3f, 0xf8, 0x3e, 0x1, 0xff, 0xcf, 0x39, 0x0,
    0xff, 0xb, 0x80, 0x7f, 0xf0, 0xd, 0x40, 0x3f,
    0xf9, 0xdc, 0x1, 0xff, 0xc0, 0x81, 0x0, 0xff,
    0xe0, 0x40, 0x7, 0xff, 0x34, 0xc8, 0x3, 0xff,
    0x83, 0x0, 0x1f, 0xfc, 0x2, 0x70, 0xf, 0xfe,
    0xdb, 0x10, 0x7, 0xff, 0x2, 0x4, 0x3, 0xff,
    0xb7, 0x0, 0x1f, 0xfc, 0x18, 0x0, 0xff, 0xed,
    0xa9, 0x80, 0x7f, 0xf0, 0x18, 0xc0, 0x3f, 0xfb,
    0x70, 0x1, 0xff, 0xc1, 0xf0, 0xf, 0xfe, 0xda,
    0x20, 0x3, 0xff, 0x80, 0x6a, 0x1, 0xff, 0xdb,
    0x80, 0xf, 0xfe, 0xd, 0x80, 0x7f, 0xf6, 0xcd,
    0x40, 0x3f, 0xf8, 0x2, 0xe0, 0x1f, 0xfd, 0xb8,
    0x0, 0xff, 0xe0, 0xc0, 0x80, 0x7f, 0xf6, 0x89,
    0x80, 0x3f, 0xf8, 0x36, 0x1, 0xff, 0xdb, 0x80,
    0xf, 0xfe, 0xa, 0x98, 0x7, 0xff, 0x68, 0x5c,
    0x3, 0xff, 0x83, 0xe0, 0x1f, 0xfd, 0xb8, 0x10,
    0xf, 0xfe, 0x1, 0xa8, 0x7, 0xff, 0x6e, 0x40,
    0x3f, 0xf8, 0x36, 0x1, 0xff, 0xdb, 0x72, 0x0,
    0xff, 0xe0, 0xb, 0x80, 0x7f, 0xf6, 0xe0, 0x3,
    0xff, 0x83, 0x2, 0x1, 0xff, 0xda, 0x52, 0x0,
    0xff, 0xe0, 0xd8, 0x7, 0xff, 0x6e, 0x40, 0x3f,
    0xf8, 0x2a, 0x60, 0x1f, 0xfd, 0xa4, 0x30, 0xf,
    0xfe, 0xf, 0x80, 0x7f, 0xf6, 0xfc, 0x3, 0xff,
    0x82, 0x6a, 0x1, 0xff, 0xda, 0x35, 0x0, 0xff,
    0xe0, 0xd8, 0x0,

    /* U+004C "L" */
    0x58, 0x8f, 0xf9, 0x80, 0x3f, 0xf9, 0xbc, 0xef,
    0xff, 0x50, 0x7, 0xff, 0xfc, 0x3, 0xff, 0xfe,
    0x1, 0xff, 0xff, 0x0, 0xff, 0xff, 0x80, 0x7f,
    0xff, 0xc0, 0x3f, 0xff, 0xe0, 0x1f, 0xff, 0xf0,
    0xf, 0xff, 0xf8, 0x7, 0xff, 0xfc, 0x3, 0xff,
    0xfe, 0x1, 0xff, 0xff, 0x0, 0xff, 0xff, 0x80,
    0x7f, 0xff, 0xc0, 0x3f, 0xff, 0xe0, 0x1f, 0xff,
    0xf0, 0xf, 0xff, 0xf8, 0x7, 0xff, 0xfc, 0x3,
    0xff, 0xfe, 0x1, 0xff, 0xff, 0x0, 0xff, 0xff,
    0x80, 0x7f, 0xff, 0xc0, 0x3f, 0xff, 0xe0, 0x1f,
    0xff, 0xf0, 0xf, 0xff, 0xf8, 0x7, 0xff, 0xfc,
    0x3, 0xff, 0xfe, 0x1, 0xff, 0xff, 0x0, 0xff,
    0xff, 0x80, 0x7f, 0xff, 0xc0, 0x3f, 0xfe, 0xc7,
    0xff, 0xff, 0xcc, 0x40, 0xf, 0xff, 0xf8, 0x7,
    0xff, 0xfc, 0x3, 0xff, 0xfe, 0x1, 0xff, 0xff,
    0x0, 0xff, 0xff, 0x80, 0x70,

    /* U+004D "M" */
    0x46, 0x6f, 0xfe, 0x8, 0x7, 0xff, 0x4c, 0x99,
    0xbf, 0xf8, 0x25, 0xf3, 0x3f, 0xfc, 0x16, 0x0,
    0xff, 0xe9, 0x4c, 0xff, 0xf0, 0x90, 0x3, 0xff,
    0x85, 0x60, 0x1f, 0xfd, 0x12, 0x40, 0xf, 0xfe,
    0x81, 0x28, 0x7, 0xff, 0x42, 0xc0, 0x3f, 0xfa,
    0x52, 0x1, 0xff, 0xcf, 0x16, 0x0, 0xff, 0xe9,
    0x19, 0x80, 0x3f, 0xf9, 0xcc, 0x1, 0xff, 0xd4,
    0x90, 0xf, 0xfe, 0x74, 0x80, 0x7f, 0xf5, 0x14,
    0x80, 0x3f, 0xf9, 0x8a, 0x20, 0x1f, 0xfd, 0x5b,
    0x0, 0xff, 0xe6, 0x40, 0x7, 0xff, 0x59, 0x84,
    0x3, 0xff, 0x94, 0x84, 0x1, 0xff, 0xd7, 0x60,
    0xf, 0xfe, 0x57, 0x80, 0x7f, 0xf6, 0x24, 0x3,
    0xff, 0x92, 0x48, 0x1, 0xff, 0xd8, 0x16, 0x0,
    0xff, 0xe4, 0x58, 0x7, 0xff, 0x6a, 0xc0, 0x3f,
    0xf8, 0xe2, 0xc0, 0x1f, 0xfd, 0xa2, 0x50, 0xf,
    0xfe, 0x33, 0x0, 0x7f, 0xf7, 0x24, 0x3, 0xff,
    0x8d, 0x20, 0x1f, 0xfd, 0xc3, 0x30, 0x7, 0xff,
    0x11, 0x84, 0x3, 0xff, 0xbb, 0x20, 0x1f, 0xfc,
    0x4b, 0x0, 0xff, 0xef, 0x29, 0x0, 0x7f, 0xf0,
    0x90, 0x80, 0x3f, 0xfa, 0x95, 0xc0, 0x1f, 0xd6,
    0x1, 0xff, 0xc2, 0xf0, 0xf, 0xc7, 0xea, 0x1,
    0xff, 0xca, 0x31, 0x40, 0xf, 0xcc, 0x20, 0x1f,
    0xfc, 0x2, 0x40, 0xf, 0xd4, 0x2, 0x1, 0xff,
    0xca, 0x10, 0xf0, 0xf, 0xe6, 0x0, 0xff, 0xe0,
    0x58, 0x7, 0xf3, 0x3, 0x80, 0x7f, 0xf2, 0xbc,
    0x10, 0x40, 0x3f, 0x48, 0x7, 0xfc, 0x2c, 0x1,
    0xf9, 0x80, 0x2, 0x1, 0xff, 0xca, 0x10, 0x4,
    0x80, 0x7e, 0x16, 0x0, 0xff, 0x30, 0x7, 0xf5,
    0x0, 0xc, 0x3, 0xff, 0x94, 0x60, 0x6, 0x0,
    0xfe, 0xa0, 0xf, 0xf5, 0x0, 0x7e, 0x33, 0x0,
    0x4, 0x3, 0xff, 0x94, 0x20, 0x1, 0x50, 0xf,
    0xc6, 0x20, 0x1f, 0x8c, 0x80, 0x3f, 0x50, 0x7,
    0xff, 0x39, 0xc0, 0x2e, 0x0, 0xfe, 0x60, 0xf,
    0xd6, 0x1, 0xfc, 0xc0, 0x1, 0x0, 0xff, 0xe5,
    0x88, 0x4, 0x84, 0x1, 0xfa, 0x80, 0x3f, 0x30,
    0x7, 0xe6, 0x0, 0x8c, 0x3, 0xff, 0x96, 0x60,
    0x1a, 0x80, 0x3f, 0x11, 0x0, 0x3c, 0x82, 0x1,
    0xfa, 0x80, 0x21, 0x0, 0xff, 0xe5, 0x88, 0x6,
    0x60, 0xf, 0xea, 0x0, 0xf6, 0x80, 0x7e, 0x33,
    0x0, 0x4c, 0x1, 0xff, 0xcc, 0x10, 0x8, 0x54,
    0x3, 0xf2, 0x80, 0x79, 0x80, 0x3f, 0x50, 0x6,
    0x30, 0xf, 0xfe, 0x8c, 0x80, 0x7e, 0x23, 0x0,
    0xca, 0x1, 0xf8, 0x58, 0x3, 0xff, 0xac, 0x66,
    0x0, 0xfd, 0x40, 0x1b, 0xc0, 0x3f, 0x48, 0x7,
    0xff, 0x62, 0x0, 0x3f, 0x38, 0x6, 0x50, 0xf,
    0xcc, 0x1, 0xff, 0xd8, 0x42, 0x0, 0xf8, 0x50,
    0x0, 0xc0, 0x1f, 0x9c, 0x40, 0x3f, 0xfb, 0x30,
    0x1, 0xfb, 0x80, 0x1a, 0x1, 0xfa, 0x40, 0x3f,
    0xfb, 0x4a, 0x20, 0x1f, 0x28, 0xa, 0x0, 0x7c,
    0xc2, 0x1, 0xff, 0xdb, 0x90, 0xf, 0xcc, 0xc0,
    0xf, 0xd6, 0x1, 0xff, 0xdc, 0x71, 0x0, 0xfa,
    0x60, 0x3, 0xe5, 0x20, 0xf, 0xfe, 0xeb, 0x0,
    0x7f, 0xf1, 0x24, 0x3, 0xff, 0xbd, 0x20, 0x1f,
    0xfc, 0x33, 0x30, 0x7, 0xff, 0x78, 0x58, 0x3,
    0xff, 0x85, 0x0, 0x1f, 0xfe, 0xb, 0x0, 0xff,
    0xe0, 0x92, 0x0, 0x7f, 0xf8, 0x9, 0x0, 0x3f,
    0xf8, 0x10, 0x1, 0xff, 0xe2, 0x80, 0xf, 0xf8,
    0x94, 0x3, 0xff, 0xc4, 0x66, 0x0, 0xff, 0x58,
    0x7, 0xff, 0x92, 0x0, 0x3f, 0x85, 0x80, 0x3f,
    0xfc, 0x88, 0x40, 0x1f, 0xa4, 0x3, 0xff, 0xcd,
    0x60, 0x1f, 0x98, 0x3, 0xff, 0xcc, 0xc2, 0x1,
    0xe7, 0x10, 0xf, 0xff, 0x3c, 0x80, 0x7a, 0x40,
    0x3f, 0xfd, 0xe, 0x1, 0xca, 0x20, 0x1f, 0xfe,
    0x97, 0x0, 0xd0, 0x1, 0xff, 0xea, 0x90, 0x9,
    0x8, 0x3, 0xff, 0xd4, 0x2a, 0x0, 0x80, 0xf,
    0xff, 0x64, 0x1, 0x98, 0x3, 0xff, 0xd8, 0x49,
    0x0, 0x1f, 0xfe, 0xe9, 0x40, 0xf, 0xff, 0x71,
    0x0, 0x7f, 0xff, 0xc0, 0x3f, 0xff, 0xe0, 0x1f,
    0xff, 0xf0, 0xf, 0xff, 0xf8, 0x7, 0xff, 0xfc,
    0x3, 0xff, 0xfe, 0x1, 0xff, 0xff, 0x0, 0xff,
    0xff, 0x80, 0x7f, 0xff, 0xc0, 0x3f, 0xff, 0xe0,

    /* U+004E "N" */
    0x23, 0x3f, 0xfe, 0x8, 0x7, 0xff, 0x34, 0xcf,
    0xfe, 0x29, 0xcc, 0xff, 0xe0, 0xc0, 0x7, 0xff,
    0x33, 0x33, 0xfe, 0xe0, 0xf, 0xfe, 0x13, 0x88,
    0x7, 0xff, 0x9a, 0x40, 0x3f, 0xfc, 0xcc, 0x1,
    0xff, 0xe6, 0x17, 0x0, 0xff, 0xf3, 0x48, 0x7,
    0xff, 0x98, 0x5c, 0x3, 0xff, 0xcd, 0x20, 0x1f,
    0xfe, 0x61, 0x60, 0xf, 0xff, 0x34, 0x0, 0x7f,
    0xf9, 0x85, 0x80, 0x3f, 0xfc, 0xd6, 0x1, 0xff,
    0xe6, 0x25, 0x0, 0xff, 0xf3, 0x40, 0x7, 0xff,
    0x98, 0x94, 0x3, 0xff, 0xcd, 0x20, 0x1f, 0xfe,
    0x63, 0x40, 0xf, 0xff, 0x34, 0x0, 0x7f, 0xf6,
    0xeb, 0x80, 0x3f, 0x8d, 0x0, 0x3f, 0xfb, 0x46,
    0x28, 0x1, 0xfd, 0xe0, 0x1f, 0xfd, 0xa1, 0xf,
    0x0, 0xfe, 0x43, 0x0, 0xff, 0xec, 0xf8, 0x20,
    0x80, 0x7f, 0x40, 0x7, 0xff, 0x64, 0x40, 0x12,
    0x1, 0xfc, 0x86, 0x1, 0xff, 0xd8, 0x30, 0x3,
    0x0, 0x7f, 0xa4, 0x3, 0xff, 0xb0, 0x20, 0x1,
    0x50, 0xf, 0xe5, 0x20, 0xf, 0xfe, 0xbb, 0x80,
    0x5c, 0x1, 0xfe, 0x80, 0xf, 0xfe, 0xb8, 0x80,
    0x48, 0x40, 0x1f, 0xca, 0x40, 0x1f, 0xfd, 0x63,
    0x0, 0xd4, 0x1, 0xfe, 0xb0, 0xf, 0xfe, 0xb0,
    0x80, 0x66, 0x0, 0xff, 0x30, 0x80, 0x7f, 0xf6,
    0x85, 0x40, 0x3f, 0xd0, 0x1, 0xff, 0xd6, 0x10,
    0xd, 0x20, 0x1f, 0xe6, 0x10, 0xf, 0xfe, 0xd1,
    0x98, 0x3, 0xfd, 0x20, 0x1f, 0xfd, 0xb8, 0x0,
    0xff, 0x38, 0x80, 0x7f, 0xf6, 0x90, 0xc0, 0x3f,
    0xd2, 0x1, 0xff, 0xdb, 0x80, 0xf, 0xf3, 0x80,
    0x7f, 0xf6, 0xd0, 0xc0, 0x3f, 0xce, 0x1, 0xff,
    0xdb, 0x90, 0xf, 0xf4, 0x80, 0x7f, 0xf6, 0xd4,
    0x80, 0x3f, 0x85, 0xc0, 0x3f, 0xfb, 0x70, 0x1,
    0xfe, 0x90, 0xf, 0xfe, 0xda, 0x90, 0x7, 0xf0,
    0xb0, 0x7, 0xff, 0x6e, 0xc0, 0x3f, 0xd6, 0x1,
    0xc2, 0x1, 0xff, 0xd5, 0x61, 0x0, 0xfe, 0x23,
    0x0, 0xc6, 0x1, 0xff, 0xd6, 0x80, 0xf, 0xf4,
    0x80, 0x61, 0x0, 0xff, 0xeb, 0x30, 0x80, 0x7f,
    0x28, 0x80, 0x4e, 0x1, 0xff, 0xd7, 0x90, 0xf,
    0xf3, 0x0, 0x42, 0x1, 0xff, 0xd7, 0x71, 0x0,
    0xfe, 0xa0, 0x8, 0xc0, 0x3f, 0xfb, 0x12, 0x1,
    0xfc, 0x48, 0x0, 0x10, 0xf, 0xfe, 0xc3, 0x80,
    0x7f, 0xb8, 0x1, 0xe0, 0x1f, 0xfd, 0x97, 0x0,
    0xfe, 0x51, 0x1, 0x0, 0xff, 0xec, 0xc8, 0x7,
    0xf9, 0x80, 0xc0, 0x3f, 0xfb, 0x22, 0xe0, 0x1f,
    0xd4, 0x2, 0x1, 0xff, 0xda, 0x90, 0xf, 0xe2,
    0x62, 0x0, 0xff, 0xed, 0xb, 0x0, 0x7f, 0x4c,
    0x80, 0x3f, 0xfb, 0x70, 0x1, 0xff, 0xe6, 0x16,
    0x0, 0xff, 0xf3, 0x58, 0x7, 0xff, 0x98, 0x94,
    0x3, 0xff, 0xcd, 0x0, 0x1f, 0xfe, 0x62, 0x50,
    0xf, 0xff, 0x34, 0x0, 0x7f, 0xf9, 0x89, 0x0,
    0x3f, 0xfc, 0xd0, 0x1, 0xff, 0xe6, 0x34, 0x0,
    0xff, 0xf3, 0x40, 0x7, 0xff, 0x98, 0xcc, 0x1,
    0xff, 0xe6, 0x80, 0xf, 0xff, 0x32, 0x18, 0x7,
    0xff, 0x9a, 0x0, 0x3f, 0xfc, 0xc8, 0x40, 0x1f,
    0xfe, 0x68, 0x0, 0xff, 0xe1, 0x0,

    /* U+004F "O" */
    0x0, 0xff, 0xe4, 0xa, 0xc5, 0x67, 0x73, 0xfd,
    0xdc, 0xdb, 0x86, 0x20, 0xf, 0xfe, 0xc9, 0x46,
    0xf5, 0x3a, 0x98, 0x88, 0x0, 0x22, 0x24, 0x79,
    0xde, 0x94, 0x0, 0xff, 0xea, 0x26, 0x6b, 0x90,
    0x7, 0xff, 0x10, 0x5a, 0xf5, 0x80, 0x3f, 0xfa,
    0x7, 0x96, 0x60, 0x1f, 0xfc, 0xa2, 0x9e, 0x50,
    0xf, 0xfe, 0x6c, 0x61, 0x80, 0x7f, 0xf3, 0x86,
    0xa8, 0x20, 0x1f, 0xfc, 0x91, 0xb7, 0x0, 0xff,
    0xe9, 0x2e, 0x10, 0x7, 0xff, 0x1c, 0x71, 0x0,
    0x3f, 0xfa, 0x85, 0x86, 0x1, 0xff, 0xc5, 0x1c,
    0x20, 0xf, 0xfe, 0xb0, 0xe9, 0x0, 0x7f, 0xf1,
    0x34, 0x80, 0x3f, 0xfb, 0x3, 0x82, 0x1, 0xff,
    0xc2, 0x83, 0x0, 0xff, 0xed, 0xd, 0x0, 0x7f,
    0xf0, 0x4d, 0xc0, 0x3f, 0xfb, 0x88, 0xc0, 0x1f,
    0xfc, 0xe, 0x0, 0xff, 0xe2, 0x24, 0x56, 0x6e,
    0xb2, 0xe1, 0x40, 0x3f, 0xf8, 0x92, 0x20, 0x1f,
    0xe6, 0x20, 0xf, 0xfe, 0x8, 0xc7, 0x5b, 0xa9,
    0x91, 0xd, 0x1e, 0xbe, 0x48, 0x3, 0xff, 0x85,
    0x0, 0x1f, 0xe8, 0x0, 0xff, 0xe0, 0xaf, 0xb8,
    0x80, 0x7f, 0xcd, 0xae, 0x1, 0xff, 0xc1, 0x62,
    0x0, 0xfc, 0xc2, 0x1, 0xff, 0xc0, 0x7a, 0x10,
    0xf, 0xfe, 0x1c, 0x50, 0x7, 0xff, 0x6, 0xc0,
    0x3f, 0x58, 0x7, 0xff, 0x1, 0xa0, 0x3, 0xff,
    0x8c, 0xb2, 0x1, 0xff, 0xc0, 0x60, 0xf, 0x8c,
    0x80, 0x3f, 0xe2, 0x90, 0xf, 0xfe, 0x43, 0x28,
    0x7, 0xff, 0x1, 0x80, 0x3d, 0x40, 0x1f, 0xfc,
    0xe, 0x0, 0xff, 0xe5, 0x58, 0x80, 0x7f, 0xd4,
    0x1, 0xe7, 0x0, 0xff, 0x90, 0xc0, 0x3f, 0xf9,
    0x42, 0xc0, 0x1f, 0xf1, 0x88, 0x6, 0x31, 0x0,
    0xff, 0xbc, 0x3, 0xff, 0x99, 0x20, 0x1f, 0xfc,
    0x7, 0x0, 0xd6, 0x1, 0xff, 0xa, 0x0, 0x7f,
    0xf3, 0x5, 0x0, 0x3f, 0xed, 0x0, 0xc6, 0x1,
    0xff, 0x20, 0x7, 0xff, 0x3b, 0x0, 0x3f, 0xe5,
    0x0, 0xc8, 0x1, 0xff, 0x68, 0x7, 0xff, 0x39,
    0x0, 0x3f, 0xe1, 0x20, 0x1, 0x80, 0x7f, 0xf0,
    0x10, 0x3, 0xff, 0x9c, 0x60, 0x1f, 0xfc, 0x4,
    0x0, 0x30, 0x7, 0xff, 0x0, 0x80, 0x3f, 0xf9,
    0xe2, 0x1, 0xff, 0x70, 0x3, 0x40, 0x3f, 0xf8,
    0x2, 0x1, 0xff, 0xcf, 0x30, 0xf, 0xf8, 0xc0,
    0x4, 0x1, 0xff, 0xdc, 0x10, 0xf, 0xf9, 0x80,
    0xc, 0x1, 0xff, 0x8, 0x7, 0xff, 0x41, 0xc0,
    0x3f, 0xe2, 0x0, 0x10, 0x7, 0xff, 0xa4, 0x40,
    0x40, 0x3f, 0xfd, 0x26, 0x20, 0x1f, 0xfe, 0xa6,
    0x30, 0xf, 0xff, 0x50, 0x88, 0x3, 0xff, 0xd4,
    0x60, 0x1f, 0xff, 0xf0, 0xf, 0xfe, 0xc0, 0xb8,
    0x7, 0xff, 0xfc, 0x3, 0xff, 0xfe, 0x1, 0xff,
    0xc5, 0x70, 0xf, 0xff, 0xf8, 0x7, 0xff, 0x5c,
    0x40, 0x3f, 0xfd, 0x82, 0x1, 0xff, 0xea, 0x33,
    0x0, 0x7f, 0xfa, 0x84, 0x40, 0x1f, 0xfe, 0xa6,
    0x1, 0x0, 0xff, 0xf4, 0x98, 0x10, 0x7, 0xff,
    0xa4, 0x41, 0x80, 0x3f, 0xe1, 0x0, 0xff, 0xe8,
    0x38, 0x7, 0xfc, 0x40, 0x2, 0x0, 0xff, 0xee,
    0x8, 0x7, 0xfc, 0xc0, 0xd, 0x0, 0xff, 0xe0,
    0x8, 0x7, 0xff, 0x3c, 0xc0, 0x3f, 0xe3, 0x0,
    0x30, 0x7, 0xff, 0x0, 0x80, 0x3f, 0xf9, 0xe2,
    0x1, 0xff, 0x70, 0x0, 0xc0, 0x3f, 0xf8, 0x8,
    0x1, 0xff, 0xce, 0x30, 0xf, 0xfe, 0x2, 0x0,
    0x48, 0x1, 0xff, 0x68, 0x7, 0xff, 0x39, 0x0,
    0x3f, 0xe1, 0x20, 0x8, 0xc0, 0x3f, 0xe4, 0x0,
    0xff, 0xe7, 0x60, 0x7, 0xfc, 0xa0, 0x1a, 0xc0,
    0x3f, 0xe1, 0x40, 0xf, 0xfe, 0x60, 0xa0, 0x7,
    0xfd, 0xa0, 0x18, 0xc4, 0x3, 0xfe, 0xf0, 0xf,
    0xfe, 0x64, 0x80, 0x7f, 0xf0, 0x1c, 0x3, 0x9c,
    0x3, 0xfe, 0x43, 0x0, 0xff, 0xe5, 0xb, 0x0,
    0x7f, 0xc6, 0x20, 0x1d, 0x40, 0x1f, 0xfc, 0xe,
    0x0, 0xff, 0xe5, 0x58, 0x80, 0x7f, 0xd4, 0x1,
    0xe3, 0x20, 0xf, 0xf8, 0xa4, 0x3, 0xff, 0x90,
    0xca, 0x1, 0xff, 0xc0, 0x60, 0xf, 0xac, 0x3,
    0xff, 0x80, 0xd0, 0x1, 0xff, 0xc6, 0x59, 0x0,
    0xff, 0xe0, 0x30, 0x7, 0xe6, 0x10, 0xf, 0xfe,
    0x3, 0xd0, 0x80, 0x7f, 0xf0, 0xe2, 0x80, 0x3f,
    0xf8, 0x36, 0x1, 0xfd, 0x0, 0x1f, 0xfc, 0x15,
    0xf7, 0x10, 0xf, 0xf9, 0xb5, 0xc0, 0x3f, 0xf8,
    0x2c, 0x40, 0x1f, 0xcc, 0x40, 0x1f, 0xfc, 0x11,
    0x8e, 0xb7, 0x43, 0x22, 0x91, 0xeb, 0xe4, 0x80,
    0x3f, 0xf8, 0x50, 0x1, 0xff, 0x48, 0x7, 0xff,
    0x11, 0x22, 0xf3, 0x76, 0xb8, 0x50, 0xf, 0xfe,
    0x24, 0x88, 0x7, 0xfc, 0x8e, 0x1, 0xff, 0xdc,
    0x46, 0x0, 0xff, 0xe0, 0xc1, 0x80, 0x7f, 0xf6,
    0x86, 0x80, 0x3f, 0xf8, 0x7a, 0x40, 0x1f, 0xfd,
    0x81, 0xc1, 0x0, 0xff, 0xe1, 0x8e, 0x10, 0x7,
    0xff, 0x58, 0x74, 0x80, 0x3f, 0xf8, 0xa3, 0x86,
    0x1, 0xff, 0xd4, 0x2c, 0x30, 0xf, 0xfe, 0x38,
    0xe3, 0x80, 0x7f, 0xf4, 0x97, 0x8, 0x3, 0xff,
    0x95, 0x18, 0x40, 0x1f, 0xfc, 0xe1, 0xaa, 0x8,
    0x7, 0xff, 0x30, 0xf6, 0x8c, 0x3, 0xff, 0x94,
    0x33, 0xca, 0x1, 0xff, 0xd0, 0x5c, 0xd7, 0x20,
    0xf, 0xfe, 0x20, 0xb5, 0xf3, 0x0, 0x7f, 0xf5,
    0xa, 0x37, 0xa9, 0xd4, 0xc4, 0x40, 0x10, 0x92,
    0x34, 0xef, 0x4a, 0x0, 0x7f, 0xf1, 0x40,

    /* U+0050 "P" */
    0x0, 0xff, 0xf2, 0x5f, 0xff, 0xff, 0x4b, 0xb2,
    0x98, 0x80, 0x3f, 0xfb, 0xe2, 0x6b, 0x3b, 0xa7,
    0x0, 0xff, 0xf1, 0x14, 0x7b, 0x0, 0x7f, 0xf8,
    0xe7, 0x4, 0x3, 0xff, 0xc4, 0x78, 0x20, 0x1f,
    0xfe, 0x22, 0xc1, 0x0, 0xff, 0xf1, 0x15, 0x0,
    0x7f, 0xf8, 0xd1, 0x80, 0x3f, 0xfc, 0x72, 0x20,
    0x1f, 0xfe, 0x39, 0x0, 0xff, 0xf1, 0xb8, 0x7,
    0xff, 0x8, 0xff, 0xff, 0xf8, 0x9b, 0x26, 0x1,
    0xff, 0xc2, 0x50, 0xf, 0xfe, 0x91, 0x36, 0x48,
    0x7, 0xff, 0x7, 0x80, 0x3f, 0xfa, 0xad, 0x0,
    0x1f, 0xfc, 0x4, 0x0, 0xff, 0xeb, 0x38, 0x80,
    0x7f, 0xf0, 0xc, 0x3, 0xff, 0xac, 0xe0, 0x1f,
    0xfc, 0x5, 0x0, 0xff, 0xeb, 0x60, 0x7, 0xff,
    0x3, 0xc0, 0x3f, 0xfa, 0xc2, 0x1, 0xff, 0xc0,
    0x30, 0xf, 0xfe, 0xb3, 0x80, 0x7f, 0xf0, 0x18,
    0x3, 0xff, 0xc6, 0x20, 0x1f, 0xfe, 0x33, 0x0,
    0xff, 0xff, 0x80, 0x7f, 0xf2, 0xc, 0x3, 0xff,
    0xfe, 0x1, 0xff, 0xc8, 0x10, 0xf, 0xfe, 0xb3,
    0x80, 0x7f, 0xf0, 0x18, 0x3, 0xff, 0xac, 0x20,
    0x1f, 0xfc, 0x3, 0x0, 0xff, 0xeb, 0x60, 0x7,
    0xff, 0x3, 0xc0, 0x3f, 0xfa, 0xce, 0x1, 0xff,
    0xc0, 0x50, 0xf, 0xfe, 0xab, 0x88, 0x7, 0xff,
    0x0, 0xc0, 0x3f, 0xfa, 0x8d, 0x0, 0x1f, 0xfc,
    0x4, 0x0, 0xff, 0xe8, 0x89, 0x36, 0x48, 0x7,
    0xff, 0x7, 0x80, 0x3f, 0xf8, 0x27, 0xff, 0xff,
    0xc3, 0xed, 0x93, 0x0, 0xff, 0xe1, 0x28, 0x7,
    0xff, 0x89, 0xc0, 0x3f, 0xfc, 0x72, 0x1, 0xff,
    0xe2, 0x91, 0x0, 0xff, 0xf0, 0xa3, 0x0, 0x7f,
    0xf8, 0x4a, 0x80, 0x3f, 0xfc, 0x25, 0x82, 0x1,
    0xff, 0xe0, 0x3c, 0x10, 0xf, 0xfe, 0xf8, 0xce,
    0x8, 0x7, 0xff, 0x78, 0xa3, 0x98, 0x3, 0xff,
    0xb6, 0x26, 0xb3, 0xba, 0x70, 0xf, 0xfe, 0x51,
    0xff, 0xff, 0xf1, 0xbb, 0x29, 0x88, 0x3, 0xff,
    0xfe, 0x1, 0xff, 0xff, 0x0, 0xff, 0xff, 0x80,
    0x7f, 0xff, 0xc0, 0x3f, 0xff, 0xe0, 0x1f, 0xff,
    0xf0, 0xf, 0xff, 0xf8, 0x7, 0xff, 0xfc, 0x3,
    0xff, 0xfe, 0x1, 0xff, 0xff, 0x0, 0xff, 0xff,
    0x80, 0x7f, 0xff, 0xc0, 0x3f, 0xff, 0xe0, 0x1f,
    0xff, 0xf0, 0xf, 0xff, 0xf8, 0x7, 0xff, 0xfc,
    0x3, 0xff, 0xe1, 0xce, 0xff, 0xf5, 0x0, 0x7f,
    0xf5, 0xc0,

    /* U+0051 "Q" */
    0x0, 0xff, 0xe4, 0xa, 0xc5, 0x67, 0x73, 0xfd,
    0xdc, 0xdb, 0x86, 0x20, 0xf, 0xfe, 0xc9, 0x46,
    0xf5, 0x3a, 0x98, 0x88, 0x0, 0x22, 0x24, 0x79,
    0xde, 0x93, 0x0, 0xff, 0xea, 0x26, 0x6b, 0x90,
    0x7, 0xff, 0x10, 0x5b, 0x35, 0x80, 0x3f, 0xfa,
    0x7, 0x96, 0x60, 0x1f, 0xfc, 0xa2, 0x9e, 0x40,
    0xf, 0xfe, 0x6c, 0x61, 0x80, 0x7f, 0xf3, 0x86,
    0xe8, 0x40, 0x3f, 0xf9, 0x56, 0xe0, 0x1f, 0xfd,
    0x25, 0xc2, 0x0, 0xff, 0xe3, 0x8e, 0xa0, 0x7,
    0xff, 0x50, 0xb0, 0xc0, 0x3f, 0xf8, 0xda, 0x40,
    0x1f, 0xfd, 0x61, 0xd2, 0x0, 0xff, 0xe2, 0x59,
    0x80, 0x7f, 0xf6, 0x7, 0xc4, 0x3, 0xff, 0x85,
    0x8, 0x1, 0xff, 0xda, 0x2b, 0x0, 0xff, 0xe0,
    0x9b, 0x80, 0x7f, 0xf7, 0x15, 0x80, 0x3f, 0xf8,
    0x1c, 0x1, 0xff, 0xc4, 0x48, 0xac, 0xdd, 0x65,
    0xc2, 0x80, 0x7f, 0xf1, 0x20, 0x40, 0x3f, 0xcc,
    0x40, 0x1f, 0xfc, 0x11, 0x8e, 0xb7, 0x53, 0x22,
    0x1a, 0x3d, 0x7c, 0x90, 0x7, 0xff, 0x4, 0x64,
    0x3, 0xfd, 0x0, 0x1f, 0xfc, 0x15, 0xf7, 0x10,
    0xf, 0xf9, 0xb5, 0xc0, 0x3f, 0xf8, 0x2e, 0x40,
    0x1f, 0x94, 0x40, 0x3f, 0xf8, 0xf, 0x42, 0x1,
    0xff, 0xc3, 0x8a, 0x0, 0xff, 0xe0, 0xd0, 0x7,
    0xe9, 0x0, 0xff, 0xe0, 0x34, 0x0, 0x7f, 0xf1,
    0x96, 0x40, 0x3f, 0xf8, 0xc, 0x1, 0xf1, 0x98,
    0x3, 0xfe, 0x29, 0x0, 0xff, 0xe4, 0x32, 0x0,
    0x7f, 0xc2, 0xc0, 0x1e, 0xb0, 0xf, 0xfe, 0x7,
    0x0, 0x7f, 0xf2, 0xa8, 0x40, 0x3f, 0xed, 0x0,
    0xf3, 0x0, 0x7f, 0xc8, 0x60, 0x1f, 0xfc, 0xa1,
    0x60, 0xf, 0xf9, 0x4, 0x3, 0x18, 0x80, 0x7f,
    0xde, 0x1, 0xff, 0xcc, 0xa0, 0xf, 0xfe, 0x3,
    0x80, 0x64, 0x0, 0xff, 0x85, 0x0, 0x3f, 0xf9,
    0x84, 0x80, 0x1f, 0xf6, 0x0, 0x6c, 0x0, 0xff,
    0x90, 0x3, 0xff, 0x9d, 0x80, 0x1f, 0xf2, 0x0,
    0x65, 0x0, 0xff, 0xb4, 0x3, 0xff, 0x9c, 0x60,
    0x1f, 0xf0, 0x90, 0x0, 0x84, 0x3, 0xfe, 0x40,
    0xf, 0xfe, 0x72, 0x0, 0x7f, 0xf0, 0x1c, 0x0,
    0xe0, 0x1f, 0xfc, 0x2, 0x0, 0xff, 0xe7, 0x88,
    0x7, 0xfd, 0xa0, 0x2, 0x0, 0xff, 0xe0, 0x8,
    0x7, 0xff, 0x3c, 0xc0, 0x3f, 0xe2, 0x0, 0x68,
    0x7, 0xff, 0x70, 0x40, 0x3f, 0xe7, 0x0, 0x30,
    0x7, 0xfc, 0x20, 0x1f, 0xfd, 0x7, 0x0, 0xff,
    0x88, 0x0, 0x40, 0x1f, 0xfe, 0x91, 0x1, 0x0,
    0xff, 0xf4, 0x98, 0x7, 0xff, 0xac, 0x48, 0x3,
    0xff, 0xd4, 0xc2, 0x1, 0xff, 0xea, 0x30, 0xf,
    0xff, 0xf8, 0x7, 0xff, 0x60, 0x5c, 0x3, 0xff,
    0xfe, 0x1, 0xff, 0xff, 0x0, 0xff, 0xfe, 0xb8,
    0x7, 0xff, 0xa8, 0x40, 0x3f, 0xfd, 0x82, 0x1,
    0xff, 0xea, 0x33, 0x0, 0x7f, 0xfa, 0x84, 0x40,
    0x1f, 0xfe, 0xa7, 0x0, 0xff, 0xf5, 0x88, 0x10,
    0x7, 0xff, 0xa4, 0x81, 0x80, 0x3f, 0xe1, 0x0,
    0xff, 0xe8, 0x38, 0x7, 0xfc, 0x20, 0x2, 0x0,
    0xff, 0xee, 0x8, 0x7, 0xfc, 0x40, 0xf, 0x0,
    0xff, 0xe0, 0x8, 0x7, 0xff, 0x3c, 0xc0, 0x3f,
    0xe6, 0x0, 0x28, 0x7, 0xff, 0x0, 0xc0, 0x3f,
    0xf9, 0xe2, 0x1, 0xff, 0x60, 0x0, 0xc0, 0x3f,
    0xf8, 0x8, 0x1, 0xff, 0xce, 0x30, 0xf, 0xfe,
    0x2, 0x80, 0x44, 0x1, 0xff, 0x78, 0x7, 0xff,
    0x39, 0x40, 0x3f, 0xf8, 0x6, 0x1, 0x20, 0x7,
    0xfc, 0x80, 0x1f, 0xfc, 0xef, 0x0, 0xff, 0x8c,
    0x3, 0x60, 0x7, 0xfc, 0x44, 0x0, 0xff, 0xe6,
    0xb0, 0x7, 0xfc, 0x80, 0x19, 0x40, 0x3f, 0xf8,
    0x16, 0x1, 0xff, 0xcc, 0x60, 0xf, 0xfe, 0x6,
    0x0, 0x72, 0x0, 0x7f, 0xcc, 0x20, 0x1f, 0xfc,
    0xbb, 0x0, 0xff, 0x85, 0x0, 0x3b, 0x40, 0x3f,
    0xf8, 0x16, 0x1, 0xff, 0xca, 0x72, 0x0, 0xff,
    0x9c, 0x3, 0xcc, 0x1, 0xff, 0xc0, 0x55, 0x0,
    0x7f, 0xf2, 0xa, 0x0, 0x3f, 0xf8, 0x14, 0x1,
    0xf3, 0x0, 0x7f, 0xf0, 0x28, 0xc0, 0x3f, 0xf8,
    0xc3, 0x80, 0x1f, 0xfc, 0x3, 0x30, 0x7, 0xd6,
    0x1, 0xff, 0xc1, 0xc5, 0x0, 0xff, 0xe2, 0x1f,
    0x88, 0x7, 0xff, 0x2, 0x40, 0x3f, 0x12, 0x0,
    0x7f, 0xf0, 0x6a, 0xc8, 0x3, 0xff, 0x80, 0x33,
    0x82, 0x1, 0xff, 0xc0, 0x25, 0x0, 0xfe, 0x90,
    0xf, 0xfe, 0x12, 0x6d, 0xb1, 0x0, 0x78, 0x96,
    0xb9, 0x80, 0x3f, 0xf8, 0x52, 0x1, 0xfe, 0x27,
    0x0, 0xff, 0xe1, 0xa4, 0xef, 0xf6, 0xed, 0xfb,
    0x4a, 0x1, 0xff, 0xc3, 0x44, 0x0, 0x7f, 0xd0,
    0x40, 0x1f, 0xfc, 0x61, 0x22, 0x80, 0x3f, 0xf8,
    0xc3, 0x40, 0x1f, 0xfc, 0x1e, 0x0, 0xff, 0xee,
    0x58, 0x80, 0x7f, 0xf0, 0x4e, 0x80, 0x3f, 0xfb,
    0x50, 0xa0, 0x1f, 0xfc, 0x35, 0x90, 0xf, 0xfe,
    0xc3, 0x38, 0x7, 0xff, 0x15, 0xa4, 0x3, 0xff,
    0xac, 0xf2, 0x1, 0xff, 0xc7, 0x6b, 0x10, 0xf,
    0xfe, 0x9d, 0x40, 0x7, 0xff, 0x25, 0x3d, 0x40,
    0x3f, 0xfa, 0x9, 0xaa, 0x1, 0xff, 0xcb, 0x1a,
    0xc4, 0x0, 0xff, 0xe6, 0x1d, 0xd8, 0x80, 0x3f,
    0xf9, 0xc7, 0x78, 0xc2, 0x1, 0xff, 0xc7, 0x5c,
    0xc2, 0x0, 0x7f, 0xf4, 0x8e, 0x7b, 0x1d, 0x4,
    0x3, 0xfe, 0x27, 0xbf, 0xa3, 0x0, 0xff, 0xeb,
    0x9c, 0x5f, 0x80, 0x7f, 0xd7, 0x8, 0x1, 0xff,
    0xff, 0x0, 0xff, 0xff, 0x80, 0x7f, 0xff, 0xc0,
    0x3f, 0xff, 0xe0, 0x1f, 0xfc, 0x91, 0x0, 0xff,
    0xb1, 0x9b, 0xf8, 0x40, 0x3f, 0xfc, 0x2b, 0x33,
    0xfc, 0x40, 0x1f, 0xfd, 0x63, 0x0, 0xff, 0xf5,
    0xa8, 0x7, 0xff, 0xaf, 0x40, 0x3f, 0xfd, 0x68,
    0x40, 0x1f, 0xfe, 0xbb, 0x0, 0xff, 0xf5, 0xb2,
    0x80, 0x7f, 0xfa, 0xe9, 0x40, 0x3f, 0xfd, 0x75,
    0x24, 0x1, 0xff, 0xea, 0x6d, 0xb8, 0x42, 0x10,
    0xf, 0xfe, 0x50,

    /* U+0052 "R" */
    0xbf, 0xff, 0xfe, 0x97, 0x65, 0x31, 0x0, 0x7f,
    0xf8, 0x4, 0xd6, 0x77, 0x4e, 0x1, 0xff, 0xe3,
    0x28, 0xe6, 0x0, 0xff, 0xf1, 0x8c, 0xe0, 0x80,
    0x7f, 0xf8, 0xcf, 0xc8, 0x3, 0xff, 0xc6, 0x3e,
    0x20, 0x1f, 0xfe, 0x32, 0xa0, 0xf, 0xff, 0x22,
    0x38, 0x7, 0xff, 0x92, 0x4, 0x3, 0xff, 0xc9,
    0x20, 0x1f, 0xfe, 0x47, 0x0, 0xff, 0xe1, 0x9f,
    0xff, 0xff, 0x13, 0x64, 0xc0, 0x3f, 0xf8, 0x4a,
    0x1, 0xff, 0xd3, 0x26, 0xc9, 0x0, 0xff, 0xe0,
    0xf0, 0x7, 0xff, 0x59, 0xa0, 0x3, 0xff, 0x80,
    0x80, 0x1f, 0xfd, 0x77, 0x10, 0xf, 0xfe, 0x1,
    0x80, 0x7f, 0xf5, 0xdc, 0x3, 0xff, 0x80, 0xa0,
    0x1f, 0xfd, 0x7c, 0x0, 0xff, 0xe0, 0x78, 0x7,
    0xff, 0x5c, 0x40, 0x3f, 0xf8, 0x6, 0x1, 0xff,
    0xd7, 0x70, 0xf, 0xfe, 0x3, 0x0, 0x7f, 0xf9,
    0x4, 0x3, 0xff, 0xfe, 0x1, 0xff, 0xca, 0x30,
    0xf, 0xff, 0x21, 0x80, 0x7f, 0xf9, 0x4, 0x3,
    0xff, 0xfe, 0x1, 0xff, 0xca, 0x70, 0xf, 0xfe,
    0xbb, 0x80, 0x7f, 0xf0, 0xc, 0x3, 0xff, 0xae,
    0x60, 0x1f, 0xfc, 0xe, 0x0, 0xff, 0xeb, 0xe0,
    0x7, 0xff, 0x1, 0x40, 0x3f, 0xfa, 0xc4, 0x80,
    0x1f, 0xfc, 0x3, 0x0, 0xff, 0xeb, 0x78, 0x7,
    0xff, 0x1, 0x40, 0x3f, 0xfa, 0xa9, 0xa4, 0x1,
    0xff, 0xc0, 0xf0, 0xf, 0xfe, 0x11, 0x44, 0x7f,
    0xf1, 0x2b, 0xac, 0x80, 0x3f, 0xf8, 0x2a, 0x1,
    0xff, 0xc2, 0x17, 0x7f, 0xfe, 0x22, 0x88, 0x7,
    0xff, 0x9, 0xc0, 0x3f, 0xfc, 0x92, 0x1, 0xff,
    0xe3, 0x91, 0x0, 0xff, 0xf1, 0x23, 0x0, 0x7f,
    0xf8, 0x8a, 0x80, 0x3f, 0xfc, 0x45, 0x82, 0x1,
    0xff, 0xe1, 0x4c, 0x10, 0xf, 0xff, 0x0, 0xd5,
    0x88, 0x7, 0xff, 0x7c, 0xe7, 0x94, 0x3, 0xff,
    0xc3, 0x2c, 0x1, 0xff, 0xcb, 0x3f, 0xff, 0xf8,
    0x3, 0xff, 0x81, 0x20, 0x1f, 0xfd, 0x86, 0x0,
    0xff, 0x8c, 0xc0, 0x1f, 0xfd, 0x7b, 0x0, 0xff,
    0xe0, 0x48, 0x7, 0xff, 0x5c, 0x8c, 0x3, 0xfe,
    0x51, 0x0, 0xff, 0xeb, 0xc8, 0x7, 0xff, 0x2,
    0x40, 0x3f, 0xfa, 0xea, 0x20, 0x1f, 0xf3, 0x0,
    0x7f, 0xf6, 0x18, 0x3, 0xfe, 0x16, 0x0, 0xff,
    0xeb, 0xd0, 0x7, 0xff, 0x2, 0xc0, 0x3f, 0xfa,
    0xe4, 0x80, 0x1f, 0xf1, 0x20, 0x7, 0xff, 0x5f,
    0xc0, 0x3f, 0xf8, 0x1e, 0x1, 0xff, 0xd7, 0x41,
    0x0, 0xff, 0x90, 0x80, 0x3f, 0xfa, 0xf2, 0x1,
    0xff, 0xc0, 0xb0, 0xf, 0xfe, 0xbb, 0x0, 0x7f,
    0xf0, 0x18, 0x3, 0xff, 0xae, 0x2a, 0x1, 0xff,
    0xc0, 0x70, 0xf, 0xfe, 0xbf, 0x0, 0x7f, 0xf0,
    0x28, 0x3, 0xff, 0xae, 0x84, 0x1, 0xff, 0x12,
    0x80, 0x7f, 0xf5, 0xec, 0x3, 0xff, 0x81, 0x20,
    0x1f, 0xfd, 0x76, 0x0, 0xff, 0xe0, 0x19, 0x80,
    0x3f, 0xfa, 0xec, 0x1, 0xff, 0xc0, 0x90, 0xf,
    0xfe, 0xbd, 0x0, 0x7f, 0xf0, 0x14, 0x40, 0x3f,
    0xfa, 0xc6, 0x60, 0xf, 0xfe, 0x4, 0x80, 0x7f,
    0xf5, 0xe8, 0x3, 0xff, 0x80, 0xc0, 0x1f, 0xfd,
    0x76, 0x10, 0xf, 0xf8, 0x58, 0x3, 0xff, 0xae,
    0xc0, 0x1f, 0xfc, 0xb, 0x0, 0xff, 0xeb, 0xd0,
    0x7, 0xff, 0x0, 0x90, 0x3, 0xff, 0xac, 0x48,
    0x1, 0xff, 0xc0, 0xf0, 0xf, 0xfe, 0xbf, 0x0,
    0x7f, 0xf0, 0x10, 0x80, 0x3f, 0xfa, 0xca, 0x20,
    0x1f, 0xfc, 0xb,

    /* U+0053 "S" */
    0x0, 0xff, 0xe3, 0x23, 0xcd, 0xef, 0x7f, 0xdd,
    0xcd, 0xb9, 0x73, 0x0, 0xff, 0xe8, 0x8b, 0x67,
    0xdc, 0x32, 0x10, 0x80, 0x42, 0x22, 0x46, 0x8c,
    0xfb, 0x61, 0x0, 0xff, 0xe5, 0x95, 0x74, 0x98,
    0x7, 0xff, 0x19, 0x27, 0xa8, 0x80, 0x3f, 0xf9,
    0x13, 0xaa, 0x1, 0xff, 0xcc, 0x5d, 0x91, 0x0,
    0xff, 0xe2, 0x1f, 0x30, 0x7, 0xff, 0x41, 0xbd,
    0x0, 0x3f, 0xf8, 0x4b, 0x82, 0x1, 0xff, 0xd2,
    0x1b, 0x90, 0xf, 0xfe, 0x2, 0x50, 0x7, 0xff,
    0x59, 0xa8, 0x3, 0xfc, 0x56, 0x1, 0xff, 0xd8,
    0x5b, 0x0, 0xfe, 0xe0, 0xf, 0xfe, 0xd2, 0x48,
    0x7, 0xcc, 0x60, 0x1f, 0xfd, 0xb6, 0x60, 0x7,
    0xa0, 0x3, 0xff, 0xbb, 0x80, 0x1c, 0xc2, 0x1,
    0xff, 0xc2, 0x49, 0xcf, 0xfe, 0xeb, 0x84, 0x0,
    0xff, 0xe1, 0x2d, 0x0, 0x76, 0x80, 0x7f, 0xf0,
    0x53, 0x6d, 0x8c, 0x3, 0x85, 0x1e, 0xf9, 0xc0,
    0x3f, 0xe6, 0xa0, 0xf, 0x20, 0x7, 0xff, 0x1,
    0xac, 0x80, 0x3f, 0xf8, 0x3, 0x1c, 0x80, 0x1f,
    0x9e, 0x40, 0x3c, 0x80, 0x1f, 0xfc, 0x3, 0x90,
    0xf, 0xfe, 0x20, 0xdc, 0x0, 0x7a, 0x20, 0x1,
    0xf1, 0x80, 0x7f, 0xf0, 0x20, 0x3, 0xff, 0x8e,
    0xf2, 0x1, 0xa5, 0xc0, 0x3f, 0x68, 0x7, 0xff,
    0x1, 0x0, 0x3f, 0xf9, 0xd, 0x20, 0x9, 0x60,
    0xf, 0xe6, 0x0, 0xff, 0x90, 0x3, 0xff, 0x94,
    0xcc, 0xa6, 0x0, 0xff, 0x8, 0x7, 0xfc, 0x40,
    0x1f, 0xfc, 0xb9, 0x50, 0xf, 0xfe, 0x58, 0x80,
    0x7f, 0xf6, 0xc, 0x3, 0xff, 0xc8, 0x60, 0x1f,
    0xf0, 0x80, 0x7f, 0xf9, 0x14, 0x3, 0xff, 0xb0,
    0xc0, 0x1f, 0xf1, 0x88, 0x7, 0xff, 0x5c, 0x80,
    0x3f, 0xf8, 0xc, 0x1, 0xff, 0xd7, 0xe0, 0xf,
    0xfe, 0x4, 0x10, 0x7, 0xff, 0x59, 0x0, 0x3f,
    0xf8, 0x3e, 0x40, 0x1f, 0xfd, 0x53, 0x0, 0xff,
    0xe0, 0x96, 0xb8, 0x7, 0xff, 0x55, 0x40, 0x3f,
    0xf8, 0x51, 0xd0, 0x60, 0x1f, 0xfd, 0x2e, 0x0,
    0xff, 0xe1, 0x8b, 0xe7, 0xdc, 0x20, 0x80, 0x7f,
    0xf3, 0x50, 0xc0, 0x3f, 0xf8, 0xc8, 0xf7, 0xdb,
    0x4c, 0x40, 0x1f, 0xfc, 0xaf, 0x0, 0xff, 0xe5,
    0x12, 0xce, 0xf5, 0x28, 0x7, 0xff, 0x1c, 0xd8,
    0x3, 0xff, 0x9a, 0x2b, 0x5f, 0x48, 0x1, 0xff,
    0xc5, 0x93, 0x0, 0xff, 0xe8, 0x2d, 0xea, 0x80,
    0x7f, 0xf1, 0x34, 0xc0, 0x3f, 0xfa, 0x25, 0x58,
    0x60, 0x1f, 0xfc, 0x21, 0xc4, 0x0, 0xff, 0xe9,
    0x1e, 0x30, 0x7, 0xff, 0xe, 0xe0, 0x3, 0xff,
    0xa7, 0x32, 0x0, 0xff, 0xe1, 0xbe, 0xa8, 0x7,
    0xff, 0x49, 0xa4, 0x3, 0xff, 0x86, 0x55, 0xaa,
    0x1, 0xff, 0xd1, 0x66, 0x0, 0x7f, 0xf1, 0xa,
    0xba, 0x4c, 0x3, 0xff, 0x9f, 0x22, 0x1, 0xff,
    0xc5, 0x16, 0xce, 0xa6, 0x20, 0xf, 0xfe, 0x64,
    0x0, 0x7f, 0xf2, 0x5, 0x67, 0x7f, 0x25, 0x88,
    0x3, 0xff, 0x8e, 0xc2, 0x1, 0xff, 0xcc, 0x36,
    0x9d, 0xfb, 0x71, 0x0, 0xff, 0xe2, 0x30, 0x7,
    0xff, 0x45, 0x23, 0xa8, 0x80, 0x3f, 0xf8, 0x56,
    0x1, 0xff, 0xd4, 0x5d, 0x60, 0xf, 0xfe, 0x9,
    0x88, 0x7, 0xff, 0x56, 0x58, 0x3, 0xff, 0x82,
    0xa0, 0x1f, 0xfd, 0x69, 0x20, 0xf, 0xfe, 0x1,
    0x0, 0x7f, 0xf5, 0xec, 0x3, 0xff, 0x81, 0xc0,
    0x1f, 0xfd, 0x77, 0x0, 0xff, 0xe0, 0x10, 0x7,
    0xff, 0x5c, 0x44, 0x1, 0xff, 0xe4, 0x20, 0xf,
    0xf8, 0x40, 0x3f, 0xfb, 0xe, 0x1, 0xff, 0x8,
    0x7, 0xff, 0x61, 0xc0, 0x3f, 0xf9, 0x22, 0x1,
    0xff, 0xce, 0x10, 0xf, 0xf8, 0xc0, 0x3e, 0x1c,
    0xd0, 0xf, 0xfe, 0x71, 0x0, 0x7f, 0xdc, 0x1,
    0xe1, 0xd3, 0x35, 0x0, 0x7f, 0xf3, 0xc, 0x3,
    0xff, 0x80, 0x40, 0x1c, 0x38, 0x60, 0x5, 0x90,
    0xf, 0xfe, 0x5d, 0x80, 0x7f, 0xf0, 0x1c, 0x3,
    0xe, 0x10, 0x6, 0x6a, 0x0, 0xff, 0xe4, 0x8b,
    0x80, 0x7f, 0xf0, 0x8, 0x2, 0x1c, 0x20, 0xf,
    0x2e, 0x10, 0x7, 0xff, 0x1e, 0xc0, 0x3f, 0xf8,
    0x8, 0x1, 0xe, 0x10, 0x7, 0xe3, 0xd7, 0x0,
    0xff, 0xe2, 0xc2, 0x80, 0x7f, 0xf0, 0x34, 0x0,
    0x38, 0x40, 0x1f, 0xf4, 0x73, 0x80, 0x7f, 0xf0,
    0x4f, 0x1c, 0x3, 0xff, 0x82, 0xe0, 0xc, 0x20,
    0xf, 0xfe, 0x8, 0xc7, 0xdb, 0xa0, 0x80, 0x61,
    0x37, 0xcc, 0x18, 0x7, 0xff, 0x5, 0x44, 0x1,
    0x0, 0x1f, 0xfc, 0x54, 0x8b, 0xef, 0xfd, 0xd9,
    0x6, 0x1, 0xff, 0xc3, 0x80, 0x9, 0x60, 0x3,
    0xff, 0xbc, 0xc4, 0x1, 0x9d, 0xc0, 0x1f, 0xfd,
    0xc2, 0x80, 0xf, 0x43, 0x80, 0x7f, 0xf6, 0xf8,
    0x40, 0x3e, 0x89, 0x0, 0xff, 0xec, 0xd9, 0x80,
    0x7f, 0x36, 0x8, 0x7, 0xff, 0x5a, 0x90, 0x3,
    0xfe, 0x3f, 0x50, 0xf, 0xfe, 0x99, 0x62, 0x80,
    0x7f, 0xf0, 0x46, 0xb0, 0xc0, 0x3f, 0xfa, 0xf,
    0xa6, 0x1, 0xff, 0xc4, 0x3c, 0xb5, 0x0, 0xff,
    0xe6, 0x36, 0xc0, 0x7, 0xff, 0x21, 0x2b, 0xa1,
    0x0, 0x3f, 0xf8, 0xc9, 0x3d, 0x24, 0x1, 0xff,
    0xcb, 0x17, 0xbf, 0xb9, 0x64, 0x21, 0x10, 0x4,
    0x24, 0x8d, 0x39, 0xf6, 0xc2, 0x1, 0xff, 0xc0,

    /* U+0054 "T" */
    0x0, 0xff, 0xf2, 0x4f, 0xff, 0xff, 0x8c, 0x3,
    0xff, 0xfe, 0x1, 0xff, 0xff, 0x0, 0xff, 0xff,
    0x80, 0x7f, 0xff, 0xc0, 0x3f, 0xff, 0xe0, 0x1f,
    0xff, 0xf0, 0xf, 0xfe, 0x94, 0xff, 0xff, 0xf1,
    0x38, 0x3, 0xff, 0x81, 0x3f, 0xff, 0xfc, 0x50,
    0xf, 0xff, 0xf8, 0x7, 0xff, 0xfc, 0x3, 0xff,
    0xfe, 0x1, 0xff, 0xff, 0x0, 0xff, 0xff, 0x80,
    0x7f, 0xff, 0xc0, 0x3f, 0xff, 0xe0, 0x1f, 0xff,
    0xf0, 0xf, 0xff, 0xf8, 0x7, 0xff, 0xfc, 0x3,
    0xff, 0xfe, 0x1, 0xff, 0xff, 0x0, 0xff, 0xff,
    0x80, 0x7f, 0xff, 0xc0, 0x3f, 0xff, 0xe0, 0x1f,
    0xff, 0xf0, 0xf, 0xff, 0xf8, 0x7, 0xff, 0xfc,
    0x3, 0xff, 0xfe, 0x1, 0xff, 0xff, 0x0, 0xff,
    0xff, 0x80, 0x7f, 0xff, 0xc0, 0x3f, 0xff, 0xe0,
    0x1f, 0xff, 0xf0, 0xf, 0xff, 0xf8, 0x7, 0xff,
    0xfc, 0x3, 0xff, 0xfe, 0x1, 0xff, 0xff, 0x0,
    0xff, 0xff, 0x80, 0x7f, 0xff, 0xc0, 0x3f, 0xff,
    0xe0, 0x1f, 0xff, 0xf0, 0xf, 0xff, 0xf8, 0x7,
    0xff, 0xfc, 0x3, 0xff, 0xfe, 0x1, 0xff, 0xff,
    0x0, 0xff, 0xff, 0x80, 0x7f, 0xf3, 0x85, 0xdf,
    0xff, 0x80, 0xa0, 0x1f, 0xfc, 0x50,

    /* U+0055 "U" */
    0x3f, 0xff, 0xfe, 0x2, 0x0, 0x7f, 0xf2, 0xfb,
    0xff, 0xfe, 0x90, 0xf, 0xff, 0xf8, 0x7, 0xff,
    0xfc, 0x3, 0xff, 0xfe, 0x1, 0xff, 0xff, 0x0,
    0xff, 0xff, 0x80, 0x7f, 0xff, 0xc0, 0x3f, 0xff,
    0xe0, 0x1f, 0xff, 0xf0, 0xf, 0xff, 0xf8, 0x7,
    0xff, 0xfc, 0x3, 0xff, 0xfe, 0x1, 0xff, 0xff,
    0x0, 0xff, 0xff, 0x80, 0x7f, 0xff, 0xc0, 0x3f,
    0xff, 0xe0, 0x1f, 0xff, 0xf0, 0xf, 0xff, 0xf8,
    0x7, 0xff, 0xfc, 0x3, 0xff, 0xfe, 0x1, 0xff,
    0xff, 0x0, 0xff, 0xff, 0x80, 0x7f, 0xff, 0xc0,
    0x3f, 0xff, 0xe0, 0x1f, 0xff, 0xf0, 0xf, 0xff,
    0xf8, 0x7, 0xff, 0xfc, 0x3, 0xff, 0xfe, 0x1,
    0xff, 0xff, 0x0, 0xff, 0xff, 0x80, 0x7f, 0xf3,
    0x44, 0x3, 0xff, 0xc8, 0x20, 0x1f, 0xff, 0x31,
    0x0, 0xff, 0xe5, 0x88, 0x7, 0xff, 0x0, 0xc0,
    0x3f, 0xf8, 0x6, 0x1, 0xff, 0xd7, 0xf1, 0x0,
    0xff, 0xe0, 0x8, 0x7, 0xff, 0x28, 0x40, 0x3f,
    0xf8, 0x2, 0x2, 0x1, 0xff, 0x78, 0x7, 0xff,
    0x28, 0xc0, 0x3f, 0xf8, 0x4, 0x6, 0x1, 0xff,
    0x18, 0x7, 0xff, 0x29, 0xc0, 0x3f, 0xf8, 0xe,
    0xe, 0x1, 0xff, 0x28, 0x7, 0xff, 0x2b, 0x40,
    0x3f, 0xf8, 0x4, 0x4, 0x1, 0xff, 0x9, 0x0,
    0x7f, 0xf2, 0x4c, 0x3, 0xff, 0x80, 0x21, 0xc0,
    0x1f, 0xfc, 0x4, 0x0, 0xff, 0xe4, 0xa, 0x0,
    0x7f, 0xc6, 0x0, 0x50, 0xf, 0xfe, 0x5, 0x0,
    0x7f, 0xf2, 0x1c, 0x3, 0xff, 0x80, 0xa0, 0x3,
    0x0, 0xff, 0xe0, 0x1a, 0x0, 0x7f, 0xf1, 0xec,
    0x3, 0xff, 0x81, 0x80, 0x12, 0x0, 0x7f, 0xf0,
    0x24, 0x3, 0xff, 0x8d, 0x4, 0x1, 0xff, 0xc0,
    0x40, 0xb, 0x40, 0x3f, 0xf8, 0x5, 0x60, 0x1f,
    0xfc, 0x46, 0x70, 0xf, 0xfe, 0x1, 0x8, 0x4,
    0xe0, 0x1f, 0xfc, 0x14, 0xd4, 0x0, 0xff, 0xe0,
    0xd, 0x48, 0x7, 0xff, 0x6, 0x80, 0x30, 0xa0,
    0x7, 0xff, 0x4, 0xaf, 0x61, 0x4, 0x3, 0x89,
    0xaf, 0x94, 0x3, 0xff, 0x84, 0xc0, 0x1d, 0xe0,
    0x1f, 0xfc, 0x32, 0x7b, 0xef, 0xf7, 0x7f, 0xb6,
    0x50, 0x3, 0xff, 0x86, 0xa2, 0x1, 0xc8, 0x80,
    0xf, 0xfe, 0x40, 0x80, 0x7f, 0xf2, 0x20, 0x3,
    0xe9, 0x0, 0xff, 0xee, 0x39, 0x0, 0x7c, 0x50,
    0x1, 0xff, 0xda, 0x38, 0x0, 0xfe, 0x75, 0x0,
    0xff, 0xec, 0xf, 0x0, 0x7f, 0xd4, 0xa0, 0x1f,
    0xfd, 0x61, 0xc2, 0x0, 0xff, 0xe0, 0x53, 0x80,
    0x7f, 0xf5, 0xf, 0xc8, 0x3, 0xff, 0x85, 0x16,
    0x40, 0x1f, 0xfd, 0x17, 0xc1, 0x0, 0xff, 0xe2,
    0x26, 0xc9, 0x0, 0x7f, 0xf3, 0x5b, 0xa0, 0x3,
    0xff, 0x90, 0xdb, 0x6c, 0x20, 0x1f, 0xfc, 0x74,
    0x9f, 0x91, 0x0, 0xff, 0xe5, 0xa4, 0xf6, 0xd3,
    0xa9, 0x90, 0x80, 0x61, 0x11, 0xa3, 0x4e, 0x7d,
    0xb0, 0x7, 0xff, 0x4,

    /* U+0056 "V" */
    0x48, 0x8f, 0xfe, 0x1, 0x0, 0x7f, 0xf4, 0x56,
    0x23, 0xfe, 0x60, 0x77, 0xff, 0xe0, 0x58, 0x7,
    0xff, 0x46, 0x1d, 0xff, 0xef, 0x40, 0xf, 0xfe,
    0x2, 0x0, 0x7f, 0xf4, 0x8, 0x80, 0x1f, 0xf6,
    0x2, 0x0, 0x7f, 0xc4, 0x20, 0x1f, 0xfc, 0xf4,
    0x0, 0xff, 0xe0, 0x28, 0x68, 0x7, 0xff, 0x1,
    0xc0, 0x3f, 0xf9, 0xf8, 0x1, 0xff, 0x18, 0x1,
    0x0, 0x3f, 0xf8, 0x18, 0x1, 0xff, 0xcf, 0x40,
    0xf, 0xfa, 0xc0, 0x4, 0x40, 0xf, 0xf9, 0x0,
    0x3f, 0xf9, 0xc6, 0x20, 0x1f, 0xf2, 0x80, 0x4a,
    0x1, 0xff, 0x9, 0x80, 0x7f, 0xf3, 0x50, 0x3,
    0xfe, 0x12, 0x0, 0xb0, 0x3, 0xff, 0x80, 0x80,
    0x1f, 0xfc, 0xdc, 0x0, 0xff, 0x9c, 0x3, 0x20,
    0x7, 0xff, 0x3, 0x0, 0x3f, 0xf9, 0xa8, 0x1,
    0xff, 0x60, 0x7, 0x20, 0x7, 0xfc, 0x80, 0x1f,
    0xfc, 0xc4, 0x0, 0xff, 0xe0, 0x28, 0x7, 0x68,
    0x7, 0xff, 0x1, 0x0, 0x3f, 0xf9, 0x78, 0x1,
    0xff, 0x18, 0x7, 0x9c, 0x3, 0xff, 0x81, 0x80,
    0x1f, 0xfc, 0xb5, 0x0, 0xff, 0xac, 0x3, 0xc2,
    0x40, 0x1f, 0xf2, 0x0, 0x7f, 0xf2, 0x84, 0x80,
    0x3f, 0xe5, 0x0, 0xf9, 0x40, 0x3f, 0xe3, 0x10,
    0xf, 0xfe, 0x4a, 0x0, 0x7f, 0xc2, 0x40, 0x1f,
    0x58, 0x7, 0xff, 0x1, 0x0, 0x3f, 0xf9, 0x38,
    0x1, 0xff, 0x38, 0x7, 0xe3, 0x10, 0xf, 0xfb,
    0x0, 0x3f, 0xf9, 0x2e, 0x1, 0xff, 0x60, 0x7,
    0xf2, 0x0, 0x7f, 0xce, 0x1, 0xff, 0xc8, 0x21,
    0x0, 0xff, 0x94, 0x3, 0xfb, 0xc0, 0x3f, 0xe1,
    0x20, 0xf, 0xfe, 0x3a, 0x0, 0x7f, 0xc8, 0x1,
    0xfe, 0x40, 0xf, 0xfe, 0x2, 0x0, 0x7f, 0xf1,
    0xf4, 0x3, 0xfe, 0xc0, 0xf, 0xf0, 0x98, 0x7,
    0xfd, 0xa0, 0x1f, 0xfc, 0x74, 0x0, 0xff, 0x94,
    0x3, 0xfe, 0xb0, 0xf, 0xf9, 0x0, 0x3f, 0xf8,
    0xc6, 0x1, 0xff, 0x9, 0x0, 0x7f, 0xc8, 0x1,
    0xff, 0xc0, 0x30, 0xf, 0xfe, 0x2a, 0x0, 0x7f,
    0xce, 0x1, 0xff, 0xc0, 0x31, 0x0, 0xff, 0xac,
    0x3, 0xff, 0x8b, 0x60, 0x1f, 0xf6, 0x0, 0x7f,
    0xf0, 0x5c, 0x3, 0xfe, 0x40, 0xf, 0xfe, 0x29,
    0x80, 0x7f, 0xca, 0x1, 0xff, 0xc1, 0xc0, 0xf,
    0xf8, 0xc4, 0x3, 0xff, 0x86, 0x80, 0x1f, 0xf2,
    0x0, 0x7f, 0xf0, 0x94, 0x3, 0xff, 0x80, 0x80,
    0x1f, 0xfc, 0x3d, 0x0, 0xff, 0xb0, 0x3, 0xff,
    0x86, 0x80, 0x1f, 0xf6, 0x0, 0x7f, 0xf0, 0xd0,
    0x3, 0xfe, 0x50, 0xf, 0xfe, 0x1e, 0x0, 0x7f,
    0xc8, 0x1, 0xff, 0xc2, 0x12, 0x0, 0xff, 0x9,
    0x0, 0x7f, 0xf0, 0xd4, 0x3, 0xfe, 0x22, 0x0,
    0x7f, 0xf0, 0x5c, 0x3, 0xfe, 0x70, 0xf, 0xfe,
    0x21, 0x10, 0x3, 0xfe, 0x40, 0xf, 0xfe, 0xe,
    0x0, 0x7f, 0xda, 0x1, 0xff, 0xc5, 0x40, 0xf,
    0xfb, 0x0, 0x3f, 0xf8, 0x28, 0x1, 0xff, 0x20,
    0x7, 0xff, 0x17, 0x40, 0x3f, 0xe4, 0x0, 0xff,
    0xe0, 0x10, 0x80, 0x7f, 0x90, 0x3, 0xff, 0x8c,
    0x80, 0x1f, 0xf0, 0x98, 0x7, 0xfc, 0xa0, 0x1f,
    0xf6, 0x0, 0x7f, 0xf1, 0xd0, 0x3, 0xfe, 0x40,
    0xf, 0xfb, 0x0, 0x3f, 0xe5, 0x0, 0xff, 0xe3,
    0xe8, 0x7, 0xfd, 0x60, 0x1f, 0xf2, 0x0, 0x7f,
    0x88, 0x80, 0x1f, 0xfc, 0x74, 0x0, 0xff, 0x8c,
    0x3, 0xfc, 0x80, 0x1f, 0xf2, 0x0, 0x7f, 0xf2,
    0x8, 0x80, 0x1f, 0xf2, 0x0, 0x7f, 0x60, 0x7,
    0xfd, 0xa0, 0x1f, 0xfc, 0x95, 0x0, 0xff, 0xb4,
    0x3, 0xf9, 0x0, 0x3f, 0xe4, 0x0, 0xff, 0xe4,
    0xe0, 0x7, 0xfc, 0x80, 0x1f, 0x84, 0xc0, 0x3f,
    0xc8, 0x1, 0xff, 0xca, 0x40, 0xf, 0xf8, 0x84,
    0x3, 0xe4, 0x0, 0xff, 0xb0, 0x3, 0xff, 0x96,
    0xa0, 0x1f, 0xf3, 0x80, 0x7d, 0x80, 0x1f, 0xf2,
    0x80, 0x7f, 0xf2, 0xf0, 0x3, 0xfe, 0xc0, 0xf,
    0x90, 0x3, 0xfc, 0x44, 0x0, 0xff, 0xe5, 0xb8,
    0x7, 0xfc, 0x80, 0x1e, 0x22, 0x0, 0x7f, 0x90,
    0x3, 0xff, 0x98, 0x26, 0x1, 0xfe, 0x12, 0x0,
    0xe7, 0x0, 0xff, 0xb4, 0x3, 0xff, 0x9a, 0x80,
    0x1f, 0xf3, 0x80, 0x76, 0x80, 0x7f, 0xc8, 0x1,
    0xff, 0xcd, 0xb0, 0xf, 0xf8, 0x80, 0x38, 0xc0,
    0x3f, 0xc8, 0x1, 0xff, 0xce, 0x31, 0x0, 0xff,
    0x68, 0x7, 0x30, 0x7, 0xfb, 0x40, 0x3f, 0xf9,
    0xe8, 0x1, 0xfe, 0x70, 0xe, 0x20, 0xf, 0xf2,
    0x0, 0x7f, 0xf3, 0xfc, 0x3, 0xfc, 0x40, 0x18,
    0xc0, 0x3f, 0xc4, 0x40, 0xf, 0xfe, 0x7a, 0x0,
    0x7f, 0xc4, 0x1, 0x30, 0x7, 0xf9, 0x0, 0x3f,
    0xfa, 0x2, 0x60, 0x1f, 0xe7, 0x0, 0xb4, 0x3,
    0xfd, 0xa0, 0x1f, 0xfd, 0x1b, 0x0, 0xff, 0x10,
    0x4, 0x60, 0x1f, 0xe4, 0x0, 0xff, 0xe8, 0xa8,
    0x7, 0xfb, 0x40, 0x26, 0x0, 0xfe, 0x40, 0xf,
    0xfe, 0x91, 0x8, 0x7, 0xf3, 0x80, 0x44, 0x1,
    0xfd, 0xa0, 0x1f, 0xfd, 0x37, 0x0, 0xfe, 0x20,
    0x1, 0x80, 0x7f, 0x90, 0x3, 0xff, 0xa7, 0x80,
    0x1f, 0xe2, 0x5, 0x0, 0xfe, 0x22, 0x0, 0x7f,
    0xf4, 0xd4, 0x3, 0xfc, 0xe1, 0xc0, 0x1f, 0xc8,
    0x1, 0xff, 0xd5, 0x40, 0xf, 0xed, 0x3, 0x0,
    0xfe, 0xd0, 0xf, 0xfe, 0xae, 0x0, 0x7f, 0x22,
    0xa8, 0x3, 0xf9, 0x0, 0x3f, 0xfa, 0xaa, 0x1,
    0xfc, 0x74, 0x20, 0x1f, 0x90, 0x3, 0xff, 0xac,
    0x44, 0x0, 0xff, 0xe3, 0xe8, 0x7, 0xff, 0x5d,
    0x0, 0x3f, 0xf8, 0xe8, 0x1, 0xff, 0xd7, 0xd0,
    0xf, 0xfe, 0x31, 0x10, 0x3, 0xff, 0xae, 0x80,
    0x1f, 0xfc, 0x64, 0x0, 0xff, 0xec, 0xa0, 0x7,
    0xff, 0x17, 0x40, 0x3f, 0xfb, 0x3a, 0x1, 0xff,
    0xc5, 0x40, 0xf, 0xfe, 0xcb, 0x80, 0x7f, 0xf1,
    0x10, 0x3, 0xff, 0xb4, 0x24, 0x1, 0xff, 0xc3,
    0xd0, 0xf, 0xfe, 0xda, 0x80, 0x7f, 0xf0, 0xd0,
    0x3, 0xff, 0xb7, 0x60, 0x1f, 0xfc, 0x22, 0x20,
    0x7, 0xff, 0x1c,

    /* U+0057 "W" */
    0x14, 0x4f, 0xf8, 0xc0, 0x3f, 0xf9, 0x26, 0x89,
    0xff, 0xc1, 0x10, 0xf, 0xfe, 0x40, 0xa2, 0x7f,
    0xc4, 0x97, 0x7f, 0xf6, 0x0, 0x7f, 0xf2, 0x72,
    0xef, 0xff, 0x83, 0x20, 0x1f, 0xfc, 0x87, 0xbb,
    0xff, 0xa9, 0xc0, 0x3f, 0xf8, 0x6, 0x1, 0xff,
    0xc7, 0x20, 0xf, 0xfe, 0x12, 0x0, 0x7f, 0xf2,
    0x3c, 0x3, 0xfe, 0xd2, 0x10, 0xf, 0xf9, 0x40,
    0x3f, 0xf8, 0xee, 0x1, 0xff, 0xc2, 0x30, 0xf,
    0xfe, 0x42, 0x80, 0x7f, 0xc8, 0xa, 0x1, 0xff,
    0x78, 0x7, 0xff, 0x1f, 0x0, 0x3f, 0xf8, 0x64,
    0x1, 0xff, 0xc7, 0x30, 0xf, 0xf0, 0x88, 0xc,
    0x3, 0xfe, 0x50, 0xf, 0xfe, 0x3a, 0x80, 0x7f,
    0xf0, 0xd0, 0x3, 0xff, 0x8c, 0x40, 0x1f, 0xf2,
    0x80, 0x34, 0x3, 0xfe, 0x30, 0xf, 0xfe, 0x39,
    0x80, 0x7f, 0xf0, 0xfc, 0x3, 0xff, 0x8c, 0xe0,
    0x1f, 0xf6, 0x0, 0x1c, 0x3, 0xff, 0x80, 0x40,
    0x1f, 0xfc, 0x53, 0x0, 0xff, 0xe2, 0x28, 0x7,
    0xff, 0x1b, 0x40, 0x3f, 0xe3, 0x0, 0x10, 0x80,
    0x7f, 0xcc, 0x1, 0xff, 0xc5, 0x50, 0xf, 0xfe,
    0x21, 0x80, 0x7f, 0xf1, 0x8c, 0x3, 0xfe, 0x40,
    0x9, 0x40, 0x3f, 0xe3, 0x0, 0xff, 0xe2, 0xf8,
    0x7, 0xff, 0x14, 0xc0, 0x3f, 0xf8, 0xac, 0x1,
    0xfe, 0x20, 0xc, 0x60, 0x1f, 0xf6, 0x80, 0x7f,
    0xf1, 0x50, 0x3, 0xff, 0x8a, 0xa0, 0x1f, 0xfc,
    0x52, 0x0, 0xff, 0x20, 0x6, 0xd0, 0xf, 0xf9,
    0xc0, 0x3f, 0xf8, 0xa4, 0x1, 0xff, 0xc5, 0xc0,
    0xf, 0xfe, 0x21, 0x80, 0x7f, 0xde, 0x1, 0x90,
    0x3, 0xfe, 0x20, 0xf, 0xfe, 0x21, 0x80, 0x7f,
    0xf1, 0x9c, 0x3, 0xff, 0x88, 0xa0, 0x1f, 0xf2,
    0x80, 0x61, 0x10, 0x7, 0xfc, 0x60, 0x1f, 0xfc,
    0x34, 0x0, 0xff, 0xe3, 0x10, 0x7, 0xff, 0x13,
    0xc0, 0x3f, 0xe3, 0x0, 0xe5, 0x0, 0xff, 0x94,
    0x3, 0xff, 0x87, 0xa0, 0x1f, 0xb3, 0x0, 0x1f,
    0xc8, 0x1, 0xff, 0xc3, 0x50, 0xf, 0xf1, 0x80,
    0x78, 0xc0, 0x3f, 0xef, 0x0, 0xff, 0xe1, 0xb8,
    0x7, 0xe2, 0x20, 0x7, 0xf1, 0x80, 0x7f, 0xf0,
    0xcc, 0x3, 0xfc, 0x80, 0x1e, 0xc0, 0xf, 0xf9,
    0x40, 0x3f, 0xf8, 0x42, 0x40, 0x1f, 0x84, 0x40,
    0x1f, 0xda, 0x1, 0xff, 0xc2, 0x10, 0xf, 0xfb,
    0x40, 0x3c, 0xa0, 0x1f, 0xf1, 0x80, 0x7f, 0xf0,
    0x94, 0x3, 0xf1, 0x0, 0x8, 0x3, 0xf2, 0x0,
    0x7f, 0xf0, 0x94, 0x3, 0xfe, 0x70, 0xf, 0x8,
    0x80, 0x3f, 0xe2, 0x0, 0xff, 0xe0, 0x98, 0x7,
    0xe6, 0x0, 0x30, 0x7, 0xe1, 0x10, 0x7, 0xff,
    0x4, 0xc0, 0x3f, 0xc2, 0x40, 0x1f, 0x28, 0x7,
    0xfc, 0xc0, 0x1f, 0xfc, 0x1d, 0x0, 0xfc, 0x40,
    0x2, 0x0, 0xfe, 0x50, 0xf, 0xfe, 0xe, 0x80,
    0x7f, 0x94, 0x3, 0xf6, 0x0, 0x7f, 0xc6, 0x1,
    0xff, 0xc1, 0x40, 0xf, 0xdc, 0x0, 0xe0, 0xf,
    0xe3, 0x0, 0xff, 0xe0, 0xb8, 0x7, 0xfb, 0x0,
    0x3f, 0x18, 0x7, 0xfd, 0xa0, 0x1f, 0xfc, 0x1,
    0x10, 0x7, 0xe3, 0x0, 0x18, 0x7, 0xf6, 0x0,
    0x7f, 0xf0, 0x48, 0x3, 0xfc, 0x60, 0x1f, 0x94,
    0x3, 0xfe, 0x70, 0xf, 0xfe, 0x2, 0x80, 0x7f,
    0x30, 0x1, 0x80, 0x3f, 0x94, 0x3, 0xff, 0x80,
    0x60, 0x1f, 0xf2, 0x80, 0x7e, 0x12, 0x0, 0xff,
    0x10, 0x7, 0xff, 0x3, 0x0, 0x3f, 0x88, 0x0,
    0x40, 0x1f, 0xc2, 0x20, 0xf, 0xf9, 0x40, 0x3f,
    0xc4, 0x20, 0x1f, 0xce, 0x1, 0xff, 0x18, 0x7,
    0xfc, 0x60, 0x1f, 0x84, 0x3, 0x8, 0x7, 0xf2,
    0x0, 0x7f, 0xdc, 0x1, 0xfe, 0x70, 0xf, 0xf6,
    0x80, 0x7f, 0xca, 0x1, 0xff, 0x28, 0x7, 0xe2,
    0x0, 0xc4, 0x1, 0xfd, 0xa0, 0x1f, 0xf1, 0x80,
    0x7f, 0xb0, 0x3, 0xfc, 0x60, 0x1f, 0xf7, 0x80,
    0x7f, 0x88, 0x40, 0x3f, 0x30, 0x6, 0x60, 0xf,
    0xe3, 0x0, 0xff, 0x94, 0x3, 0xfc, 0xa0, 0x1f,
    0xe4, 0x0, 0xff, 0x94, 0x3, 0xfc, 0xe0, 0x1f,
    0xc4, 0x1, 0x88, 0x3, 0xf9, 0x0, 0x3f, 0xc2,
    0x20, 0xf, 0xf1, 0x80, 0x7f, 0xc4, 0x1, 0xfe,
    0x30, 0xf, 0xf6, 0x80, 0x7f, 0x70, 0x6, 0xe0,
    0xf, 0xf1, 0x0, 0x7f, 0x28, 0x7, 0xf8, 0xc0,
    0x3f, 0xf8, 0xe, 0x1, 0xff, 0x8, 0x7, 0xf2,
    0x0, 0x7f, 0x28, 0x6, 0x50, 0xf, 0xf3, 0x80,
    0x7f, 0x18, 0x7, 0xf9, 0x40, 0x3f, 0xf8, 0x1a,
    0x1, 0xff, 0x28, 0x7, 0xf1, 0x80, 0x7f, 0x18,
    0x6, 0x30, 0xf, 0xf6, 0x0, 0x7f, 0x68, 0x7,
    0xfb, 0x0, 0x3f, 0xf8, 0x8, 0x1, 0xff, 0x18,
    0x7, 0xe2, 0x0, 0xfe, 0x30, 0xf, 0x10, 0x7,
    0xf2, 0x80, 0x7f, 0x30, 0x7, 0xf9, 0xc0, 0x3f,
    0xf8, 0x6, 0x1, 0xff, 0x68, 0x7, 0xe4, 0x0,
    0xfe, 0x50, 0xf, 0x20, 0x7, 0xf1, 0x80, 0x7f,
    0x18, 0x7, 0xf0, 0x90, 0x7, 0xff, 0x4, 0x80,
    0x3f, 0xce, 0x1, 0xfb, 0xc0, 0x3f, 0xbc, 0x3,
    0xde, 0x1, 0xfe, 0x30, 0xf, 0x88, 0x3, 0xfc,
    0xa0, 0x1f, 0xfc, 0x27, 0x0, 0xff, 0x10, 0x7,
    0xe5, 0x0, 0xfe, 0x40, 0xf, 0x28, 0x7, 0xf9,
    0x40, 0x3e, 0x70, 0xf, 0xf6, 0x0, 0x7f, 0xf0,
    0xb0, 0x3, 0xfe, 0x30, 0xf, 0x8c, 0x3, 0xf8,
    0x80, 0x3c, 0x60, 0x1f, 0xef, 0x0, 0xfb, 0x40,
    0x3f, 0xc6, 0x1, 0xff, 0xc2, 0x50, 0xf, 0xf9,
    0x40, 0x3c, 0x60, 0x1f, 0xc6, 0x1, 0xf8, 0xc0,
    0x3f, 0x90, 0x3, 0xe3, 0x0, 0xff, 0x28, 0x7,
    0xff, 0x8, 0xc0, 0x3f, 0xef, 0x0, 0xf2, 0x80,
    0x7f, 0x20, 0x7, 0xe5, 0x0, 0xfe, 0x20, 0xf,
    0x94, 0x3, 0xf8, 0x84, 0x3, 0xff, 0x86, 0x40,
    0x1f, 0xe5, 0x0, 0xf7, 0x80, 0x7f, 0x68, 0x7,
    0xef, 0x0, 0xff, 0x18, 0x7, 0x8, 0x80, 0x3f,
    0x9c, 0x3, 0xff, 0x88, 0x80, 0x1f, 0xe2, 0x0,
    0xf2, 0x0, 0x7f, 0x20, 0x7, 0xe4, 0x0, 0xff,
    0x28, 0x7, 0x10, 0x7, 0xfb, 0x0, 0x3f, 0xf8,
    0x9e, 0x1, 0xfe, 0x11, 0x0, 0x71, 0x0, 0x7e,
    0x11, 0x0, 0x7e, 0x20, 0xf, 0xf6, 0x0, 0x72,
    0x80, 0x7f, 0x94, 0x3, 0xff, 0x88, 0xa0, 0x1f,
    0xf2, 0x80, 0x63, 0x0, 0xfe, 0x50, 0xf, 0xf1,
    0x80, 0x7f, 0x38, 0x7, 0x78, 0x7, 0xf8, 0xc0,
    0x3f, 0xf8, 0x86, 0x1, 0xff, 0x10, 0x6, 0x50,
    0xf, 0xec, 0x0, 0xff, 0x20, 0x7, 0xf1, 0x0,
    0x71, 0x0, 0x7f, 0x18, 0x7, 0xff, 0x18, 0xc0,
    0x3f, 0xdc, 0x1, 0xb8, 0x3, 0xf8, 0xc0, 0x3f,
    0xda, 0x1, 0xfe, 0x20, 0xc, 0xc0, 0x1f, 0xca,
    0x1, 0xff, 0xc6, 0x50, 0xf, 0xf1, 0x0, 0x62,
    0x0, 0xfe, 0x50, 0xf, 0xf3, 0x80, 0x7f, 0x98,
    0x3, 0x10, 0x7, 0xf6, 0x0, 0x7f, 0xf1, 0xbc,
    0x3, 0xfc, 0xc0, 0x19, 0x80, 0x3f, 0x10, 0x80,
    0x7f, 0x88, 0x40, 0x3f, 0x88, 0x2, 0x10, 0xf,
    0xf3, 0x80, 0x7f, 0xf1, 0x94, 0x3, 0xfc, 0x40,
    0x18, 0x80, 0x3f, 0x38, 0x7, 0xff, 0x1, 0x40,
    0x3f, 0xb8, 0x2, 0x20, 0xf, 0xe1, 0x20, 0xf,
    0xfe, 0x31, 0x80, 0x7f, 0x84, 0x3, 0x8, 0x7,
    0xed, 0x0, 0xff, 0xe0, 0x18, 0x7, 0xf1, 0x0,
    0x4c, 0x1, 0xfc, 0xa0, 0x1f, 0xfc, 0x83, 0x0,
    0xff, 0x10, 0x0, 0x80, 0x3f, 0x90, 0x3, 0xff,
    0x81, 0xa0, 0x1f, 0xcc, 0x1, 0x10, 0x7, 0xf1,
    0x80, 0x7f, 0xf2, 0x14, 0x3, 0xfc, 0xc0, 0x6,
    0x0, 0xfe, 0x30, 0xf, 0xfe, 0x2, 0x0, 0x7f,
    0x10, 0x5, 0xc0, 0x1f, 0xd8, 0x1, 0xff, 0xc8,
    0xf0, 0xf, 0xf1, 0x0, 0x8, 0x3, 0xf1, 0x80,
    0x7f, 0xf0, 0x44, 0x40, 0x1f, 0x84, 0x2, 0x20,
    0xf, 0xe5, 0x0, 0xff, 0xe4, 0x20, 0x7, 0xfb,
    0x80, 0x1c, 0x1, 0xf9, 0x40, 0x3f, 0xf8, 0x4a,
    0x1, 0xfc, 0x40, 0x6, 0x0, 0xfc, 0x42, 0x1,
    0xff, 0xc8, 0x20, 0xf, 0xf1, 0x0, 0x8, 0x3,
    0xf7, 0x80, 0x7f, 0xf0, 0x8c, 0x3, 0xf9, 0x80,
    0x4, 0x1, 0xf9, 0xc0, 0x3f, 0xf9, 0x46, 0x1,
    0xfc, 0xc0, 0x6, 0x0, 0xfc, 0x80, 0x1f, 0xfc,
    0x2c, 0x0, 0xfe, 0x20, 0x10, 0xf, 0xed, 0x0,
    0xff, 0xe5, 0x28, 0x7, 0xf1, 0x0, 0x8, 0x3,
    0xf1, 0x0, 0x7f, 0xf0, 0x94, 0x3, 0xfb, 0x80,
    0x80, 0x3f, 0x90, 0x3, 0xff, 0x95, 0x80, 0x1f,
    0xc2, 0x0, 0x10, 0xf, 0x8c, 0x3, 0xff, 0x86,
    0x22, 0x0, 0xfc, 0x40, 0xc0, 0x1f, 0xc6, 0x1,
    0xff, 0xca, 0x70, 0xf, 0xf1, 0x10, 0x3, 0xf2,
    0x0, 0x7f, 0xf1, 0x10, 0x3, 0xf3, 0x1, 0x0,
    0x7e, 0x30, 0xf, 0xfe, 0x59, 0x0, 0x7f, 0xa2,
    0x0, 0x1f, 0xb4, 0x3, 0xff, 0x89, 0xa0, 0x1f,
    0x8e, 0x2c, 0x3, 0xf2, 0x80, 0x7f, 0xf3, 0xc,
    0x3, 0xf9, 0x54, 0x1, 0xf9, 0xc0, 0x3f, 0xf8,
    0x86, 0x1, 0xfc, 0xe6, 0x1, 0xfb, 0x0, 0x3f,
    0xf9, 0x88, 0x1, 0xff, 0xc6, 0x12, 0x0, 0xff,
    0xe2, 0x28, 0x7, 0xff, 0x1d, 0xc0, 0x3f, 0xf9,
    0x9a, 0x1, 0xff, 0xc6, 0x50, 0xf, 0xfe, 0x28,
    0x90, 0x7, 0xff, 0x18, 0x80, 0x3f, 0xf9, 0x8e,
    0x1, 0xff, 0xc6, 0xc0, 0xf, 0xfe, 0x33, 0x80,
    0x7f, 0xf1, 0x50, 0x3, 0xff, 0x9a, 0x42, 0x1,
    0xff, 0xc5, 0x30, 0xf, 0xfe, 0x36, 0x80, 0x7f,
    0xf1, 0x4c, 0x3, 0xff, 0x9c, 0xa0, 0x1f, 0xfc,
    0x55, 0x0, 0xff, 0xe3, 0x20, 0x7, 0xff, 0x17,
    0x0, 0x3f, 0xf9, 0xc6, 0x1, 0xff, 0xc4, 0x21,
    0x0, 0xff, 0xe3, 0x18, 0x7, 0xff, 0x15, 0x40,
    0x3f, 0xf9, 0xda, 0x1, 0xff, 0xc4, 0x70, 0xf,
    0xfe, 0x41, 0x0, 0x7f, 0xf0, 0xc4, 0x40, 0x1f,
    0xfc, 0xe4, 0x0, 0xff, 0xe2, 0x68, 0x7, 0xff,
    0x21, 0xc0, 0x3f, 0xf8, 0x68, 0x1, 0xff, 0xcf,
    0x11, 0x0, 0x7f, 0xf0, 0xd0, 0x3, 0xff, 0x91,
    0x80, 0x1f, 0xfc, 0x3d, 0x0, 0xff, 0xe8, 0x28,
    0x7, 0xff, 0xc, 0xc0, 0x3f, 0xf9, 0xa, 0x1,
    0xff, 0xc3, 0x40, 0xf, 0xfe, 0x81, 0x80, 0x7f,
    0xf0, 0x88, 0x3, 0xff, 0x92, 0x60, 0x1f, 0xfc,
    0x33, 0x0, 0xff, 0xe8, 0x60, 0x7, 0xff, 0x9,
    0x0, 0x3f, 0xf9, 0x46, 0x1, 0xff, 0xc1, 0x30,
    0xf, 0xfe, 0x18,

    /* U+0058 "X" */
    0x1, 0x99, 0xff, 0xe1, 0x8, 0x7, 0xff, 0x35,
    0xa6, 0x7f, 0xf8, 0xa, 0x0, 0x12, 0x66, 0xff,
    0xe0, 0xc8, 0x7, 0xff, 0x30, 0xa5, 0x9b, 0xff,
    0x82, 0x1, 0x48, 0x7, 0xff, 0x5, 0xc4, 0x3,
    0xff, 0x97, 0x0, 0x1f, 0xfc, 0x5, 0x30, 0x8,
    0x98, 0x3, 0xff, 0x83, 0x20, 0x1f, 0xfc, 0xa2,
    0x50, 0xf, 0xfe, 0x5, 0x80, 0x74, 0x0, 0x7f,
    0xf0, 0x5c, 0x40, 0x3f, 0xf9, 0x32, 0x1, 0xff,
    0xc0, 0x71, 0x0, 0xe1, 0x70, 0xf, 0xfe, 0xc,
    0x80, 0x7f, 0xf2, 0xd, 0x0, 0x3f, 0xe1, 0x80,
    0xf, 0xa0, 0x40, 0x3f, 0xf8, 0xe, 0x20, 0x1f,
    0xfc, 0x78, 0x0, 0xff, 0xe0, 0x40, 0x7, 0xf4,
    0x0, 0x7f, 0xf0, 0x60, 0x3, 0xff, 0x8c, 0x68,
    0x1, 0xff, 0x13, 0x0, 0x7f, 0x31, 0x0, 0x7f,
    0xf0, 0x18, 0x40, 0x3f, 0xf8, 0xb0, 0x1, 0xff,
    0xc0, 0x90, 0xf, 0xfa, 0x0, 0x3f, 0xf8, 0x30,
    0x1, 0xff, 0xc4, 0x44, 0x0, 0x7f, 0xc8, 0x80,
    0xf, 0xf9, 0x4c, 0x3, 0xff, 0x80, 0xc2, 0x1,
    0xff, 0xc3, 0x80, 0xf, 0xfe, 0x4, 0x0, 0x7f,
    0xf0, 0x60, 0x3, 0xff, 0x83, 0x0, 0x1f, 0xfc,
    0x24, 0x30, 0xf, 0xf9, 0x4c, 0x3, 0xff, 0x82,
    0x88, 0x0, 0xff, 0xe0, 0x30, 0x80, 0x7f, 0xf0,
    0x60, 0x3, 0xff, 0x81, 0x60, 0x1f, 0xfc, 0x39,
    0x0, 0xff, 0xe0, 0xc0, 0x7, 0xff, 0x1, 0xc,
    0x3, 0xfe, 0x71, 0x0, 0xff, 0xe1, 0x93, 0x0,
    0x7f, 0xf0, 0x18, 0x80, 0x3f, 0xe8, 0x0, 0xff,
    0x86, 0x0, 0x3f, 0xf8, 0xb0, 0x1, 0xff, 0xc1,
    0xb0, 0xf, 0xf2, 0x98, 0x7, 0xfd, 0x0, 0x1f,
    0xfc, 0x61, 0x70, 0xf, 0xfe, 0x3, 0x10, 0x7,
    0xf4, 0x0, 0x7f, 0xc4, 0xc0, 0x1f, 0xfc, 0x78,
    0x10, 0xf, 0xfe, 0x5, 0x80, 0x7e, 0x52, 0x0,
    0xff, 0xa4, 0x3, 0xff, 0x93, 0x0, 0x1f, 0xfc,
    0x6, 0x20, 0xf, 0xa0, 0x3, 0xfe, 0x44, 0x0,
    0x7f, 0xf2, 0x58, 0x80, 0x3f, 0xf8, 0x10, 0x1,
    0xe6, 0x20, 0xf, 0xfa, 0x40, 0x3f, 0xf9, 0x70,
    0x1, 0xff, 0xc0, 0x52, 0x0, 0xeb, 0x0, 0xff,
    0x98, 0x80, 0x3f, 0xf9, 0x6a, 0x60, 0x1f, 0xfc,
    0x8, 0x0, 0xcc, 0x40, 0x1f, 0xf4, 0x0, 0x7f,
    0xf3, 0x7c, 0x3, 0xff, 0x80, 0xa4, 0x1, 0x40,
    0x7, 0xfc, 0xe2, 0x1, 0xff, 0xcd, 0x34, 0x0,
    0xff, 0xe0, 0x40, 0x1, 0x84, 0x3, 0xfc, 0x30,
    0x1, 0xff, 0xcf, 0x90, 0xf, 0xfe, 0x2, 0x90,
    0x40, 0x7, 0xfd, 0x0, 0x1f, 0xfd, 0x2, 0x60,
    0xf, 0xfe, 0x6, 0xf8, 0x80, 0x7f, 0x89, 0x80,
    0x3f, 0xfa, 0x30, 0x1, 0xff, 0xcd, 0x90, 0xf,
    0xfe, 0x90, 0xb8, 0x7, 0xff, 0x2d, 0x10, 0x1,
    0xff, 0xd3, 0x81, 0x0, 0xff, 0xe5, 0x48, 0x7,
    0xff, 0x56, 0x0, 0x3f, 0xf9, 0x2c, 0x40, 0x1f,
    0xfd, 0x56, 0x20, 0xf, 0xfe, 0x44, 0x0, 0x7f,
    0xf5, 0xe0, 0x3, 0xff, 0x8f, 0x2, 0x1, 0xff,
    0xd7, 0x53, 0x0, 0xff, 0xe2, 0x8b, 0x80, 0x7f,
    0xf6, 0x7c, 0x3, 0xff, 0x8b, 0x0, 0x1f, 0xfd,
    0xa3, 0x40, 0xf, 0xfe, 0x19, 0x30, 0x7, 0xff,
    0x6c, 0x40, 0x3f, 0xf8, 0x66, 0x1, 0xff, 0xdb,
    0x35, 0x0, 0xff, 0xe1, 0x8b, 0x80, 0x7f, 0xf6,
    0xbc, 0x3, 0xff, 0x8b, 0x2, 0x1, 0xff, 0xd8,
    0x53, 0x0, 0xff, 0xe3, 0x40, 0x7, 0xff, 0x62,
    0x0, 0x3f, 0xf8, 0xec, 0x40, 0x1f, 0xfd, 0x67,
    0x20, 0xf, 0xfe, 0x44, 0x80, 0x7f, 0xf5, 0x46,
    0x40, 0x3f, 0xf9, 0x28, 0x80, 0xf, 0xfe, 0xa4,
    0x88, 0x7, 0xff, 0x2a, 0x40, 0x3f, 0xfa, 0x64,
    0xe0, 0x1f, 0xfc, 0xb2, 0x60, 0xf, 0xfe, 0x94,
    0x0, 0x7f, 0xc4, 0x60, 0x1f, 0xfc, 0x8, 0x0,
    0xff, 0xe8, 0x9a, 0x80, 0x7f, 0xd9, 0x83, 0x0,
    0xff, 0x86, 0x0, 0x3f, 0xfa, 0x1e, 0x1, 0xff,
    0x30, 0x84, 0x0, 0x7f, 0xf0, 0x1c, 0x40, 0x3f,
    0xf9, 0xc8, 0x60, 0x1f, 0xf4, 0x0, 0x10, 0xc0,
    0x3f, 0xf8, 0x16, 0x1, 0xff, 0xce, 0x90, 0xf,
    0xf9, 0x84, 0x2, 0xf0, 0xf, 0xfe, 0x2, 0x98,
    0x7, 0xff, 0x31, 0x88, 0x3, 0xfe, 0x80, 0xc,
    0x68, 0x1, 0xff, 0xc0, 0xf0, 0xf, 0xfe, 0x64,
    0x0, 0x7f, 0xce, 0x20, 0x1d, 0x0, 0x1f, 0xfc,
    0x3, 0x50, 0xf, 0xfe, 0x54, 0x8, 0x7, 0xfd,
    0x20, 0x1e, 0x34, 0x0, 0xff, 0xe0, 0x40, 0x7,
    0xff, 0x24, 0x5c, 0x3, 0xfe, 0x71, 0x0, 0xfa,
    0x40, 0x3f, 0xf8, 0x4, 0xe0, 0x1f, 0xfc, 0x8b,
    0x0, 0xff, 0xe0, 0x48, 0x7, 0xe2, 0x50, 0xf,
    0xfe, 0x4, 0x88, 0x7, 0xff, 0x18, 0x94, 0x3,
    0xfe, 0x71, 0x0, 0xfe, 0x80, 0xf, 0xfe, 0x0,
    0xc8, 0x7, 0xff, 0x1a, 0x40, 0x3f, 0xe1, 0x90,
    0xf, 0xf1, 0x30, 0x7, 0xff, 0x1, 0xc8, 0x3,
    0xff, 0x88, 0x88, 0x0, 0xff, 0xa4, 0x40, 0x3f,
    0xeb, 0x0, 0xff, 0xe0, 0xc0, 0x7, 0xff, 0x12,
    0x40, 0x3f, 0xe1, 0x70, 0xf, 0xfe, 0x1, 0x30,
    0x7, 0xff, 0x1, 0x4c, 0x3, 0xff, 0x84, 0xc4,
    0x1, 0xff, 0x48, 0x7, 0xff, 0xa, 0x0, 0x3f,
    0xf8, 0x3e, 0x1, 0xff, 0xc2, 0x80, 0xf, 0xf8,
    0x5c, 0x3, 0xff, 0x84, 0x2e, 0x1, 0xff, 0xc0,
    0x35, 0x0, 0xff, 0xe0, 0x38, 0x80, 0x7f, 0xd2,
    0x1, 0xff, 0xc4, 0x90, 0xf, 0xfe, 0xd, 0x80,
    0x7f, 0xc3, 0x0, 0x1f, 0xf0, 0xb8, 0x7, 0xff,
    0x10, 0x5c, 0x3, 0xff, 0x80, 0x2e, 0x1, 0xfe,
    0x80, 0xf, 0xfe, 0x4, 0x0, 0x7f, 0xf1, 0xa4,
    0x40, 0x3f, 0xf8, 0x10, 0x20, 0x1f, 0x89, 0x80,
    0x3f, 0xe1, 0x60, 0xf, 0xfe, 0x30, 0xc8, 0x7,
    0xff, 0x6, 0x0, 0x3f, 0x48, 0x7, 0xff, 0x2,
    0x0, 0x3f, 0xf9, 0xe, 0x20, 0x1f, 0xfc, 0x6,
    0x20, 0xf, 0x22, 0x0, 0x3f, 0xe1, 0x60, 0xf,
    0xfe, 0x4c, 0x80, 0x7f, 0xf0, 0x64, 0x3, 0xd0,
    0x1, 0xff, 0xc0, 0x80, 0xf, 0xfe, 0x53, 0x88,
    0x7, 0xff, 0x1, 0x10, 0x1, 0x94, 0xc0, 0x3f,
    0xe2, 0x60, 0xf, 0xfe, 0x5c, 0x0, 0x7f, 0xf0,
    0x64, 0x3, 0x58, 0x7, 0xff, 0x2, 0x0, 0x3f,
    0xf9, 0x8c, 0x40, 0x1f, 0xfc, 0x2, 0x60, 0x3,
    0x88, 0x7, 0xfc, 0x4a, 0x1, 0xff, 0xcd, 0x80,
    0xf, 0xfe, 0xc, 0x0, 0xc0, 0x7, 0xff, 0x2,
    0x0, 0x3f, 0xf9, 0xca, 0x40, 0x1f, 0xfc, 0x1,
    0x80,

    /* U+0059 "Y" */
    0x18, 0x8f, 0xfe, 0xa, 0x0, 0x7f, 0xf3, 0xd2,
    0x23, 0xff, 0x80, 0xc2, 0x8e, 0xff, 0xfc, 0x9,
    0x0, 0xff, 0xe7, 0xd3, 0xbf, 0xff, 0x0, 0x1,
    0x20, 0x1f, 0xfc, 0x2, 0x40, 0xf, 0xfe, 0x6b,
    0x8, 0x7, 0xfc, 0x2c, 0xa, 0x40, 0x1f, 0xfc,
    0xf, 0x0, 0xff, 0xe6, 0xd0, 0x7, 0xff, 0x2,
    0x0, 0x28, 0x0, 0xff, 0xe0, 0x21, 0x80, 0x7f,
    0xf2, 0xcc, 0xc0, 0x1f, 0xf0, 0xb0, 0x4, 0xa4,
    0x1, 0xff, 0xc0, 0x90, 0xf, 0xfe, 0x5c, 0x80,
    0x7f, 0xf0, 0x24, 0x3, 0xa0, 0x3, 0xff, 0x80,
    0xa2, 0x1, 0xff, 0xc9, 0x25, 0x0, 0xff, 0x85,
    0xc0, 0x39, 0x48, 0x3, 0xff, 0x81, 0x20, 0x1f,
    0xfc, 0x9a, 0x0, 0xff, 0xe0, 0x48, 0x7, 0xd0,
    0x1, 0xff, 0xc0, 0x60, 0xf, 0xfe, 0x4b, 0x80,
    0x7f, 0xc2, 0xe0, 0x1f, 0x29, 0x0, 0x7f, 0xc2,
    0xc0, 0x1f, 0xfc, 0x76, 0x0, 0xff, 0xe0, 0x48,
    0x7, 0xf5, 0x80, 0x7f, 0xf0, 0x2c, 0x3, 0xff,
    0x8f, 0x60, 0x1f, 0xfc, 0x6, 0x0, 0xfe, 0x62,
    0x0, 0xff, 0x89, 0x40, 0x3f, 0xf8, 0xa8, 0x40,
    0x1f, 0xf3, 0x88, 0x7, 0xfa, 0xc0, 0x3f, 0xf8,
    0x12, 0x1, 0xff, 0xc5, 0xf0, 0xf, 0xfe, 0x4,
    0x80, 0x7f, 0xcc, 0x20, 0x1f, 0xf1, 0x98, 0x3,
    0xff, 0x86, 0x48, 0x1, 0xff, 0x38, 0x80, 0x7f,
    0xf0, 0x20, 0x3, 0xff, 0x81, 0x20, 0x1f, 0xfc,
    0x3b, 0x0, 0xff, 0xe0, 0x48, 0x7, 0xff, 0x5,
    0x84, 0x3, 0xfe, 0x51, 0x0, 0xff, 0xe0, 0x8b,
    0x0, 0x7f, 0xce, 0x20, 0x1f, 0xfc, 0x28, 0x0,
    0xff, 0xe0, 0x48, 0x7, 0xff, 0x5, 0x80, 0x3f,
    0xf8, 0x12, 0x1, 0xff, 0xc3, 0x61, 0x0, 0xff,
    0x9c, 0x3, 0xff, 0x83, 0x20, 0x1f, 0xf3, 0x8,
    0x7, 0xff, 0x12, 0x40, 0x3f, 0xf8, 0xe, 0x1,
    0xff, 0x28, 0x80, 0x7f, 0xd0, 0x1, 0xff, 0xc5,
    0x71, 0x0, 0xff, 0xa8, 0x3, 0xfe, 0x90, 0xf,
    0xf9, 0x84, 0x3, 0xff, 0x8d, 0x20, 0x1f, 0xf1,
    0x28, 0x7, 0xf1, 0x98, 0x3, 0xfe, 0xb0, 0xf,
    0xfe, 0x3b, 0x88, 0x7, 0xfd, 0x20, 0x1f, 0xd2,
    0x1, 0xff, 0x31, 0x0, 0x7f, 0xf2, 0x24, 0x3,
    0xfe, 0x33, 0x0, 0x7c, 0x2a, 0x1, 0xff, 0x58,
    0x7, 0xff, 0x25, 0xc4, 0x3, 0xfe, 0x90, 0xf,
    0xa4, 0x3, 0xfe, 0x52, 0x0, 0xff, 0xe5, 0x48,
    0x7, 0xfc, 0xa4, 0x1, 0xe6, 0x0, 0xff, 0xa0,
    0x3, 0xff, 0x96, 0xc0, 0x1f, 0xfc, 0xb, 0x0,
    0xe6, 0x10, 0xf, 0xf2, 0x90, 0x7, 0xff, 0x2c,
    0x5c, 0x3, 0xfe, 0x60, 0xe, 0xb0, 0xf, 0xfa,
    0x0, 0x3f, 0xf9, 0xb2, 0x1, 0xff, 0xc0, 0x70,
    0x9, 0x8, 0x3, 0xfc, 0xa4, 0x1, 0xff, 0xcd,
    0x17, 0x0, 0xff, 0xa4, 0x2, 0xf0, 0xf, 0xfa,
    0x40, 0x3f, 0xf9, 0xf2, 0x1, 0xff, 0xa, 0x81,
    0x20, 0x7, 0xf9, 0xc, 0x3, 0xff, 0x9e, 0x2e,
    0x1, 0xff, 0x4a, 0x40, 0x7, 0xfd, 0x0, 0x1f,
    0xfd, 0x19, 0x0, 0xff, 0x8e, 0xd4, 0x3, 0xfc,
    0x86, 0x1, 0xff, 0xd1, 0x16, 0x0, 0xff, 0xe5,
    0xc0, 0x7, 0xff, 0x4e, 0x0, 0x3f, 0xf9, 0x48,
    0x60, 0x1f, 0xfd, 0x31, 0x60, 0xf, 0xfe, 0x4c,
    0x0, 0x7f, 0xf5, 0x60, 0x3, 0xff, 0x90, 0x66,
    0x0, 0xff, 0xea, 0x8b, 0x0, 0x7f, 0xf1, 0xe0,
    0x3, 0xff, 0xaf, 0x0, 0x1f, 0xfc, 0x63, 0x40,
    0xf, 0xfe, 0xb8, 0xb0, 0x7, 0xff, 0x16, 0x0,
    0x3f, 0xfb, 0x36, 0x1, 0xff, 0xc4, 0x34, 0x0,
    0xff, 0xec, 0x92, 0x80, 0x7f, 0xf0, 0xe0, 0x3,
    0xff, 0xb7, 0x0, 0x1f, 0xfc, 0x22, 0x40, 0xf,
    0xfe, 0xd9, 0x28, 0x7, 0xff, 0x6, 0x0, 0x3f,
    0xfb, 0xb0, 0x1, 0xff, 0xc0, 0x25, 0x0, 0xff,
    0xee, 0x90, 0x80, 0x7f, 0xc8, 0x1, 0xff, 0xff,
    0x0, 0xff, 0xff, 0x80, 0x7f, 0xff, 0xc0, 0x3f,
    0xff, 0xe0, 0x1f, 0xff, 0xf0, 0xf, 0xff, 0xf8,
    0x7, 0xff, 0xfc, 0x3, 0xff, 0xfe, 0x1, 0xff,
    0xff, 0x0, 0xff, 0xff, 0x80, 0x7f, 0xff, 0xc0,
    0x3f, 0xff, 0xe0, 0x1f, 0xff, 0xf0, 0xf, 0xff,
    0xf8, 0x7, 0xff, 0xfc, 0x3, 0xff, 0xfe, 0x1,
    0xff, 0xff, 0x0, 0xff, 0xff, 0x80, 0x7f, 0xff,
    0xc0, 0x3f, 0xfd, 0x0,

    /* U+005A "Z" */
    0x0, 0x77, 0xff, 0xff, 0x7e, 0xc0, 0x3f, 0xff,
    0xe0, 0x1f, 0xff, 0xf0, 0xf, 0xff, 0xf8, 0x7,
    0xff, 0xfc, 0x3, 0xff, 0xfe, 0x1, 0xff, 0xff,
    0x0, 0xff, 0xea, 0xf7, 0xff, 0xff, 0x44, 0xc0,
    0x3f, 0xf8, 0x38, 0x1, 0xff, 0xd4, 0x73, 0x0,
    0xff, 0xe0, 0x1b, 0x80, 0x7f, 0xf4, 0xca, 0x0,
    0x3f, 0xf8, 0x3c, 0x1, 0xff, 0xd4, 0xe0, 0xf,
    0xfe, 0xc, 0x10, 0x7, 0xff, 0x4d, 0xcc, 0x3,
    0xff, 0x80, 0x4e, 0x1, 0xff, 0xd3, 0x28, 0x0,
    0xff, 0xe0, 0xf0, 0x7, 0xff, 0x52, 0x40, 0x3f,
    0xf8, 0x2e, 0x60, 0x1f, 0xfd, 0x36, 0x40, 0xf,
    0xfe, 0x1, 0x40, 0x7, 0xff, 0x4c, 0x64, 0x3,
    0xff, 0x83, 0xc0, 0x1f, 0xfd, 0x4a, 0x0, 0xff,
    0xe0, 0xb9, 0x80, 0x7f, 0xf4, 0xd5, 0x0, 0x3f,
    0xf8, 0x5, 0x0, 0x1f, 0xfd, 0x31, 0xb0, 0xf,
    0xfe, 0xc, 0x80, 0x7f, 0xf5, 0x2c, 0x40, 0x3f,
    0xf8, 0xc, 0x80, 0x1f, 0xfd, 0x35, 0x50, 0x7,
    0xff, 0x0, 0x64, 0x3, 0xff, 0xa6, 0x36, 0x1,
    0xff, 0xc1, 0xa0, 0xf, 0xfe, 0xa5, 0x88, 0x7,
    0xff, 0x1, 0x50, 0x3, 0xff, 0xa6, 0x8a, 0x1,
    0xff, 0xc0, 0x1b, 0x0, 0xff, 0xea, 0x50, 0x7,
    0xff, 0x6, 0xc4, 0x3, 0xff, 0xa7, 0x22, 0x1,
    0xff, 0xc0, 0x55, 0x0, 0x7f, 0xf4, 0xd1, 0x80,
    0x3f, 0xf8, 0x3, 0x60, 0x1f, 0xfd, 0x49, 0x0,
    0xff, 0xe0, 0xd8, 0x80, 0x7f, 0xf4, 0xe4, 0x80,
    0x3f, 0xf8, 0x8, 0xa0, 0x1f, 0xfd, 0x33, 0x60,
    0xf, 0xfe, 0xd, 0x0, 0x7f, 0xf5, 0x38, 0x3,
    0xff, 0x83, 0x22, 0x1, 0xff, 0xd3, 0x82, 0x0,
    0xff, 0xe0, 0x23, 0x0, 0x7f, 0xf4, 0xcd, 0xc0,
    0x3f, 0xf8, 0x32, 0x1, 0xff, 0xd4, 0xe0, 0xf,
    0xfe, 0xc, 0x90, 0x7, 0xff, 0x4e, 0x8, 0x3,
    0xff, 0x80, 0x6c, 0x1, 0xff, 0xd3, 0x27, 0x0,
    0xff, 0xe0, 0xf0, 0x7, 0xff, 0x53, 0x80, 0x3f,
    0xf8, 0x30, 0x40, 0x1f, 0xfd, 0x37, 0x30, 0xf,
    0xfe, 0x1, 0xb8, 0x7, 0xff, 0x4c, 0xa0, 0x3,
    0xff, 0x83, 0xc0, 0x1f, 0xfd, 0x4e, 0x0, 0xff,
    0xe0, 0xc1, 0x0, 0x7f, 0xf4, 0xd8, 0xc0, 0x3f,
    0xf8, 0x4, 0xe0, 0x1f, 0xfd, 0x32, 0x90, 0xf,
    0xfe, 0xf, 0x0, 0x7f, 0xf5, 0x24, 0x3, 0xff,
    0x82, 0xe6, 0x1, 0xff, 0xd3, 0x64, 0x0, 0xff,
    0xe0, 0x14, 0x0, 0x7f, 0xf4, 0xc6, 0x40, 0x3f,
    0xf8, 0x3c, 0x1, 0xff, 0xd4, 0xa0, 0xf, 0xfe,
    0xb, 0x18, 0x7, 0xff, 0x4d, 0x50, 0x3, 0xff,
    0x80, 0x52, 0x1, 0xff, 0xd3, 0x1b, 0x0, 0xff,
    0xe0, 0xc8, 0x7, 0xff, 0x52, 0xc4, 0x3, 0xff,
    0x80, 0xc8, 0x1, 0xff, 0xd3, 0x55, 0x0, 0x7f,
    0xf0, 0x6, 0x40, 0x3f, 0xfa, 0x63, 0x60, 0x1f,
    0xfc, 0x1a, 0x0, 0xff, 0xea, 0x58, 0x80, 0x7f,
    0xf0, 0x15, 0x0, 0x3f, 0xfa, 0x68, 0xa0, 0x1f,
    0xfc, 0x1, 0xb0, 0xf, 0xfe, 0xa5, 0x0, 0x7f,
    0xf0, 0x6c, 0x40, 0x3f, 0xfa, 0x72, 0x20, 0x1f,
    0xfc, 0x5, 0x50, 0x7, 0xff, 0x4d, 0x18, 0x3,
    0xff, 0x80, 0x36, 0x1, 0xff, 0xd4, 0xc0, 0xf,
    0xfe, 0x8, 0xf7, 0xff, 0xff, 0x4e, 0x40, 0x3f,
    0xff, 0xe0, 0x1f, 0xff, 0xf0, 0xf, 0xff, 0xf8,
    0x7, 0xff, 0xfc, 0x3, 0xff, 0xfe, 0x1, 0xff,
    0xff, 0x0, 0xff, 0xe9, 0x0,

    /* U+005B "[" */
    0x7b, 0xbf, 0xfe, 0x29, 0x62, 0x27, 0xff, 0x14,
    0x40, 0x3f, 0xff, 0xe0, 0x1f, 0xff, 0x81, 0xff,
    0xf8, 0xc0, 0x3f, 0xff, 0xe0, 0x1f, 0xff, 0xf0,
    0xf, 0xff, 0xf8, 0x7, 0xff, 0xfc, 0x3, 0xff,
    0xfe, 0x1, 0xff, 0xff, 0x0, 0xff, 0xff, 0x80,
    0x7f, 0xff, 0xc0, 0x3f, 0xff, 0xe0, 0x1f, 0xff,
    0xf0, 0xf, 0xff, 0xf8, 0x7, 0xff, 0xfc, 0x3,
    0xff, 0xfe, 0x1, 0xff, 0xff, 0x0, 0xff, 0xff,
    0x80, 0x7f, 0xff, 0xc0, 0x3f, 0xff, 0xe0, 0x1f,
    0xff, 0xf0, 0xf, 0xfe, 0x80, 0xdd, 0xfc, 0x40,
    0x1f, 0xf2, 0x27, 0xc2, 0x1, 0xff, 0xff, 0x0,
    0xff, 0xf7, 0x0,

    /* U+005C "\\" */
    0x7f, 0xff, 0xea, 0x0, 0xff, 0xe7, 0x28, 0x7,
    0xf2, 0x0, 0x7f, 0xf3, 0x88, 0x80, 0x1f, 0x84,
    0xc0, 0x3f, 0xf9, 0xc8, 0x1, 0xfd, 0x60, 0x1f,
    0xfc, 0xed, 0x0, 0xfe, 0x40, 0xf, 0xfe, 0x72,
    0x0, 0x7f, 0x18, 0x80, 0x7f, 0xf3, 0x90, 0x3,
    0xf9, 0xc0, 0x3f, 0xf9, 0xda, 0x1, 0xfd, 0x80,
    0x1f, 0xfc, 0xe7, 0x0, 0xfe, 0x50, 0xf, 0xfe,
    0x70, 0x90, 0x7, 0xf2, 0x0, 0x7f, 0xf3, 0x94,
    0x3, 0xfb, 0x0, 0x3f, 0xf9, 0xd8, 0x1, 0xfc,
    0xa0, 0x1f, 0xfc, 0xe4, 0x0, 0xfe, 0x22, 0x0,
    0x7f, 0xf3, 0x94, 0x3, 0xf9, 0x0, 0x3f, 0xf9,
    0xd8, 0x1, 0xfd, 0xa0, 0x1f, 0xfc, 0xe7, 0x0,
    0xfe, 0x40, 0xf, 0xfe, 0x70, 0x98, 0x7, 0xf2,
    0x0, 0x7f, 0xf3, 0x90, 0x3, 0xfb, 0x40, 0x3f,
    0xf9, 0xd6, 0x1, 0xfc, 0xe0, 0x1f, 0xfc, 0xe3,
    0x10, 0xf, 0xc2, 0x40, 0x1f, 0xfc, 0xe4, 0x0,
    0xfe, 0x50, 0xf, 0xfe, 0x77, 0x80, 0x7f, 0x58,
    0x7, 0xff, 0x39, 0x0, 0x3f, 0x8c, 0x40, 0x3f,
    0xf9, 0xa2, 0x60, 0x1f, 0xc8, 0x1, 0xff, 0xce,
    0xb0, 0xf, 0xef, 0x0, 0xff, 0xe7, 0x28, 0x7,
    0xf2, 0x0, 0x7f, 0xf3, 0x88, 0x40, 0x3f, 0x9,
    0x80, 0x7f, 0xf3, 0x9c, 0x3, 0xfa, 0xc0, 0x3f,
    0xf9, 0xda, 0x1, 0xfc, 0x80, 0x1f, 0xfc, 0xe4,
    0x0, 0xfe, 0x31, 0x0, 0xff, 0xe7, 0x20, 0x7,
    0xf3, 0x80, 0x7f, 0xf3, 0xb4, 0x3, 0xfb, 0x0,
    0x3f, 0xf9, 0xc8, 0x1, 0xfc, 0xa0, 0x1f, 0xfc,
    0xe2, 0x20, 0x7, 0xf2, 0x0, 0x7f, 0xf3, 0x94,
    0x3, 0xfb, 0x0, 0x3f, 0xf9, 0xd8, 0x1, 0xfc,
    0xa0, 0x1f, 0xfc, 0xe4, 0x0, 0xfe, 0x22, 0x0,
    0x7f, 0xf3, 0x94, 0x3, 0xf9, 0x0, 0x3f, 0xf9,
    0xd8, 0x1, 0xfd, 0xa0, 0x1f, 0xfc, 0xe7, 0x0,
    0xfe, 0x40, 0xf, 0xfe, 0x70, 0x98, 0x7, 0xf2,
    0x0, 0x7f, 0xf3, 0x90, 0x3, 0xfb, 0x40, 0x3f,
    0xf9, 0xd6, 0x1, 0xfc, 0x80, 0x1f, 0xfc, 0xe3,
    0x10, 0xf, 0xc4, 0x40, 0xf, 0xfe, 0x72, 0x0,
    0x7f, 0x28, 0x7, 0xff, 0x3b, 0xc0, 0x3f, 0xb0,
    0x3, 0xff, 0x9c, 0x80, 0x1f, 0xc8, 0x1, 0xff,
    0xce, 0x13, 0x0, 0xfe, 0x50, 0xf, 0xfe, 0x75,
    0x80, 0x7f, 0x60, 0x7, 0xff, 0x39, 0x0, 0x3f,
    0x9c, 0x3, 0xff, 0x9c, 0x62, 0x1, 0xf8, 0x4c,
    0x3, 0xff, 0x9c, 0xe0, 0x1f, 0xc8, 0x1, 0xff,
    0xce, 0xc0, 0xf, 0xeb, 0x0, 0xff, 0xe7, 0x28,
    0x7, 0xf1, 0x88, 0x7, 0xff, 0x39, 0x0, 0x3f,
    0x90, 0x3, 0xff, 0x9d, 0x80, 0x1f, 0xde, 0x1,
    0xff, 0xce, 0x50, 0xf, 0xe4, 0x0, 0xff, 0xe7,
    0x11, 0x0, 0x3f, 0x9, 0x80, 0x7f, 0xf3, 0x90,
    0x3, 0xfa, 0xc0, 0x3f, 0xf9, 0xda, 0x1, 0xfc,
    0xa0, 0x1f, 0xfc, 0xe4, 0x0, 0xfe, 0x21, 0x0,
    0xff, 0xe7, 0x20, 0x7, 0xf3, 0x80, 0x7f, 0xf3,
    0xb4, 0x3, 0xfb, 0x40, 0x3f, 0xf9, 0xce, 0x1,
    0xfc, 0x80, 0x1f, 0xfc, 0xe1, 0x20, 0xf, 0xe4,
    0x0, 0xff, 0xe7, 0x28, 0x7, 0xf6, 0x80, 0x7f,
    0xf3, 0xac, 0x3, 0xf9, 0x0, 0x3f, 0xf9, 0xc6,
    0x20, 0x1f, 0x88, 0x80, 0x1f, 0xfc, 0xe4, 0x0,
    0xfe, 0x50, 0xf, 0xfe, 0x77, 0x80, 0x7f, 0x60,
    0x7, 0xff, 0x39, 0x0, 0x3f, 0x90, 0x3, 0xff,
    0x9c, 0x26, 0x1, 0xfc, 0xa0, 0x1f, 0xfc, 0xe4,
    0x0, 0xfe, 0xc0, 0xf, 0xfe, 0x75, 0x80, 0x7f,
    0x38, 0x7, 0xff, 0x38, 0xc4, 0x3, 0xf0, 0x98,
    0x7, 0xff, 0x39, 0x0, 0x3f, 0x90, 0x3, 0xff,
    0x9d, 0xe0, 0x1f, 0xd6, 0x1, 0xff, 0xce, 0x50,
    0xf, 0xe3, 0x10, 0xf, 0xfe, 0x71, 0x80, 0x7f,
    0x20, 0x7, 0xff, 0x3a, 0xc0, 0x3f, 0xbc, 0x3,
    0xff, 0x9c, 0xa0, 0x1f, 0xc8, 0x1, 0xff, 0xce,
    0x21, 0x0, 0xfc, 0x26, 0x1, 0xff, 0xce, 0x70,
    0xf, 0xeb, 0x0, 0xff, 0xe7, 0x68, 0x7, 0xf2,
    0x0, 0x7f, 0xf3, 0x90, 0x3, 0xf8, 0xc4, 0x3,
    0xff, 0x9c, 0x80, 0x1f, 0xce, 0x1, 0xff, 0xce,
    0xd0, 0xf, 0xec, 0x0, 0xff, 0xe7, 0x20, 0x7,
    0xf2, 0x80, 0x7f, 0xf3, 0x88, 0x80, 0x1f, 0xc8,
    0x1, 0xff, 0xce, 0x50, 0xf, 0xec,

    /* U+005D "]" */
    0x3b, 0xbf, 0xfe, 0x2b, 0x3a, 0x27, 0xff, 0x17,
    0xc0, 0x3f, 0xff, 0xe0, 0x1f, 0xfe, 0xe4, 0xff,
    0xf8, 0x3, 0xff, 0xfe, 0x1, 0xff, 0xff, 0x0,
    0xff, 0xff, 0x80, 0x7f, 0xff, 0xc0, 0x3f, 0xff,
    0xe0, 0x1f, 0xff, 0xf0, 0xf, 0xff, 0xf8, 0x7,
    0xff, 0xfc, 0x3, 0xff, 0xfe, 0x1, 0xff, 0xff,
    0x0, 0xff, 0xff, 0x80, 0x7f, 0xff, 0xc0, 0x3f,
    0xff, 0xe0, 0x1f, 0xff, 0xf0, 0xf, 0xff, 0xf8,
    0x7, 0xff, 0xfc, 0x3, 0xff, 0xfe, 0x1, 0xff,
    0xff, 0x0, 0xff, 0xe8, 0x9d, 0xdf, 0xc0, 0x1f,
    0xf3, 0xa2, 0x7c, 0x1, 0xff, 0xff, 0x0, 0xff,
    0xfc, 0x80,

    /* U+005E "^" */
    0x0, 0xff, 0xe3, 0x3d, 0x57, 0xf9, 0xc0, 0x3f,
    0xfa, 0xe5, 0xa, 0xbf, 0xe8, 0x20, 0xf, 0xfe,
    0xb4, 0x0, 0x7f, 0xf0, 0x20, 0x3, 0xff, 0xaa,
    0x4a, 0x1, 0xff, 0xc0, 0x52, 0x0, 0xff, 0xea,
    0x40, 0x7, 0xff, 0xa, 0x0, 0x3f, 0xfa, 0x64,
    0xa0, 0x1f, 0xfc, 0x25, 0x20, 0xf, 0xfe, 0x94,
    0x0, 0x7f, 0xf1, 0x2c, 0x3, 0xff, 0xa2, 0x4a,
    0x1, 0xff, 0xc4, 0x62, 0x0, 0xff, 0xe8, 0x58,
    0x7, 0xff, 0x1a, 0xc0, 0x3f, 0xf9, 0xe2, 0xc0,
    0x1f, 0xfc, 0x66, 0x10, 0xf, 0xfe, 0x74, 0x0,
    0x7f, 0xf2, 0x20, 0x3, 0xff, 0x9a, 0x2c, 0x1,
    0xff, 0xc8, 0x61, 0x0, 0xff, 0xe6, 0x40, 0x7,
    0xff, 0x2a, 0x0, 0x3f, 0xf9, 0x62, 0xc0, 0x1f,
    0xcb, 0xf4, 0x1, 0xfe, 0x61, 0x0, 0xff, 0xe5,
    0x40, 0x7, 0xfa, 0x41, 0x48, 0x3, 0xfd, 0x0,
    0x1f, 0xfc, 0x91, 0x60, 0xf, 0xe4, 0x30, 0x5,
    0x80, 0x7f, 0x98, 0x40, 0x3f, 0xf9, 0x12, 0x1,
    0xfe, 0xf0, 0x9, 0x84, 0x3, 0xfd, 0x20, 0x1f,
    0xfc, 0x71, 0x70, 0xf, 0xe3, 0x40, 0xd, 0x20,
    0x1f, 0xe7, 0x10, 0xf, 0xfe, 0x34, 0x80, 0x7f,
    0xa4, 0x3, 0x9c, 0x40, 0x3f, 0xd2, 0x1, 0xff,
    0xc5, 0x17, 0x0, 0xfe, 0x25, 0x0, 0xf4, 0x80,
    0x7f, 0x9c, 0x40, 0x3f, 0xf8, 0x92, 0x1, 0xfe,
    0xb0, 0xf, 0x98, 0x3, 0xfe, 0x90, 0xf, 0xfe,
    0x18, 0xb8, 0x7, 0xf0, 0xb0, 0x7, 0xc2, 0xe0,
    0x1f, 0xe7, 0x10, 0xf, 0xfe, 0x14, 0x80, 0x7f,
    0xa4, 0x3, 0xfa, 0x40, 0x3f, 0xe9, 0x0, 0xff,
    0xe0, 0x8b, 0x80, 0x7f, 0xb, 0x80, 0x7f, 0xb,
    0x0, 0x7f, 0x9c, 0x40, 0x3f, 0xf8, 0x12, 0x1,
    0xfe, 0x90, 0xf, 0xfa, 0xc0, 0x3f, 0xe6, 0x0,
    0xff, 0xe0, 0x30, 0x7, 0xf9, 0x80, 0x3f, 0xe2,
    0x50, 0xf, 0xf4, 0x80, 0x7f, 0xce, 0x20, 0x1f,
    0xce, 0x20, 0x1f, 0xfc, 0x8, 0x0, 0xff, 0xb,
    0x80, 0x7f, 0xa4, 0x3, 0xfd, 0x20, 0x1f, 0xfc,
    0x12, 0x50, 0xf, 0xf4, 0x80, 0x7f, 0x38, 0x80,
    0x7f, 0x30, 0x80, 0x7f, 0xf0, 0xa4, 0x3, 0xfc,
    0x2e, 0x1, 0xfa, 0x40, 0x3f, 0xd6, 0x1, 0xff,
    0xc3, 0x34, 0x0, 0xff, 0x48, 0x7, 0xce, 0x20,
    0x1f, 0xca, 0x40, 0x1f, 0xfc, 0x4f, 0x0, 0xff,
    0xb, 0x80, 0x7a, 0x40, 0x3f, 0xd2, 0x1, 0xff,
    0xc5, 0x43, 0x0, 0xff, 0x48, 0x7, 0x38, 0x80,
    0x7f, 0x21, 0x80, 0x7f, 0xf1, 0xa0, 0x3, 0xfc,
    0x2e, 0x1, 0xa4, 0x3, 0xfd, 0xe0, 0x1f, 0xfc,
    0x74, 0x20, 0xf, 0xf4, 0x80, 0x4c, 0x20, 0x1f,
    0xc6, 0x80, 0x1f, 0xfc, 0x88, 0x0, 0xff, 0xb,
    0x0, 0x20, 0x3, 0xfd, 0x20, 0x1f, 0xfc, 0x95,
    0x20, 0xf, 0xf4, 0x3, 0x8, 0x7, 0xf1, 0x28,
    0x7, 0xff, 0x2a, 0xc0, 0x3f, 0xc2, 0xcc, 0x92,
    0x0, 0xfd, 0x60, 0x1f, 0xfc, 0xb6, 0x10, 0xf,
    0xc5, 0x4c, 0xd, 0xb4, 0x40, 0x1c, 0x2c, 0x1,
    0xff, 0xcc, 0x90, 0xf, 0x25, 0xea, 0x80, 0x65,
    0xda, 0x30, 0xa, 0x40, 0x3f, 0xf9, 0xae, 0x20,
    0x12, 0xe5, 0xa0, 0x7, 0xe5, 0xcb, 0x31, 0x70,
    0xf, 0xfe, 0x74, 0x83, 0x6d, 0x18, 0x7, 0xff,
    0x1, 0x33, 0xc0, 0x3f, 0xf9, 0xef, 0xd2, 0x40,
    0x1f, 0x0,

    /* U+005F "_" */
    0x15, 0x5f, 0xff, 0x1, 0x2d, 0x57, 0xff, 0x84,
    0x3, 0xff, 0xfe, 0x1, 0xff, 0xff, 0x0, 0xff,
    0xff, 0x80, 0x7f, 0xff, 0xc0, 0x3f, 0xff, 0xe0,
    0x1f, 0xfd, 0xb0,

    /* U+0060 "`" */
    0x0, 0xff, 0x8, 0x80, 0x3f, 0xf8, 0x83, 0x1d,
    0x0, 0x1f, 0xfc, 0x21, 0x8e, 0x70, 0x61, 0x0,
    0xff, 0x86, 0x79, 0xc0, 0x34, 0x80, 0x7f, 0xc,
    0xf3, 0x0, 0x79, 0xc0, 0x3f, 0x4f, 0x30, 0x7,
    0xf3, 0x80, 0x7c, 0x40, 0x1f, 0xf4, 0x80, 0x7d,
    0x42, 0x1, 0xfe, 0x15, 0x0, 0xf0, 0xd8, 0x7,
    0xfd, 0x0, 0x1f, 0x2a, 0x80, 0x3f, 0xc4, 0x80,
    0x1f, 0x58, 0x80, 0x7f, 0xa0, 0x3, 0xe1, 0xa0,
    0xf, 0xf1, 0x98, 0x3, 0xe4, 0x60, 0xf, 0xf4,
    0x80, 0x7e, 0x91, 0x0, 0xfe, 0x52, 0x0, 0xfd,
    0x40, 0x1f, 0xeb, 0x0, 0xfc, 0x8c, 0x1, 0xfc,
    0xc2, 0x1, 0xfa, 0x48, 0x3, 0xfa, 0x40, 0x3f,
    0xb8, 0x3, 0xf9, 0x80, 0x3f, 0x8d, 0xc0, 0x3f,
    0xb, 0x80, 0x7f, 0x41, 0x0, 0x7e, 0xb0, 0xf,
    0xf7, 0x0, 0x78, 0x63, 0x0, 0x3f, 0xc7, 0x0,
    0x10, 0xcf, 0x38, 0x7, 0xff, 0x1, 0xcc, 0xa7,
    0x98, 0x3, 0xff, 0x87, 0xba, 0x60, 0xe,

    /* U+0061 "a" */
    0x0, 0xff, 0xe1, 0x23, 0xd6, 0x77, 0x3f, 0xee,
    0xca, 0x85, 0x10, 0xf, 0xfe, 0x7a, 0x57, 0xdc,
    0x29, 0x88, 0x80, 0x21, 0x35, 0x7a, 0xec, 0x60,
    0xf, 0xfe, 0x59, 0xe5, 0xa8, 0x7, 0xff, 0x10,
    0xe7, 0x9c, 0x3, 0xff, 0x91, 0x18, 0x60, 0x1f,
    0xfc, 0x81, 0x8d, 0x20, 0xf, 0xfe, 0x20, 0xe3,
    0x80, 0x7f, 0xf3, 0xb, 0x50, 0x3, 0xff, 0x84,
    0x5e, 0x60, 0x1f, 0xfc, 0xfb, 0x40, 0xf, 0xfe,
    0x1, 0x60, 0x80, 0x7f, 0xf4, 0x68, 0x40, 0x3f,
    0xc3, 0xe2, 0x1, 0xff, 0xd2, 0x1a, 0x0, 0xff,
    0x51, 0x0, 0x7f, 0xf5, 0x10, 0xc0, 0x3f, 0x3a,
    0x0, 0x7f, 0xf0, 0x84, 0x88, 0x20, 0x1f, 0xfc,
    0x48, 0x0, 0xff, 0xe4, 0xb6, 0x7f, 0x6e, 0xbb,
    0x94, 0x60, 0x1f, 0xfc, 0x14, 0x10, 0xf, 0x9e,
    0x40, 0x3f, 0x97, 0xa4, 0xc0, 0x38, 0x57, 0x24,
    0x3, 0xff, 0x82, 0xe0, 0x1f, 0x9a, 0xc0, 0x3e,
    0x8a, 0x10, 0xf, 0xf3, 0x48, 0x7, 0xff, 0x3,
    0x0, 0x3f, 0x93, 0x4, 0x3, 0x43, 0x80, 0x7f,
    0xf0, 0x58, 0x80, 0x3f, 0xe7, 0x0, 0xff, 0x1e,
    0x8, 0x1, 0x9c, 0x3, 0xff, 0x87, 0x60, 0x1f,
    0xf1, 0x0, 0x7f, 0xc5, 0xe4, 0x49, 0x0, 0xff,
    0xe2, 0x20, 0x7, 0xff, 0x0, 0x80, 0x3f, 0xe1,
    0xce, 0x0, 0xff, 0xe2, 0x90, 0x7, 0xff, 0x0,
    0x40, 0x3f, 0xf8, 0x2, 0x60, 0x1f, 0xfc, 0x61,
    0x0, 0xff, 0x9c, 0x3, 0xff, 0xa8, 0x60, 0x1f,
    0xfe, 0x1, 0x0, 0xff, 0xff, 0x80, 0x7f, 0xff,
    0xc0, 0x3f, 0xf8, 0x64, 0x8c, 0xf1, 0x9, 0x9f,
    0xc4, 0x1, 0xff, 0xce, 0x38, 0xcf, 0xdb, 0x98,
    0x77, 0x33, 0x7e, 0x10, 0xf, 0xfe, 0x63, 0x6e,
    0x39, 0x80, 0x7f, 0xf6, 0x97, 0xa4, 0x80, 0x3f,
    0xfb, 0x93, 0x42, 0x1, 0xff, 0xdd, 0xb6, 0x0,
    0xff, 0xef, 0x52, 0x0, 0x7f, 0xf7, 0x95, 0x40,
    0x1f, 0xfd, 0xfb, 0x0, 0xff, 0xe0, 0xad, 0x6f,
    0x7f, 0xfe, 0x30, 0xf, 0xfe, 0x2b, 0x8, 0x7,
    0xfc, 0x9d, 0x4a, 0x42, 0x1, 0xff, 0xce, 0xa0,
    0xf, 0xf9, 0x2c, 0x40, 0x3f, 0xfa, 0x22, 0x60,
    0x1f, 0xf4, 0x80, 0x7f, 0xf4, 0xd4, 0x3, 0xfe,
    0x32, 0x0, 0xff, 0xe9, 0x98, 0x7, 0xfc, 0xa0,
    0x1f, 0xfd, 0x4e, 0x0, 0xff, 0x84, 0x3, 0xff,
    0xa8, 0x60, 0x1f, 0xfc, 0xf1, 0x0, 0xff, 0xe2,
    0x8, 0x7, 0xff, 0x3c, 0x80, 0x3f, 0xf8, 0x82,
    0x1, 0xff, 0xce, 0x30, 0xf, 0xfe, 0x29, 0x80,
    0x7f, 0xc4, 0x1, 0xff, 0xc2, 0xa0, 0xf, 0xfe,
    0x28, 0x80, 0x7f, 0xc8, 0x1, 0xff, 0xc1, 0x36,
    0x0, 0xff, 0xe2, 0xf0, 0x7, 0xfc, 0x2e, 0x1,
    0xff, 0x16, 0x80, 0x7f, 0xf1, 0x90, 0x3, 0xff,
    0x81, 0xc, 0x1, 0xfc, 0xda, 0x20, 0x60, 0x1f,
    0xf5, 0xff, 0xdc, 0x40, 0x1f, 0xfc, 0x19, 0xc6,
    0x20, 0x0, 0x9b, 0xec, 0x80, 0x13, 0x8, 0x3,
    0xff, 0x88, 0xa0, 0x1f, 0xfc, 0x13, 0x9d, 0xff,
    0x76, 0x41, 0x0, 0x5a, 0xc, 0x1, 0xff, 0xc4,
    0x90, 0xf, 0xfe, 0x6b, 0x81, 0x80, 0x7f, 0xf1,
    0xc, 0xc0, 0x1f, 0xfc, 0xb6, 0x10, 0xc0, 0xf,
    0xfe, 0x2f, 0x80, 0x7f, 0xf2, 0x86, 0x0, 0x8,
    0x40, 0x1f, 0xfc, 0x43, 0x80, 0xf, 0xfe, 0x4d,
    0x8, 0x5, 0x0, 0x1f, 0xfc, 0x57, 0x70, 0x7,
    0xff, 0x1e, 0x90, 0x3, 0x2b, 0x0, 0x7f, 0xf1,
    0x62, 0x40, 0x3f, 0xf8, 0x85, 0x8a, 0x1, 0xe9,
    0x90, 0x80, 0x7f, 0xf1, 0x1b, 0x9c, 0x3, 0xff,
    0x80, 0x31, 0xa6, 0x1, 0xf9, 0xba, 0x99, 0xc,
    0x8b, 0xca, 0x1, 0xe1, 0x8f, 0xb7, 0x32, 0x10,
    0x0, 0x9b, 0xdf, 0x38, 0x7, 0xff, 0x1, 0x66,
    0xf3, 0x77, 0xd6,

    /* U+0062 "b" */
    0x6f, 0xff, 0xfa, 0xc0, 0x3f, 0xff, 0xe0, 0x1f,
    0xff, 0xf0, 0xf, 0xff, 0xf8, 0x7, 0xff, 0xfc,
    0x3, 0xff, 0xfe, 0x1, 0xff, 0xff, 0x0, 0xff,
    0xff, 0x80, 0x7f, 0xff, 0xc0, 0x3f, 0xff, 0xe0,
    0x1f, 0xff, 0xf0, 0xf, 0xff, 0xf8, 0x7, 0xff,
    0xfc, 0x3, 0xff, 0x82, 0x22, 0x0, 0xff, 0xed,
    0x14, 0x67, 0xfb, 0xb9, 0xfb, 0x6e, 0x40, 0x1f,
    0xfd, 0x32, 0xbd, 0x73, 0x0, 0xe2, 0x48, 0xdc,
    0x40, 0xf, 0xfe, 0x82, 0xea, 0x0, 0x7f, 0xf0,
    0xe, 0xec, 0x20, 0x1f, 0xfc, 0xd7, 0xa0, 0xf,
    0xfe, 0x22, 0x79, 0x80, 0x7f, 0xf2, 0xd6, 0x0,
    0x3f, 0xf8, 0xc3, 0xa4, 0x1, 0xff, 0xc9, 0x2a,
    0x0, 0xff, 0xe4, 0xe, 0x8, 0x7, 0xff, 0x22,
    0x0, 0x3f, 0xf9, 0x43, 0x40, 0x1f, 0xfc, 0x72,
    0x50, 0xf, 0xfe, 0x5a, 0x28, 0x7, 0xff, 0x1a,
    0x80, 0x3f, 0xf9, 0xb0, 0x1, 0xff, 0xc4, 0x66,
    0x80, 0x3f, 0xf9, 0xa4, 0xa0, 0x1f, 0xfc, 0x32,
    0x91, 0x0, 0x1c, 0xe7, 0x7f, 0xb6, 0x98, 0x3,
    0xff, 0x87, 0x20, 0x1f, 0xfc, 0x62, 0xcc, 0x31,
    0x88, 0x0, 0x96, 0x79, 0x80, 0x3f, 0xf8, 0x26,
    0x40, 0x1f, 0xfc, 0x44, 0xd3, 0x0, 0xfe, 0x19,
    0x90, 0x7, 0xff, 0x5, 0x40, 0x3f, 0xf8, 0x63,
    0x60, 0x1f, 0xfc, 0x16, 0x80, 0xf, 0xfe, 0x5,
    0x80, 0x7f, 0xf0, 0xe0, 0x3, 0xff, 0x86, 0xe6,
    0x1, 0xff, 0x18, 0x7, 0xff, 0xd, 0x80, 0x3f,
    0xf8, 0x92, 0x1, 0xff, 0xc0, 0x40, 0xf, 0xfe,
    0x9, 0x0, 0x7f, 0xf1, 0x54, 0x40, 0x3f, 0xe3,
    0x0, 0xff, 0xe0, 0xb0, 0x7, 0xff, 0x19, 0x40,
    0x3f, 0xed, 0x0, 0xff, 0xea, 0x18, 0x7, 0xfc,
    0xe0, 0x1f, 0xfd, 0x4e, 0x0, 0xff, 0x88, 0x3,
    0xff, 0xa8, 0x60, 0x1f, 0xfe, 0x1, 0x0, 0xff,
    0xe0, 0x10, 0x7, 0xff, 0x80, 0x40, 0x3f, 0xfc,
    0xe, 0x1, 0xff, 0xe0, 0x10, 0xf, 0xff, 0xf8,
    0x7, 0xff, 0x8, 0xc0, 0x3f, 0xff, 0xe0, 0x1f,
    0xfe, 0xf3, 0x0, 0xff, 0xff, 0x80, 0x7f, 0xf0,
    0x84, 0x3, 0xff, 0xc0, 0xe0, 0x1f, 0xfe, 0x1,
    0x0, 0xff, 0xe9, 0x88, 0x7, 0xff, 0x0, 0x80,
    0x3f, 0xfa, 0x66, 0x1, 0xff, 0x8, 0x7, 0xff,
    0x53, 0x80, 0x3f, 0xe2, 0x0, 0xff, 0xea, 0x18,
    0x7, 0xfc, 0xc0, 0x1f, 0xfc, 0x16, 0x0, 0xff,
    0xe3, 0x20, 0x7, 0xfd, 0xa0, 0x1f, 0xfc, 0x12,
    0x10, 0xf, 0xfe, 0x23, 0x0, 0x7f, 0xf0, 0xc,
    0x3, 0xff, 0x84, 0xc0, 0x1f, 0xfc, 0x4b, 0x0,
    0xff, 0xe0, 0x20, 0x7, 0xff, 0xa, 0x44, 0x3,
    0xff, 0x85, 0x24, 0x1, 0xff, 0x18, 0x7, 0xff,
    0xc, 0x70, 0x40, 0x3f, 0xf8, 0xe, 0xc0, 0x1f,
    0xfc, 0xb, 0x0, 0xff, 0xe2, 0x17, 0xa8, 0x7,
    0xf1, 0x54, 0x0, 0x7f, 0xf0, 0x58, 0x3, 0xff,
    0x8a, 0x35, 0xb0, 0xa6, 0x44, 0x36, 0xbd, 0x50,
    0xf, 0xfe, 0xa, 0x8, 0x7, 0xff, 0x9, 0x3d,
    0x0, 0x4, 0xf5, 0x9b, 0xac, 0x94, 0x0, 0xff,
    0xe1, 0xf8, 0x7, 0xff, 0x17, 0x40, 0x3f, 0xf9,
    0xa4, 0x80, 0x1f, 0xfc, 0x57, 0x0, 0xff, 0xe6,
    0xc8, 0x7, 0xff, 0x18, 0x5c, 0x3, 0xff, 0x96,
    0xa8, 0x1, 0xff, 0xc7, 0x82, 0x0, 0xff, 0xe4,
    0x95, 0x0, 0x7f, 0xf2, 0x78, 0x3, 0xff, 0x90,
    0x38, 0x1, 0xff, 0xca, 0x3b, 0x0, 0xff, 0xe3,
    0x16, 0x8, 0x7, 0xff, 0x2d, 0x30, 0x80, 0x3f,
    0xf8, 0x6d, 0xa4, 0x1, 0xf1, 0x91, 0x7f, 0xf0,
    0x0, 0x38, 0xf5, 0xc0, 0x3f, 0xf8, 0xb, 0xb2,
    0x1, 0xfc, 0xbb, 0xbf, 0xf4, 0x80, 0x7d, 0x1f,
    0x2a, 0x42, 0x0, 0x13, 0x6a, 0xea, 0x20, 0xf,
    0xf0,

    /* U+0063 "c" */
    0x0, 0xff, 0xe1, 0x9b, 0xd6, 0x77, 0x3f, 0xdd,
    0xb9, 0x2c, 0x60, 0x1f, 0xfc, 0xd3, 0x9e, 0xc8,
    0x53, 0x11, 0x0, 0x4, 0x8d, 0xa7, 0x3a, 0x8,
    0x3, 0xff, 0x90, 0x77, 0x8c, 0x20, 0x1f, 0xfc,
    0x21, 0x7d, 0x91, 0x0, 0xff, 0xe2, 0xc6, 0x20,
    0x7, 0xff, 0x21, 0xbd, 0x40, 0x3f, 0xf8, 0x43,
    0x8e, 0x1, 0xff, 0xcb, 0x1a, 0x60, 0xf, 0xfe,
    0x0, 0xe1, 0x80, 0x7f, 0xf3, 0xa5, 0xc0, 0x3f,
    0xec, 0x20, 0xf, 0xfe, 0x84, 0x20, 0x7, 0xf5,
    0x10, 0x7, 0xff, 0x4a, 0xc8, 0x3, 0xe5, 0x50,
    0x7, 0xff, 0x52, 0x40, 0x3e, 0xb0, 0xf, 0xfe,
    0xaa, 0x20, 0x3, 0x9c, 0x40, 0x3f, 0xf8, 0x2,
    0xf9, 0xff, 0xb6, 0x4c, 0x3, 0xff, 0x81, 0x0,
    0x1d, 0x20, 0x1f, 0xfc, 0x6, 0xe8, 0x30, 0xc,
    0x4d, 0x92, 0x1, 0xff, 0x19, 0x80, 0x25, 0x10,
    0xf, 0xf9, 0xe4, 0x3, 0xfc, 0xd4, 0x1, 0xff,
    0x50, 0x5, 0xe0, 0x1f, 0xf1, 0xc0, 0x7, 0xff,
    0x1, 0x58, 0x3, 0xf8, 0xbc, 0x2, 0x50, 0xf,
    0xfb, 0xc0, 0x3f, 0xf8, 0x50, 0x1, 0xf1, 0xde,
    0xb0, 0x1, 0x0, 0x3f, 0xe2, 0x30, 0xf, 0xfe,
    0x10, 0xa8, 0x6, 0x5c, 0xc2, 0x0, 0x6c, 0x0,
    0xff, 0x90, 0x3, 0xff, 0x89, 0xc0, 0x7, 0xea,
    0x30, 0xf, 0x18, 0x7, 0xfd, 0x80, 0x1f, 0xfc,
    0x44, 0x9f, 0x81, 0x0, 0xfc, 0xa0, 0x1f, 0xf3,
    0x0, 0x7f, 0xf1, 0x58, 0x3, 0xfe, 0x10, 0xf,
    0xf8, 0x40, 0x3f, 0xfa, 0x6, 0x1, 0xff, 0xc0,
    0x30, 0xf, 0xfe, 0x83, 0x80, 0x7f, 0xf7, 0x48,
    0x3, 0xff, 0xba, 0x20, 0x1f, 0xfd, 0xdf, 0x0,
    0xff, 0xff, 0x80, 0x7e, 0x10, 0xf, 0xff, 0xf8,
    0x7, 0xff, 0x98, 0x40, 0x3f, 0xff, 0xe0, 0x1f,
    0xbc, 0x3, 0xff, 0xba, 0x20, 0x1f, 0xfd, 0xd2,
    0x0, 0xff, 0xee, 0xb8, 0x7, 0xff, 0x74, 0xc0,
    0x3f, 0xf8, 0x6, 0x1, 0xff, 0xd1, 0x10, 0xf,
    0xf8, 0x40, 0x3f, 0xfa, 0x2a, 0x1, 0xff, 0x30,
    0x7, 0xff, 0x15, 0xb5, 0x40, 0x3f, 0x8c, 0x3,
    0xfe, 0xd0, 0xf, 0xfe, 0x2e, 0x95, 0x6b, 0x0,
    0x7d, 0x80, 0x1f, 0xf2, 0x80, 0x7f, 0xf1, 0x9,
    0x0, 0x5, 0x3c, 0xc0, 0x1c, 0x80, 0x1f, 0xf1,
    0x18, 0x7, 0xff, 0xe, 0xc0, 0x38, 0x67, 0x9c,
    0x3, 0x28, 0x7, 0xfd, 0xe0, 0x1f, 0xfc, 0x23,
    0x60, 0xf, 0x86, 0x38, 0x2, 0xf0, 0xf, 0xf8,
    0xe0, 0x3, 0xff, 0x80, 0x3a, 0x1, 0xfe, 0x50,
    0x9, 0x44, 0x3, 0xfe, 0x79, 0x0, 0xff, 0x1e,
    0x8, 0x7, 0xfb, 0x80, 0x34, 0x80, 0x7f, 0xf0,
    0x1b, 0xa0, 0xc0, 0x31, 0x2d, 0xe1, 0x0, 0x7f,
    0x85, 0x40, 0x33, 0x88, 0x7, 0xff, 0x0, 0x5f,
    0x3f, 0xf6, 0xd2, 0x0, 0x7f, 0xf0, 0x2c, 0x3,
    0xd6, 0x1, 0xff, 0xd5, 0x35, 0x0, 0xf2, 0xa8,
    0x3, 0xff, 0xa9, 0xc0, 0x1f, 0xa8, 0x80, 0x3f,
    0xfa, 0x54, 0x40, 0x1f, 0xd8, 0x40, 0x1f, 0xfd,
    0x8, 0x50, 0xf, 0xf0, 0xe1, 0x80, 0x7f, 0xf3,
    0xa5, 0xc0, 0x3f, 0xf8, 0x3, 0x8e, 0x1, 0xff,
    0xcb, 0x1b, 0x60, 0xf, 0xfe, 0x1c, 0x62, 0x0,
    0x7f, 0xf2, 0x1f, 0x90, 0x3, 0xff, 0x8a, 0x77,
    0x8c, 0x20, 0x1f, 0xfc, 0x22, 0x8e, 0x80, 0xf,
    0xfe, 0x49, 0xcf, 0x64, 0x29, 0x88, 0x4, 0x24,
    0x6d, 0x39, 0xae, 0x20, 0x1f, 0xe0,

    /* U+0064 "d" */
    0x0, 0xff, 0xe9, 0xa7, 0xff, 0xfd, 0x80, 0x1f,
    0xff, 0xf0, 0xf, 0xff, 0xf8, 0x7, 0xff, 0xfc,
    0x3, 0xff, 0xfe, 0x1, 0xff, 0xff, 0x0, 0xff,
    0xff, 0x80, 0x7f, 0xff, 0xc0, 0x3f, 0xff, 0xe0,
    0x1f, 0xff, 0xf0, 0xf, 0xff, 0xf8, 0x7, 0xff,
    0xfc, 0x3, 0xff, 0xa0, 0x22, 0x0, 0xff, 0xec,
    0xac, 0xe7, 0xfb, 0xb9, 0xfb, 0x4a, 0x1, 0xff,
    0xd2, 0x19, 0xfa, 0x63, 0x0, 0xe2, 0x5a, 0xd5,
    0x0, 0xff, 0xe7, 0xbf, 0x30, 0x7, 0xff, 0x0,
    0xaa, 0x80, 0x1f, 0xfc, 0xda, 0x80, 0xf, 0xfe,
    0x22, 0xe0, 0x7, 0xff, 0x2e, 0xd4, 0x3, 0xff,
    0x8c, 0x76, 0x1, 0xff, 0xc9, 0x94, 0x0, 0xff,
    0xe4, 0x23, 0x80, 0x7f, 0xf1, 0xd5, 0x80, 0x3f,
    0xf9, 0x50, 0x20, 0x1f, 0xfc, 0x6b, 0x0, 0xff,
    0xe6, 0x40, 0x7, 0xff, 0x15, 0xc4, 0x3, 0xff,
    0x98, 0xe0, 0x1f, 0xfc, 0x59, 0x0, 0xff, 0xe6,
    0x8b, 0xe0, 0x7, 0xff, 0x9, 0x84, 0x3, 0xff,
    0x84, 0x93, 0x9d, 0xfe, 0xda, 0x60, 0xa, 0x1c,
    0x3, 0xff, 0x85, 0x40, 0x1f, 0xfc, 0x12, 0xcb,
    0x63, 0x10, 0x1, 0x2c, 0xfb, 0x0, 0x7f, 0xf1,
    0x4, 0xc0, 0x3f, 0xf8, 0x9, 0xa6, 0x1, 0xfe,
    0x99, 0x0, 0x7f, 0xf0, 0xdc, 0x3, 0xff, 0x80,
    0x56, 0x1, 0xff, 0xc1, 0x67, 0x0, 0xff, 0xe1,
    0x60, 0x7, 0xff, 0x3, 0x80, 0x3f, 0xf8, 0x70,
    0x20, 0x1f, 0xfc, 0x14, 0x0, 0xff, 0x8c, 0xc0,
    0x1f, 0xfc, 0x44, 0x0, 0xff, 0xe0, 0x8, 0x80,
    0x3f, 0xe9, 0x0, 0xff, 0xe2, 0xe0, 0x7, 0xff,
    0x1, 0x40, 0x3f, 0xf8, 0x8, 0x1, 0xff, 0xc5,
    0x30, 0xf, 0xfe, 0x1, 0x0, 0x7f, 0xc2, 0x20,
    0xf, 0xfe, 0x28, 0x80, 0x7f, 0xf0, 0x38, 0x3,
    0xfe, 0x20, 0xf, 0xfe, 0x99, 0x0, 0x7f, 0xce,
    0x1, 0xff, 0xd3, 0x60, 0xf, 0xfe, 0xf8, 0x80,
    0x7f, 0xf7, 0xcc, 0x3, 0xff, 0xbe, 0x20, 0x1f,
    0xff, 0xf0, 0xf, 0xff, 0xf8, 0x7, 0xff, 0xfc,
    0x3, 0xff, 0xb4, 0x20, 0x1f, 0xff, 0xf0, 0xf,
    0xfe, 0x1, 0x80, 0x7f, 0xf7, 0xd8, 0x3, 0xff,
    0xbe, 0x20, 0x1f, 0xf3, 0x80, 0x7f, 0xf4, 0xc8,
    0x3, 0xfe, 0x10, 0xf, 0xfe, 0x9f, 0x0, 0x7f,
    0xc6, 0x1, 0xff, 0xd3, 0x50, 0xf, 0xf8, 0x48,
    0x3, 0xff, 0x8a, 0x20, 0x1f, 0xfc, 0x3, 0x0,
    0xff, 0xe0, 0x20, 0x7, 0xff, 0x14, 0xc0, 0x3f,
    0xf8, 0x24, 0x1, 0xff, 0x50, 0x7, 0xff, 0x17,
    0x0, 0x3f, 0xf8, 0x28, 0x1, 0xff, 0x1a, 0x0,
    0x7f, 0xf0, 0xc5, 0x40, 0x3f, 0xf8, 0x38, 0x1,
    0xff, 0xc0, 0xa1, 0x0, 0xff, 0xe1, 0x40, 0x7,
    0xff, 0x9, 0x0, 0x3f, 0xf8, 0x3, 0xa2, 0x1,
    0xff, 0xc0, 0x76, 0x0, 0xff, 0xe1, 0xa, 0x0,
    0x7f, 0xf0, 0xf, 0xd4, 0x3, 0xf8, 0xae, 0x0,
    0x3f, 0xf8, 0x9c, 0x1, 0xff, 0xc1, 0x1a, 0xd8,
    0x43, 0x22, 0x1b, 0xde, 0xa0, 0x7, 0xff, 0x15,
    0x44, 0x3, 0xff, 0x84, 0x4f, 0x79, 0xba, 0xc8,
    0x40, 0xb, 0x6c, 0x3, 0xff, 0x87, 0x0, 0x1f,
    0xfc, 0xd3, 0x20, 0xf, 0xfe, 0x23, 0x10, 0x7,
    0xff, 0x32, 0x80, 0x3f, 0xf8, 0xd2, 0x1, 0xff,
    0xcb, 0x16, 0x0, 0xff, 0xe3, 0x23, 0x80, 0x7f,
    0xf2, 0xa8, 0x3, 0xff, 0x91, 0xc, 0x1, 0xff,
    0xc8, 0x74, 0x0, 0xff, 0xe4, 0xcb, 0x80, 0x7f,
    0xf1, 0x9a, 0x0, 0x3f, 0xf9, 0x71, 0x42, 0x1,
    0xff, 0xc3, 0x89, 0x0, 0xff, 0xe6, 0xaf, 0x40,
    0x80, 0x7f, 0xc9, 0x8e, 0x1, 0xce, 0x45, 0xff,
    0x30, 0x7, 0xf9, 0xfb, 0x1d, 0x8, 0x40, 0x2,
    0x91, 0xb6, 0x60, 0x1e, 0x3d, 0xdf, 0xfa, 0x80,

    /* U+0065 "e" */
    0x0, 0xff, 0xe3, 0x12, 0x2b, 0x31, 0x50, 0xc4,
    0x3, 0xff, 0xa6, 0x93, 0x9f, 0xb7, 0x53, 0x2a,
    0xbc, 0xee, 0x53, 0x8, 0x7, 0xff, 0x30, 0x63,
    0xad, 0x8c, 0x3, 0xfc, 0x2b, 0x3d, 0x46, 0x1,
    0xff, 0xc9, 0x7e, 0x71, 0x0, 0xff, 0xe2, 0xae,
    0x58, 0x80, 0x7f, 0xf1, 0x4b, 0x60, 0x3, 0xff,
    0x94, 0x9c, 0xa0, 0x1f, 0xfc, 0x34, 0xc2, 0x0,
    0xff, 0xe6, 0xd4, 0x0, 0x7f, 0xf0, 0x4e, 0xc4,
    0x3, 0xff, 0x9e, 0xf0, 0x1, 0xff, 0x16, 0x0,
    0x7f, 0xf4, 0x9d, 0x80, 0x3f, 0xdc, 0x1, 0xff,
    0xd4, 0x93, 0x0, 0xfd, 0x6, 0x1, 0xff, 0xd5,
    0xe0, 0xf, 0x85, 0xc0, 0x3f, 0xf8, 0x2b, 0x5b,
    0xfe, 0xec, 0x72, 0x0, 0xff, 0xe0, 0x13, 0x0,
    0x7a, 0x0, 0x3f, 0xf8, 0x9, 0xb4, 0xa4, 0x0,
    0x13, 0x8d, 0x80, 0xf, 0xfe, 0x4, 0x0, 0x79,
    0x80, 0x3f, 0xe5, 0xb2, 0x0, 0xfe, 0x7a, 0x0,
    0xff, 0x85, 0x40, 0x33, 0x0, 0x7f, 0xc3, 0x40,
    0x1f, 0xfc, 0x5, 0x70, 0xf, 0xfa, 0x40, 0x36,
    0x80, 0x7f, 0xd6, 0x1, 0xff, 0xc2, 0x81, 0x0,
    0xff, 0x18, 0x80, 0x5, 0x0, 0x3f, 0xe5, 0x0,
    0xff, 0xe1, 0xb8, 0x7, 0xfc, 0xe0, 0x4, 0x0,
    0xff, 0x94, 0x3, 0xff, 0x89, 0xa0, 0x1f, 0xf6,
    0x0, 0x34, 0x3, 0xfe, 0xd0, 0xf, 0xfe, 0x22,
    0x0, 0x7f, 0xc8, 0x0, 0x40, 0xf, 0xf8, 0xc0,
    0x3f, 0xf8, 0xa2, 0x1, 0xfe, 0x11, 0x1, 0x0,
    0x7f, 0xce, 0x1, 0xff, 0xc5, 0x20, 0xf, 0xf9,
    0x44, 0x40, 0x1f, 0xf0, 0x80, 0x7f, 0xf1, 0x5c,
    0x3, 0xfe, 0x32, 0x0, 0xff, 0xe0, 0x18, 0x7,
    0xff, 0x47, 0x98, 0x3, 0xff, 0xbc, 0x46, 0x1,
    0xff, 0xde, 0x71, 0x0, 0xff, 0xe0, 0x77, 0xff,
    0xff, 0x15, 0x0, 0x3f, 0xe1, 0xf0, 0xf, 0xfe,
    0xf1, 0x80, 0x7f, 0xf7, 0xc4, 0x40, 0x1f, 0xff,
    0xf0, 0xf, 0xfe, 0x0, 0x80, 0x7f, 0xff, 0xc0,
    0x3f, 0xf8, 0x1e, 0x1, 0xff, 0xc0, 0x56, 0x6f,
    0xfe, 0x90, 0x80, 0x7f, 0xf0, 0x2e, 0x67, 0xff,
    0xa4, 0x60, 0x1f, 0xfd, 0xf6, 0x0, 0xff, 0xef,
    0x90, 0x7, 0xff, 0x0, 0xc0, 0x3f, 0xfa, 0x42,
    0x20, 0xf, 0xf8, 0x40, 0x3f, 0xfa, 0x6a, 0x1,
    0xff, 0x38, 0x7, 0xff, 0x4c, 0xc0, 0x3f, 0xec,
    0x0, 0xff, 0xe9, 0xe0, 0x7, 0xfc, 0xa0, 0x1f,
    0xfc, 0x92, 0xb0, 0xf, 0xc8, 0x1, 0xff, 0x12,
    0x0, 0x7f, 0xf2, 0x39, 0x30, 0x3, 0xf2, 0x80,
    0x7f, 0xd0, 0x1, 0xff, 0xc7, 0x93, 0x3, 0xb0,
    0xf, 0xb8, 0x3, 0xfe, 0x38, 0x0, 0xff, 0xe2,
    0xc3, 0x0, 0x49, 0x60, 0x1e, 0x42, 0x0, 0xff,
    0x9d, 0xc0, 0x1f, 0xfc, 0x3a, 0x70, 0xe, 0x4a,
    0x0, 0xf5, 0x80, 0x7f, 0xf0, 0x22, 0x88, 0x3,
    0xfe, 0x5e, 0x50, 0xf, 0x96, 0x80, 0x39, 0x88,
    0x3, 0xff, 0x80, 0xbb, 0x4c, 0x40, 0x18, 0x52,
    0x3a, 0x84, 0x3, 0xf9, 0x64, 0x3, 0xa4, 0x3,
    0xff, 0x84, 0xb3, 0xbf, 0xfb, 0xad, 0xc4, 0x3,
    0xff, 0x81, 0xe0, 0x1c, 0x8a, 0x1, 0xff, 0xd7,
    0x56, 0x0, 0xf5, 0x10, 0x7, 0xff, 0x54, 0xe8,
    0x3, 0xf7, 0x88, 0x7, 0xff, 0x4c, 0xb4, 0x3,
    0xf8, 0xb0, 0x40, 0x3f, 0xfa, 0x27, 0x82, 0x1,
    0xfe, 0x2f, 0x30, 0xf, 0xfe, 0x7a, 0xe0, 0x80,
    0x7f, 0xf0, 0x7, 0x1c, 0x3, 0xff, 0x98, 0x37,
    0x40, 0x1f, 0xfc, 0x48, 0xd5, 0x0, 0xff, 0xe4,
    0xb, 0xf2, 0x0, 0x7f, 0xf1, 0x8a, 0xb5, 0xc8,
    0x3, 0xff, 0x86, 0x73, 0xd0, 0x1, 0xff, 0xca,
    0x28, 0xdd, 0x4b, 0x21, 0x8, 0x4, 0x24, 0xaf,
    0x5d, 0x8c, 0x1, 0xff, 0x0,

    /* U+0066 "f" */
    0x0, 0xff, 0xe1, 0x1b, 0xde, 0xf7, 0xff, 0xf6,
    0x0, 0x7f, 0xf0, 0x17, 0x31, 0x8, 0x42, 0x1,
    0xff, 0xc9, 0xaa, 0x18, 0x7, 0xff, 0x37, 0x14,
    0x3, 0xff, 0x9d, 0x26, 0x1, 0xff, 0xce, 0x36,
    0x0, 0xff, 0xe7, 0xc8, 0x7, 0xff, 0x3c, 0x54,
    0x3, 0xff, 0x9e, 0xa0, 0x1f, 0xfd, 0xc, 0x0,
    0xff, 0x88, 0xbf, 0x98, 0x3, 0xe3, 0x0, 0xff,
    0xbb, 0x77, 0xf5, 0x0, 0x7c, 0xe0, 0x1f, 0xfd,
    0x1, 0x0, 0xff, 0xe8, 0x18, 0x7, 0xff, 0xfc,
    0x3, 0xff, 0xfe, 0x1, 0xff, 0xff, 0x0, 0xff,
    0xe8, 0x67, 0xff, 0x84, 0x3, 0xfe, 0xcf, 0xff,
    0xd8, 0x1, 0xff, 0xff, 0x0, 0xff, 0xff, 0x80,
    0x7f, 0xff, 0xc0, 0x3e, 0x62, 0x2f, 0x0, 0x7f,
    0xf0, 0x8, 0xbf, 0x9a, 0xb7, 0x7c, 0x20, 0x1f,
    0xf7, 0x6e, 0xfe, 0xa0, 0xf, 0xff, 0xf8, 0x7,
    0xff, 0xfc, 0x3, 0xff, 0xfe, 0x1, 0xff, 0xff,
    0x0, 0xff, 0xff, 0x80, 0x7f, 0xff, 0xc0, 0x3f,
    0xff, 0xe0, 0x1f, 0xff, 0xf0, 0xf, 0xff, 0xf8,
    0x7, 0xff, 0xfc, 0x3, 0xff, 0xfe, 0x1, 0xff,
    0xff, 0x0, 0xff, 0xff, 0x80, 0x7f, 0xff, 0xc0,
    0x3f, 0xff, 0xe0, 0x1f, 0xff, 0xb5, 0x22, 0xff,
    0x84, 0x3, 0xf8,

    /* U+0067 "g" */
    0x0, 0xff, 0xea, 0x94, 0x67, 0x7f, 0xfd, 0x60,
    0x1f, 0xfd, 0x75, 0xd7, 0x31, 0x0, 0xff, 0xef,
    0x1d, 0x0, 0x7f, 0xf8, 0xbc, 0x3, 0xff, 0xc4,
    0x26, 0x1, 0xff, 0xe2, 0x50, 0xf, 0xff, 0x18,
    0x80, 0x7f, 0xf5, 0x84, 0xd1, 0x59, 0x8a, 0x86,
    0x1, 0x8c, 0x3, 0xff, 0xa4, 0x4f, 0x7d, 0xcc,
    0xba, 0x99, 0x55, 0xe7, 0xec, 0xa0, 0x7, 0xff,
    0x45, 0xb7, 0x50, 0x82, 0x1, 0xfe, 0x26, 0xb9,
    0x0, 0x8d, 0xdf, 0xfb, 0x80, 0x3f, 0xf8, 0x9,
    0xd2, 0x40, 0x1f, 0xfc, 0x95, 0x88, 0xfe, 0x50,
    0xf, 0xfa, 0x6c, 0x40, 0x3f, 0xf9, 0x64, 0x1,
    0xff, 0xc8, 0xb6, 0x0, 0xff, 0xe6, 0xa7, 0x28,
    0x7, 0xff, 0x16, 0x50, 0x3, 0xff, 0x9e, 0x35,
    0x0, 0x1f, 0xfc, 0x35, 0x60, 0xf, 0xfe, 0x93,
    0xb8, 0x3, 0xff, 0x85, 0x60, 0x1f, 0xfd, 0x48,
    0x40, 0xf, 0xfe, 0x3, 0x88, 0x7, 0xff, 0x1,
    0x6b, 0x7b, 0xfb, 0x65, 0x0, 0x3f, 0xf8, 0x14,
    0x1, 0xff, 0xc0, 0x90, 0xf, 0xf8, 0xf6, 0x94,
    0x84, 0x4, 0x9a, 0xf0, 0x40, 0x3f, 0xc2, 0xe0,
    0x1f, 0xe4, 0x10, 0xf, 0xf1, 0x61, 0x0, 0x7f,
    0x1f, 0x88, 0x7, 0xfa, 0x80, 0x3f, 0xda, 0x1,
    0xff, 0x78, 0x7, 0xff, 0x0, 0x6c, 0x3, 0xfc,
    0x46, 0x1, 0xfc, 0xa0, 0x1f, 0xe4, 0x20, 0xf,
    0xfe, 0xa, 0x88, 0x7, 0xfa, 0xc0, 0x3f, 0x8c,
    0x3, 0xfd, 0xa0, 0x1f, 0xfc, 0x34, 0x0, 0xff,
    0x18, 0x7, 0xe1, 0x0, 0xff, 0x94, 0x3, 0xff,
    0x87, 0x80, 0x1f, 0xe6, 0x0, 0xfc, 0x40, 0x1f,
    0xf0, 0x80, 0x7f, 0xf0, 0xcc, 0x3, 0xfc, 0x40,
    0x1f, 0x9c, 0x3, 0xfe, 0x30, 0xf, 0xfe, 0x18,
    0x80, 0x7f, 0xfb, 0xc4, 0x3, 0xff, 0xc6, 0x20,
    0x1f, 0x38, 0x7, 0xfc, 0x60, 0x1f, 0xfc, 0x31,
    0x0, 0xff, 0xe3, 0x88, 0x7, 0xfc, 0x20, 0x1f,
    0xfc, 0x33, 0x0, 0xff, 0x8, 0x7, 0xe2, 0x0,
    0xff, 0x94, 0x3, 0xff, 0x87, 0x80, 0x1f, 0xe2,
    0x0, 0xfe, 0x30, 0xf, 0xf6, 0x80, 0x7f, 0xf0,
    0xd0, 0x3, 0xfc, 0xa0, 0x1f, 0xca, 0x1, 0xfe,
    0x42, 0x0, 0xff, 0xe0, 0xa8, 0x80, 0x7f, 0xbc,
    0x3, 0xfb, 0x40, 0x3f, 0xef, 0x0, 0xff, 0xe0,
    0x15, 0x80, 0x7f, 0xce, 0x1, 0xfc, 0x82, 0x1,
    0xfe, 0x2c, 0x20, 0xf, 0xe3, 0xc1, 0x0, 0xff,
    0x18, 0x80, 0x7f, 0xa4, 0x3, 0xfe, 0x3d, 0xa5,
    0x20, 0x0, 0x93, 0x5e, 0x8, 0x7, 0xfd, 0x20,
    0x1f, 0xf3, 0x88, 0x7, 0xff, 0x1, 0x6b, 0x7f,
    0xdd, 0xb2, 0x80, 0x1f, 0xfc, 0x2, 0x50, 0xf,
    0xfe, 0x5, 0x0, 0x7f, 0xf5, 0x78, 0x3, 0xff,
    0x82, 0x8e, 0x1, 0xff, 0xd3, 0x83, 0x0, 0xff,
    0xe1, 0x43, 0x0, 0x7f, 0xf4, 0x59, 0xc0, 0x3f,
    0xf8, 0x93, 0x20, 0xf, 0xfe, 0x7c, 0x48, 0x7,
    0xff, 0x19, 0xb4, 0xc0, 0x3f, 0xf9, 0x65, 0x8e,
    0x1, 0xff, 0xc8, 0x2c, 0x20, 0xf, 0xfe, 0x41,
    0xd6, 0x98, 0x7, 0xff, 0x24, 0x54, 0xc0, 0x6,
    0x84, 0x1, 0xff, 0xa, 0xce, 0xe2, 0x80, 0x7f,
    0xf2, 0x57, 0x3a, 0x84, 0x1f, 0x2f, 0x7f, 0x72,
    0xea, 0x6a, 0x97, 0xbf, 0xd4, 0xc4, 0x1, 0xff,
    0xc9, 0x2c, 0xa3, 0x0, 0x92, 0x0, 0x31, 0x1a,
    0x2b, 0x2a, 0x90, 0x80, 0x3f, 0xf9, 0xa9, 0xa6,
    0x1, 0xde, 0x1, 0xff, 0xda, 0x2b, 0x0, 0xf9,
    0x40, 0x3f, 0xfb, 0x50, 0x1, 0xf8, 0x40, 0x3f,
    0xfb, 0x22, 0xa0, 0x1f, 0x88, 0x3, 0xff, 0xb2,
    0xa0, 0x1f, 0xd6, 0x1, 0xff, 0xd9, 0x20, 0xf,
    0xe6, 0x92, 0x0, 0xff, 0xeb, 0x98, 0x7, 0xf9,
    0xb7, 0xb2, 0xef, 0xff, 0x87, 0x53, 0xc, 0x60,
    0x1f, 0xfc, 0x11, 0x0, 0xff, 0xe0, 0x9, 0xa2,
    0x7f, 0xf0, 0xd5, 0x9e, 0x73, 0xed, 0x80, 0x3f,
    0xca, 0x1, 0xff, 0xd7, 0x49, 0xe6, 0x0, 0xfc,
    0x28, 0x1, 0xff, 0xd8, 0x19, 0xb1, 0x0, 0xfb,
    0xc0, 0x3f, 0xfb, 0x49, 0xa0, 0x1f, 0x23, 0x0,
    0x7f, 0xf6, 0x8e, 0x40, 0x3e, 0x97, 0x0, 0xff,
    0xed, 0x32, 0x0, 0x7d, 0x18, 0x80, 0x1f, 0xfd,
    0x98, 0x0, 0xfc, 0x77, 0xa0, 0x1f, 0xfd, 0x83,
    0x30, 0x7, 0xf1, 0x80, 0x7f, 0xf6, 0x6c, 0x3,
    0xe5, 0x9c, 0x0, 0xff, 0xec, 0xa0, 0x7, 0x37,
    0x53, 0x10, 0x1, 0x7f, 0xff, 0xf8, 0xbd, 0xb4,
    0xc2, 0x1, 0xff, 0xc0, 0x30, 0xd, 0x72, 0x20,
    0x18, 0x68, 0x3, 0xff, 0x8a, 0x24, 0xb3, 0xe8,
    0x1, 0xff, 0xc0, 0x10, 0x5, 0xa0, 0x7, 0xa4,
    0x3, 0xff, 0x94, 0x36, 0x40, 0x1f, 0xf1, 0x83,
    0x20, 0x7, 0xca, 0x1, 0xff, 0xcc, 0x80, 0xf,
    0xf8, 0x42, 0x0, 0x3f, 0x10, 0x7, 0xff, 0x31,
    0x0, 0x3f, 0xe7, 0x31, 0x0, 0xf8, 0x40, 0x3f,
    0xf9, 0xa2, 0x1, 0xff, 0x3a, 0x80, 0x7e, 0x10,
    0xf, 0xfe, 0x68, 0x80, 0x7f, 0xc3, 0xc0, 0x1f,
    0xc2, 0x1, 0xff, 0xcc, 0x50, 0xf, 0xf8, 0x84,
    0x3, 0xf9, 0x80, 0x3f, 0xf9, 0x9a, 0x1, 0xfe,
    0x10, 0x10, 0xf, 0xe9, 0x10, 0xf, 0xfe, 0x51,
    0xb0, 0x7, 0xf9, 0x3, 0x80, 0x3f, 0x87, 0x44,
    0x3, 0xff, 0x90, 0x7a, 0x1, 0xff, 0x78, 0x28,
    0x7, 0xf8, 0xfa, 0x8, 0x3, 0xff, 0x86, 0x2b,
    0x78, 0x20, 0x1f, 0xf2, 0x81, 0x80, 0x7f, 0xf0,
    0x1f, 0x7f, 0x2a, 0x93, 0x3f, 0x55, 0x2f, 0xb9,
    0x48, 0x1, 0xff, 0xc0, 0x70, 0x9, 0x80, 0x3f,
    0xf8, 0x46, 0xaa, 0x66, 0xf9, 0x54, 0x82, 0x1,
    0xff, 0xc2, 0x19, 0x0, 0xa0, 0x3, 0xff, 0xbd,
    0x42, 0x1, 0xd, 0x0, 0x7f, 0xf7, 0x29, 0x0,
    0x39, 0x68, 0x3, 0xff, 0xb2, 0x36, 0xa0, 0x1f,
    0x2e, 0x10, 0x7, 0xff, 0x59, 0x7d, 0x0, 0x3f,
    0x8f, 0x68, 0xc0, 0x3f, 0xfa, 0x4d, 0xb4, 0x20,
    0x1f, 0xfc, 0x5, 0xcd, 0x73, 0x0, 0xff, 0xe5,
    0x93, 0x57, 0xc9, 0x0, 0x7f, 0xf1, 0xa, 0x33,
    0xf2, 0x5d, 0x4c, 0x84, 0x3, 0xe1, 0x23, 0x57,
    0x9b, 0xed, 0x95, 0x0, 0xff, 0x80,

    /* U+0068 "h" */
    0x6f, 0xff, 0xfa, 0xc0, 0x3f, 0xff, 0xe0, 0x1f,
    0xff, 0xf0, 0xf, 0xff, 0xf8, 0x7, 0xff, 0xfc,
    0x3, 0xff, 0xfe, 0x1, 0xff, 0xff, 0x0, 0xff,
    0xff, 0x80, 0x7f, 0xff, 0xc0, 0x3f, 0xff, 0xe0,
    0x1f, 0xff, 0xf0, 0xf, 0xff, 0xf8, 0x7, 0xff,
    0x38, 0x8d, 0x10, 0x62, 0x1, 0xff, 0xd5, 0x5b,
    0xfd, 0xcb, 0xb6, 0x76, 0xc9, 0x80, 0x7f, 0xf4,
    0x13, 0xa9, 0x0, 0x3e, 0x26, 0xcb, 0x20, 0xf,
    0xfe, 0x6c, 0x58, 0x80, 0x7f, 0xf0, 0x13, 0x58,
    0x3, 0xff, 0x97, 0x2e, 0x1, 0xff, 0xc4, 0x97,
    0x0, 0xff, 0xe4, 0xab, 0x0, 0x7f, 0xf1, 0xa1,
    0x40, 0x3f, 0xf8, 0xe3, 0x40, 0x1f, 0xfc, 0x8a,
    0x20, 0xf, 0xfe, 0x34, 0x0, 0x7f, 0xf2, 0xa0,
    0x3, 0xff, 0x8a, 0x2c, 0x1, 0xff, 0xca, 0x53,
    0x0, 0xff, 0xe2, 0x30, 0x7, 0xff, 0x32, 0x80,
    0x3f, 0xf8, 0x4e, 0x94, 0x1, 0xff, 0xcc, 0x60,
    0xf, 0xfe, 0x11, 0xd9, 0x0, 0xa, 0x33, 0xbf,
    0xb1, 0xc0, 0x3f, 0xf8, 0x68, 0x1, 0xff, 0xc4,
    0x1a, 0xd7, 0x31, 0x1, 0x38, 0xe3, 0x0, 0xff,
    0xe0, 0xe0, 0x7, 0xff, 0xc, 0xbd, 0x40, 0x3f,
    0xe, 0x90, 0x7, 0xff, 0x0, 0xc0, 0x3f, 0xf8,
    0x7e, 0x20, 0x1f, 0xe1, 0x90, 0xf, 0xfe, 0x2,
    0x80, 0x7f, 0xf0, 0x9c, 0x80, 0x3f, 0xf8, 0x8,
    0x40, 0x1f, 0xf0, 0x80, 0x7f, 0xf0, 0xa8, 0x3,
    0xff, 0x85, 0x40, 0x1f, 0xfc, 0x1, 0x0, 0xff,
    0xe0, 0x9, 0x0, 0x7f, 0xf0, 0x8c, 0x3, 0xff,
    0x80, 0x60, 0x1f, 0xfc, 0x2, 0x0, 0xff, 0xe1,
    0xa8, 0x7, 0xff, 0x35, 0xc0, 0x3f, 0xf8, 0x62,
    0x1, 0xff, 0xc0, 0x10, 0xf, 0xff, 0xd8, 0x80,
    0x7f, 0xff, 0xc0, 0x3f, 0xff, 0xe0, 0x1f, 0xff,
    0xf0, 0xf, 0xff, 0xf8, 0x7, 0xff, 0xfc, 0x3,
    0xff, 0xfe, 0x1, 0xff, 0xff, 0x0, 0xff, 0xff,
    0x80, 0x7f, 0xff, 0xc0, 0x3f, 0xff, 0xe0, 0x1f,
    0xff, 0xf0, 0xf, 0xff, 0xf8, 0x7, 0xff, 0xfc,
    0x3, 0xff, 0xfe, 0x1, 0xff, 0xff, 0x0, 0xff,
    0xff, 0x80, 0x7f, 0xff, 0xc0, 0x3f, 0xff, 0xe0,
    0x1e, 0x32, 0x2f, 0xfe, 0x0, 0x7, 0xff, 0x10,
    0x8b, 0xff, 0x80, 0x20,

    /* U+0069 "i" */
    0x0, 0xc2, 0xac, 0xee, 0x52, 0x0, 0xf1, 0x5f,
    0x54, 0xc4, 0x2b, 0x74, 0x80, 0x11, 0xea, 0x0,
    0x7c, 0x56, 0xa0, 0xe, 0x0, 0xff, 0xa8, 0x50,
    0x80, 0x3f, 0xf8, 0xc, 0x60, 0x1f, 0xfc, 0x1c,
    0xe0, 0xf, 0xfe, 0xb, 0x80, 0x7f, 0xf4, 0x84,
    0x3, 0xff, 0x82, 0xfa, 0x1, 0xff, 0xc1, 0x24,
    0x0, 0xff, 0xe0, 0xd0, 0xc0, 0x7, 0xfc, 0xa6,
    0xf, 0x0, 0x1f, 0xcb, 0x40, 0x13, 0xf4, 0x29,
    0x91, 0xa3, 0xed, 0x0, 0x70, 0xbd, 0x66, 0xe5,
    0xc1, 0x0, 0x7f, 0xff, 0xc0, 0x3f, 0xfa, 0xcb,
    0x99, 0xff, 0x40, 0x0, 0xcf, 0xff, 0x82, 0x1,
    0xff, 0xff, 0x0, 0xff, 0xff, 0x80, 0x7f, 0xff,
    0xc0, 0x3f, 0xff, 0xe0, 0x1f, 0xff, 0xf0, 0xf,
    0xff, 0xf8, 0x7, 0xff, 0xfc, 0x3, 0xff, 0xfe,
    0x1, 0xff, 0xff, 0x0, 0xff, 0xff, 0x80, 0x7f,
    0xf1, 0x0,

    /* U+006A "j" */
    0x0, 0xff, 0x91, 0x9d, 0xcc, 0x60, 0x1f, 0xfc,
    0x29, 0xfb, 0x98, 0x84, 0xe7, 0x38, 0x7, 0xfd,
    0xac, 0x1, 0xf0, 0xc5, 0x0, 0x7f, 0x41, 0x0,
    0x7f, 0x95, 0x40, 0x1f, 0x9c, 0x3, 0xff, 0x81,
    0x20, 0x1f, 0x18, 0x7, 0xff, 0x4, 0xc0, 0x3e,
    0x70, 0xf, 0xfe, 0x10, 0x80, 0x7f, 0xf9, 0x9c,
    0x3, 0xff, 0x84, 0x20, 0x1e, 0x20, 0xf, 0xfe,
    0x9, 0x0, 0x7c, 0x28, 0x1, 0xff, 0xc0, 0x50,
    0xf, 0xd0, 0x1, 0xff, 0x14, 0x80, 0x7e, 0x3b,
    0x10, 0xf, 0xc5, 0xe2, 0x1, 0xfc, 0x9d, 0x4c,
    0x64, 0x68, 0xd7, 0xa4, 0x1, 0xff, 0xc0, 0x59,
    0xcd, 0xcb, 0x94, 0x0, 0xff, 0xff, 0x80, 0x7f,
    0xff, 0xc0, 0x3f, 0xf8, 0x65, 0xdd, 0xff, 0x60,
    0x7, 0xf0, 0x8f, 0xff, 0x0, 0x80, 0x3f, 0xff,
    0xe0, 0x1f, 0xff, 0xf0, 0xf, 0xff, 0xf8, 0x7,
    0xff, 0xfc, 0x3, 0xff, 0xfe, 0x1, 0xff, 0xff,
    0x0, 0xff, 0xff, 0x80, 0x7f, 0xff, 0xc0, 0x3f,
    0xff, 0xe0, 0x1f, 0xff, 0xf0, 0xf, 0xff, 0xf8,
    0x7, 0xff, 0xfc, 0x3, 0xff, 0xfe, 0x1, 0xff,
    0xff, 0x0, 0xff, 0xff, 0x80, 0x7f, 0xff, 0xc0,
    0x3f, 0xff, 0xe0, 0x1f, 0xfe, 0x3, 0x0, 0xff,
    0xe4, 0x88, 0x1, 0x73, 0x3d, 0xc0, 0x1f, 0xf3,
    0x80, 0xc, 0xfe, 0x20, 0xf, 0xf8, 0xc0, 0x3f,
    0xf9, 0x3a, 0x1, 0xff, 0xc9, 0x40, 0xf, 0xfe,
    0x43, 0x8, 0x7, 0xff, 0x22, 0xc0, 0x3f, 0xf9,
    0x12, 0x40, 0x1f, 0xfc, 0x79, 0x60, 0xf, 0xfe,
    0x32, 0xe3, 0x0, 0x7f, 0xf0, 0x84, 0xda, 0x7a,
    0x8c, 0x3, 0xc0,

    /* U+006B "k" */
    0x6f, 0xff, 0xfa, 0xc0, 0x3f, 0xff, 0xe0, 0x1f,
    0xff, 0xf0, 0xf, 0xff, 0xf8, 0x7, 0xff, 0xfc,
    0x3, 0xff, 0xfe, 0x1, 0xff, 0xff, 0x0, 0xff,
    0xff, 0x80, 0x7f, 0xff, 0xc0, 0x3f, 0xff, 0xe0,
    0x1f, 0xff, 0xf0, 0xf, 0xff, 0xf8, 0x7, 0xff,
    0xfc, 0x3, 0xff, 0xfe, 0x1, 0xff, 0xd3, 0x6c,
    0xcf, 0xfe, 0x9, 0x0, 0x7f, 0xf4, 0x4a, 0x4c,
    0xff, 0xf8, 0x16, 0x40, 0x1f, 0xfd, 0x1f, 0x0,
    0xff, 0xe0, 0x23, 0x80, 0x7f, 0xf4, 0x68, 0x80,
    0x3f, 0xe2, 0xa0, 0xf, 0xfe, 0x8a, 0xa8, 0x3,
    0xff, 0x81, 0xe2, 0x1, 0xff, 0xd0, 0x2a, 0x0,
    0xff, 0xe0, 0x51, 0x0, 0x7f, 0xf4, 0x7c, 0x3,
    0xff, 0x80, 0xea, 0x1, 0xff, 0xd1, 0x92, 0x0,
    0xff, 0x8e, 0x0, 0x3f, 0xfa, 0x2a, 0xc0, 0x1f,
    0xf0, 0xe8, 0x7, 0xff, 0x44, 0xac, 0x3, 0xff,
    0x81, 0xa2, 0x1, 0xff, 0xd1, 0xe1, 0x0, 0xff,
    0xa4, 0xc0, 0x3f, 0xfa, 0x30, 0x60, 0x1f, 0xf2,
    0xb0, 0x7, 0xff, 0x45, 0x1c, 0x3, 0xfe, 0x3a,
    0x0, 0xff, 0xe5, 0x8, 0x7, 0x86, 0x80, 0x3f,
    0xe1, 0xe0, 0xf, 0xfe, 0x59, 0x80, 0x7a, 0x84,
    0x3, 0xfe, 0xa2, 0x0, 0xff, 0xe5, 0x88, 0x7,
    0x2a, 0x0, 0x7f, 0xd0, 0x80, 0x1f, 0xfc, 0xcf,
    0x0, 0xc3, 0x60, 0x1f, 0xf2, 0x38, 0x7, 0xff,
    0x34, 0x40, 0x34, 0x8, 0x7, 0xf8, 0xac, 0x3,
    0xff, 0x9c, 0x40, 0x12, 0x30, 0x7, 0xfd, 0xe0,
    0x1f, 0xfc, 0xf7, 0x0, 0xa4, 0x3, 0xfe, 0xa2,
    0x0, 0xff, 0xe7, 0x88, 0x2, 0x8, 0x3, 0xfc,
    0xea, 0x1, 0xff, 0xd0, 0x30, 0x27, 0x0, 0xff,
    0xbc, 0x3, 0xff, 0xa2, 0x21, 0xc0, 0x1f, 0xfc,
    0x8, 0x10, 0xf, 0xfe, 0x8b, 0x18, 0x7, 0xff,
    0x6, 0x0, 0x3f, 0xfa, 0x1f, 0x20, 0x1f, 0xfc,
    0x26, 0x20, 0xf, 0xff, 0x4, 0x0, 0x7f, 0xf8,
    0x14, 0x80, 0x3f, 0xfc, 0x12, 0x1, 0xff, 0xe0,
    0x44, 0x0, 0x7f, 0xf4, 0xec, 0x80, 0x3f, 0xe8,
    0x0, 0xff, 0xe9, 0x42, 0x58, 0x7, 0xfc, 0x6a,
    0x1, 0xff, 0xd0, 0x57, 0x6, 0x20, 0xf, 0xfa,
    0x0, 0x3f, 0xf9, 0xe5, 0x40, 0x15, 0x80, 0x7f,
    0xc4, 0xc0, 0x1f, 0xfc, 0xef, 0x0, 0xcc, 0x40,
    0x1f, 0xf4, 0x0, 0x7f, 0xf3, 0x6c, 0x80, 0x3a,
    0xc0, 0x3f, 0xe1, 0x70, 0xf, 0xfe, 0x5b, 0xa0,
    0x7, 0x98, 0x40, 0x3f, 0xe8, 0x10, 0xf, 0xfe,
    0x49, 0xc0, 0x7, 0xe8, 0x0, 0xff, 0xe0, 0x48,
    0x7, 0xff, 0x25, 0xc0, 0x3f, 0x98, 0x40, 0x3f,
    0xe7, 0x10, 0xf, 0xfe, 0x9c, 0x0, 0x7f, 0xf0,
    0x20, 0x3, 0xff, 0xa6, 0xc2, 0x1, 0xff, 0x31,
    0x0, 0x7f, 0xf4, 0xe0, 0x3, 0xff, 0x81, 0x20,
    0x1f, 0xfd, 0x36, 0x10, 0xf, 0xf9, 0xc, 0x3,
    0xff, 0xa7, 0x0, 0x1f, 0xfc, 0xf, 0x0, 0xff,
    0xe9, 0xb0, 0x80, 0x7f, 0xc6, 0x80, 0x1f, 0xfd,
    0x38, 0x0, 0xff, 0xe0, 0x48, 0x7, 0xff, 0x4d,
    0x84, 0x3, 0xfe, 0x26, 0x0, 0xff, 0xe9, 0xc0,
    0x7, 0xff, 0x2, 0x0, 0x3f, 0xfa, 0x6c, 0x20,
    0x1f, 0xf0, 0xb8, 0x7, 0xff, 0x4e, 0x40, 0x3f,
    0xf8, 0x12, 0x1, 0xff, 0xd3, 0x71, 0x0, 0xff,
    0x86, 0x0, 0x3f, 0xfa, 0x72, 0x1, 0xff, 0xc0,
    0x71, 0x0, 0xff, 0xe9, 0x38, 0x80, 0x7f, 0xf0,
    0x20, 0x3, 0xff, 0xa7, 0x20, 0x1f, 0xfc, 0x6,
    0x20,

    /* U+006C "l" */
    0x6f, 0xff, 0xfa, 0xc0, 0x3f, 0xff, 0xe0, 0x1f,
    0xff, 0xf0, 0xf, 0xff, 0xf8, 0x7, 0xff, 0xfc,
    0x3, 0xff, 0xfe, 0x1, 0xff, 0xff, 0x0, 0xff,
    0xff, 0x80, 0x7f, 0xff, 0xc0, 0x3f, 0xff, 0xe0,
    0x1f, 0xff, 0xf0, 0xf, 0xff, 0xf8, 0x7, 0xff,
    0xfc, 0x3, 0xff, 0xfe, 0x1, 0xff, 0xff, 0x0,
    0xff, 0xff, 0x80, 0x7f, 0xff, 0xc0, 0x23, 0x0,
    0xff, 0xe3, 0x8, 0x7, 0xfc, 0x9f, 0xfd, 0x6a,
    0x1, 0xff, 0xc6, 0x11, 0x0, 0x7f, 0xf1, 0x90,
    0x3, 0xff, 0x8d, 0x20, 0x1f, 0xfc, 0x63, 0x40,
    0xf, 0xfe, 0x35, 0x8, 0x7, 0xff, 0x14, 0x70,
    0x80, 0x3f, 0xf8, 0xa5, 0xb0, 0x20, 0x1f, 0xfc,
    0x57, 0xec, 0x96, 0x43, 0x31, 0x17, 0x80,

    /* U+006D "m" */
    0x0, 0xff, 0xe4, 0x8b, 0xd6, 0xf7, 0xf6, 0xd3,
    0x8, 0x7, 0xff, 0x15, 0x67, 0x3b, 0xfd, 0xdb,
    0x4c, 0x1, 0xfe, 0x5c, 0xcf, 0xfa, 0x0, 0x3c,
    0x35, 0xd0, 0xa4, 0x20, 0x24, 0xb3, 0xd4, 0x20,
    0x1f, 0xfc, 0x1, 0x9f, 0xa6, 0x31, 0x0, 0x9,
    0x2c, 0xfc, 0x8, 0x7, 0xc6, 0x7f, 0xfc, 0x10,
    0xe, 0x4f, 0x50, 0xf, 0xf9, 0x79, 0x40, 0x3f,
    0xcd, 0xcc, 0x1, 0xff, 0xc0, 0x7f, 0x40, 0xf,
    0xfe, 0x5a, 0xd8, 0x80, 0x7f, 0xf0, 0xa9, 0x80,
    0x3f, 0x44, 0x80, 0x7f, 0xf0, 0xc6, 0xd4, 0x3,
    0xff, 0x92, 0x54, 0x1, 0xff, 0xc5, 0x94, 0x0,
    0xf4, 0x38, 0x7, 0xff, 0x1a, 0x90, 0x3, 0xff,
    0x91, 0xe0, 0x1f, 0xfc, 0x7a, 0x10, 0xc, 0xae,
    0x1, 0xff, 0xc8, 0xa1, 0x0, 0xff, 0xe3, 0x31,
    0x0, 0x7f, 0xf1, 0xc6, 0x40, 0x35, 0x80, 0x7f,
    0xf2, 0x46, 0x0, 0x3f, 0xf8, 0xd0, 0x1, 0xff,
    0xc9, 0x71, 0x0, 0x40, 0x80, 0x7f, 0xf2, 0x98,
    0x80, 0x3f, 0xf8, 0x8a, 0x20, 0x1f, 0xfc, 0xa7,
    0x0, 0x30, 0x7, 0xff, 0x32, 0x80, 0x3f, 0xf8,
    0x9c, 0x1, 0xff, 0xcb, 0xa0, 0x51, 0x0, 0xff,
    0xe6, 0x30, 0x7, 0xff, 0x9, 0x3d, 0x0, 0x24,
    0x8a, 0xa4, 0x20, 0x7, 0xff, 0x8, 0xe6, 0x0,
    0x30, 0xb4, 0xd4, 0xb9, 0x80, 0x7f, 0xf0, 0x84,
    0xc0, 0x3f, 0xf8, 0xaf, 0xd6, 0xea, 0xa7, 0xbe,
    0x40, 0xf, 0xfe, 0xb, 0x10, 0x0, 0x6b, 0xa5,
    0x95, 0xa3, 0x2c, 0x40, 0x3f, 0xf8, 0x28, 0x1,
    0xff, 0xc4, 0xc8, 0x10, 0xf, 0xd, 0xa0, 0x7,
    0xff, 0xc, 0xfd, 0x40, 0x3e, 0x4c, 0x10, 0xf,
    0xfe, 0x6, 0x80, 0x7f, 0xf0, 0xec, 0xc0, 0x3f,
    0xd4, 0x1, 0xff, 0xc2, 0x1d, 0x10, 0xf, 0xe2,
    0x80, 0xf, 0xfe, 0x3, 0x80, 0x7f, 0xf0, 0x95,
    0x0, 0x3f, 0xe1, 0x60, 0xf, 0xfe, 0xd, 0x88,
    0x7, 0xfc, 0xc2, 0x1, 0xff, 0x10, 0x7, 0xff,
    0xa, 0x40, 0x3f, 0xf8, 0x3a, 0x1, 0xff, 0xc0,
    0x15, 0x0, 0xff, 0xe0, 0xb8, 0x7, 0xff, 0x0,
    0x40, 0x3f, 0xf8, 0x2, 0x60, 0x1f, 0xfc, 0x15,
    0x0, 0xff, 0xe0, 0x20, 0x7, 0xff, 0xb, 0x40,
    0x3f, 0xf8, 0x6, 0x1, 0xff, 0xc0, 0x20, 0xf,
    0xfe, 0x10, 0x88, 0x3, 0xfe, 0xd0, 0xf, 0xfe,
    0x13, 0x0, 0x7f, 0xf3, 0x5c, 0x3, 0xff, 0x86,
    0x40, 0x1f, 0xf0, 0x80, 0x7f, 0xf0, 0x88, 0x3,
    0xff, 0x80, 0x20, 0x1f, 0xff, 0xf0, 0xf, 0xfe,
    0x53, 0x80, 0x7f, 0xf3, 0xc4, 0x3, 0xff, 0xfe,
    0x1, 0xff, 0xff, 0x0, 0xff, 0xff, 0x80, 0x7f,
    0xff, 0xc0, 0x3f, 0xff, 0xe0, 0x1f, 0xff, 0xf0,
    0xf, 0xff, 0xf8, 0x7, 0xff, 0xfc, 0x3, 0xff,
    0xfe, 0x1, 0xff, 0xff, 0x0, 0xff, 0xff, 0x80,
    0x7f, 0xff, 0xc0, 0x3f, 0xff, 0xe0, 0x1f, 0xff,
    0xf0, 0xf, 0xff, 0xf8, 0x7, 0xff, 0xfc, 0x3,
    0xff, 0xfe, 0x1, 0xff, 0xff, 0x0, 0xff, 0xff,
    0x80, 0x7f, 0xff, 0xc0, 0x3f, 0xff, 0xe0, 0x1f,
    0xff, 0xf0, 0xf, 0xff, 0xf8, 0x7, 0xff, 0xfc,
    0x3, 0xff, 0xfe, 0x1, 0xff, 0xff, 0x0, 0xff,
    0xff, 0x80, 0x7f, 0xff, 0xc0, 0x3f, 0xff, 0xe0,
    0x1f, 0xff, 0xf0, 0xf, 0xfe, 0xd8,

    /* U+006E "n" */
    0x0, 0xff, 0xe4, 0x8b, 0x56, 0xf7, 0xfb, 0xb2,
    0x10, 0x3, 0xfc, 0xb9, 0x9f, 0xf4, 0x0, 0x78,
    0x67, 0xa5, 0x48, 0x40, 0x2, 0x6f, 0x7c, 0xc0,
    0x1f, 0x8c, 0xff, 0xf8, 0x20, 0x1c, 0x9e, 0xc0,
    0x1f, 0xf0, 0xce, 0x10, 0x7, 0xff, 0x2d, 0x2c,
    0x40, 0x3f, 0xf8, 0x47, 0x86, 0x1, 0xff, 0xc9,
    0x2b, 0x0, 0xff, 0xe2, 0x8e, 0x10, 0x7, 0xff,
    0x23, 0xc0, 0x3f, 0xf9, 0x1e, 0x1, 0xff, 0xc7,
    0x62, 0x0, 0xff, 0xe4, 0x14, 0x0, 0x7f, 0xf1,
    0xa0, 0x3, 0xff, 0x94, 0xe2, 0x1, 0xff, 0xc4,
    0x51, 0x0, 0xff, 0xe5, 0xb0, 0x7, 0xff, 0x13,
    0x80, 0x3f, 0xf9, 0x94, 0x1, 0xff, 0xc2, 0x4f,
    0x40, 0x8, 0xde, 0x6a, 0x5c, 0x80, 0x3f, 0xf8,
    0x44, 0x60, 0x1f, 0xfc, 0x55, 0xdc, 0x86, 0x56,
    0x8d, 0x90, 0xf, 0xfe, 0x12, 0x0, 0x7f, 0xf1,
    0x2a, 0x84, 0x1, 0xf3, 0x60, 0x7, 0xff, 0x7,
    0x40, 0x3f, 0xf8, 0x74, 0xa0, 0x1f, 0xe3, 0x80,
    0xf, 0xfe, 0x3, 0x80, 0x7f, 0xf0, 0x95, 0x40,
    0x1f, 0xfc, 0x7, 0x10, 0xf, 0xf8, 0x80, 0x3f,
    0xf8, 0x52, 0x1, 0xff, 0xc2, 0x70, 0xf, 0xfe,
    0x0, 0x80, 0x7f, 0xf0, 0x4, 0xc0, 0x3f, 0xf8,
    0x58, 0x1, 0xff, 0xc0, 0x30, 0xf, 0xfe, 0x1,
    0x0, 0x7f, 0xf0, 0xdc, 0x3, 0xff, 0x9a, 0xe0,
    0x1f, 0xfc, 0x32, 0x0, 0xff, 0xe0, 0x8, 0x7,
    0xff, 0xec, 0x40, 0x3f, 0xff, 0xe0, 0x1f, 0xff,
    0xf0, 0xf, 0xff, 0xf8, 0x7, 0xff, 0xfc, 0x3,
    0xff, 0xfe, 0x1, 0xff, 0xff, 0x0, 0xff, 0xff,
    0x80, 0x7f, 0xff, 0xc0, 0x3f, 0xff, 0xe0, 0x1f,
    0xff, 0xf0, 0xf, 0xff, 0xf8, 0x7, 0xff, 0xfc,
    0x3, 0xff, 0xfe, 0x1, 0xff, 0xff, 0x0, 0xff,
    0xff, 0x80, 0x7f, 0xff, 0xc0, 0x3f, 0xff, 0xe0,
    0x1f, 0xff, 0xf0, 0xf, 0xff, 0x20,

    /* U+006F "o" */
    0x0, 0xff, 0xe1, 0x92, 0xcd, 0xef, 0x7f, 0xdd,
    0x95, 0x8, 0x1, 0xff, 0xd0, 0x17, 0xdd, 0x53,
    0x21, 0x8, 0x4, 0x26, 0xaf, 0x7f, 0x6a, 0x1,
    0xff, 0xcb, 0x19, 0xe8, 0x20, 0xf, 0xfe, 0x1a,
    0x56, 0xa8, 0x7, 0xff, 0x21, 0x7d, 0x80, 0x3f,
    0xf9, 0x5, 0x56, 0x40, 0x1f, 0xfc, 0x59, 0xa1,
    0x0, 0xff, 0xe5, 0xa6, 0x20, 0x7, 0xff, 0xe,
    0xd8, 0x3, 0xff, 0x9c, 0x36, 0xa0, 0x1f, 0xfc,
    0x1a, 0x40, 0xf, 0xfe, 0x8d, 0x20, 0x7, 0xfc,
    0xea, 0x1, 0xff, 0xd3, 0xb2, 0x0, 0xfe, 0x38,
    0x0, 0xff, 0xea, 0xf0, 0x7, 0xf7, 0x80, 0x7f,
    0xf5, 0x8d, 0x80, 0x3e, 0x53, 0x0, 0xff, 0xe0,
    0xbd, 0xf7, 0xfd, 0xb2, 0x80, 0x1f, 0xfc, 0x18,
    0x0, 0xfa, 0x0, 0x3f, 0xf8, 0xb, 0xd0, 0x82,
    0x1, 0x13, 0x5e, 0x8, 0x7, 0xfc, 0x2c, 0x1,
    0xc8, 0x40, 0x1f, 0xf3, 0x50, 0x80, 0x7f, 0x1f,
    0x90, 0x7, 0xfd, 0x60, 0x1d, 0xa0, 0x1f, 0xf1,
    0xc8, 0x7, 0xff, 0x0, 0x78, 0x3, 0xfe, 0x23,
    0x0, 0xce, 0x1, 0xff, 0x40, 0x7, 0xff, 0x8,
    0xd4, 0x3, 0xfe, 0xb0, 0x8, 0xc4, 0x3, 0xfc,
    0x48, 0x1, 0xff, 0xc3, 0xe0, 0xf, 0xf9, 0x40,
    0x24, 0x0, 0xff, 0x90, 0x3, 0xff, 0x88, 0x80,
    0x1f, 0xf1, 0x8, 0x3, 0x0, 0x3f, 0xef, 0x0,
    0xff, 0xe2, 0x98, 0x7, 0xfc, 0xa0, 0x5, 0x0,
    0xff, 0x94, 0x3, 0xff, 0x8a, 0xc0, 0x1f, 0xf1,
    0x80, 0x4, 0x3, 0xfe, 0x10, 0xf, 0xfe, 0x29,
    0x80, 0x7f, 0xda, 0x4, 0x1, 0xff, 0xc0, 0x30,
    0xf, 0xfe, 0x28, 0x80, 0x7f, 0xcc, 0xc, 0x1,
    0xff, 0xde, 0x20, 0x10, 0xf, 0xfe, 0xf0, 0x81,
    0x0, 0x7f, 0xf7, 0xc7, 0xc0, 0x3f, 0xff, 0xe0,
    0x1f, 0xfc, 0x13, 0x10, 0xf, 0xff, 0xf8, 0x7,
    0xff, 0x4, 0x40, 0x3f, 0xfc, 0x2, 0x20, 0xf,
    0xff, 0xf8, 0x7, 0xff, 0x4, 0xfc, 0x3, 0xff,
    0xc0, 0x40, 0x1f, 0xfd, 0xf1, 0x10, 0x7, 0xff,
    0x78, 0x41, 0x80, 0x3f, 0xfb, 0xc4, 0x4, 0x1,
    0xff, 0xc0, 0x30, 0xf, 0xfe, 0x28, 0x80, 0x7f,
    0xcc, 0x0, 0x10, 0xf, 0xf8, 0x40, 0x3f, 0xf8,
    0xa6, 0x1, 0xff, 0x68, 0x1, 0x40, 0x3f, 0xe5,
    0x0, 0xff, 0xe2, 0xb0, 0x7, 0xfc, 0x60, 0xc,
    0x0, 0xff, 0xbc, 0x3, 0xff, 0x8a, 0x60, 0x1f,
    0xf2, 0x80, 0x10, 0x3, 0xfe, 0x40, 0xf, 0xfe,
    0x22, 0x0, 0x7f, 0xc4, 0x20, 0x3, 0x10, 0xf,
    0xf1, 0x20, 0x7, 0xff, 0xf, 0x80, 0x3f, 0xe5,
    0x0, 0xce, 0x1, 0xff, 0x40, 0x7, 0xff, 0x8,
    0xd4, 0x3, 0xfe, 0xb0, 0xd, 0xa0, 0x1f, 0xf1,
    0xc8, 0x7, 0xff, 0x0, 0x78, 0x3, 0xfe, 0x23,
    0x0, 0xc8, 0x40, 0x1f, 0xf3, 0x50, 0x80, 0x7f,
    0x1f, 0x90, 0x7, 0xfd, 0x60, 0x1e, 0x80, 0xf,
    0xfe, 0x2, 0xfc, 0x20, 0x6, 0x15, 0xbc, 0x10,
    0xf, 0xf8, 0x58, 0x3, 0xca, 0x60, 0x1f, 0xfc,
    0x1, 0x7b, 0xff, 0xdd, 0x48, 0x1, 0xff, 0xc1,
    0x80, 0xf, 0xde, 0x1, 0xff, 0xd6, 0x36, 0x0,
    0xfc, 0x70, 0x1, 0xff, 0xd5, 0xe0, 0xf, 0xf3,
    0xa8, 0x7, 0xff, 0x4e, 0xc8, 0x3, 0xfe, 0xa4,
    0x0, 0xff, 0xe8, 0xd2, 0x0, 0x7f, 0xf0, 0x6d,
    0x80, 0x3f, 0xf9, 0xc3, 0x6a, 0x1, 0xff, 0xc3,
    0x9a, 0x10, 0xf, 0xfe, 0x59, 0xe2, 0x0, 0x7f,
    0xf1, 0x57, 0xd8, 0x3, 0xff, 0x90, 0x53, 0x84,
    0x1, 0xff, 0xc7, 0x19, 0xe8, 0x20, 0xf, 0xfe,
    0x1a, 0x56, 0xb0, 0x7, 0xff, 0x2c, 0x5f, 0x75,
    0x2c, 0x84, 0x20, 0x10, 0x92, 0xbd, 0xfd, 0xa8,
    0x7, 0xff, 0x4,

    /* U+0070 "p" */
    0x0, 0xff, 0xe7, 0x8, 0x80, 0x3f, 0xfb, 0x45,
    0x19, 0xfe, 0xee, 0x7e, 0xdb, 0x90, 0x7, 0xff,
    0x1, 0xbf, 0xff, 0xeb, 0x0, 0xf1, 0x5e, 0xb9,
    0x80, 0x71, 0x24, 0x6e, 0x20, 0x7, 0xff, 0x41,
    0x75, 0x0, 0x3f, 0xf8, 0x7, 0x76, 0x10, 0xf,
    0xfe, 0x6b, 0xd0, 0x7, 0xff, 0x11, 0x3c, 0xc0,
    0x3f, 0xf9, 0x6b, 0x0, 0x1f, 0xfc, 0x61, 0xd2,
    0x0, 0xff, 0xe4, 0x95, 0x0, 0x7f, 0xf2, 0x7,
    0x4, 0x3, 0xff, 0x91, 0x0, 0x1f, 0xfc, 0xa1,
    0xa0, 0xf, 0xfe, 0x39, 0x28, 0x7, 0xff, 0x2d,
    0x14, 0x3, 0xff, 0x8d, 0x40, 0x1f, 0xfc, 0xd8,
    0x0, 0xff, 0xe2, 0x33, 0x40, 0x1f, 0xfc, 0xd2,
    0x50, 0xf, 0xfe, 0x19, 0x48, 0x80, 0xe, 0x73,
    0xbf, 0xdb, 0x4c, 0x1, 0xff, 0xc3, 0x90, 0xf,
    0xfe, 0x31, 0x66, 0x18, 0xc4, 0x0, 0x4b, 0x3c,
    0xc0, 0x1f, 0xfc, 0x13, 0x20, 0xf, 0xfe, 0x22,
    0x69, 0x80, 0x7f, 0xc, 0xc8, 0x3, 0xff, 0x82,
    0xa0, 0x1f, 0xfc, 0x31, 0xb0, 0xf, 0xfe, 0xb,
    0x40, 0x7, 0xff, 0x2, 0xc0, 0x3f, 0xf8, 0x70,
    0x1, 0xff, 0xc3, 0x73, 0x0, 0xff, 0x8c, 0x3,
    0xff, 0x86, 0xc0, 0x1f, 0xfc, 0x49, 0x0, 0xff,
    0xe0, 0x20, 0x7, 0xff, 0x4, 0x80, 0x3f, 0xf8,
    0xaa, 0x20, 0x1f, 0xf1, 0x80, 0x7f, 0xf0, 0x58,
    0x3, 0xff, 0x8c, 0xa0, 0x1f, 0xf6, 0x80, 0x7f,
    0xf5, 0xc, 0x3, 0xfe, 0x70, 0xf, 0xfe, 0xa7,
    0x0, 0x7f, 0xc4, 0x1, 0xff, 0xd4, 0x30, 0xf,
    0xff, 0x0, 0x80, 0x7f, 0xf0, 0x8, 0x3, 0xff,
    0xc0, 0x20, 0x1f, 0xfe, 0x7, 0x0, 0xff, 0xf0,
    0x8, 0x7, 0xff, 0xfc, 0x3, 0xff, 0x84, 0x60,
    0x1f, 0xff, 0xf0, 0xf, 0xff, 0x79, 0x80, 0x7f,
    0xff, 0xc0, 0x3f, 0xf8, 0x42, 0x1, 0xff, 0xe0,
    0x70, 0xf, 0xff, 0x0, 0x80, 0x7f, 0xf4, 0xc4,
    0x3, 0xff, 0x80, 0x40, 0x1f, 0xfd, 0x33, 0x0,
    0xff, 0x84, 0x3, 0xff, 0xa9, 0xc0, 0x1f, 0xf1,
    0x0, 0x7f, 0xf5, 0xc, 0x3, 0xfe, 0x60, 0xf,
    0xfe, 0xb, 0x0, 0x7f, 0xf1, 0x90, 0x3, 0xfe,
    0xd0, 0xf, 0xfe, 0x9, 0x8, 0x7, 0xff, 0x11,
    0x80, 0x3f, 0xf8, 0x6, 0x1, 0xff, 0xc2, 0x60,
    0xf, 0xfe, 0x25, 0x80, 0x7f, 0xf0, 0x10, 0x3,
    0xff, 0x85, 0x22, 0x1, 0xff, 0xc2, 0x92, 0x0,
    0xff, 0x8c, 0x3, 0xff, 0x86, 0x38, 0x20, 0x1f,
    0xfc, 0x7, 0x60, 0xf, 0xfe, 0x5, 0x80, 0x7f,
    0xf1, 0xb, 0xd4, 0x3, 0xf8, 0xaa, 0x0, 0x3f,
    0xf8, 0x2c, 0x1, 0xff, 0xc5, 0x1a, 0xd8, 0x53,
    0x22, 0x1b, 0x5e, 0xa8, 0x7, 0xff, 0x5, 0x4,
    0x3, 0xff, 0x84, 0x9e, 0x80, 0x2, 0x7a, 0xcd,
    0xd6, 0x4a, 0x0, 0x7f, 0xf0, 0xfc, 0x3, 0xff,
    0x8b, 0xa0, 0x1f, 0xfc, 0xd2, 0x40, 0xf, 0xfe,
    0x2b, 0x80, 0x7f, 0xf3, 0x64, 0x3, 0xff, 0x8c,
    0x2e, 0x1, 0xff, 0xcb, 0x54, 0x0, 0xff, 0xe3,
    0xc1, 0x0, 0x7f, 0xf2, 0x4a, 0x80, 0x3f, 0xf9,
    0x3c, 0x1, 0xff, 0xc8, 0x1c, 0x0, 0xff, 0xe5,
    0x1d, 0x80, 0x7f, 0xf1, 0x8b, 0x4, 0x3, 0xff,
    0x96, 0x98, 0x40, 0x1f, 0xfc, 0x36, 0xd2, 0x0,
    0xff, 0xe6, 0x9e, 0xb8, 0x7, 0xff, 0x1, 0x76,
    0x40, 0x3f, 0xfa, 0x31, 0xf2, 0xa4, 0x20, 0x1,
    0x36, 0xae, 0xa2, 0x0, 0xff, 0xea, 0x35, 0x6f,
    0x7f, 0xbb, 0x25, 0x44, 0x3, 0xff, 0xfe, 0x1,
    0xff, 0xff, 0x0, 0xff, 0xff, 0x80, 0x7f, 0xff,
    0xc0, 0x3f, 0xff, 0xe0, 0x1f, 0xff, 0xf0, 0xf,
    0xff, 0xf8, 0x7, 0xff, 0xfc, 0x3, 0xff, 0xfe,
    0x1, 0xff, 0xff, 0x0, 0xff, 0xfe, 0x0,

    /* U+0071 "q" */
    0x0, 0xff, 0xe2, 0x88, 0x80, 0x3f, 0xfb, 0x2b,
    0x39, 0xfe, 0xee, 0x7e, 0xd2, 0x80, 0x7f, 0xf4,
    0x86, 0x7e, 0x98, 0xc0, 0x38, 0x96, 0xb5, 0x40,
    0x3c, 0x9f, 0xff, 0xf6, 0x0, 0x7e, 0x7e, 0x60,
    0xf, 0xfe, 0x1, 0x55, 0x0, 0x3f, 0xf9, 0xb5,
    0x0, 0x1f, 0xfc, 0x45, 0xc0, 0xf, 0xfe, 0x5d,
    0xa8, 0x7, 0xff, 0x18, 0xec, 0x3, 0xff, 0x93,
    0x28, 0x1, 0xff, 0xc8, 0x47, 0x0, 0xff, 0xe3,
    0xab, 0x0, 0x7f, 0xf2, 0xa0, 0x40, 0x3f, 0xf8,
    0xd6, 0x1, 0xff, 0xcc, 0x80, 0xf, 0xfe, 0x2b,
    0x88, 0x7, 0xff, 0x31, 0xc0, 0x3f, 0xf8, 0xb2,
    0x1, 0xff, 0xcd, 0x17, 0xc0, 0xf, 0xfe, 0x13,
    0x8, 0x7, 0xff, 0x9, 0x27, 0x3b, 0xfd, 0xb4,
    0xc0, 0x14, 0x38, 0x7, 0xff, 0xa, 0x80, 0x3f,
    0xf8, 0x25, 0x96, 0xc6, 0x20, 0x2, 0x59, 0xf6,
    0x0, 0xff, 0xe2, 0x9, 0x80, 0x7f, 0xf0, 0x13,
    0x4c, 0x3, 0xfd, 0x32, 0x0, 0xff, 0xe1, 0xb8,
    0x7, 0xff, 0x0, 0xac, 0x3, 0xff, 0x82, 0xce,
    0x1, 0xff, 0xc2, 0xc0, 0xf, 0xfe, 0x7, 0x0,
    0x7f, 0xf0, 0xe0, 0x40, 0x3f, 0xf8, 0x28, 0x1,
    0xff, 0x19, 0x80, 0x3f, 0xf8, 0x88, 0x1, 0xff,
    0xc0, 0x11, 0x0, 0x7f, 0xd2, 0x1, 0xff, 0xc5,
    0xc0, 0xf, 0xfe, 0x2, 0x80, 0x7f, 0xf0, 0x10,
    0x3, 0xff, 0x8a, 0x60, 0x1f, 0xfc, 0x2, 0x0,
    0xff, 0x84, 0x40, 0x1f, 0xfc, 0x51, 0x0, 0xff,
    0xe0, 0x70, 0x7, 0xfc, 0x40, 0x1f, 0xfd, 0x32,
    0x0, 0xff, 0x9c, 0x3, 0xff, 0xa6, 0xc0, 0x1f,
    0xfd, 0xf1, 0x0, 0xff, 0xef, 0x98, 0x7, 0xff,
    0x7c, 0x40, 0x3f, 0xff, 0xe0, 0x1f, 0xff, 0xf0,
    0xf, 0xff, 0xf8, 0x7, 0xff, 0x68, 0x40, 0x3f,
    0xff, 0xe0, 0x1f, 0xfc, 0x3, 0x0, 0xff, 0xef,
    0xb0, 0x7, 0xff, 0x7c, 0x40, 0x3f, 0xe7, 0x0,
    0xff, 0xe9, 0x90, 0x7, 0xfc, 0x20, 0x1f, 0xfd,
    0x3e, 0x0, 0xff, 0x8c, 0x3, 0xff, 0xa6, 0xa0,
    0x1f, 0xf0, 0x90, 0x7, 0xff, 0x14, 0x40, 0x3f,
    0xf8, 0x6, 0x1, 0xff, 0xc0, 0x40, 0xf, 0xfe,
    0x29, 0x80, 0x7f, 0xf0, 0x48, 0x3, 0xfe, 0xa0,
    0xf, 0xfe, 0x2e, 0x0, 0x7f, 0xf0, 0x50, 0x3,
    0xfe, 0x34, 0x0, 0xff, 0xe1, 0x8a, 0x80, 0x7f,
    0xf0, 0x70, 0x3, 0xff, 0x81, 0x42, 0x1, 0xff,
    0xc2, 0x80, 0xf, 0xfe, 0x12, 0x0, 0x7f, 0xf0,
    0x7, 0x44, 0x3, 0xff, 0x80, 0xec, 0x1, 0xff,
    0xc2, 0x14, 0x0, 0xff, 0xe0, 0x1f, 0xa8, 0x7,
    0xf1, 0x5c, 0x0, 0x7f, 0xf1, 0x38, 0x3, 0xff,
    0x82, 0x35, 0xb0, 0x86, 0x44, 0x37, 0xbd, 0x40,
    0xf, 0xfe, 0x2a, 0x88, 0x7, 0xff, 0x8, 0x9e,
    0xf3, 0x75, 0x90, 0x80, 0x16, 0xd8, 0x7, 0xff,
    0xe, 0x0, 0x3f, 0xf9, 0xa6, 0x40, 0x1f, 0xfc,
    0x46, 0x20, 0xf, 0xfe, 0x65, 0x0, 0x7f, 0xf1,
    0xa4, 0x3, 0xff, 0x96, 0x2c, 0x1, 0xff, 0xc6,
    0x47, 0x0, 0xff, 0xe5, 0x50, 0x7, 0xff, 0x22,
    0x18, 0x3, 0xff, 0x90, 0xe8, 0x1, 0xff, 0xc9,
    0x97, 0x0, 0xff, 0xe3, 0x34, 0x0, 0x7f, 0xf2,
    0xe2, 0x84, 0x3, 0xff, 0x87, 0x12, 0x1, 0xff,
    0xcd, 0x5e, 0x81, 0x0, 0xff, 0x93, 0x1c, 0x3,
    0xff, 0xa0, 0xfd, 0x8e, 0x84, 0x20, 0x1, 0x48,
    0xdb, 0x30, 0xf, 0xfe, 0x99, 0xc5, 0xef, 0x7f,
    0xba, 0xdc, 0x80, 0x3f, 0xff, 0xe0, 0x1f, 0xff,
    0xf0, 0xf, 0xff, 0xf8, 0x7, 0xff, 0xfc, 0x3,
    0xff, 0xfe, 0x1, 0xff, 0xff, 0x0, 0xff, 0xff,
    0x80, 0x7f, 0xff, 0xc0, 0x3f, 0xff, 0xe0, 0x1f,
    0xff, 0xf0, 0xf, 0xff, 0x98,

    /* U+0072 "r" */
    0x6f, 0xff, 0xfa, 0xc0, 0x3f, 0x35, 0x6f, 0x7f,
    0xb8, 0x3, 0xff, 0x8e, 0xfd, 0x2a, 0x42, 0x1,
    0xff, 0xc8, 0x1b, 0x81, 0x0, 0xff, 0xe6, 0x52,
    0x0, 0x7f, 0xf3, 0x61, 0x0, 0x3f, 0xf9, 0xa4,
    0xe0, 0x1f, 0xfc, 0xe8, 0x0, 0xff, 0xe7, 0xa8,
    0x7, 0xff, 0x39, 0x40, 0x3f, 0xf9, 0xf8, 0x1,
    0xff, 0xcd, 0x73, 0x40, 0xf, 0xfe, 0x69, 0xe1,
    0x0, 0x7f, 0xf5, 0x4, 0xd5, 0x9d, 0xf4, 0x80,
    0x7f, 0xf1, 0xa, 0x7b, 0x99, 0x53, 0x11, 0x9c,
    0x3, 0xff, 0x87, 0x3a, 0xc2, 0x1, 0xff, 0xcb,
    0xb6, 0x0, 0xff, 0xe6, 0xb2, 0x0, 0x7f, 0xf3,
    0xa8, 0x3, 0xff, 0x9c, 0x26, 0x1, 0xff, 0xce,
    0x20, 0xf, 0xfe, 0x7b, 0x80, 0x7f, 0xff, 0xc0,
    0x3f, 0xff, 0xe0, 0x1f, 0xff, 0xf0, 0xf, 0xff,
    0xf8, 0x7, 0xff, 0xfc, 0x3, 0xff, 0xfe, 0x1,
    0xff, 0xff, 0x0, 0xff, 0xff, 0x80, 0x7f, 0xff,
    0xc0, 0x3f, 0xff, 0xe0, 0x1f, 0xff, 0xf0, 0xf,
    0xff, 0xf8, 0x7, 0xfc,

    /* U+0073 "s" */
    0x0, 0xff, 0xe0, 0x93, 0x4d, 0xef, 0x7f, 0xdd,
    0xb7, 0x2c, 0x60, 0x1f, 0xfc, 0xa1, 0x8d, 0xd4,
    0xb2, 0x10, 0x80, 0x42, 0x48, 0xd3, 0x9d, 0x26,
    0x1, 0xff, 0xc5, 0x19, 0xe7, 0x20, 0xf, 0xfe,
    0x18, 0xb6, 0x61, 0x0, 0x3f, 0xf8, 0x49, 0xec,
    0x1, 0xff, 0xc9, 0x3b, 0xb0, 0x80, 0x7f, 0xcf,
    0x62, 0x1, 0xff, 0xcc, 0x4f, 0x50, 0xf, 0xe6,
    0x80, 0xf, 0xfe, 0x78, 0xd3, 0x80, 0x7c, 0x72,
    0x1, 0xff, 0xd2, 0x88, 0x0, 0x7b, 0xc0, 0x3f,
    0xfa, 0x8e, 0xe0, 0xc, 0x86, 0x1, 0xff, 0xd5,
    0x10, 0xd, 0xe0, 0x1f, 0xfc, 0x23, 0x55, 0x90,
    0x40, 0x3f, 0xf8, 0x32, 0xc0, 0x19, 0x0, 0x3f,
    0xf8, 0x11, 0xd9, 0x55, 0x5f, 0x6c, 0x8, 0x7,
    0xf4, 0xb0, 0x6, 0x40, 0xf, 0xf8, 0x75, 0xc4,
    0x3, 0xc4, 0xfd, 0x0, 0x1f, 0x4b, 0x0, 0x71,
    0x80, 0x7f, 0xd6, 0x40, 0x1f, 0xf3, 0xe9, 0x80,
    0x69, 0x60, 0xf, 0x70, 0x7, 0xfc, 0xa0, 0x1f,
    0xfc, 0x12, 0xc4, 0x0, 0x4b, 0x0, 0x7c, 0x40,
    0x1f, 0xe4, 0x0, 0xff, 0xe2, 0x5a, 0x4b, 0x0,
    0x7e, 0x70, 0xf, 0xf0, 0x80, 0x7f, 0xf1, 0x6d,
    0x80, 0x3f, 0xfc, 0xae, 0x1, 0xfe, 0x60, 0xf,
    0xfe, 0x80, 0x80, 0x7f, 0x8c, 0x40, 0x3f, 0xf9,
    0xe6, 0x1, 0xff, 0x58, 0x7, 0xff, 0x3f, 0x0,
    0x3f, 0xe5, 0xa1, 0x0, 0xff, 0xe6, 0xb8, 0x7,
    0xff, 0x1, 0x7a, 0xd8, 0xc0, 0x3f, 0xf9, 0x44,
    0x40, 0xf, 0xfe, 0xa, 0x4e, 0x7e, 0xd3, 0xa0,
    0x80, 0x7f, 0xf1, 0x6c, 0x3, 0xff, 0x8a, 0x4b,
    0x17, 0xdb, 0x2a, 0x1, 0xff, 0xc2, 0x61, 0x0,
    0xff, 0xe4, 0x93, 0x57, 0xd1, 0x80, 0x7f, 0xf0,
    0x28, 0x3, 0xff, 0x9a, 0xb9, 0x83, 0x0, 0xff,
    0x24, 0x0, 0x7f, 0xf3, 0x8f, 0x24, 0x3, 0xfc,
    0xee, 0x0, 0xff, 0xe7, 0xb6, 0x8, 0x7, 0xf4,
    0x58, 0x80, 0x7f, 0xf3, 0x8e, 0x80, 0x3f, 0xc9,
    0xd0, 0x20, 0x1f, 0xfc, 0xd4, 0x80, 0xf, 0xf9,
    0xfa, 0x4c, 0x3, 0xff, 0x98, 0xe2, 0x1, 0xff,
    0xc0, 0x6c, 0xea, 0x62, 0x0, 0xff, 0xe4, 0xc8,
    0x7, 0xff, 0x8, 0x56, 0x77, 0xf2, 0x58, 0xc0,
    0x3f, 0xf8, 0x8c, 0x1, 0xff, 0xc7, 0x36, 0x9c,
    0xfc, 0x82, 0x0, 0xff, 0xe0, 0x9, 0x0, 0x7f,
    0xf2, 0xcd, 0xf5, 0x80, 0x3f, 0xf8, 0x8, 0x1,
    0xff, 0xce, 0x94, 0x0, 0xff, 0xb8, 0x3, 0xff,
    0x9f, 0x0, 0x1f, 0xf0, 0x80, 0x7f, 0xf3, 0xcc,
    0x40, 0x3f, 0xc6, 0x1, 0xf3, 0x8, 0x7, 0xff,
    0x1c, 0xc0, 0x3f, 0xf8, 0xaf, 0x34, 0x1, 0xff,
    0xd8, 0x88, 0x2, 0x50, 0x7, 0xff, 0x18, 0x80,
    0x3f, 0xc4, 0x1, 0xa1, 0xc0, 0x25, 0x90, 0xf,
    0xfe, 0x21, 0x80, 0x7f, 0xdc, 0x1, 0x43, 0x80,
    0x73, 0x58, 0x80, 0x7f, 0xf0, 0xa4, 0x3, 0xfe,
    0x50, 0x4, 0xb8, 0x7, 0xc9, 0xea, 0x1, 0xff,
    0xc0, 0x75, 0x0, 0xff, 0x9, 0x84, 0xb0, 0x7,
    0xf0, 0xd6, 0xb9, 0x0, 0x7c, 0x77, 0x0, 0x1f,
    0xf2, 0x2, 0xb0, 0x7, 0xff, 0x0, 0xa3, 0x7a,
    0xea, 0x6a, 0xfb, 0x10, 0x3, 0xff, 0x81, 0x20,
    0xa8, 0x1, 0xff, 0xc3, 0x14, 0x56, 0x54, 0x10,
    0xf, 0xfe, 0x9, 0x98, 0x1, 0x66, 0x1, 0xff,
    0xd6, 0xf0, 0xd, 0xa6, 0x1, 0xff, 0xd4, 0x83,
    0x0, 0xc3, 0x88, 0x1, 0xff, 0xd2, 0x57, 0x0,
    0xfa, 0xe0, 0x3, 0xff, 0xa0, 0xd4, 0x1, 0xfc,
    0xf8, 0x60, 0x1f, 0xfc, 0xd9, 0x90, 0x7, 0xfc,
    0x79, 0x44, 0x1, 0xff, 0xc9, 0x5d, 0x60, 0xf,
    0xfe, 0x12, 0xee, 0x28, 0x80, 0x7f, 0xf0, 0xc5,
    0xf6, 0x88, 0x3, 0xff, 0x8a, 0x75, 0xd9, 0x2c,
    0x84, 0x20, 0x10, 0x92, 0x34, 0xef, 0x41, 0x0,
    0x7f, 0x0,

    /* U+0074 "t" */
    0x0, 0xfd, 0x7f, 0xff, 0xe3, 0x0, 0xff, 0xff,
    0x80, 0x7f, 0xff, 0xc0, 0x3f, 0xff, 0xe0, 0x1f,
    0xfe, 0x97, 0x0, 0xff, 0xe8, 0x18, 0x7, 0xff,
    0x3d, 0x40, 0x3f, 0xf9, 0xeb, 0x40, 0x1f, 0xfc,
    0x9a, 0xdd, 0xdf, 0x40, 0x1f, 0xfc, 0xe, 0xdd,
    0xfc, 0xec, 0x45, 0x80, 0x3f, 0xf8, 0x44, 0x5f,
    0xdc, 0x1, 0xff, 0xff, 0x0, 0xff, 0xff, 0x80,
    0x7f, 0xff, 0xc0, 0x3e, 0xcf, 0xff, 0x8, 0x7,
    0xfd, 0x9f, 0xff, 0xa4, 0x3, 0xff, 0xfe, 0x1,
    0xff, 0xff, 0x0, 0xff, 0xff, 0x80, 0x7f, 0xff,
    0xc0, 0x3f, 0xff, 0xe0, 0x1f, 0xff, 0xf0, 0xf,
    0xff, 0xf8, 0x7, 0xff, 0xfc, 0x3, 0xff, 0xfe,
    0x1, 0xff, 0xff, 0x0, 0xff, 0xff, 0x80, 0x7f,
    0xff, 0xc0, 0x3c, 0x60, 0x1f, 0xfd, 0x1, 0x0,
    0xff, 0xbb, 0x77, 0xea, 0x0, 0xfc, 0xc0, 0x1f,
    0xf1, 0x17, 0xe6, 0x0, 0xfd, 0x80, 0x1f, 0xfd,
    0x4, 0x0, 0xff, 0xe8, 0x11, 0x80, 0x7f, 0xf4,
    0x24, 0x3, 0xff, 0xa0, 0xac, 0x1, 0xff, 0xd0,
    0x95, 0x0, 0xff, 0xe8, 0x55, 0x8, 0x3, 0xff,
    0x9e, 0xbb, 0x90, 0x84, 0x20, 0x1f, 0xf0,

    /* U+0075 "u" */
    0xff, 0xff, 0xe0, 0x8, 0x7, 0xff, 0xd, 0xbf,
    0xff, 0xeb, 0x0, 0xff, 0xff, 0x80, 0x7f, 0xff,
    0xc0, 0x3f, 0xff, 0xe0, 0x1f, 0xff, 0xf0, 0xf,
    0xff, 0xf8, 0x7, 0xff, 0xfc, 0x3, 0xff, 0xfe,
    0x1, 0xff, 0xff, 0x0, 0xff, 0xff, 0x80, 0x7f,
    0xff, 0xc0, 0x3f, 0xff, 0xe0, 0x1f, 0xff, 0xf0,
    0xf, 0xff, 0xf8, 0x7, 0xff, 0xfc, 0x3, 0xff,
    0xfe, 0x1, 0xff, 0xff, 0x0, 0xff, 0xff, 0x80,
    0x7f, 0xff, 0xc0, 0x3f, 0xf8, 0x66, 0x1, 0xff,
    0xdc, 0x10, 0xf, 0xfe, 0xe3, 0x0, 0x7f, 0xf0,
    0xf8, 0x3, 0xff, 0x98, 0x40, 0x1f, 0xfc, 0x32,
    0x0, 0xff, 0xe0, 0x10, 0x7, 0xfd, 0x60, 0x1f,
    0xfc, 0x34, 0x0, 0xff, 0xe0, 0x8, 0x7, 0xfc,
    0x62, 0x1, 0xff, 0xc1, 0x61, 0x0, 0xff, 0xe0,
    0x30, 0x7, 0xff, 0x2, 0x0, 0x3f, 0xf8, 0x3,
    0x0, 0x1f, 0xfc, 0x1d, 0x0, 0xff, 0xe0, 0x32,
    0x0, 0x7f, 0x8b, 0x4, 0x3, 0xff, 0x82, 0x60,
    0x1f, 0xfc, 0x1b, 0x60, 0xf, 0xcd, 0xa4, 0x1,
    0xff, 0xc2, 0x40, 0xf, 0xfe, 0x14, 0xec, 0x29,
    0xa3, 0x4f, 0x48, 0x0, 0x44, 0x1, 0xff, 0xc1,
    0x40, 0xf, 0xfe, 0x11, 0x3d, 0x65, 0xcb, 0x8,
    0x5, 0xd0, 0x1, 0xff, 0xc1, 0xe0, 0xf, 0xfe,
    0x63, 0x0, 0x7f, 0xf0, 0xd4, 0x40, 0x3f, 0xf9,
    0x74, 0x1, 0xff, 0xc4, 0xb0, 0xf, 0xfe, 0x52,
    0x18, 0x7, 0xff, 0x11, 0x50, 0x3, 0xff, 0x93,
    0x20, 0x1f, 0xfc, 0x6a, 0x10, 0xf, 0xfe, 0x3c,
    0x90, 0x7, 0xff, 0x18, 0x70, 0x40, 0x3f, 0xf8,
    0xae, 0xc0, 0x1f, 0xfc, 0x82, 0xf3, 0x0, 0xff,
    0xe1, 0xc4, 0x0, 0x3f, 0xf9, 0x43, 0x92, 0x40,
    0x1f, 0xf2, 0x6b, 0x80, 0x71, 0x9f, 0xff, 0x4,
    0x3, 0xe6, 0xdc, 0x74, 0x10, 0x0, 0x92, 0x46,
    0xd9, 0x0, 0x79, 0x73, 0x3f, 0xe8,

    /* U+0076 "v" */
    0x1f, 0xff, 0xfe, 0x1, 0x0, 0x7f, 0xf2, 0x7b,
    0xff, 0xfd, 0x82, 0x60, 0x1f, 0xf2, 0x0, 0x7f,
    0xf2, 0xc, 0x40, 0x3f, 0xd6, 0x16, 0x1, 0xff,
    0x60, 0x7, 0xff, 0x21, 0x0, 0x3f, 0xe5, 0x4,
    0x0, 0xff, 0x90, 0x3, 0xff, 0x91, 0x80, 0x1f,
    0xe1, 0x20, 0x31, 0x0, 0xff, 0x9, 0x80, 0x7f,
    0xf1, 0xd0, 0x3, 0xfc, 0xe0, 0x13, 0x80, 0x7f,
    0xc8, 0x1, 0xff, 0xc6, 0x40, 0xf, 0xfb, 0x40,
    0x2c, 0x0, 0xff, 0xb0, 0x3, 0xff, 0x8d, 0x80,
    0x1f, 0xf2, 0x0, 0x4a, 0x1, 0xff, 0x20, 0x7,
    0xff, 0x19, 0x0, 0x3f, 0xc8, 0x1, 0xc8, 0x1,
    0xff, 0x20, 0x7, 0xff, 0x10, 0x4c, 0x3, 0xfd,
    0xa0, 0x1d, 0x80, 0x1f, 0xf6, 0x0, 0x7f, 0xf1,
    0x10, 0x3, 0xfe, 0x40, 0xe, 0x50, 0xf, 0xf9,
    0x0, 0x3f, 0xf8, 0x98, 0x1, 0xfe, 0x22, 0x0,
    0x71, 0x10, 0x3, 0xfc, 0x62, 0x1, 0xff, 0xc3,
    0x40, 0xf, 0xf2, 0x0, 0x7c, 0x80, 0x1f, 0xf2,
    0x0, 0x7f, 0xf0, 0x84, 0x80, 0x3f, 0xda, 0x1,
    0xf6, 0x80, 0x7f, 0xd8, 0x1, 0xff, 0xc2, 0x70,
    0xf, 0xf9, 0x0, 0x3e, 0x40, 0xf, 0xf9, 0x0,
    0x3f, 0xf8, 0x58, 0x1, 0xfe, 0x40, 0xf, 0xe4,
    0x0, 0xff, 0x10, 0x80, 0x7f, 0xf0, 0x50, 0x3,
    0xfd, 0xa0, 0x1f, 0xda, 0x1, 0xff, 0x38, 0x7,
    0xff, 0x0, 0x84, 0x3, 0xfc, 0xe0, 0x1f, 0xce,
    0x1, 0xff, 0x60, 0x7, 0xff, 0x1, 0x40, 0x3f,
    0xc4, 0x20, 0x1f, 0xc2, 0x40, 0x1f, 0xe4, 0x0,
    0xff, 0xe0, 0x60, 0x7, 0xf9, 0x40, 0x3f, 0xe5,
    0x0, 0xff, 0x9, 0x0, 0x7f, 0xc8, 0x1, 0xfe,
    0xb0, 0xf, 0xfa, 0xc0, 0x3f, 0xe5, 0x0, 0xff,
    0x18, 0x7, 0xf8, 0x4c, 0x3, 0xfe, 0x31, 0x0,
    0xff, 0x60, 0x7, 0xfa, 0xc0, 0x3f, 0xc8, 0x1,
    0xff, 0xc1, 0x40, 0xf, 0xf2, 0x0, 0x7f, 0x90,
    0x3, 0xfd, 0xe0, 0x1f, 0xfc, 0x1c, 0x0, 0xff,
    0x8c, 0x3, 0xf8, 0xc0, 0x3f, 0xc8, 0x1, 0xff,
    0xc1, 0x70, 0xf, 0xfa, 0xc0, 0x3f, 0x20, 0x7,
    0xf8, 0xc4, 0x3, 0xff, 0x82, 0x26, 0x1, 0xfe,
    0x40, 0xf, 0xda, 0x1, 0xfe, 0xb0, 0xf, 0xfe,
    0x1a, 0x0, 0x7f, 0x8c, 0x3, 0xf2, 0x0, 0x7f,
    0x90, 0x3, 0xff, 0x87, 0x60, 0x1f, 0xf2, 0x0,
    0x78, 0x48, 0x3, 0xf8, 0x4c, 0x3, 0xff, 0x86,
    0x62, 0x1, 0xfe, 0xc0, 0xf, 0x20, 0x7, 0xf9,
    0xc0, 0x3f, 0xf8, 0xa8, 0x1, 0xfe, 0x40, 0xf,
    0x68, 0x7, 0xfb, 0x0, 0x3f, 0xf8, 0xbe, 0x1,
    0xfe, 0x30, 0xf, 0x20, 0x7, 0xf9, 0x40, 0x3f,
    0xf8, 0xa8, 0x1, 0xff, 0x10, 0x7, 0x18, 0x7,
    0xf2, 0x0, 0x7f, 0xf1, 0x84, 0xc0, 0x3f, 0xce,
    0x1, 0x88, 0x3, 0xfd, 0x80, 0x1f, 0xfc, 0x7b,
    0x0, 0xff, 0x60, 0x6, 0x70, 0xf, 0xf2, 0x80,
    0x7f, 0xf1, 0xd4, 0x3, 0xfc, 0xa0, 0x1b, 0x0,
    0x3f, 0x84, 0x80, 0x3f, 0xf8, 0xe4, 0x20, 0x1f,
    0xc6, 0x1, 0x94, 0x3, 0xf9, 0xc0, 0x3f, 0xf9,
    0x2e, 0x1, 0xfe, 0x20, 0x8, 0xc0, 0x3f, 0xb4,
    0x3, 0xff, 0x93, 0xa0, 0x1f, 0xe4, 0x0, 0x10,
    0x7, 0xf9, 0x0, 0x3f, 0xf9, 0x28, 0x1, 0xfe,
    0xf0, 0x2, 0x0, 0x7f, 0x20, 0x7, 0xff, 0x2d,
    0x0, 0x3f, 0x94, 0x1, 0xe0, 0x1f, 0xda, 0x1,
    0xff, 0xcb, 0xd0, 0xf, 0xe3, 0x0, 0x28, 0x7,
    0xf2, 0x0, 0x7f, 0xf2, 0xd0, 0x3, 0xfc, 0x40,
    0x60, 0x1f, 0x88, 0x80, 0x1f, 0xfc, 0xb2, 0x20,
    0x7, 0xf5, 0xc0, 0x7, 0xf2, 0x80, 0x7f, 0xf3,
    0x54, 0x3, 0xf9, 0x9c, 0x3, 0xfb, 0x0, 0x3f,
    0xf9, 0xb8, 0x1, 0xff, 0xc8, 0x40, 0xf, 0xfe,
    0x6a, 0x0, 0x7f, 0xf1, 0xd4, 0x3, 0xff, 0x9e,
    0x80, 0x1f, 0xfc, 0x6c, 0x0, 0xff, 0xe7, 0xe8,
    0x7, 0xff, 0x19, 0xc0, 0x3f, 0xf9, 0xee, 0x1,
    0xff, 0xc5, 0x31, 0x0, 0xff, 0xe7, 0x89, 0x0,
    0x7f, 0xf1, 0x10, 0x3, 0xff, 0xa2, 0xa0, 0x1f,
    0xfc, 0x4b, 0x0, 0xff, 0xe8, 0xd8, 0x7, 0xff,
    0xc, 0x4c, 0x3, 0xff, 0xa2, 0x62, 0x1, 0xff,
    0xc2, 0x40, 0xf, 0xfe, 0x18,

    /* U+0077 "w" */
    0x4f, 0xff, 0xfa, 0x40, 0x3f, 0xf8, 0xbf, 0xff,
    0xfc, 0x6, 0x0, 0xff, 0xe2, 0xf7, 0xff, 0xf9,
    0x10, 0x1, 0xff, 0x28, 0x7, 0xff, 0x11, 0x0,
    0x3f, 0xf8, 0x18, 0x1, 0xff, 0xc4, 0x11, 0x0,
    0x7f, 0x90, 0xc, 0x3, 0xfc, 0x60, 0x1f, 0xfc,
    0x43, 0x0, 0xff, 0xe0, 0x20, 0x7, 0xff, 0x11,
    0x0, 0x3f, 0xc6, 0x0, 0x50, 0xf, 0xf8, 0xc0,
    0x3f, 0xf8, 0x78, 0x1, 0xff, 0xc0, 0x12, 0x0,
    0xff, 0xe1, 0xe8, 0x7, 0xf9, 0x40, 0x18, 0x1,
    0xff, 0x28, 0x7, 0xff, 0xd, 0x0, 0x3f, 0xf8,
    0x2e, 0x1, 0xff, 0xc3, 0x40, 0xf, 0xf6, 0x0,
    0x10, 0x3, 0xfe, 0xc0, 0xf, 0xfe, 0x11, 0x80,
    0x7f, 0xf0, 0xb0, 0x3, 0xff, 0x86, 0x60, 0x1f,
    0xe4, 0x0, 0x9, 0x0, 0x7f, 0x9c, 0x3, 0xff,
    0x84, 0xa0, 0x1f, 0xfc, 0x24, 0x0, 0xff, 0xe1,
    0x18, 0x7, 0xf8, 0x84, 0x2, 0x40, 0xf, 0xf1,
    0x0, 0x7f, 0xf0, 0xb0, 0x3, 0xff, 0x84, 0x42,
    0x1, 0xff, 0xc1, 0x50, 0xf, 0xf2, 0x0, 0x6c,
    0x0, 0xff, 0x8c, 0x3, 0xff, 0x82, 0x80, 0x1f,
    0xfc, 0x34, 0x0, 0xff, 0xe0, 0xf8, 0x7, 0xfb,
    0x0, 0x33, 0x80, 0x7f, 0xc8, 0x1, 0xff, 0xc0,
    0x21, 0x0, 0xff, 0xe1, 0xe8, 0x7, 0xff, 0x5,
    0x0, 0x3f, 0xce, 0x1, 0x88, 0x40, 0x3f, 0xda,
    0x1, 0xff, 0xc0, 0x70, 0xf, 0xfe, 0x22, 0x0,
    0x7f, 0xf0, 0x48, 0x3, 0xf8, 0x48, 0x3, 0x90,
    0x3, 0xfc, 0xe0, 0x1f, 0xfc, 0xc, 0x0, 0xf9,
    0x58, 0x3, 0xe3, 0x0, 0xff, 0xe0, 0x20, 0x7,
    0xf9, 0x0, 0x3d, 0x80, 0x1f, 0xe2, 0x10, 0xf,
    0xf9, 0x0, 0x3e, 0x9b, 0x0, 0xfc, 0x80, 0x1f,
    0xf1, 0x80, 0x7f, 0xb0, 0x3, 0xc8, 0x1, 0xff,
    0x28, 0x7, 0xf8, 0x48, 0x3, 0xe2, 0x20, 0x7,
    0xec, 0x0, 0xff, 0xb4, 0x3, 0xfc, 0x80, 0x1e,
    0x21, 0x0, 0xff, 0x18, 0x7, 0xf9, 0x40, 0x3e,
    0x11, 0x1, 0x0, 0x7c, 0x60, 0x1f, 0xf2, 0x0,
    0x7f, 0x9, 0x0, 0x7c, 0xa0, 0x1f, 0xed, 0x0,
    0xff, 0x60, 0x7, 0xc4, 0x0, 0x60, 0xf, 0x90,
    0x3, 0xfc, 0x22, 0x0, 0xfe, 0x50, 0xf, 0xd8,
    0x1, 0xfe, 0x40, 0xf, 0xf2, 0x0, 0x7c, 0xc0,
    0x3, 0x0, 0xfc, 0x60, 0x1f, 0xc8, 0x1, 0xfe,
    0xc0, 0xf, 0xc8, 0x1, 0xfe, 0x11, 0x0, 0x7f,
    0x18, 0x7, 0xda, 0x0, 0xe0, 0xf, 0xc8, 0x1,
    0xfd, 0xa0, 0x1f, 0xe4, 0x0, 0xfc, 0x60, 0x1f,
    0xf2, 0x80, 0x7e, 0x30, 0xf, 0xc4, 0x0, 0x20,
    0xf, 0xd8, 0x1, 0xfc, 0x80, 0x1f, 0xe3, 0x0,
    0xfe, 0x40, 0xf, 0xf6, 0x0, 0x7e, 0x40, 0xf,
    0xce, 0x0, 0x50, 0xf, 0xca, 0x1, 0xfc, 0x60,
    0x1f, 0xc8, 0x1, 0xfe, 0xc0, 0xf, 0xf1, 0x80,
    0x7e, 0xc0, 0xf, 0xc4, 0x0, 0x10, 0xf, 0xc2,
    0x40, 0x1f, 0x10, 0x7, 0xfb, 0x0, 0x3f, 0xc6,
    0x1, 0xfe, 0x50, 0xf, 0xca, 0x1, 0xf1, 0x0,
    0x62, 0x0, 0xfc, 0x80, 0x1f, 0x20, 0x7, 0xf8,
    0xc0, 0x3f, 0xc8, 0x1, 0xfe, 0x11, 0x0, 0x78,
    0x84, 0x3, 0xe6, 0x0, 0xce, 0x1, 0xfb, 0x0,
    0x3e, 0xf0, 0xf, 0xf2, 0x0, 0x7f, 0xc6, 0x1,
    0xfe, 0x40, 0xf, 0x20, 0x7, 0xe3, 0x0, 0xc4,
    0x1, 0xf9, 0x0, 0x3e, 0x40, 0xf, 0xe3, 0x0,
    0xff, 0xe0, 0x20, 0x7, 0xfb, 0x40, 0x3d, 0x80,
    0x1f, 0xb8, 0x3, 0x70, 0x7, 0xe1, 0x20, 0xf,
    0x10, 0x7, 0xf2, 0x0, 0x7f, 0xf0, 0x30, 0x3,
    0xfc, 0x60, 0x1e, 0x70, 0xf, 0xc4, 0x1, 0x94,
    0x3, 0xf9, 0xc0, 0x38, 0xc0, 0x3f, 0xd8, 0x1,
    0xff, 0xc0, 0x50, 0xf, 0xf3, 0x0, 0x78, 0x80,
    0x3f, 0x28, 0x6, 0x20, 0xf, 0xed, 0x0, 0xe6,
    0x0, 0xff, 0x28, 0x7, 0xff, 0x0, 0x48, 0x3,
    0xf8, 0x80, 0x38, 0x80, 0x3f, 0x8, 0x80, 0x30,
    0x88, 0x3, 0xf1, 0x0, 0x71, 0x0, 0x7f, 0x10,
    0x80, 0x7f, 0xf0, 0x50, 0x3, 0xfc, 0x40, 0x19,
    0xc0, 0x3f, 0x20, 0x7, 0x94, 0x3, 0xf3, 0x80,
    0x76, 0x80, 0x7f, 0x20, 0x7, 0xff, 0xb, 0x0,
    0x3f, 0xcc, 0x1, 0xb4, 0x3, 0xf6, 0x80, 0x7b,
    0x0, 0x3f, 0x10, 0x7, 0x30, 0x7, 0xf6, 0x0,
    0x7f, 0xf0, 0x90, 0x3, 0xfc, 0x40, 0x18, 0xc0,
    0x3f, 0x20, 0x7, 0x90, 0x3, 0xf8, 0xc0, 0x31,
    0x0, 0x7f, 0x20, 0x7, 0xff, 0x8, 0x48, 0x3,
    0xfb, 0xc0, 0x32, 0x80, 0x7e, 0x30, 0xf, 0x18,
    0x7, 0xf2, 0x80, 0x42, 0x20, 0xf, 0xc4, 0x20,
    0x1f, 0xfc, 0x34, 0x0, 0xfe, 0x20, 0xc, 0x20,
    0x1f, 0x20, 0x7, 0xe4, 0x0, 0xfd, 0xc0, 0x11,
    0x0, 0x7f, 0x20, 0x7, 0xff, 0x13, 0xc0, 0x3f,
    0x98, 0x2, 0x30, 0xf, 0xc6, 0x1, 0xf8, 0xc0,
    0x3f, 0x18, 0x4, 0xc0, 0x1f, 0xde, 0x1, 0xff,
    0xc4, 0x40, 0xf, 0xe2, 0x0, 0x94, 0x3, 0xf6,
    0x0, 0x7e, 0xc0, 0xf, 0xca, 0x1, 0x68, 0x7,
    0xf2, 0x0, 0x7f, 0xf1, 0x8, 0x40, 0x3f, 0x88,
    0x1, 0xe0, 0x1f, 0x90, 0x3, 0xf2, 0x0, 0x7e,
    0x11, 0x0, 0x8, 0x3, 0xf0, 0x90, 0x7, 0xff,
    0x15, 0x0, 0x3f, 0x98, 0x0, 0xa0, 0x1f, 0x18,
    0x7, 0xf8, 0xc0, 0x3f, 0x28, 0x1, 0x80, 0x3f,
    0x20, 0x7, 0xff, 0x1b, 0x0, 0x3f, 0x8c, 0x0,
    0x40, 0x1f, 0x20, 0x7, 0xf9, 0x40, 0x3f, 0x10,
    0x0, 0xc0, 0x3f, 0x60, 0x7, 0xff, 0x19, 0x0,
    0x3f, 0xb8, 0x4, 0x40, 0x1f, 0x68, 0x7, 0xfb,
    0x0, 0x3f, 0x78, 0x8, 0x7, 0xf2, 0x0, 0x7f,
    0xf1, 0x88, 0x40, 0x3f, 0x10, 0x28, 0x7, 0xe4,
    0x0, 0xff, 0x20, 0x7, 0xe5, 0x2, 0x0, 0xfc,
    0x24, 0x1, 0xff, 0xc7, 0x50, 0xf, 0xca, 0x6,
    0x1, 0xf1, 0x8, 0x7, 0xf8, 0x48, 0x3, 0xe3,
    0x5, 0x0, 0xfc, 0xa0, 0x1f, 0xfc, 0x8c, 0x0,
    0xfc, 0x25, 0xa0, 0x1f, 0x20, 0x7, 0xff, 0x1,
    0x0, 0x3f, 0x1f, 0x80, 0x7e, 0xc0, 0xf, 0xfe,
    0x42, 0x0, 0x7f, 0x6a, 0x80, 0x7d, 0xe0, 0x1f,
    0xfc, 0xf, 0x0, 0xfd, 0x8c, 0x1, 0xf9, 0x0,
    0x3f, 0xf9, 0x6, 0x1, 0xff, 0xc6, 0x40, 0xf,
    0xfe, 0x2, 0x0, 0x7f, 0xf1, 0x8c, 0x3, 0xff,
    0x92, 0x80, 0x1f, 0xfc, 0x41, 0x20, 0xf, 0xfe,
    0x1, 0x8, 0x7, 0xff, 0x11, 0x0, 0x3f, 0xf9,
    0x46, 0x1, 0xff, 0xc4, 0x40, 0xf, 0xfe, 0x12,
    0x0, 0x7f, 0xf1, 0x30, 0x3, 0xff, 0x95, 0x80,
    0x1f, 0xfc, 0x4d, 0x0, 0xff, 0xe1, 0x68, 0x7,
    0xff, 0x10, 0xc0, 0x3f, 0xf9, 0x48, 0x1, 0xff,
    0xc4, 0x40, 0xf, 0xfe, 0x12, 0x0, 0x7f, 0xf1,
    0x10, 0x3, 0xff, 0x96, 0x60, 0x1f, 0xfc, 0x33,
    0x0, 0xff, 0xe1, 0x18, 0x7, 0xff, 0xc, 0xc0,
    0x3f, 0xf9, 0x88, 0x1, 0xff, 0xc2, 0x40, 0xf,
    0xfe, 0x22, 0x0, 0x7f, 0xf0, 0x90, 0x3, 0xff,
    0x99, 0x80, 0x1f, 0xfc, 0x2c, 0x0, 0xff, 0xe2,
    0x60, 0x7, 0xff, 0xb, 0x0, 0x3f, 0xf9, 0x8a,
    0x1, 0xff, 0xc2, 0x30, 0xf, 0xfe, 0x21, 0x80,
    0x7f, 0xf0, 0x94, 0x3, 0xff, 0x98, 0x24, 0x1,
    0xff, 0xc1, 0x40, 0xf, 0xfe, 0x22, 0x0, 0x7f,
    0xf0, 0x48, 0x40, 0x3f, 0xf8, 0x0,

    /* U+0078 "x" */
    0x1c, 0xcf, 0xfe, 0x8, 0x80, 0x7f, 0xf1, 0x97,
    0x33, 0xfe, 0xb0, 0x14, 0x33, 0xff, 0xe0, 0x40,
    0x7, 0xff, 0x1a, 0xcc, 0xff, 0xec, 0x0, 0x41,
    0x0, 0x7f, 0xcc, 0x40, 0x1f, 0xfc, 0x47, 0x10,
    0xf, 0xf1, 0x38, 0x5, 0x20, 0x1f, 0xfc, 0x9,
    0x0, 0xff, 0xe1, 0x8c, 0x0, 0x7f, 0xd2, 0x1,
    0x91, 0x0, 0x1f, 0xf2, 0x20, 0x3, 0xff, 0x85,
    0x0, 0x1f, 0xf2, 0xa0, 0x7, 0x50, 0x7, 0xff,
    0x2, 0x40, 0x3f, 0xf8, 0x24, 0xc0, 0x1f, 0xf5,
    0x80, 0x78, 0x60, 0x3, 0xfe, 0x26, 0x0, 0xff,
    0xe0, 0x40, 0x7, 0xfd, 0x2, 0x1, 0xf3, 0x90,
    0x7, 0xfd, 0x0, 0x1f, 0xf1, 0xa8, 0x7, 0xf8,
    0x9c, 0x3, 0xfa, 0x40, 0x3f, 0xe1, 0x70, 0xf,
    0xf7, 0x80, 0x7f, 0xd2, 0x1, 0xfe, 0x45, 0x0,
    0xff, 0xa0, 0x40, 0x3f, 0x29, 0x80, 0x7f, 0x95,
    0x0, 0x3f, 0xeb, 0x0, 0xff, 0xe0, 0x40, 0x7,
    0xe8, 0x0, 0xff, 0xac, 0x3, 0xff, 0x80, 0x32,
    0x1, 0xff, 0x31, 0x0, 0x79, 0xc8, 0x3, 0xfd,
    0x2, 0x1, 0xff, 0xc1, 0x63, 0x0, 0xff, 0xa4,
    0x3, 0x86, 0x40, 0x3f, 0xc4, 0xe0, 0x1f, 0xfc,
    0x3f, 0x0, 0xff, 0x91, 0x0, 0x1a, 0x4, 0x3,
    0xfd, 0x20, 0x1f, 0xfc, 0x43, 0x60, 0xf, 0xfa,
    0x0, 0x22, 0x60, 0xf, 0xf2, 0x20, 0x3, 0xff,
    0x8b, 0x2, 0x1, 0xfe, 0x35, 0x0, 0x40, 0x7,
    0xfd, 0x20, 0x1f, 0xfc, 0x61, 0xb0, 0xf, 0xfa,
    0xc0, 0xd4, 0x3, 0xfc, 0xe4, 0x1, 0xff, 0xc7,
    0x53, 0x0, 0xff, 0xf, 0xe0, 0x7, 0xf8, 0x60,
    0x3, 0xff, 0x93, 0xc0, 0x1f, 0xfc, 0xbb, 0x0,
    0xff, 0xe5, 0x13, 0x80, 0x7f, 0xf2, 0x51, 0x40,
    0x3f, 0xf9, 0x70, 0x20, 0x1f, 0xfc, 0x89, 0x0,
    0xff, 0xe6, 0xd8, 0x7, 0xff, 0x1d, 0xc8, 0x3,
    0xff, 0x9a, 0xa8, 0x1, 0xff, 0xc5, 0x18, 0x0,
    0xff, 0xe7, 0xc8, 0x7, 0xff, 0x16, 0xc0, 0x3f,
    0xfa, 0x5, 0x0, 0x1f, 0xfc, 0x34, 0x50, 0xf,
    0xfe, 0x8b, 0x88, 0x7, 0xff, 0xa, 0x40, 0x3f,
    0xfa, 0x44, 0x20, 0x1f, 0xfc, 0x23, 0x0, 0xff,
    0xe9, 0x48, 0x7, 0xff, 0xe, 0xc0, 0x3f, 0xfa,
    0x28, 0x80, 0xf, 0xfe, 0x1a, 0x98, 0x7, 0xff,
    0x42, 0x40, 0x3f, 0xf8, 0xbe, 0x1, 0xff, 0xcf,
    0x62, 0x0, 0xff, 0xe2, 0x9b, 0x0, 0x7f, 0xf3,
    0x46, 0x0, 0x3f, 0xf8, 0xf0, 0x20, 0x1f, 0xfc,
    0xc8, 0x10, 0xf, 0xfe, 0x38, 0xc0, 0x7, 0xff,
    0x2c, 0xd8, 0x3, 0xff, 0x92, 0xc6, 0x1, 0xff,
    0xca, 0xf0, 0xf, 0xfe, 0x5f, 0x80, 0x7f, 0xf2,
    0x54, 0xc0, 0x3f, 0xd5, 0xe4, 0x1, 0xfe, 0x36,
    0x0, 0xff, 0xe4, 0x58, 0x7, 0xf8, 0xd4, 0x24,
    0x3, 0xfe, 0x81, 0x0, 0xff, 0xe3, 0x40, 0x80,
    0x7f, 0xbc, 0x0, 0x86, 0x1, 0xfe, 0x18, 0x0,
    0xff, 0xe2, 0x8b, 0x80, 0x7f, 0x94, 0xc0, 0x2f,
    0x0, 0xff, 0x98, 0x80, 0x3f, 0xf8, 0x96, 0x1,
    0xff, 0x40, 0x6, 0x34, 0x0, 0xff, 0xb8, 0x3,
    0xff, 0x86, 0x6a, 0x1, 0xfe, 0x62, 0x0, 0xe9,
    0x0, 0xff, 0x8d, 0x40, 0x3f, 0xf8, 0x5e, 0x1,
    0xff, 0x40, 0x7, 0x89, 0x40, 0x3f, 0xeb, 0x0,
    0xff, 0xe0, 0xb1, 0x80, 0x7f, 0x9c, 0x40, 0x3e,
    0xb0, 0xf, 0xf8, 0x60, 0x3, 0xfe, 0x18, 0x0,
    0xff, 0xc, 0x0, 0x7e, 0x16, 0x0, 0xff, 0x9c,
    0x80, 0x3f, 0xd0, 0x20, 0x1f, 0xe8, 0x0, 0xff,
    0x40, 0x7, 0xff, 0x2, 0x40, 0x3f, 0x89, 0x80,
    0x3f, 0xc4, 0xc0, 0x1f, 0xe1, 0x70, 0xf, 0xf9,
    0x14, 0x3, 0xf4, 0x80, 0x7f, 0xd0, 0x1, 0xff,
    0xc0, 0x81, 0x0, 0xff, 0xac, 0x3, 0xe4, 0x40,
    0x7, 0xf8, 0xd4, 0x3, 0xff, 0x83, 0x0, 0x1f,
    0xf0, 0xc0, 0x7, 0xa4, 0x3, 0xfe, 0xf0, 0xf,
    0xfe, 0x13, 0x10, 0x7, 0xfc, 0xe4, 0x1, 0x9c,
    0x80, 0x3f, 0xc8, 0x60, 0x1f, 0xfc, 0x38, 0x0,
    0xff, 0xe0, 0x48, 0x4, 0x30, 0x1, 0xff, 0x48,
    0x7, 0xff, 0x11, 0x48, 0x3, 0xfe, 0x44, 0x0,
    0x2c, 0x3, 0xfe, 0x62, 0x0, 0xff, 0xe2, 0xc8,
    0x7, 0xff, 0x2, 0x40, 0xd4, 0x3, 0xfe, 0x80,
    0xf, 0xfe, 0x32, 0x18, 0x7, 0xfc, 0x4e,

    /* U+0079 "y" */
    0x1f, 0xff, 0xfe, 0x1, 0x80, 0x7f, 0xf2, 0x77,
    0xff, 0xfe, 0x31, 0x40, 0xf, 0xfa, 0xc0, 0x3f,
    0xf9, 0x2, 0x40, 0x1f, 0xe1, 0x30, 0xd0, 0xf,
    0xf9, 0x0, 0x3f, 0xf9, 0x8, 0x1, 0xff, 0x20,
    0x1, 0xc0, 0x3f, 0xe3, 0x0, 0xff, 0xe4, 0x78,
    0x7, 0xfd, 0xe0, 0x1, 0x30, 0xf, 0xf9, 0x40,
    0x3f, 0xf8, 0xe8, 0x1, 0xff, 0x28, 0x5, 0x60,
    0x1f, 0xf6, 0x0, 0x7f, 0xf1, 0x88, 0x40, 0x3f,
    0xc8, 0x1, 0x94, 0x3, 0xfe, 0x40, 0xf, 0xfe,
    0x32, 0x80, 0x7f, 0xda, 0x1, 0x88, 0x80, 0x1f,
    0xe2, 0x20, 0x7, 0xff, 0x17, 0x0, 0x3f, 0xe7,
    0x0, 0xe5, 0x0, 0xff, 0x90, 0x3, 0xff, 0x8a,
    0x80, 0x1f, 0xe3, 0x10, 0xe, 0xb0, 0xf, 0xfb,
    0x40, 0x3f, 0xf8, 0x86, 0x1, 0xff, 0x58, 0x7,
    0x8c, 0x40, 0x3f, 0xc8, 0x1, 0xff, 0xc4, 0xb0,
    0xf, 0xf9, 0x40, 0x3e, 0x70, 0xf, 0xf8, 0xc0,
    0x3f, 0xf8, 0x68, 0x1, 0xfe, 0x22, 0x0, 0x7d,
    0xa0, 0x1f, 0xf5, 0x80, 0x7f, 0xf0, 0xcc, 0x3,
    0xfc, 0xa0, 0x1f, 0x90, 0x3, 0xfe, 0x40, 0xf,
    0xfe, 0x12, 0x0, 0x7f, 0xd6, 0x1, 0xfc, 0xa0,
    0x1f, 0xe3, 0x10, 0xf, 0xfe, 0xe, 0x80, 0x7f,
    0x84, 0xc0, 0x3f, 0xbc, 0x3, 0xfe, 0x40, 0xf,
    0xfe, 0xa, 0x0, 0x7f, 0x9c, 0x3, 0xfc, 0x80,
    0x1f, 0xf6, 0x0, 0x7f, 0xf0, 0x4, 0x80, 0x3f,
    0xda, 0x1, 0xfe, 0x14, 0x0, 0xff, 0x20, 0x7,
    0xff, 0x1, 0x0, 0x3f, 0xc2, 0x80, 0x1f, 0xf6,
    0x80, 0x7f, 0x88, 0x80, 0x1f, 0xf7, 0x80, 0x7f,
    0x90, 0x3, 0xff, 0x80, 0xe0, 0x1f, 0xf2, 0x0,
    0x7f, 0xc8, 0x1, 0xfe, 0xf0, 0xf, 0xfe, 0x0,
    0x98, 0x7, 0xfb, 0x40, 0x3f, 0xc4, 0x20, 0x1f,
    0xe5, 0x0, 0xff, 0xe0, 0xd8, 0x7, 0xf9, 0x0,
    0x3f, 0xc8, 0x1, 0xfe, 0x40, 0xf, 0xfe, 0x12,
    0x80, 0x7f, 0xc6, 0x1, 0xfd, 0xa0, 0x1f, 0xed,
    0x0, 0xff, 0xe1, 0x11, 0x0, 0x3f, 0xd6, 0x1,
    0xfc, 0x80, 0x1f, 0xe7, 0x0, 0xff, 0xe1, 0xa8,
    0x7, 0xf9, 0x0, 0x3f, 0x18, 0x7, 0xf8, 0xc4,
    0x3, 0xff, 0x87, 0x60, 0x1f, 0xe3, 0x10, 0xf,
    0xac, 0x3, 0xfd, 0x60, 0x1f, 0xfc, 0x43, 0x10,
    0xf, 0xf2, 0x0, 0x7c, 0x80, 0x1f, 0xe5, 0x0,
    0xff, 0xe2, 0xb8, 0x7, 0xfb, 0x0, 0x3e, 0x30,
    0xf, 0xe2, 0x20, 0x7, 0xff, 0x17, 0x40, 0x3f,
    0xc8, 0x1, 0xe4, 0x0, 0xff, 0x28, 0x7, 0xff,
    0x19, 0x0, 0x3f, 0xc4, 0x20, 0x1c, 0x60, 0x1f,
    0xeb, 0x0, 0xff, 0xe3, 0xa8, 0x7, 0xf9, 0x40,
    0x3b, 0x0, 0x3f, 0x84, 0xc0, 0x3f, 0xf8, 0xfe,
    0x1, 0xfe, 0x30, 0xe, 0x50, 0xf, 0xe7, 0x0,
    0xff, 0xe4, 0x20, 0x7, 0xfb, 0x0, 0x30, 0x88,
    0x3, 0xfb, 0x40, 0x3f, 0xf9, 0x2, 0x80, 0x1f,
    0xca, 0x1, 0x94, 0x3, 0xf8, 0x50, 0x3, 0xff,
    0x93, 0xa0, 0x1f, 0xc2, 0x20, 0x8, 0xc0, 0x3f,
    0x90, 0x3, 0xff, 0x94, 0xe0, 0x1f, 0xe5, 0x0,
    0xb0, 0x3, 0xfb, 0xc0, 0x3f, 0xf9, 0x42, 0x60,
    0x1f, 0xc6, 0x1, 0x28, 0x7, 0xf2, 0x80, 0x7f,
    0xf2, 0xec, 0x3, 0xfb, 0x0, 0x2, 0x20, 0xf,
    0xc8, 0x1, 0xff, 0xcc, 0x50, 0xf, 0xe5, 0x0,
    0x28, 0x7, 0xf6, 0x80, 0x7f, 0xf3, 0x8, 0x80,
    0x1f, 0x84, 0x40, 0x60, 0x1f, 0xce, 0x1, 0xff,
    0xcd, 0x50, 0xf, 0xe5, 0xc, 0x0, 0xfc, 0x62,
    0x1, 0xff, 0xcd, 0xb0, 0xf, 0xec, 0x5, 0x0,
    0xfd, 0x60, 0x1f, 0xfc, 0xe3, 0x10, 0xf, 0xcb,
    0x2, 0x1, 0xf9, 0x40, 0x3f, 0xf9, 0xee, 0x1,
    0xf8, 0x9c, 0x3, 0xf1, 0x10, 0x3, 0xff, 0x9f,
    0xa0, 0x1f, 0xfc, 0x65, 0x0, 0xff, 0xe8, 0x20,
    0x7, 0xff, 0x1a, 0xc0, 0x3f, 0xfa, 0x2a, 0x1,
    0xff, 0xc4, 0x13, 0x0, 0xff, 0xe8, 0xf8, 0x7,
    0xff, 0x11, 0xc0, 0x3f, 0xfa, 0x48, 0x1, 0xff,
    0xc4, 0xd0, 0xf, 0xfe, 0x90, 0xa0, 0x7, 0xff,
    0xd, 0x0, 0x3f, 0xfa, 0x7a, 0x1, 0xff, 0xc2,
    0x50, 0xf, 0xfe, 0xa3, 0x80, 0x7f, 0xf0, 0xbc,
    0x3, 0xff, 0xa8, 0x26, 0x1, 0xff, 0xc1, 0x50,
    0xf, 0xfe, 0xad, 0x80, 0x7f, 0xf0, 0x10, 0x3,
    0xff, 0xac, 0xa0, 0x1f, 0xfc, 0xd, 0x0, 0xff,
    0xeb, 0x10, 0x80, 0x7f, 0xce, 0x1, 0xff, 0xd7,
    0x10, 0xf, 0xf1, 0x88, 0x7, 0xff, 0x59, 0x0,
    0x3f, 0xeb, 0x0, 0xff, 0xeb, 0xe8, 0x7, 0xfc,
    0xa0, 0x1f, 0xfd, 0x74, 0x0, 0xff, 0x11, 0x0,
    0x3f, 0xfa, 0xc4, 0x40, 0xf, 0xf2, 0x80, 0x7f,
    0xf5, 0xd0, 0x3, 0xfe, 0xb0, 0xf, 0xfe, 0xbe,
    0x80, 0x7f, 0x84, 0xc0, 0x3f, 0xf9, 0x85, 0x99,
    0xfe, 0x40, 0xf, 0xf3, 0x80, 0x7f, 0xf3, 0x44,
    0xcf, 0xfc, 0x1, 0xff, 0x50, 0x7, 0xff, 0x88,
    0x8c, 0x3, 0xff, 0xc5, 0x60, 0x1f, 0xfe, 0x22,
    0x60, 0xf, 0xff, 0x14, 0x80, 0x7f, 0xf8, 0xa1,
    0x0, 0x3f, 0xfc, 0x32, 0xe0, 0x1f, 0xfe, 0x5,
    0xd6, 0x0, 0xff, 0xed, 0x88, 0x8d, 0xab, 0xa8,
    0x80, 0x3f, 0xf9, 0xa0,

    /* U+007A "z" */
    0xa, 0xdd, 0xff, 0xec, 0x10, 0x31, 0x17, 0xff,
    0x60, 0x40, 0x3f, 0xff, 0xe0, 0x1f, 0xff, 0xf0,
    0xf, 0xff, 0xf8, 0x7, 0xff, 0xfc, 0x3, 0xfe,
    0x10, 0xcf, 0xff, 0xfe, 0x51, 0x0, 0x7f, 0xf0,
    0x14, 0x80, 0x3f, 0xf9, 0x72, 0x40, 0x1f, 0xf1,
    0x50, 0x7, 0xff, 0x2d, 0x18, 0x3, 0xff, 0x81,
    0xc0, 0x1f, 0xfc, 0xb1, 0xa0, 0xf, 0xfe, 0x4,
    0x18, 0x7, 0xff, 0x2e, 0x84, 0x3, 0xfe, 0x47,
    0x0, 0xff, 0xe5, 0xba, 0x0, 0x7f, 0xc3, 0x40,
    0x1f, 0xfc, 0xb3, 0x80, 0xf, 0xfe, 0x5, 0x8,
    0x7, 0xff, 0x2f, 0x80, 0x3f, 0xf8, 0xc, 0x80,
    0x1f, 0xfc, 0xba, 0x20, 0xf, 0xf8, 0xa4, 0x3,
    0xff, 0x96, 0xaa, 0x0, 0xff, 0xe0, 0x78, 0x7,
    0xff, 0x2c, 0xa8, 0x3, 0xff, 0x81, 0x24, 0x1,
    0xff, 0xcb, 0xe0, 0xf, 0xfe, 0x2, 0xb0, 0x7,
    0xff, 0x2e, 0xc, 0x3, 0xfe, 0x1b, 0x0, 0xff,
    0xe5, 0xa3, 0x80, 0x7f, 0xf0, 0x34, 0x40, 0x3f,
    0xf9, 0x43, 0x40, 0x1f, 0xfc, 0x7, 0x30, 0xf,
    0xfe, 0x5d, 0x88, 0x7, 0xfc, 0x70, 0x1, 0xff,
    0xcb, 0x65, 0x0, 0xff, 0xe0, 0x68, 0x7, 0xff,
    0x2c, 0xa4, 0x3, 0xff, 0x81, 0x42, 0x1, 0xff,
    0xcb, 0xf0, 0xf, 0xfe, 0x3, 0x28, 0x7, 0xff,
    0x2e, 0x48, 0x3, 0xfe, 0x29, 0x0, 0xff, 0xe5,
    0xa3, 0x0, 0x7f, 0xf0, 0x38, 0x3, 0xff, 0x96,
    0x34, 0x1, 0xff, 0xc0, 0x83, 0x0, 0xff, 0xe5,
    0xd0, 0x80, 0x7f, 0xc8, 0xe0, 0x1f, 0xfc, 0xb7,
    0x40, 0xf, 0xf8, 0x68, 0x3, 0xff, 0x96, 0x70,
    0x1, 0xff, 0xc0, 0xa1, 0x0, 0xff, 0xe5, 0xf0,
    0x7, 0xff, 0x1, 0xd0, 0x3, 0xff, 0x97, 0x24,
    0x1, 0xff, 0x1c, 0x0, 0x7f, 0xf2, 0xd5, 0x80,
    0x3f, 0xf8, 0x1c, 0x1, 0xff, 0xcb, 0x1a, 0x0,
    0xff, 0xe0, 0x49, 0x0, 0x7f, 0xf2, 0xf4, 0x3,
    0xff, 0x80, 0xac, 0x1, 0xff, 0xcb, 0x83, 0x0,
    0xff, 0x86, 0xc0, 0x3f, 0xf9, 0x66, 0xe0, 0x1f,
    0xfc, 0xd, 0x10, 0xf, 0xfe, 0x50, 0xe8, 0x7,
    0xff, 0x2, 0xc, 0x3, 0xff, 0x97, 0x22, 0x1,
    0xff, 0xc0, 0xad, 0xdf, 0xfe, 0x5d, 0x8, 0x7,
    0xff, 0x4, 0x8b, 0xff, 0x98, 0xc0, 0x1f, 0xff,
    0xf0, 0xf, 0xff, 0xf8, 0x7, 0xff, 0xfc, 0x3,
    0xff, 0xfe, 0x1, 0xff, 0xc0,

    /* U+007B "{" */
    0x0, 0xff, 0xe0, 0x14, 0x67, 0x7f, 0xff, 0xa0,
    0x3, 0xfe, 0x8d, 0x73, 0x10, 0xf, 0xfe, 0x4c,
    0xb8, 0x7, 0xff, 0x31, 0x18, 0x3, 0xff, 0x9b,
    0xe0, 0x1f, 0xfc, 0xe4, 0x0, 0xff, 0xe6, 0x90,
    0x7, 0xff, 0x38, 0x40, 0x3f, 0xf9, 0xce, 0x1,
    0xfe, 0x56, 0x6f, 0x60, 0x7, 0xff, 0x1e, 0x67,
    0xe4, 0x0, 0xff, 0xff, 0x80, 0x7f, 0xff, 0xc0,
    0x3f, 0xff, 0xe0, 0x1f, 0xff, 0xf0, 0xf, 0xff,
    0xf8, 0x7, 0xff, 0xfc, 0x3, 0xff, 0xfe, 0x1,
    0xff, 0xff, 0x0, 0xff, 0xe8, 0x88, 0x7, 0xff,
    0x38, 0xc0, 0x3f, 0xc2, 0x1, 0xff, 0xc3, 0xc0,
    0xf, 0xf1, 0x0, 0x7f, 0xf0, 0xd0, 0x3, 0xff,
    0x9a, 0xe2, 0x1, 0xfc, 0x80, 0x1f, 0xfc, 0x24,
    0x80, 0xf, 0xf6, 0x80, 0x7f, 0xf0, 0x5e, 0xc0,
    0x3f, 0xc2, 0xc0, 0x1f, 0xc2, 0x91, 0xd0, 0x1,
    0xff, 0x40, 0x7, 0xf7, 0xf5, 0xb8, 0x80, 0x7f,
    0xcc, 0xc0, 0xf, 0xfe, 0x63, 0x48, 0x7, 0xff,
    0x2c, 0xae, 0x40, 0x3f, 0xf9, 0x24, 0xd7, 0xa8,
    0x1, 0xff, 0xc6, 0x4c, 0xdf, 0xd9, 0x40, 0xf,
    0xfe, 0x4b, 0x88, 0x80, 0x3f, 0xf9, 0x69, 0x79,
    0xdc, 0xb5, 0x0, 0xff, 0xe6, 0xa, 0x57, 0x30,
    0x7, 0xff, 0x34, 0x66, 0xc0, 0x3f, 0xf9, 0xc9,
    0x60, 0x1f, 0xef, 0xf6, 0xc9, 0x80, 0x7f, 0xc9,
    0x0, 0x1f, 0xf1, 0x36, 0x50, 0x80, 0x7f, 0x9c,
    0x40, 0x3f, 0xf8, 0x2b, 0x80, 0x1f, 0xf3, 0x0,
    0x7f, 0xf0, 0x8a, 0x80, 0x3f, 0xd6, 0x1, 0xff,
    0xc3, 0x52, 0x0, 0xfe, 0x30, 0xf, 0xfe, 0x22,
    0x0, 0x7f, 0x84, 0x3, 0xff, 0x87, 0xe0, 0x1f,
    0xe3, 0x0, 0xff, 0xe1, 0x98, 0x7, 0xf8, 0x40,
    0x3f, 0xf8, 0x62, 0x1, 0xff, 0xff, 0x0, 0xff,
    0xff, 0x80, 0x7f, 0xff, 0xc0, 0x3f, 0xff, 0xe0,
    0x1f, 0xff, 0xf0, 0xf, 0xff, 0xf8, 0x7, 0xff,
    0xfc, 0x3, 0xff, 0xfe, 0x1, 0xff, 0xd3, 0x99,
    0xf9, 0x0, 0x3f, 0xf8, 0xea, 0xcd, 0xec, 0x0,
    0xfc, 0xc0, 0x1f, 0xfc, 0xe2, 0x0, 0xff, 0xe7,
    0xa0, 0x7, 0xff, 0x3b, 0x80, 0x3f, 0xf9, 0xca,
    0xa0, 0xf, 0xfe, 0x75, 0x30, 0x7, 0xff, 0x3a,
    0x75, 0xcc, 0x40, 0x3f, 0xe0,

    /* U+007C "|" */
    0xac, 0xcf, 0xe5, 0x63, 0x3f, 0xf0, 0x7, 0xff,
    0xfc, 0x3, 0xff, 0xfe, 0x1, 0xff, 0xff, 0x0,
    0xff, 0xff, 0x80, 0x7f, 0xff, 0xc0, 0x3f, 0xff,
    0xe0, 0x1f, 0xff, 0xf0, 0xf, 0xff, 0xf8, 0x7,
    0xff, 0xfc, 0x3, 0xff, 0xfe, 0x1, 0xff, 0xff,
    0x0, 0xff, 0xff, 0x80, 0x7f, 0xff, 0xc0, 0x30,

    /* U+007D "}" */
    0x9f, 0xff, 0xf7, 0x64, 0x8, 0x7, 0xff, 0x2c,
    0x4d, 0xf9, 0xc0, 0x3f, 0xf9, 0xd0, 0xe0, 0x1f,
    0xfc, 0xe8, 0x20, 0xf, 0xfe, 0x75, 0x80, 0x7f,
    0xf3, 0x9c, 0x3, 0xff, 0x9c, 0x22, 0x0, 0xff,
    0xe7, 0x18, 0x7, 0xec, 0x66, 0xf2, 0x0, 0x7f,
    0x84, 0x3, 0xf2, 0xcc, 0xfb, 0xc0, 0x3f, 0xff,
    0xe0, 0x1f, 0xff, 0xf0, 0xf, 0xff, 0xf8, 0x7,
    0xff, 0xfc, 0x3, 0xff, 0xfe, 0x1, 0xff, 0xff,
    0x0, 0xff, 0xff, 0x80, 0x7f, 0xff, 0xc0, 0x3f,
    0xff, 0xce, 0x1, 0xfe, 0x60, 0xf, 0xfe, 0x18,
    0x80, 0x7f, 0xb4, 0x3, 0xff, 0x86, 0x40, 0x1f,
    0xe5, 0x0, 0xff, 0xe2, 0x18, 0x7, 0xf1, 0x28,
    0x7, 0xff, 0xd, 0x0, 0x3f, 0xd4, 0x60, 0x1f,
    0xfc, 0x29, 0x0, 0xff, 0xb1, 0x80, 0x3f, 0xf8,
    0x22, 0xe0, 0x1f, 0xf4, 0xeb, 0x98, 0x80, 0x7f,
    0xa1, 0x0, 0x3f, 0xe2, 0x8c, 0xee, 0x0, 0x7f,
    0xad, 0x40, 0x3f, 0xf9, 0xd5, 0x22, 0x1, 0xff,
    0xcd, 0x6e, 0xa5, 0x20, 0xf, 0xfe, 0x62, 0xd6,
    0xfe, 0xe1, 0x80, 0x7f, 0xf2, 0xc8, 0x5c, 0x3,
    0xff, 0x92, 0xd7, 0xdb, 0x96, 0x60, 0x1f, 0xfc,
    0x67, 0xf9, 0x41, 0x0, 0xff, 0xe4, 0xe, 0x40,
    0x7, 0xff, 0x33, 0xc, 0x3, 0xff, 0x84, 0x60,
    0x1f, 0xd4, 0x40, 0x1f, 0xf1, 0xce, 0xfe, 0x80,
    0x7e, 0x25, 0x0, 0xff, 0xd, 0xe3, 0x10, 0x7,
    0xfa, 0xc0, 0x3f, 0xc3, 0xe8, 0x1, 0xff, 0xc1,
    0x40, 0xf, 0xf5, 0x8, 0x7, 0xff, 0x4, 0x48,
    0x3, 0xf8, 0xd0, 0x3, 0xff, 0x84, 0x60, 0x1f,
    0xeb, 0x0, 0xff, 0xe1, 0xb0, 0x7, 0xf8, 0xc0,
    0x3f, 0xf9, 0xce, 0x1, 0xff, 0xff, 0x0, 0xff,
    0xff, 0x80, 0x7f, 0xff, 0xc0, 0x3f, 0xff, 0xe0,
    0x1f, 0xff, 0xf0, 0xf, 0xff, 0xf8, 0x7, 0xff,
    0xfc, 0x3, 0xff, 0xfe, 0x1, 0xff, 0xd1, 0x59,
    0x9f, 0x78, 0x7, 0xff, 0x1f, 0x19, 0xbc, 0x80,
    0x1f, 0xe1, 0x0, 0xff, 0xe7, 0x18, 0x7, 0xff,
    0x34, 0x44, 0x1, 0xff, 0xcd, 0x40, 0xf, 0xfe,
    0x74, 0x80, 0x7f, 0xf3, 0x5c, 0xc0, 0x3f, 0xf9,
    0x91, 0x0, 0xf, 0xfe, 0x48, 0x9b, 0xf3, 0x80,
    0x7f, 0xc0,

    /* U+007E "~" */
    0x0, 0xf8, 0x9e, 0xb7, 0xbf, 0xdb, 0x92, 0xa2,
    0x1, 0xff, 0xd4, 0x3b, 0xd8, 0x52, 0x10, 0x1,
    0x1b, 0x57, 0x5a, 0x0, 0x7f, 0xf4, 0x6, 0xb1,
    0x0, 0x3f, 0xf8, 0x9, 0x7a, 0x80, 0x1f, 0xfc,
    0xd2, 0xc5, 0x0, 0xff, 0xe2, 0x15, 0xe1, 0x80,
    0x7f, 0xf2, 0x8b, 0x8, 0x3, 0xff, 0x8e, 0x79,
    0x64, 0x1, 0xff, 0xc1, 0x53, 0x0, 0xef, 0x10,
    0xf, 0xfe, 0x52, 0x6d, 0x18, 0x7, 0xf0, 0xcd,
    0x70, 0x6, 0x13, 0x0, 0xff, 0xe6, 0xae, 0x61,
    0x84, 0x3, 0x14, 0x7b, 0x1, 0x40, 0x4, 0x30,
    0x1, 0xff, 0xcf, 0x39, 0xee, 0x6e, 0xbf, 0x5c,
    0x40, 0x27, 0x20, 0x9, 0x8c, 0x3, 0xff, 0xa2,
    0x24, 0x40, 0xf, 0xdc, 0x1, 0xb8, 0x3, 0xf1,
    0x10, 0x40, 0x3f, 0xfa, 0x26, 0xc0, 0x11, 0x38,
    0x4, 0x2f, 0xbf, 0xba, 0xee, 0x49, 0x80, 0x7f,
    0xf3, 0xe4, 0x40, 0x28, 0x20, 0x6f, 0x82, 0x0,
    0xc2, 0xd9, 0x85, 0x0, 0xff, 0xe6, 0x90, 0x80,
    0x6e, 0xb9, 0x10, 0xf, 0xe3, 0xad, 0x40, 0xf,
    0xfe, 0x50, 0xf8, 0x7, 0x1a, 0x0, 0x7f, 0xf0,
    0x4a, 0xf0, 0xc0, 0x3f, 0xf8, 0xe5, 0x84, 0x1,
    0xff, 0xca, 0x3c, 0xb2, 0x0, 0xff, 0xe2, 0x2e,
    0x10, 0x7, 0xff, 0x35, 0x36, 0xd0, 0x3, 0xff,
    0x80, 0x77, 0x42, 0x1, 0xff, 0xd0, 0x4b, 0xea,
    0x63, 0x20, 0x8, 0x96, 0x37, 0x10, 0x3, 0x80,

    /* U+00B0 "°" */
    0x0, 0xff, 0xe2, 0x8, 0x80, 0x3f, 0xfa, 0x7,
    0x17, 0xdf, 0xdc, 0xfe, 0xc8, 0x40, 0xf, 0xfe,
    0x4a, 0xee, 0x3a, 0x8, 0x6, 0x13, 0x7b, 0xe7,
    0x0, 0xff, 0xe2, 0xa6, 0xd1, 0x0, 0x7f, 0xf0,
    0x6, 0x39, 0x80, 0x3f, 0xf8, 0x51, 0x64, 0x1,
    0xff, 0xc4, 0x19, 0xa0, 0xf, 0xfe, 0x5, 0xb8,
    0x7, 0xff, 0x21, 0x74, 0x40, 0x3f, 0xa9, 0x0,
    0x3f, 0xf9, 0x45, 0xa0, 0x1f, 0x9d, 0x40, 0x3f,
    0xf9, 0x87, 0x40, 0x1e, 0x38, 0x0, 0xff, 0xe7,
    0x2b, 0x0, 0x74, 0x0, 0x7f, 0x92, 0x77, 0xfd,
    0xd4, 0xa0, 0x1f, 0xe8, 0x0, 0xc6, 0x80, 0x1f,
    0x86, 0xec, 0xc4, 0x0, 0x15, 0xad, 0x20, 0xf,
    0xc2, 0xc0, 0x14, 0x0, 0x7f, 0x62, 0x0, 0x7e,
    0x2c, 0x20, 0xf, 0xd0, 0x0, 0x14, 0x0, 0xfd,
    0x44, 0x1, 0xfe, 0x1e, 0x0, 0xfc, 0x26, 0x8,
    0x1, 0xf8, 0x94, 0x3, 0xff, 0x80, 0x6a, 0x1,
    0xfa, 0xc3, 0x40, 0x3f, 0x50, 0x7, 0xff, 0xb,
    0x80, 0x3f, 0x18, 0x18, 0x7, 0xe4, 0x0, 0xff,
    0xe1, 0x20, 0x7, 0xe5, 0x6, 0x0, 0xfc, 0x60,
    0x1f, 0xfc, 0x32, 0x0, 0xf8, 0x40, 0x3f, 0xf9,
    0xc2, 0x1, 0xfc, 0x60, 0x1f, 0x8, 0x7, 0xff,
    0x11, 0xc0, 0x3f, 0x9, 0x80, 0x7c, 0x20, 0x1f,
    0xfc, 0x47, 0x0, 0xfc, 0x22, 0x0, 0xff, 0xe6,
    0x8, 0x7, 0xf3, 0x80, 0x7e, 0x30, 0xf, 0xfe,
    0x19, 0x0, 0x7c, 0x40, 0x60, 0x1f, 0x90, 0x3,
    0xff, 0x84, 0x80, 0x1f, 0x98, 0x30, 0x3, 0xf5,
    0x0, 0x7f, 0xf0, 0xbc, 0x3, 0xf6, 0x2, 0x0,
    0x7e, 0x26, 0x0, 0xff, 0xe0, 0x1a, 0x0, 0x7e,
    0x40, 0x2, 0x80, 0x7e, 0x93, 0x0, 0xff, 0xe,
    0x80, 0x7e, 0x23, 0x0, 0x48, 0x7, 0xf6, 0x28,
    0x7, 0xe3, 0xf1, 0x0, 0xfd, 0x60, 0x11, 0xa8,
    0x7, 0xf5, 0x63, 0x99, 0x9, 0xb5, 0xe0, 0x80,
    0x7e, 0x26, 0x0, 0xd0, 0x1, 0xfe, 0x38, 0xcd,
    0xec, 0x94, 0x0, 0xff, 0x40, 0x7, 0x14, 0x80,
    0x7f, 0xf3, 0x99, 0x40, 0x3c, 0xcc, 0x0, 0xff,
    0xe6, 0x1c, 0x80, 0x7e, 0x96, 0x0, 0xff, 0xe5,
    0x1e, 0x80, 0x7f, 0xa6, 0x40, 0x1f, 0xfc, 0x86,
    0xc1, 0x0, 0xff, 0x9b, 0xc, 0x3, 0xff, 0x88,
    0x55, 0x20, 0x1f, 0xfc, 0x23, 0xcb, 0x30, 0xf,
    0xfe, 0x1, 0x4e, 0xa8, 0x7, 0xff, 0x15, 0x33,
    0x65, 0x4c, 0x40, 0x22, 0x48, 0xcd, 0x60, 0xf,
    0xf0,

    /* U+00B7 "·" */
    0x0, 0xc2, 0xaf, 0x10, 0x74, 0x0, 0xf8, 0xaf,
    0xaa, 0x1d, 0xd1, 0x7c, 0xe0, 0x18, 0xb1, 0x0,
    0x3e, 0x18, 0xa0, 0xb, 0xc4, 0x3, 0xfc, 0xac,
    0x8, 0x40, 0x1f, 0xfc, 0x8, 0xc, 0x0, 0xff,
    0xe0, 0x89, 0x10, 0x3, 0xff, 0x84, 0xc2, 0x1,
    0xff, 0xe3, 0x20, 0xf, 0xfe, 0x13, 0xf8, 0x7,
    0xff, 0x8, 0xdc, 0x3, 0xff, 0x82, 0xa0, 0x30,
    0x1, 0xff, 0xd, 0x80, 0x1e, 0x0, 0x3f, 0x8b,
    0x44, 0x2, 0x7d, 0x73, 0x10, 0x0, 0xa4, 0xe9,
    0x80, 0x0,

    /* U+00C4 "Ä" */
    0x0, 0xff, 0xe1, 0xb, 0xe7, 0x7f, 0xbb, 0x20,
    0x80, 0x3f, 0x8e, 0x77, 0xfe, 0xeb, 0x60, 0xf,
    0xfe, 0x81, 0xfc, 0x18, 0x80, 0x4, 0xdf, 0x54,
    0x3, 0xe8, 0xc6, 0x20, 0x8, 0x52, 0x74, 0x40,
    0x3f, 0xf9, 0xdc, 0x20, 0x1f, 0xd4, 0x20, 0x1c,
    0x8e, 0x1, 0xfc, 0x56, 0x1, 0xff, 0xcd, 0x42,
    0x0, 0xff, 0x98, 0x3, 0xb8, 0x3, 0xfe, 0x50,
    0xf, 0xfe, 0x69, 0x0, 0x7f, 0xf0, 0x34, 0x3,
    0x9c, 0x3, 0xff, 0x80, 0x60, 0x1f, 0xfc, 0xc1,
    0x0, 0xff, 0xe0, 0x8, 0x7, 0x18, 0x7, 0xff,
    0x1, 0xc0, 0x3f, 0xf9, 0x9e, 0x1, 0xff, 0xec,
    0xf0, 0xf, 0xff, 0xc8, 0x80, 0x71, 0x80, 0x7f,
    0xf0, 0x1c, 0x3, 0xff, 0x98, 0x40, 0x1f, 0xfc,
    0x2, 0x0, 0xe6, 0x0, 0xff, 0xe0, 0x10, 0x7,
    0xff, 0x31, 0x44, 0x3, 0xfe, 0xb0, 0xe, 0xd0,
    0xf, 0xf8, 0xc4, 0x3, 0xff, 0x9b, 0x60, 0x1f,
    0xe6, 0x30, 0xe, 0x63, 0x0, 0xff, 0x78, 0x7,
    0xff, 0x39, 0x6d, 0x0, 0x3c, 0x73, 0x20, 0xf,
    0xb2, 0x8, 0x3, 0xcb, 0xa6, 0x1, 0xff, 0xcf,
    0x4b, 0xfd, 0xcc, 0x6f, 0xe3, 0x0, 0x7f, 0x3e,
    0xf6, 0x65, 0xbf, 0x44, 0x1, 0xff, 0xd3, 0x23,
    0x31, 0x0, 0x7f, 0xf0, 0x84, 0xce, 0x20, 0xf,
    0xff, 0xf8, 0x7, 0xff, 0xfc, 0x3, 0xff, 0xfe,
    0x1, 0xff, 0xff, 0x0, 0xff, 0xff, 0x80, 0x6b,
    0xff, 0xff, 0xe1, 0xa8, 0x7, 0xff, 0x71, 0x0,
    0x3f, 0xf8, 0x7e, 0x1, 0xff, 0xdb, 0x50, 0xf,
    0xfe, 0x22, 0x0, 0x7f, 0xf6, 0xf0, 0x3, 0xff,
    0x88, 0x26, 0x1, 0xff, 0xda, 0x70, 0xf, 0xfe,
    0x2d, 0x80, 0x7f, 0xf6, 0x4c, 0x40, 0x3f, 0xf8,
    0xa8, 0x1, 0xff, 0xd9, 0x40, 0xf, 0xfe, 0x31,
    0x88, 0x7, 0xff, 0x62, 0xc0, 0x3f, 0xf8, 0xe8,
    0x1, 0xff, 0xd7, 0x13, 0x0, 0xff, 0xe3, 0xf8,
    0x7, 0xff, 0x5d, 0x0, 0x3f, 0xf9, 0x8, 0x1,
    0xff, 0xd7, 0xf0, 0xf, 0xfe, 0x40, 0x98, 0x7,
    0xff, 0x59, 0x0, 0x3f, 0x99, 0xc0, 0x3f, 0xd6,
    0x1, 0xff, 0xd5, 0x31, 0x0, 0xfe, 0xa8, 0x0,
    0xff, 0x28, 0x7, 0xff, 0x56, 0xc0, 0x3f, 0xc6,
    0x6, 0x1, 0xfc, 0x42, 0x1, 0xff, 0xd4, 0x40,
    0xf, 0xe3, 0x0, 0x28, 0x7, 0xf9, 0xc0, 0x3f,
    0xfa, 0x62, 0x60, 0x1f, 0xca, 0x0, 0xf0, 0xf,
    0xf6, 0x0, 0x7f, 0xf4, 0xd0, 0x3, 0xfd, 0xe0,
    0x5, 0x0, 0xff, 0x28, 0x7, 0xff, 0x4f, 0xc0,
    0x3f, 0xca, 0x0, 0x30, 0xf, 0xf9, 0x0, 0x3f,
    0xfa, 0x48, 0x1, 0xfe, 0x30, 0x8, 0xc0, 0x3f,
    0xd8, 0x1, 0xff, 0xd1, 0x31, 0x0, 0xfe, 0x30,
    0xc, 0xa0, 0x1f, 0xe5, 0x0, 0xff, 0xe8, 0xd8,
    0x7, 0xf9, 0x40, 0x37, 0x80, 0x7f, 0x88, 0x80,
    0x1f, 0xfd, 0x5, 0x0, 0xff, 0x78, 0x6, 0x50,
    0xf, 0xf9, 0x0, 0x3f, 0xf9, 0xe2, 0x40, 0x1f,
    0xe5, 0x0, 0xc6, 0x1, 0xff, 0x68, 0x7, 0xff,
    0x3d, 0xc0, 0x3f, 0xc2, 0x60, 0x1c, 0x80, 0x1f,
    0xe4, 0x0, 0xff, 0xe7, 0xe8, 0x7, 0xf9, 0x0,
    0x3d, 0x80, 0x1f, 0xf2, 0x0, 0x7f, 0xf3, 0x90,
    0x3, 0xfd, 0x80, 0x1e, 0x50, 0xf, 0xfb, 0x40,
    0x3f, 0xf9, 0xa8, 0x1, 0xff, 0x20, 0x7, 0x88,
    0x40, 0x3f, 0xc8, 0x1, 0xff, 0xcd, 0xc0, 0xf,
    0xf1, 0x10, 0x3, 0xe7, 0x0, 0xff, 0x11, 0x0,
    0x3f, 0xf9, 0x8a, 0x1, 0xfe, 0x40, 0xf, 0xd8,
    0x1, 0xff, 0x28, 0x7, 0xff, 0x2c, 0x88, 0x1,
    0xfe, 0xd0, 0xf, 0xc8, 0x1, 0xff, 0x60, 0x7,
    0xff, 0x2d, 0x0, 0x3f, 0xe4, 0x0, 0xfc, 0x26,
    0x1, 0xfe, 0x40, 0xf, 0xfe, 0x5e, 0x80, 0x7f,
    0x90, 0x3, 0xfd, 0x60, 0x1f, 0xf2, 0x80, 0x7f,
    0xf2, 0x90, 0x3, 0xfd, 0x80, 0x1f, 0xe4, 0x0,
    0xff, 0xb0, 0x3, 0xff, 0x92, 0x80, 0x1f, 0xf2,
    0x0, 0x7f, 0x8c, 0x40, 0x3f, 0xce, 0x1, 0xff,
    0xc9, 0xd0, 0xf, 0xf0, 0x98, 0x7, 0xfc, 0x80,
    0x1f, 0xe1, 0x20, 0xf, 0xfe, 0x42, 0x0, 0x7f,
    0x90, 0x3, 0xff, 0x81, 0xe0, 0x1f, 0xf2, 0x80,
    0x7f, 0xf1, 0xc8, 0x80, 0x1f, 0xef, 0x0, 0xff,
    0xe0, 0x20, 0x7, 0xfd, 0x60, 0x1f, 0xfc, 0x75,
    0x0, 0xff, 0x90, 0x3, 0xff, 0x80, 0x26, 0x1,
    0xfe, 0x31, 0x0, 0xff, 0xe3, 0x60, 0x7, 0xf8,
    0x84, 0x3, 0xff, 0x82, 0x80, 0x1f, 0xf2, 0x0,
    0x7f, 0xf1, 0x90, 0x3, 0xfc, 0xa0, 0x1f, 0xfc,
    0x2b, 0x0, 0xff, 0xbc, 0x3, 0xff, 0x8a, 0xa0,
    0x1f, 0xf6, 0x0, 0x7f, 0xf0, 0x8c, 0x3, 0xfe,
    0x40, 0xf, 0xfe, 0x2e, 0x0, 0x7f, 0xce, 0x67,
    0xff, 0xc4, 0x0, 0xff, 0x9, 0x80, 0x7f, 0xf1,
    0x1c, 0x3, 0xfe, 0xcc, 0xff, 0xe2, 0x18, 0x7,
    0xfc, 0x80, 0x1f, 0xfc, 0x33, 0x10, 0xf, 0xfe,
    0xdd, 0x80, 0x7f, 0xf0, 0xd0, 0x3, 0xff, 0xb8,
    0x62, 0x1, 0xff, 0xc2, 0xb0, 0xf, 0xfe, 0xea,
    0x0, 0x7f, 0xf0, 0x44, 0xc0, 0x3f, 0xfb, 0xbe,
    0x1, 0xff, 0xc1, 0x40, 0xf, 0xfe, 0xf2, 0x0,
    0x7f, 0xf0, 0x7c, 0x3, 0xff, 0xbc, 0x26, 0x1,
    0xff, 0xc0, 0x40, 0xf, 0xfe, 0xfd, 0x80, 0x7f,
    0xc6, 0x20, 0x1f, 0xfd, 0xf4, 0x0, 0xff, 0xac,
    0x3, 0xff, 0xc0, 0x62, 0x1, 0xfe, 0x40, 0xf,
    0xf1, 0xff, 0xff, 0xf2, 0xa0, 0x3, 0xfe, 0x70,
    0xf, 0xe1, 0x30, 0xf, 0xf2, 0x0, 0x7f, 0xf2,
    0x90, 0x3, 0xfe, 0xc0, 0xf, 0xe4, 0x0, 0xff,
    0xac, 0x3, 0xff, 0x94, 0x62, 0x1, 0xfe, 0x50,
    0xf, 0xef, 0x0, 0xff, 0x8c, 0x3, 0xff, 0x96,
    0x80, 0x1f, 0xf2, 0x0, 0x7e, 0x40, 0xf, 0xf2,
    0x0, 0x7f, 0xf3, 0x30, 0x3, 0xfe, 0xc0, 0xf,
    0x8c, 0x40, 0x3f, 0xd8, 0x1, 0xff, 0xcc, 0x40,
    0xf, 0xf9, 0x40, 0x3e, 0xb0, 0xf, 0xf9, 0x40,
    0x3f, 0xf9, 0x84, 0x20, 0x1f, 0xe2, 0x10, 0xf,
    0x28, 0x7, 0xf8, 0x48, 0x3, 0xff, 0x9a, 0xe0,
    0x1f, 0xf3, 0x80, 0x70, 0x90, 0x7, 0xf9, 0x0,
    0x3f, 0xf9, 0xd8, 0x1, 0xff, 0x68, 0x7, 0x38,
    0x7, 0xfd, 0x80, 0x1f, 0xfc, 0xe4, 0x0, 0xff,
    0x90, 0x3, 0xb4, 0x3, 0xfe, 0x70, 0xf, 0xfe,
    0x70, 0x90, 0x7, 0xfc, 0x80, 0x19, 0x0, 0x3f,
    0xc4, 0x20, 0x1f, 0xfc, 0xf5, 0x0, 0xff, 0xb4,
    0x2, 0x40, 0xf, 0xf9, 0x0, 0x3f, 0xfa, 0x18,
    0x1, 0xff, 0x20, 0x5, 0x80, 0x1f, 0xf6, 0x0,
    0x7f, 0xf4, 0x10, 0x3, 0xfe, 0x22, 0x0, 0x14,
    0x3, 0xfe, 0x40, 0xf, 0xfe, 0x89, 0x80, 0x7f,
    0xc8, 0x4, 0x40, 0xf, 0xf1, 0x88, 0x7, 0xff,
    0x46, 0xc0, 0x3f, 0xed, 0x4, 0x0, 0xff, 0x90,
    0x3, 0xff, 0xa4, 0x80, 0x1f, 0xf2, 0x6, 0x80,
    0x7f, 0xd8, 0x1, 0xff, 0xd2, 0x30, 0xf, 0xfe,
    0x2, 0x63, 0xbf, 0xfc, 0x80, 0x1f, 0xfd, 0x39,
    0x77, 0xff, 0x80,

    /* U+00D6 "Ö" */
    0x0, 0xff, 0xe1, 0x1c, 0xef, 0xfd, 0xd6, 0xc0,
    0x1f, 0xe6, 0xbe, 0xff, 0xb6, 0x4c, 0x3, 0xff,
    0x9f, 0x18, 0xc4, 0x1, 0xa, 0x4e, 0x88, 0x7,
    0x87, 0x65, 0x4, 0x2, 0x26, 0xc8, 0x0, 0xff,
    0xe6, 0xa3, 0x80, 0x7f, 0x15, 0x80, 0x7a, 0xc8,
    0x3, 0xf9, 0xd0, 0x3, 0xff, 0x99, 0xc0, 0x1f,
    0xf2, 0x80, 0x79, 0x40, 0x3f, 0xee, 0x0, 0xff,
    0xe6, 0x38, 0x7, 0xff, 0x0, 0xc0, 0x31, 0x80,
    0x7f, 0xf0, 0x1c, 0x3, 0xff, 0x98, 0x60, 0x1f,
    0xfc, 0x7, 0x0, 0xce, 0x1, 0xff, 0xc0, 0x30,
    0xf, 0xff, 0xf8, 0x7, 0xff, 0xc4, 0xc0, 0x3f,
    0xf8, 0xe, 0x1, 0xff, 0xc5, 0x30, 0xf, 0xfe,
    0x63, 0x0, 0x7f, 0xf0, 0x8, 0x3, 0x28, 0x7,
    0xff, 0x1, 0x80, 0x3f, 0xf9, 0x9a, 0x1, 0xff,
    0x18, 0x80, 0x61, 0x30, 0xf, 0xfb, 0x40, 0x3f,
    0xf9, 0x8c, 0x60, 0x1f, 0xef, 0x0, 0xf7, 0x80,
    0x7f, 0x8d, 0x80, 0x3f, 0xf9, 0xb9, 0x4, 0x1,
    0xe5, 0xd3, 0x0, 0xf1, 0xea, 0x80, 0x78, 0xa3,
    0x0, 0x3f, 0xf9, 0xef, 0xbd, 0x99, 0x6f, 0xd1,
    0x0, 0x7e, 0x2a, 0xfd, 0xcc, 0xbb, 0x5c, 0x3,
    0xff, 0xa4, 0x26, 0x71, 0x0, 0x7f, 0xf0, 0x88,
    0xce, 0x10, 0xf, 0xff, 0xf8, 0x7, 0xff, 0xfc,
    0x3, 0xff, 0xfe, 0x1, 0xff, 0xff, 0x0, 0xff,
    0xe2, 0xa, 0xc5, 0x67, 0x73, 0xfd, 0xdc, 0xdb,
    0x86, 0x20, 0xf, 0xfe, 0xc9, 0x46, 0xf5, 0x3a,
    0x98, 0x88, 0x0, 0x22, 0x24, 0x79, 0xde, 0x94,
    0x0, 0xff, 0xea, 0x26, 0x6b, 0x90, 0x7, 0xff,
    0x10, 0x5a, 0xf5, 0x80, 0x3f, 0xfa, 0x7, 0x96,
    0x60, 0x1f, 0xfc, 0xa2, 0x9e, 0x50, 0xf, 0xfe,
    0x6c, 0x61, 0x80, 0x7f, 0xf3, 0x86, 0xa8, 0x20,
    0x1f, 0xfc, 0x91, 0xb7, 0x0, 0xff, 0xe9, 0x2e,
    0x10, 0x7, 0xff, 0x1c, 0x71, 0x0, 0x3f, 0xfa,
    0x85, 0x86, 0x1, 0xff, 0xc5, 0x1c, 0x20, 0xf,
    0xfe, 0xb0, 0xe9, 0x0, 0x7f, 0xf1, 0x34, 0x80,
    0x3f, 0xfb, 0x3, 0x82, 0x1, 0xff, 0xc2, 0x83,
    0x0, 0xff, 0xed, 0xd, 0x0, 0x7f, 0xf0, 0x4d,
    0xc0, 0x3f, 0xfb, 0x88, 0xc0, 0x1f, 0xfc, 0xe,
    0x0, 0xff, 0xe2, 0x24, 0x56, 0x6e, 0xb2, 0xe1,
    0x40, 0x3f, 0xf8, 0x92, 0x20, 0x1f, 0xe6, 0x20,
    0xf, 0xfe, 0x8, 0xc7, 0x5b, 0xa9, 0x91, 0xd,
    0x1e, 0xbe, 0x48, 0x3, 0xff, 0x85, 0x0, 0x1f,
    0xe8, 0x0, 0xff, 0xe0, 0xaf, 0xb8, 0x80, 0x7f,
    0xcd, 0xae, 0x1, 0xff, 0xc1, 0x62, 0x0, 0xfc,
    0xc2, 0x1, 0xff, 0xc0, 0x7a, 0x10, 0xf, 0xfe,
    0x1c, 0x50, 0x7, 0xff, 0x6, 0xc0, 0x3f, 0x58,
    0x7, 0xff, 0x1, 0xa0, 0x3, 0xff, 0x8c, 0xb2,
    0x1, 0xff, 0xc0, 0x60, 0xf, 0x8c, 0x80, 0x3f,
    0xe2, 0x90, 0xf, 0xfe, 0x43, 0x28, 0x7, 0xff,
    0x1, 0x80, 0x3d, 0x40, 0x1f, 0xfc, 0xe, 0x0,
    0xff, 0xe5, 0x58, 0x80, 0x7f, 0xd4, 0x1, 0xe7,
    0x0, 0xff, 0x90, 0xc0, 0x3f, 0xf9, 0x42, 0xc0,
    0x1f, 0xf1, 0x88, 0x6, 0x31, 0x0, 0xff, 0xbc,
    0x3, 0xff, 0x99, 0x20, 0x1f, 0xfc, 0x7, 0x0,
    0xd6, 0x1, 0xff, 0xa, 0x0, 0x7f, 0xf3, 0x5,
    0x0, 0x3f, 0xed, 0x0, 0xc6, 0x1, 0xff, 0x20,
    0x7, 0xff, 0x3b, 0x0, 0x3f, 0xe5, 0x0, 0xc8,
    0x1, 0xff, 0x68, 0x7, 0xff, 0x39, 0x0, 0x3f,
    0xe1, 0x20, 0x1, 0x80, 0x7f, 0xf0, 0x10, 0x3,
    0xff, 0x9c, 0x60, 0x1f, 0xfc, 0x4, 0x0, 0x30,
    0x7, 0xff, 0x0, 0x80, 0x3f, 0xf9, 0xe2, 0x1,
    0xff, 0x70, 0x3, 0x40, 0x3f, 0xf8, 0x2, 0x1,
    0xff, 0xcf, 0x30, 0xf, 0xf8, 0xc0, 0x4, 0x1,
    0xff, 0xdc, 0x10, 0xf, 0xf9, 0x80, 0xc, 0x1,
    0xff, 0x8, 0x7, 0xff, 0x41, 0xc0, 0x3f, 0xe2,
    0x0, 0x10, 0x7, 0xff, 0xa4, 0x40, 0x40, 0x3f,
    0xfd, 0x26, 0x20, 0x1f, 0xfe, 0xa6, 0x30, 0xf,
    0xff, 0x50, 0x88, 0x3, 0xff, 0xd4, 0x60, 0x1f,
    0xff, 0xf0, 0xf, 0xfe, 0xc0, 0xb8, 0x7, 0xff,
    0xfc, 0x3, 0xff, 0xfe, 0x1, 0xff, 0xc5, 0x70,
    0xf, 0xff, 0xf8, 0x7, 0xff, 0x5c, 0x40, 0x3f,
    0xfd, 0x82, 0x1, 0xff, 0xea, 0x33, 0x0, 0x7f,
    0xfa, 0x84, 0x40, 0x1f, 0xfe, 0xa6, 0x1, 0x0,
    0xff, 0xf4, 0x98, 0x10, 0x7, 0xff, 0xa4, 0x41,
    0x80, 0x3f, 0xe1, 0x0, 0xff, 0xe8, 0x38, 0x7,
    0xfc, 0x40, 0x2, 0x0, 0xff, 0xee, 0x8, 0x7,
    0xfc, 0xc0, 0xd, 0x0, 0xff, 0xe0, 0x8, 0x7,
    0xff, 0x3c, 0xc0, 0x3f, 0xe3, 0x0, 0x30, 0x7,
    0xff, 0x0, 0x80, 0x3f, 0xf9, 0xe2, 0x1, 0xff,
    0x70, 0x0, 0xc0, 0x3f, 0xf8, 0x8, 0x1, 0xff,
    0xce, 0x30, 0xf, 0xfe, 0x2, 0x0, 0x48, 0x1,
    0xff, 0x68, 0x7, 0xff, 0x39, 0x0, 0x3f, 0xe1,
    0x20, 0x8, 0xc0, 0x3f, 0xe4, 0x0, 0xff, 0xe7,
    0x60, 0x7, 0xfc, 0xa0, 0x1a, 0xc0, 0x3f, 0xe1,
    0x40, 0xf, 0xfe, 0x60, 0xa0, 0x7, 0xfd, 0xa0,
    0x18, 0xc4, 0x3, 0xfe, 0xf0, 0xf, 0xfe, 0x64,
    0x80, 0x7f, 0xf0, 0x1c, 0x3, 0x9c, 0x3, 0xfe,
    0x43, 0x0, 0xff, 0xe5, 0xb, 0x0, 0x7f, 0xc6,
    0x20, 0x1d, 0x40, 0x1f, 0xfc, 0xe, 0x0, 0xff,
    0xe5, 0x58, 0x80, 0x7f, 0xd4, 0x1, 0xe3, 0x20,
    0xf, 0xf8, 0xa4, 0x3, 0xff, 0x90, 0xca, 0x1,
    0xff, 0xc0, 0x60, 0xf, 0xac, 0x3, 0xff, 0x80,
    0xd0, 0x1, 0xff, 0xc6, 0x59, 0x0, 0xff, 0xe0,
    0x30, 0x7, 0xe6, 0x10, 0xf, 0xfe, 0x3, 0xd0,
    0x80, 0x7f, 0xf0, 0xe2, 0x80, 0x3f, 0xf8, 0x36,
    0x1, 0xfd, 0x0, 0x1f, 0xfc, 0x15, 0xf7, 0x10,
    0xf, 0xf9, 0xb5, 0xc0, 0x3f, 0xf8, 0x2c, 0x40,
    0x1f, 0xcc, 0x40, 0x1f, 0xfc, 0x11, 0x8e, 0xb7,
    0x43, 0x22, 0x91, 0xeb, 0xe4, 0x80, 0x3f, 0xf8,
    0x50, 0x1, 0xff, 0x48, 0x7, 0xff, 0x11, 0x22,
    0xf3, 0x76, 0xb8, 0x50, 0xf, 0xfe, 0x24, 0x88,
    0x7, 0xfc, 0x8e, 0x1, 0xff, 0xdc, 0x46, 0x0,
    0xff, 0xe0, 0xc1, 0x80, 0x7f, 0xf6, 0x86, 0x80,
    0x3f, 0xf8, 0x7a, 0x40, 0x1f, 0xfd, 0x81, 0xc1,
    0x0, 0xff, 0xe1, 0x8e, 0x10, 0x7, 0xff, 0x58,
    0x74, 0x80, 0x3f, 0xf8, 0xa3, 0x86, 0x1, 0xff,
    0xd4, 0x2c, 0x30, 0xf, 0xfe, 0x38, 0xe3, 0x80,
    0x7f, 0xf4, 0x97, 0x8, 0x3, 0xff, 0x95, 0x18,
    0x40, 0x1f, 0xfc, 0xe1, 0xaa, 0x8, 0x7, 0xff,
    0x30, 0xf6, 0x8c, 0x3, 0xff, 0x94, 0x33, 0xca,
    0x1, 0xff, 0xd0, 0x5c, 0xd7, 0x20, 0xf, 0xfe,
    0x20, 0xb5, 0xf3, 0x0, 0x7f, 0xf5, 0xa, 0x37,
    0xa9, 0xd4, 0xc4, 0x40, 0x10, 0x92, 0x34, 0xef,
    0x4a, 0x0, 0x7f, 0xf1, 0x40,

    /* U+00DC "Ü" */
    0x0, 0xff, 0x8a, 0x33, 0xbf, 0xdd, 0x8e, 0x20,
    0x1f, 0xcb, 0x5b, 0xff, 0x6d, 0x28, 0x7, 0xff,
    0x25, 0x75, 0xcc, 0x40, 0x2, 0x71, 0xe6, 0x1,
    0xf5, 0xd2, 0x90, 0x4, 0x4b, 0x54, 0x0, 0xff,
    0xe3, 0x8d, 0x0, 0x7f, 0xf, 0x0, 0x79, 0xd0,
    0x3, 0xf9, 0x5c, 0x3, 0xff, 0x8c, 0xc0, 0x1f,
    0xf1, 0x18, 0x7, 0x50, 0x7, 0xfd, 0x40, 0x1f,
    0xfc, 0x6d, 0x0, 0xff, 0xe0, 0x28, 0x7, 0x10,
    0x7, 0xfc, 0x40, 0x1f, 0xfc, 0x61, 0x0, 0xff,
    0xe0, 0x8, 0x6, 0x10, 0xf, 0xfe, 0x8, 0x80,
    0x7f, 0xf4, 0xbc, 0x3, 0xff, 0xcb, 0xe0, 0x1f,
    0xfd, 0x81, 0x0, 0xff, 0xe2, 0x88, 0x7, 0xff,
    0x4, 0x40, 0x3f, 0xf8, 0xa4, 0x1, 0xff, 0xc0,
    0x30, 0xe, 0x10, 0xf, 0xf8, 0x40, 0x3f, 0xf8,
    0xd6, 0x1, 0xff, 0xa, 0x0, 0x73, 0x80, 0x7f,
    0xce, 0x1, 0xff, 0xc6, 0x36, 0x0, 0xff, 0x58,
    0x7, 0xa0, 0x40, 0x3f, 0x8a, 0x0, 0x3f, 0xf8,
    0xf3, 0x23, 0x0, 0xf2, 0x5a, 0x80, 0x78, 0x7d,
    0x84, 0x3, 0x85, 0xb0, 0x40, 0x3f, 0xf9, 0xd,
    0x9f, 0xb9, 0x8d, 0xfb, 0x40, 0xf, 0xc3, 0x3d,
    0xcc, 0xcb, 0xb9, 0x22, 0x1, 0xff, 0xcc, 0x23,
    0x31, 0x0, 0x7f, 0xf0, 0x84, 0xce, 0x10, 0xf,
    0xff, 0xf8, 0x7, 0xff, 0xfc, 0x3, 0xff, 0xfe,
    0x1, 0xff, 0xdb, 0x22, 0xff, 0xe0, 0x0, 0x7f,
    0xf3, 0x4, 0x8b, 0xfe, 0x13, 0xdd, 0xff, 0xe0,
    0x20, 0x7, 0xff, 0x2f, 0xf7, 0x7f, 0xe8, 0x0,
    0xff, 0xff, 0x80, 0x7f, 0xff, 0xc0, 0x3f, 0xff,
    0xe0, 0x1f, 0xff, 0xf0, 0xf, 0xff, 0xf8, 0x7,
    0xff, 0xfc, 0x3, 0xff, 0xfe, 0x1, 0xff, 0xff,
    0x0, 0xff, 0xff, 0x80, 0x7f, 0xff, 0xc0, 0x3f,
    0xff, 0xe0, 0x1f, 0xff, 0xf0, 0xf, 0xff, 0xf8,
    0x7, 0xff, 0xfc, 0x3, 0xff, 0xfe, 0x1, 0xff,
    0xff, 0x0, 0xff, 0xff, 0x80, 0x7f, 0xff, 0xc0,
    0x3f, 0xff, 0xe0, 0x1f, 0xff, 0xf0, 0xf, 0xff,
    0xf8, 0x7, 0xff, 0xfc, 0x3, 0xff, 0xfe, 0x1,
    0xff, 0xff, 0x0, 0xff, 0xff, 0x80, 0x7f, 0xff,
    0xc0, 0x3f, 0xff, 0xe0, 0x1f, 0xff, 0xf0, 0xf,
    0xff, 0xf8, 0x7, 0xff, 0x34, 0x40, 0x3f, 0xfc,
    0x82, 0x1, 0xff, 0xe6, 0x30, 0xf, 0xfe, 0x0,
    0x80, 0x7f, 0xf2, 0xc4, 0x3, 0xff, 0x9a, 0x60,
    0x1f, 0xfd, 0x7f, 0x10, 0xf, 0xfe, 0x0, 0x80,
    0x7f, 0xf2, 0x84, 0x3, 0xff, 0x80, 0x20, 0x20,
    0x1f, 0xf7, 0x0, 0x7f, 0xf2, 0x8c, 0x3, 0xff,
    0x80, 0x40, 0x40, 0x1f, 0xf1, 0x0, 0x7f, 0xf2,
    0x9c, 0x3, 0xff, 0x80, 0xe0, 0xc0, 0x1f, 0xf2,
    0x80, 0x7f, 0xf2, 0xb4, 0x3, 0xff, 0x80, 0x40,
    0x40, 0x1f, 0xf0, 0x90, 0x7, 0xff, 0x25, 0x0,
    0x3f, 0xf8, 0x2, 0x1c, 0x1, 0xff, 0xc0, 0x40,
    0xf, 0xfe, 0x40, 0x98, 0x7, 0xfc, 0x60, 0x4,
    0x0, 0xff, 0xe0, 0x50, 0x7, 0xff, 0x21, 0xc0,
    0x3f, 0xf8, 0xa, 0x0, 0x20, 0xf, 0xfe, 0x1,
    0xa0, 0x7, 0xff, 0x1e, 0x0, 0x3f, 0xf8, 0x18,
    0x1, 0x20, 0x7, 0xff, 0x2, 0x40, 0x3f, 0xf8,
    0xd0, 0x20, 0x1f, 0xfc, 0x4, 0x0, 0xb4, 0x3,
    0xff, 0x80, 0x56, 0x1, 0xff, 0xc4, 0x67, 0x0,
    0xff, 0xe0, 0x18, 0x80, 0x4e, 0x1, 0xff, 0xc1,
    0x4d, 0x40, 0xf, 0xfe, 0x0, 0xd4, 0x80, 0x7f,
    0xf0, 0x6c, 0x3, 0xa, 0x0, 0x7f, 0xf0, 0x4a,
    0xf6, 0x10, 0x40, 0x38, 0x9a, 0xf9, 0x40, 0x3f,
    0xf8, 0x4c, 0x1, 0xde, 0x1, 0xff, 0xc3, 0x27,
    0xbe, 0xff, 0x77, 0xfb, 0x65, 0x0, 0x3f, 0xf8,
    0x6a, 0x20, 0x1c, 0x88, 0x0, 0xff, 0xe4, 0x8,
    0x7, 0xff, 0x22, 0x0, 0x3e, 0x90, 0xf, 0xfe,
    0xe3, 0x90, 0x7, 0xc5, 0x20, 0x1f, 0xfd, 0xa3,
    0x80, 0xf, 0xe6, 0x50, 0xf, 0xfe, 0xc0, 0xf0,
    0x7, 0xfd, 0x4a, 0x1, 0xff, 0xd6, 0x1c, 0x20,
    0xf, 0xfe, 0x5, 0x38, 0x7, 0xff, 0x50, 0xfc,
    0x80, 0x3f, 0xf8, 0x51, 0x64, 0x1, 0xff, 0xd1,
    0x7c, 0x10, 0xf, 0xfe, 0x22, 0x6c, 0x90, 0x7,
    0xff, 0x35, 0xba, 0x0, 0x3f, 0xf9, 0xd, 0xb6,
    0xc2, 0x1, 0xff, 0xc7, 0x49, 0xf9, 0x10, 0xf,
    0xfe, 0x5a, 0x4f, 0x6d, 0x3a, 0x99, 0x8, 0x6,
    0x11, 0x1a, 0x34, 0xe7, 0xdb, 0x0, 0x7f, 0xf0,
    0x40,

    /* U+00DF "ß" */
    0x0, 0xff, 0xe6, 0x89, 0x99, 0x10, 0x66, 0x10,
    0xf, 0xff, 0x9, 0x3d, 0x6f, 0xf6, 0x62, 0xed,
    0x98, 0xef, 0xda, 0x72, 0x0, 0xff, 0xec, 0x8c,
    0x76, 0xc2, 0x90, 0x7, 0xf8, 0x96, 0x37, 0xa0,
    0x40, 0x3f, 0xfa, 0x83, 0x3c, 0xe2, 0x1, 0xff,
    0xc6, 0x17, 0xe9, 0x10, 0xf, 0xfe, 0x8a, 0xfb,
    0x0, 0x7f, 0xf3, 0x1b, 0xd4, 0x3, 0xff, 0x9f,
    0x34, 0x20, 0x1f, 0xfc, 0xe1, 0xa9, 0x0, 0xff,
    0xe6, 0xd3, 0x0, 0x7f, 0xf4, 0x9a, 0x80, 0x3f,
    0xf9, 0x72, 0xa0, 0x1f, 0xfd, 0x45, 0x90, 0xf,
    0xfe, 0x4a, 0xb0, 0x7, 0xff, 0x59, 0x94, 0x3,
    0xff, 0x8e, 0x34, 0x1, 0xff, 0xd8, 0xa1, 0x0,
    0xff, 0xe3, 0x40, 0x7, 0xff, 0x8, 0xde, 0xf7,
    0xbf, 0xb6, 0xdc, 0x80, 0x3f, 0xf8, 0x30, 0x1,
    0xff, 0xc5, 0x16, 0x0, 0xff, 0xe0, 0x15, 0xe4,
    0x21, 0x8, 0x9, 0x24, 0x6c, 0x88, 0x7, 0xfc,
    0xc2, 0x1, 0xff, 0xc4, 0x60, 0xf, 0xfe, 0x1,
    0xe2, 0x0, 0x7f, 0xcd, 0x82, 0x1, 0xff, 0x30,
    0x7, 0xff, 0x12, 0x80, 0x3f, 0xe1, 0xd1, 0x0,
    0xff, 0xe0, 0x95, 0x0, 0x7f, 0xd4, 0x1, 0xff,
    0xc3, 0x22, 0x0, 0x7f, 0xd0, 0x20, 0x1f, 0xfc,
    0x34, 0x50, 0xf, 0xf1, 0x10, 0x3, 0xff, 0x84,
    0x80, 0x1f, 0xfc, 0x6, 0x0, 0xff, 0xe2, 0xf0,
    0x7, 0xfc, 0x80, 0x1f, 0xfc, 0x2f, 0x0, 0xff,
    0x94, 0x3, 0xff, 0x8c, 0x82, 0x1, 0xfe, 0xf0,
    0xf, 0xfe, 0x12, 0x80, 0x7f, 0xda, 0x1, 0xff,
    0xc7, 0x50, 0xf, 0xf2, 0x80, 0x7f, 0xf0, 0x88,
    0x3, 0xfe, 0x30, 0xf, 0xfe, 0x39, 0x80, 0x7f,
    0x88, 0x3, 0xff, 0x84, 0x20, 0x1f, 0xf3, 0x0,
    0x7f, 0xf1, 0xf4, 0x3, 0xfc, 0x20, 0x1f, 0xfc,
    0xe3, 0x0, 0xff, 0xe3, 0x88, 0x7, 0xff, 0x30,
    0x40, 0x3f, 0xf8, 0x2, 0x1, 0xff, 0xd3, 0x10,
    0xf, 0xff, 0xb, 0x80, 0x7f, 0xff, 0xc3, 0xff,
    0xdc, 0x1, 0xff, 0xd0, 0x16, 0x9c, 0xc0, 0x7,
    0xff, 0x9d, 0x2f, 0xa5, 0x8c, 0x3, 0xff, 0xcc,
    0x37, 0x64, 0x0, 0xff, 0xf4, 0x97, 0xa0, 0x7,
    0xff, 0xa8, 0xf0, 0x40, 0x3f, 0xfd, 0x7c, 0x20,
    0x1f, 0xfe, 0xb9, 0x20, 0xf, 0xff, 0x58, 0xb0,
    0x7, 0xff, 0xc, 0x47, 0xe0, 0xf, 0xfe, 0xb3,
    0x0, 0x7f, 0xf0, 0x1b, 0x3f, 0xdd, 0xdf, 0x8,
    0x7, 0x8c, 0xfc, 0x40, 0x1f, 0xfc, 0x8a, 0x0,
    0xff, 0xe, 0xc9, 0x80, 0x7f, 0xf1, 0x33, 0x3e,
    0x0, 0xff, 0xe3, 0x89, 0x0, 0x7f, 0xa8, 0x80,
    0x3f, 0xfc, 0xa, 0x1, 0xfe, 0x24, 0x0, 0xff,
    0xf0, 0x90, 0x7, 0xf9, 0x0, 0x3f, 0xfc, 0x5c,
    0x1, 0xfe, 0x10, 0xf, 0xff, 0x10, 0x80, 0x7f,
    0xfb, 0x44, 0x3, 0xfc, 0x40, 0x1f, 0xfe, 0xd4,
    0x0, 0xff, 0xf1, 0x70, 0x7, 0xf8, 0x5c, 0x3,
    0xff, 0xc2, 0x40, 0x1f, 0xf4, 0x38, 0x7, 0xff,
    0x81, 0x40, 0x3f, 0xf8, 0x11, 0x88, 0x1, 0xff,
    0xde, 0x13, 0x0, 0xff, 0xe0, 0x1d, 0xe2, 0x80,
    0x7f, 0xf7, 0x6c, 0x3, 0xff, 0x84, 0x75, 0xd0,
    0x40, 0x1f, 0xfd, 0xa6, 0x10, 0xf, 0xfe, 0x18,
    0xbe, 0xd1, 0x80, 0x7f, 0xf6, 0x6, 0x0, 0x3f,
    0xf8, 0xcb, 0x96, 0x40, 0x1f, 0xfd, 0x76, 0x50,
    0xf, 0xfe, 0x3a, 0x6c, 0x0, 0x7f, 0xf5, 0xe9,
    0x0, 0x3f, 0xf9, 0xf, 0x82, 0x1, 0xff, 0xd6,
    0xb6, 0x0, 0xff, 0xe4, 0x1e, 0x8, 0x7, 0xff,
    0x5a, 0x6c, 0x80, 0x3f, 0xf8, 0xe5, 0xa0, 0x1f,
    0xfd, 0x74, 0xd8, 0x10, 0xf, 0xfe, 0x31, 0xb8,
    0x7, 0xff, 0x61, 0xfa, 0x8c, 0x3, 0xff, 0x8b,
    0x2, 0x1, 0xff, 0xd9, 0x5c, 0xd7, 0x10, 0xf,
    0xfe, 0x1b, 0x0, 0x7f, 0xf6, 0xca, 0x3a, 0x44,
    0x3, 0xff, 0x83, 0x60, 0x1f, 0xfd, 0xe6, 0xe6,
    0x0, 0xff, 0xe0, 0x18, 0x7, 0xff, 0x82, 0x64,
    0x1, 0xff, 0xc0, 0x30, 0xf, 0xff, 0x3, 0x28,
    0x7, 0xfc, 0xe0, 0x1f, 0xfe, 0x19, 0x0, 0xff,
    0x84, 0x3, 0xff, 0xc2, 0x62, 0x1, 0xfe, 0x30,
    0xf, 0xff, 0x11, 0x80, 0x7f, 0x8c, 0x3, 0xff,
    0xfe, 0x1, 0xff, 0xc0, 0x16, 0x0, 0xff, 0xe1,
    0x98, 0x7, 0xf9, 0x80, 0x3f, 0xfa, 0x3, 0x92,
    0xa0, 0x1f, 0xfc, 0x11, 0x10, 0x7, 0xf8, 0x80,
    0x3f, 0xf9, 0xe3, 0x84, 0x14, 0xa0, 0x1f, 0xfc,
    0x7, 0x0, 0xff, 0x8, 0x80, 0x3f, 0xf9, 0xc3,
    0x84, 0x1, 0x54, 0x0, 0x7f, 0x86, 0x0, 0x3f,
    0xc8, 0x1, 0xff, 0xce, 0x1c, 0x20, 0xe, 0x7d,
    0x50, 0xf, 0x8b, 0x44, 0x3, 0xfd, 0xe0, 0x1f,
    0xfc, 0xd1, 0xc2, 0x0, 0xf8, 0xab, 0xa9, 0xd5,
    0x4d, 0x5a, 0x60, 0x1f, 0xf2, 0x80, 0x7f, 0xf3,
    0x7, 0x8, 0x3, 0xfc, 0x2b, 0x15, 0x49, 0x50,
    0xf, 0xfe, 0x3, 0x0, 0x7f, 0xf3, 0x48, 0x80,
    0x1f, 0xfd, 0x28, 0x0, 0xff, 0xe6, 0x9c, 0x80,
    0x7f, 0xf4, 0x64, 0x40, 0x3f, 0xf9, 0xcc, 0xe0,
    0x1f, 0xfc, 0xf5, 0x60, 0xf, 0xfe, 0x84, 0x40,
    0x3, 0xff, 0x9a, 0x94, 0x1, 0xff, 0xd2, 0x7b,
    0x10, 0xf, 0xfe, 0x53, 0x58, 0x7, 0xff, 0x51,
    0x3d, 0xc0, 0x3f, 0xf8, 0xe5, 0x72, 0x1, 0xff,
    0xc1, 0x33, 0xff, 0xe0, 0x0, 0x7f, 0xc, 0x74,
    0x10, 0x7, 0xff, 0x8, 0xe7, 0x50, 0x3, 0xff,
    0x82, 0x39, 0x9f, 0xfc, 0x0, 0xf, 0xf8, 0x5f,
    0x75, 0x2c, 0x62, 0x20, 0x8, 0x4d, 0xa7, 0xb1,
    0x80, 0x3f, 0x80,

    /* U+00E4 "ä" */
    0x0, 0xf8, 0xe7, 0x7f, 0xee, 0xb6, 0x0, 0xff,
    0x35, 0xf7, 0xfd, 0xb2, 0x60, 0x1f, 0xfc, 0x48,
    0xc6, 0x20, 0x8, 0x52, 0x74, 0x40, 0x3c, 0x3b,
    0x28, 0x20, 0x11, 0x36, 0x40, 0x7, 0xff, 0x9,
    0x1c, 0x3, 0xf8, 0xac, 0x3, 0xd6, 0x40, 0x1f,
    0xce, 0x80, 0x1f, 0xfc, 0x1e, 0x0, 0xff, 0x94,
    0x3, 0xca, 0x1, 0xff, 0x70, 0x7, 0xff, 0x5,
    0xc0, 0x3f, 0xf8, 0x6, 0x1, 0x8c, 0x3, 0xff,
    0x80, 0xe0, 0x1f, 0xfc, 0x13, 0x0, 0xff, 0xe0,
    0x38, 0x6, 0x70, 0xf, 0xfe, 0x1, 0x80, 0x7f,
    0xff, 0xc0, 0x3f, 0xfa, 0x6, 0x1, 0xff, 0xc0,
    0x70, 0xf, 0xfe, 0x29, 0x80, 0x7f, 0xf0, 0x58,
    0x3, 0xff, 0x80, 0x40, 0x19, 0x40, 0x3f, 0xf8,
    0xc, 0x1, 0xff, 0xc1, 0xd0, 0xf, 0xf8, 0xc4,
    0x3, 0x9, 0x80, 0x7f, 0xda, 0x1, 0xff, 0xc1,
    0x63, 0x0, 0xff, 0x78, 0x7, 0xbc, 0x3, 0xfc,
    0x6c, 0x1, 0xff, 0xc2, 0xc8, 0x20, 0xf, 0x2e,
    0x98, 0x7, 0x8f, 0x54, 0x3, 0xc5, 0x18, 0x1,
    0xff, 0xc4, 0x7d, 0xec, 0xcb, 0x7e, 0x88, 0x3,
    0xf1, 0x57, 0xee, 0x65, 0xda, 0xe0, 0x1f, 0xfc,
    0x71, 0x33, 0x88, 0x3, 0xff, 0x84, 0x46, 0x70,
    0x80, 0x7f, 0xff, 0xc0, 0x3f, 0xff, 0xe0, 0x1f,
    0xff, 0xf0, 0xf, 0xff, 0xda, 0x3d, 0x67, 0x73,
    0xfe, 0xec, 0xa8, 0x51, 0x0, 0xff, 0xe7, 0xa5,
    0x7d, 0xc2, 0x98, 0x88, 0x2, 0x13, 0x57, 0xae,
    0xc6, 0x0, 0xff, 0xe5, 0x9e, 0x5a, 0x80, 0x7f,
    0xf1, 0xe, 0x79, 0xc0, 0x3f, 0xf9, 0x11, 0x86,
    0x1, 0xff, 0xc8, 0x18, 0xd2, 0x0, 0xff, 0xe2,
    0xe, 0x38, 0x7, 0xff, 0x30, 0xb5, 0x0, 0x3f,
    0xf8, 0x45, 0xe6, 0x1, 0xff, 0xcf, 0xb4, 0x0,
    0xff, 0xe0, 0x16, 0x8, 0x7, 0xff, 0x46, 0x84,
    0x3, 0xfc, 0x3e, 0x20, 0x1f, 0xfd, 0x21, 0xa0,
    0xf, 0xf5, 0x10, 0x7, 0xff, 0x51, 0xc, 0x3,
    0xf3, 0xa0, 0x7, 0xff, 0x8, 0x48, 0x82, 0x1,
    0xff, 0xc4, 0x80, 0xf, 0xfe, 0x4b, 0x67, 0xf6,
    0xeb, 0xb9, 0x48, 0x1, 0xff, 0xc1, 0x41, 0x0,
    0xf9, 0xe8, 0x3, 0xf9, 0xba, 0x4c, 0x3, 0x85,
    0x6e, 0x80, 0x3f, 0xf8, 0x2e, 0x1, 0xf9, 0x6c,
    0x40, 0x3d, 0x32, 0x10, 0xf, 0xf2, 0xc8, 0x7,
    0xff, 0x3, 0x0, 0x3f, 0x93, 0x4, 0x3, 0x53,
    0x0, 0x7f, 0xf0, 0x58, 0xc0, 0x3f, 0xe7, 0x0,
    0xff, 0x17, 0x98, 0x2, 0x14, 0x3, 0xff, 0x87,
    0x40, 0x1f, 0xf1, 0x0, 0x7f, 0xc3, 0x88, 0x6e,
    0x1, 0xff, 0xc4, 0x40, 0xf, 0xfe, 0x1, 0x0,
    0x7f, 0xf0, 0x2f, 0x40, 0x3f, 0xf8, 0xa4, 0x1,
    0xff, 0xc0, 0x10, 0xf, 0xfe, 0x8, 0x80, 0x7f,
    0xf1, 0x88, 0x3, 0xfe, 0x70, 0xf, 0xfe, 0xa0,
    0x80, 0x7f, 0xff, 0xc0, 0x3f, 0xff, 0xe0, 0x1f,
    0xfe, 0xe2, 0x69, 0xbd, 0xef, 0xff, 0xf1, 0x80,
    0x7f, 0xf3, 0x4e, 0x7b, 0x65, 0x90, 0x84, 0x3,
    0xff, 0xac, 0x9b, 0x8c, 0x20, 0x1f, 0xfd, 0xa1,
    0xbb, 0x10, 0x7, 0xff, 0x70, 0xbd, 0x0, 0x3f,
    0xfb, 0xa5, 0x82, 0x1, 0xff, 0xde, 0xf1, 0x0,
    0xff, 0xef, 0x41, 0x0, 0x7f, 0xf0, 0x8d, 0x59,
    0xbf, 0x8, 0x7, 0xff, 0x14, 0x5c, 0x3, 0xff,
    0x80, 0x97, 0xf9, 0x53, 0x3f, 0x88, 0x3, 0xff,
    0x8b, 0x20, 0x1f, 0xfc, 0x9, 0xb4, 0x0, 0xff,
    0xe8, 0xa8, 0x7, 0xfc, 0xec, 0x1, 0xff, 0xd2,
    0x22, 0x0, 0x7f, 0xd0, 0x1, 0xff, 0xd3, 0x70,
    0xf, 0xf9, 0x0, 0x3f, 0xfa, 0x9a, 0x1, 0xff,
    0x18, 0x7, 0xff, 0x50, 0x40, 0x3f, 0xfc, 0x6,
    0x1, 0xff, 0xcf, 0x10, 0xf, 0xfe, 0x20, 0x80,
    0x7f, 0xf3, 0xc8, 0x3, 0xff, 0x88, 0x20, 0x1f,
    0xf0, 0x80, 0x7f, 0xf0, 0x90, 0x3, 0xff, 0x8a,
    0x60, 0x1f, 0xf1, 0x0, 0x7f, 0xf0, 0xb8, 0x3,
    0xff, 0x8a, 0x20, 0x1f, 0xf2, 0x0, 0x7f, 0xf0,
    0x51, 0x40, 0x3f, 0xf8, 0xba, 0x1, 0xff, 0xc0,
    0x80, 0xf, 0xf8, 0xec, 0x3, 0xff, 0x8c, 0xe0,
    0x1f, 0xfc, 0x7, 0x60, 0xf, 0xe7, 0xc0, 0x1,
    0x80, 0x7f, 0xd7, 0xff, 0x71, 0x8, 0x7, 0xff,
    0x2, 0x71, 0x88, 0x0, 0x27, 0x1d, 0x0, 0x4,
    0xc2, 0x0, 0xff, 0xe2, 0x38, 0x7, 0xff, 0x4,
    0xe7, 0x7f, 0xdd, 0x8e, 0x20, 0x16, 0x83, 0x0,
    0x7f, 0xf1, 0x2c, 0x3, 0xff, 0x9a, 0xe0, 0x60,
    0x1f, 0xfc, 0x42, 0x40, 0xf, 0xfe, 0x5b, 0x8,
    0x60, 0x7, 0xff, 0x16, 0x40, 0x3f, 0xf9, 0x43,
    0x0, 0x4, 0x20, 0xf, 0xfe, 0x21, 0x48, 0x7,
    0xff, 0x26, 0x84, 0x2, 0x80, 0xf, 0xfe, 0x2b,
    0x38, 0x7, 0xff, 0x1e, 0x90, 0x3, 0x2b, 0x0,
    0x7f, 0xf1, 0x62, 0x40, 0x3f, 0xf8, 0x85, 0x8a,
    0x1, 0xe9, 0x90, 0x80, 0x7f, 0xf1, 0x1b, 0x98,
    0x3, 0xff, 0x80, 0x31, 0xa6, 0x1, 0xf9, 0xba,
    0x99, 0xc, 0x8b, 0xca, 0x1, 0xe1, 0x9f, 0xa6,
    0x31, 0x0, 0x84, 0xde, 0xf9, 0xc0, 0x3f, 0xf8,
    0xb, 0x37, 0x9b, 0xbe, 0xb0,

    /* U+00F6 "ö" */
    0x0, 0xfc, 0x2f, 0x9d, 0xfe, 0xec, 0x82, 0x0,
    0xfe, 0x39, 0xdf, 0xfb, 0xad, 0x80, 0x3f, 0xf8,
    0x87, 0xf0, 0x62, 0x0, 0x13, 0x7d, 0x50, 0xf,
    0xa3, 0x18, 0x80, 0x21, 0x49, 0xd1, 0x0, 0xff,
    0xe1, 0x70, 0x80, 0x7f, 0x50, 0x80, 0x72, 0x38,
    0x7, 0xf1, 0x58, 0x7, 0xff, 0x5, 0x8, 0x3,
    0xfe, 0x60, 0xe, 0xe0, 0xf, 0xf9, 0x40, 0x3f,
    0xf8, 0x24, 0x1, 0xff, 0xc0, 0xd0, 0xe, 0x70,
    0xf, 0xfe, 0x1, 0x80, 0x7f, 0xf0, 0x4, 0x3,
    0xff, 0x80, 0x20, 0x1c, 0x60, 0x1f, 0xfc, 0x7,
    0x0, 0xff, 0xe0, 0x78, 0x7, 0xff, 0x83, 0xc0,
    0x3f, 0xfd, 0xa2, 0x1, 0xc6, 0x1, 0xff, 0xc0,
    0x70, 0xf, 0xfe, 0x1, 0x0, 0x7f, 0xf0, 0x8,
    0x3, 0x98, 0x3, 0xff, 0x80, 0x40, 0x1f, 0xfc,
    0x5, 0x10, 0xf, 0xfa, 0xc0, 0x3b, 0x40, 0x3f,
    0xe3, 0x10, 0xf, 0xfe, 0xd, 0x80, 0x7f, 0x98,
    0xc0, 0x39, 0x8c, 0x3, 0xfd, 0xe0, 0x1f, 0xfc,
    0x25, 0xb4, 0x0, 0xf1, 0xcc, 0x80, 0x3e, 0xc8,
    0x20, 0xf, 0x2e, 0x98, 0x7, 0xff, 0xd, 0x2f,
    0xf7, 0x31, 0xbf, 0x8c, 0x1, 0xfc, 0xfb, 0xd9,
    0x96, 0xfd, 0x10, 0x7, 0xff, 0x1c, 0x8c, 0xc4,
    0x1, 0xff, 0xc2, 0x13, 0x38, 0x80, 0x3f, 0xff,
    0xe0, 0x1f, 0xff, 0xf0, 0xf, 0xff, 0xf8, 0x7,
    0xff, 0xec, 0x96, 0x6f, 0x7b, 0xfe, 0xec, 0xa8,
    0x40, 0xf, 0xfe, 0x80, 0xbe, 0xea, 0x99, 0x8,
    0x40, 0x21, 0x35, 0x7b, 0xfb, 0x50, 0xf, 0xfe,
    0x58, 0xcf, 0x41, 0x0, 0x7f, 0xf0, 0xd2, 0xb5,
    0x40, 0x3f, 0xf9, 0xb, 0xec, 0x1, 0xff, 0xc8,
    0x2a, 0xc2, 0x0, 0xff, 0xe2, 0xcd, 0x8, 0x7,
    0xff, 0x2c, 0xf1, 0x0, 0x3f, 0xf8, 0x76, 0xc0,
    0x1f, 0xfc, 0xe1, 0xb5, 0x0, 0xff, 0xe0, 0xd2,
    0x0, 0x7f, 0xf4, 0x69, 0x40, 0x3f, 0xe7, 0x50,
    0xf, 0xfe, 0x9d, 0x10, 0x7, 0xf1, 0xc0, 0x7,
    0xff, 0x57, 0xc0, 0x3f, 0xbc, 0x3, 0xff, 0xac,
    0x4c, 0x1, 0xf3, 0x18, 0x7, 0xff, 0x5, 0xef,
    0xbf, 0xed, 0x94, 0x0, 0xff, 0xe0, 0xc0, 0x7,
    0xd6, 0x1, 0xff, 0xc0, 0x5e, 0x84, 0x10, 0x8,
    0x9a, 0xf0, 0x40, 0x3f, 0xe1, 0x60, 0xe, 0x42,
    0x0, 0xff, 0x9e, 0x84, 0x3, 0xf8, 0xfc, 0x80,
    0x3f, 0xeb, 0x0, 0xed, 0x0, 0xff, 0x8e, 0x0,
    0x3f, 0xf8, 0x3, 0xc0, 0x1f, 0xf1, 0x18, 0x6,
    0x70, 0xf, 0xfa, 0x0, 0x3f, 0xf8, 0x46, 0xa0,
    0x1f, 0xf5, 0x80, 0x46, 0x20, 0x1f, 0xe2, 0x40,
    0xf, 0xfe, 0x1f, 0x0, 0x7f, 0xca, 0x1, 0x20,
    0x7, 0xfc, 0x80, 0x1f, 0xfc, 0x44, 0x0, 0xff,
    0x88, 0x40, 0x18, 0x1, 0xff, 0x60, 0x7, 0xff,
    0x14, 0xc0, 0x3f, 0xe5, 0x0, 0x28, 0x7, 0xfc,
    0xc0, 0x1f, 0xfc, 0x56, 0x0, 0xff, 0x8c, 0x0,
    0x20, 0x1f, 0xf0, 0x80, 0x7f, 0xf1, 0x4c, 0x3,
    0xfe, 0xd0, 0x20, 0xf, 0xfe, 0x1, 0x80, 0x7f,
    0xf1, 0x44, 0x3, 0xfe, 0x60, 0x60, 0xf, 0xfe,
    0xf1, 0x1, 0x0, 0x7f, 0xf7, 0x84, 0x4, 0x3,
    0xff, 0xbe, 0x3e, 0x1, 0xff, 0xff, 0x0, 0xff,
    0xe0, 0x98, 0x80, 0x7f, 0xff, 0xc0, 0x3f, 0xf8,
    0x22, 0x1, 0xff, 0xe0, 0x11, 0x0, 0x7f, 0xff,
    0xc0, 0x3f, 0xf8, 0x27, 0xe0, 0x1f, 0xfd, 0xf1,
    0x20, 0xf, 0xff, 0x0, 0x80, 0x7f, 0xf7, 0x84,
    0x18, 0x3, 0xff, 0xbc, 0x40, 0x40, 0x1f, 0xfc,
    0x3, 0x0, 0xff, 0xe2, 0x88, 0x7, 0xfc, 0xc0,
    0x2, 0x0, 0xff, 0x84, 0x3, 0xff, 0x8a, 0x60,
    0x1f, 0xf6, 0x80, 0x1c, 0x3, 0xfe, 0x50, 0xf,
    0xfe, 0x2b, 0x0, 0x7f, 0xc6, 0x0, 0xd0, 0xf,
    0xfb, 0xc0, 0x3f, 0xf8, 0xa6, 0x1, 0xff, 0x20,
    0x1, 0x0, 0x3f, 0xe7, 0x0, 0xff, 0xe2, 0x20,
    0x7, 0xfc, 0x40, 0x11, 0x88, 0x7, 0xf8, 0x50,
    0x3, 0xff, 0x87, 0xe0, 0x1f, 0xf2, 0x80, 0x67,
    0x0, 0xff, 0xa4, 0x3, 0xff, 0x84, 0x88, 0x0,
    0xff, 0xac, 0x3, 0x50, 0x7, 0xfc, 0x52, 0x1,
    0xff, 0xc0, 0x2a, 0x0, 0xff, 0x88, 0xc0, 0x31,
    0x98, 0x3, 0xfe, 0x6b, 0x10, 0xf, 0xe4, 0xc1,
    0x0, 0xff, 0xac, 0x3, 0xd2, 0x1, 0xff, 0xc0,
    0x4e, 0x95, 0x20, 0x0, 0x9b, 0xe5, 0x88, 0x7,
    0xfc, 0x2c, 0x1, 0xe5, 0x30, 0xf, 0xfe, 0xb,
    0x56, 0xff, 0xbb, 0x20, 0xc0, 0x3f, 0xf8, 0x30,
    0x1, 0xfb, 0xc0, 0x3f, 0xfa, 0xc6, 0xc0, 0x1f,
    0x8e, 0x0, 0x3f, 0xfa, 0x83, 0xa0, 0x1f, 0xe7,
    0x60, 0xf, 0xfe, 0x9d, 0x8, 0x7, 0xfd, 0x2a,
    0x1, 0xff, 0xd1, 0xb4, 0x0, 0xff, 0xe0, 0xd3,
    0x80, 0x7f, 0xf3, 0x87, 0x10, 0x3, 0xff, 0x87,
    0x16, 0x20, 0x1f, 0xfc, 0xb5, 0xf3, 0x0, 0xff,
    0xe2, 0xa7, 0x38, 0x80, 0x7f, 0xf1, 0xce, 0xe8,
    0x40, 0x3f, 0xf9, 0x11, 0xd2, 0x60, 0x1f, 0xfc,
    0x35, 0xbc, 0x40, 0xf, 0xfe, 0x63, 0x67, 0x5b,
    0xa9, 0x90, 0x8c, 0x48, 0xd1, 0x9f, 0x48, 0x1,
    0xff, 0xc1,

    /* U+00FC "ü" */
    0x0, 0xf0, 0xbe, 0x77, 0xfb, 0xb2, 0x8, 0x3,
    0xf8, 0xe7, 0x7f, 0xee, 0xb6, 0x0, 0xff, 0xe0,
    0x1f, 0xc1, 0x88, 0x0, 0x4d, 0xf5, 0x40, 0x3e,
    0x8c, 0x62, 0x0, 0x85, 0x27, 0x44, 0x3, 0xfd,
    0xc2, 0x1, 0xfd, 0x42, 0x1, 0xc8, 0xe0, 0x1f,
    0xc5, 0x60, 0x1f, 0xc8, 0x40, 0x1f, 0xf3, 0x0,
    0x77, 0x0, 0x7f, 0xca, 0x1, 0xfc, 0x40, 0x1f,
    0xfc, 0xd, 0x0, 0xe7, 0x0, 0xff, 0xe0, 0x18,
    0x7, 0xe1, 0x0, 0xff, 0xe0, 0x8, 0x7, 0x18,
    0x7, 0xff, 0x1, 0xc0, 0x3f, 0x78, 0x7, 0xff,
    0x73, 0xc0, 0x3f, 0xfd, 0x22, 0x1, 0xc6, 0x1,
    0xff, 0xc0, 0x70, 0xf, 0xc4, 0x1, 0xff, 0xc0,
    0x20, 0xe, 0x60, 0xf, 0xfe, 0x1, 0x0, 0x7e,
    0x51, 0x0, 0xff, 0xac, 0x3, 0xb4, 0x3, 0xfe,
    0x31, 0x0, 0xfe, 0xb0, 0xf, 0xf3, 0x18, 0x7,
    0x31, 0x80, 0x7f, 0xbc, 0x3, 0xfc, 0xb6, 0x80,
    0x1e, 0x39, 0x90, 0x7, 0xd9, 0x4, 0x1, 0xe5,
    0xd3, 0x0, 0xff, 0x92, 0xff, 0x73, 0x1b, 0xf8,
    0xc0, 0x1f, 0xcf, 0xbd, 0x99, 0x6f, 0xd1, 0x0,
    0x7f, 0xf0, 0xc8, 0xcc, 0x40, 0x1f, 0xfc, 0x21,
    0x33, 0x88, 0x3, 0xff, 0xfe, 0x1, 0xff, 0xff,
    0x0, 0xff, 0xff, 0x80, 0x7f, 0xfe, 0xff, 0xff,
    0xf8, 0x2, 0x1, 0xff, 0xc3, 0x6f, 0xff, 0xfa,
    0xc0, 0x3f, 0xff, 0xe0, 0x1f, 0xff, 0xf0, 0xf,
    0xff, 0xf8, 0x7, 0xff, 0xfc, 0x3, 0xff, 0xfe,
    0x1, 0xff, 0xff, 0x0, 0xff, 0xff, 0x80, 0x7f,
    0xff, 0xc0, 0x3f, 0xff, 0xe0, 0x1f, 0xff, 0xf0,
    0xf, 0xff, 0xf8, 0x7, 0xff, 0xfc, 0x3, 0xff,
    0xfe, 0x1, 0xff, 0xff, 0x0, 0xff, 0xff, 0x80,
    0x7f, 0xff, 0xc0, 0x3f, 0xff, 0xe0, 0x1f, 0xff,
    0xf0, 0xf, 0xfe, 0x19, 0x80, 0x7f, 0xf7, 0x4,
    0x3, 0xff, 0xb8, 0xc0, 0x1f, 0xfc, 0x3e, 0x0,
    0xff, 0xe6, 0x10, 0x7, 0xff, 0xc, 0x80, 0x3f,
    0xf8, 0x4, 0x1, 0xff, 0x58, 0x7, 0xff, 0xd,
    0x0, 0x3f, 0xf8, 0x2, 0x1, 0xff, 0x18, 0x80,
    0x7f, 0xf0, 0x58, 0x40, 0x3f, 0xf8, 0xc, 0x1,
    0xff, 0xc0, 0x80, 0xf, 0xfe, 0x0, 0xc0, 0x7,
    0xff, 0x7, 0x40, 0x3f, 0xf8, 0xc, 0x80, 0x1f,
    0xe2, 0xc1, 0x0, 0xff, 0xe0, 0x98, 0x7, 0xff,
    0x6, 0xd8, 0x3, 0xf3, 0x69, 0x0, 0x7f, 0xf0,
    0x90, 0x3, 0xff, 0x85, 0x3b, 0xa, 0x68, 0xd3,
    0xd2, 0x0, 0x11, 0x0, 0x7f, 0xf0, 0x50, 0x3,
    0xff, 0x84, 0x4f, 0x59, 0x72, 0xc2, 0x1, 0x74,
    0x0, 0x7f, 0xf0, 0x78, 0x3, 0xff, 0x98, 0xc0,
    0x1f, 0xfc, 0x35, 0x10, 0xf, 0xfe, 0x5d, 0x0,
    0x7f, 0xf1, 0x2c, 0x3, 0xff, 0x94, 0x86, 0x1,
    0xff, 0xc4, 0x54, 0x0, 0xff, 0xe4, 0xc8, 0x7,
    0xff, 0x1a, 0x84, 0x3, 0xff, 0x8f, 0x24, 0x1,
    0xff, 0xc6, 0x1c, 0x10, 0xf, 0xfe, 0x2b, 0xb0,
    0x7, 0xff, 0x20, 0xbc, 0xc0, 0x3f, 0xf8, 0x71,
    0x0, 0xf, 0xfe, 0x50, 0xe4, 0x90, 0x7, 0xfc,
    0x9a, 0xe0, 0x1c, 0x67, 0xff, 0xc1, 0x0, 0xf9,
    0xb7, 0x1d, 0x4, 0x0, 0x24, 0x91, 0xb6, 0x40,
    0x1e, 0x5c, 0xcf, 0xfa, 0x0,

    /* U+2014 "—" */
    0x35, 0x5f, 0xff, 0x9f, 0xd5, 0x7f, 0xfc, 0xc0,
    0x3f, 0xff, 0xe0, 0x1f, 0xff, 0xf0, 0xf, 0xff,
    0xf8, 0x7, 0xff, 0xfc, 0x3, 0xff, 0xfe, 0x1,
    0xff, 0xff, 0x0, 0xff, 0xff, 0x80, 0x7f, 0xf9,
    0xc0,

    /* U+2192 "→" */
    0x0, 0xff, 0xff, 0x80, 0x7f, 0xf8, 0x67, 0x0,
    0x3f, 0xff, 0x32, 0xc7, 0x80, 0x1f, 0xff, 0x79,
    0x60, 0x1, 0xe0, 0x7, 0xff, 0xd6, 0x58, 0x3,
    0x1e, 0x0, 0x7f, 0xfc, 0xe5, 0x80, 0x3c, 0x78,
    0x1, 0xff, 0xf1, 0x96, 0x0, 0xfc, 0x78, 0x1,
    0xff, 0xef, 0x36, 0x0, 0xff, 0x1e, 0x0, 0x7f,
    0xfb, 0x8e, 0x40, 0x3f, 0xe3, 0xc0, 0xf, 0xff,
    0x73, 0x48, 0x7, 0xfc, 0x78, 0x1, 0xff, 0xee,
    0x69, 0x0, 0xff, 0x8f, 0x0, 0x3f, 0xfd, 0xcd,
    0x20, 0x1f, 0xf1, 0xe0, 0x7, 0xff, 0xb9, 0xa4,
    0x3, 0xfe, 0x3c, 0x0, 0xff, 0xf7, 0x35, 0x88,
    0x7, 0xf8, 0xf0, 0x3, 0xff, 0xdc, 0x9e, 0xa0,
    0x1f, 0xe3, 0xc0, 0xf, 0xff, 0x70, 0xd5, 0x4,
    0x3, 0xf8, 0xf0, 0x3, 0xff, 0xde, 0xbe, 0x80,
    0x1f, 0xc7, 0x80, 0x1f, 0xfe, 0xf1, 0xb9, 0x0,
    0xfe, 0x3c, 0x0, 0xf4, 0xff, 0xff, 0xf8, 0x3a,
    0xe5, 0xd4, 0xc4, 0x0, 0xca, 0x1, 0xfc, 0x78,
    0x1, 0xff, 0xe6, 0x14, 0x68, 0xac, 0xee, 0x65,
    0x28, 0x7, 0xf8, 0xf0, 0x3, 0xff, 0xd8, 0x26,
    0xa0, 0x1f, 0xfc, 0x3, 0xc0, 0xf, 0xff, 0xd9,
    0xe0, 0x7, 0xff, 0xec, 0xf0, 0x3, 0xff, 0xf6,
    0x42, 0x1, 0xff, 0xf9, 0x1f, 0x10, 0xf, 0xff,
    0xc0, 0xf8, 0x80, 0x7f, 0xfa, 0xc8, 0x3, 0xff,
    0x80, 0x3e, 0x20, 0x1f, 0xfe, 0x52, 0x57, 0x9b,
    0xdf, 0xd4, 0x0, 0xff, 0xf, 0x88, 0x5, 0x19,
    0x9f, 0xfe, 0xe, 0xfd, 0xa8, 0x64, 0x20, 0x36,
    0x0, 0xfe, 0x1f, 0x10, 0xc, 0x26, 0x7f, 0xfe,
    0x1, 0x0, 0xfa, 0x30, 0x80, 0x3f, 0xf, 0x88,
    0x7, 0xff, 0xb0, 0xb5, 0xc0, 0x3f, 0x87, 0xc4,
    0x3, 0xff, 0xd8, 0xfa, 0x40, 0x1f, 0xc3, 0xe2,
    0x1, 0xff, 0xeb, 0x2c, 0x80, 0xf, 0xf0, 0xf8,
    0x80, 0x7f, 0xfa, 0xcf, 0x4c, 0x3, 0xfc, 0x3e,
    0x20, 0x1f, 0xfe, 0xb3, 0xc0, 0xf, 0xf8, 0x7c,
    0x40, 0x3f, 0xfd, 0x67, 0x80, 0x1f, 0xf0, 0xf8,
    0x80, 0x7f, 0xfa, 0xcf, 0x0, 0x3f, 0xe1, 0xf1,
    0x0, 0xff, 0xf5, 0x9e, 0x0, 0x7f, 0xc3, 0xe2,
    0x1, 0xff, 0xeb, 0x3c, 0x0, 0xff, 0x87, 0xc4,
    0x3, 0xff, 0xd8, 0x66, 0x0, 0xff, 0xf, 0x88,
    0x7, 0xff, 0xbb, 0xc, 0x3, 0xf0, 0xf8, 0x80,
    0x7f, 0xfc, 0x30, 0xc0, 0x3c, 0x3e, 0x20, 0x1f,
    0xff, 0x2c, 0x30, 0xc, 0x3e, 0x20, 0x1f, 0xff,
    0x4c, 0x30, 0x0, 0xf8, 0x80, 0x7f, 0xfd, 0xb0,
    0xc7, 0xc4, 0x3, 0xff, 0xf1, 0x9e, 0x20, 0x1f,
    0xfc, 0x90
};


/*---------------------
 *  GLYPH DESCRIPTION
 *--------------------*/

static const lv_font_fmt_txt_glyph_dsc_t glyph_dsc[] = {
    {.bitmap_index = 0, .adv_w = 0, .box_w = 0, .box_h = 0, .ofs_x = 0, .ofs_y = 0} /* id = 0 reserved */,
    {.bitmap_index = 0, .adv_w = 339, .box_w = 0, .box_h = 0, .ofs_x = 0, .ofs_y = 0},
    {.bitmap_index = 0, .adv_w = 454, .box_w = 16, .box_h = 72, .ofs_x = 6, .ofs_y = -1},
    {.bitmap_index = 238, .adv_w = 686, .box_w = 31, .box_h = 32, .ofs_x = 6, .ofs_y = 43},
    {.bitmap_index = 295, .adv_w = 931, .box_w = 56, .box_h = 71, .ofs_x = 1, .ofs_y = 0},
    {.bitmap_index = 1035, .adv_w = 853, .box_w = 48, .box_h = 88, .ofs_x = 3, .ofs_y = -8},
    {.bitmap_index = 1711, .adv_w = 1392, .box_w = 79, .box_h = 73, .ofs_x = 4, .ofs_y = -1},
    {.bitmap_index = 2861, .adv_w = 1030, .box_w = 60, .box_h = 73, .ofs_x = 4, .ofs_y = -1},
    {.bitmap_index = 3790, .adv_w = 376, .box_w = 12, .box_h = 32, .ofs_x = 6, .ofs_y = 43},
    {.bitmap_index = 3812, .adv_w = 485, .box_w = 28, .box_h = 91, .ofs_x = 4, .ofs_y = -14},
    {.bitmap_index = 4350, .adv_w = 485, .box_w = 28, .box_h = 91, .ofs_x = -1, .ofs_y = -14},
    {.bitmap_index = 4884, .adv_w = 822, .box_w = 47, .box_h = 46, .ofs_x = 2, .ofs_y = 30},
    {.bitmap_index = 5375, .adv_w = 864, .box_w = 44, .box_h = 44, .ofs_x = 5, .ofs_y = 9},
    {.bitmap_index = 5495, .adv_w = 438, .box_w = 19, .box_h = 29, .ofs_x = 3, .ofs_y = -14},
    {.bitmap_index = 5650, .adv_w = 579, .box_w = 27, .box_h = 13, .ofs_x = 5, .ofs_y = 25},
    {.bitmap_index = 5670, .adv_w = 438, .box_w = 16, .box_h = 16, .ofs_x = 6, .ofs_y = -1},
    {.bitmap_index = 5747, .adv_w = 642, .box_w = 37, .box_h = 90, .ofs_x = 0, .ofs_y = -15},
    {.bitmap_index = 6319, .adv_w = 864, .box_w = 48, .box_h = 73, .ofs_x = 3, .ofs_y = -1},
    {.bitmap_index = 6965, .adv_w = 864, .box_w = 47, .box_h = 71, .ofs_x = 3, .ofs_y = 0},
    {.bitmap_index = 7229, .adv_w = 864, .box_w = 46, .box_h = 72, .ofs_x = 4, .ofs_y = 0},
    {.bitmap_index = 7809, .adv_w = 864, .box_w = 47, .box_h = 73, .ofs_x = 1, .ofs_y = -1},
    {.bitmap_index = 8463, .adv_w = 864, .box_w = 50, .box_h = 71, .ofs_x = 2, .ofs_y = 0},
    {.bitmap_index = 8817, .adv_w = 864, .box_w = 47, .box_h = 72, .ofs_x = 4, .ofs_y = -1},
    {.bitmap_index = 9442, .adv_w = 864, .box_w = 47, .box_h = 72, .ofs_x = 4, .ofs_y = -1},
    {.bitmap_index = 10172, .adv_w = 864, .box_w = 44, .box_h = 71, .ofs_x = 5, .ofs_y = 0},
    {.bitmap_index = 10631, .adv_w = 864, .box_w = 48, .box_h = 73, .ofs_x = 3, .ofs_y = -1},
    {.bitmap_index = 11413, .adv_w = 864, .box_w = 47, .box_h = 72, .ofs_x = 3, .ofs_y = 0},
    {.bitmap_index = 12142, .adv_w = 451, .box_w = 16, .box_h = 55, .ofs_x = 6, .ofs_y = -1},
    {.bitmap_index = 12316, .adv_w = 451, .box_w = 19, .box_h = 68, .ofs_x = 3, .ofs_y = -14},
    {.bitmap_index = 12575, .adv_w = 864, .box_w = 38, .box_h = 61, .ofs_x = 8, .ofs_y = -1},
    {.bitmap_index = 12987, .adv_w = 864, .box_w = 44, .box_h = 31, .ofs_x = 5, .ofs_y = 15},
    {.bitmap_index = 13058, .adv_w = 864, .box_w = 38, .box_h = 61, .ofs_x = 8, .ofs_y = -1},
    {.bitmap_index = 13469, .adv_w = 715, .box_w = 42, .box_h = 73, .ofs_x = 1, .ofs_y = -1},
    {.bitmap_index = 13955, .adv_w = 1298, .box_w = 73, .box_h = 84, .ofs_x = 4, .ofs_y = -12},
    {.bitmap_index = 15101, .adv_w = 970, .box_w = 57, .box_h = 71, .ofs_x = 2, .ofs_y = -1},
    {.bitmap_index = 15836, .adv_w = 960, .box_w = 49, .box_h = 71, .ofs_x = 7, .ofs_y = 0},
    {.bitmap_index = 16262, .adv_w = 930, .box_w = 52, .box_h = 73, .ofs_x = 4, .ofs_y = -1},
    {.bitmap_index = 16914, .adv_w = 1000, .box_w = 51, .box_h = 71, .ofs_x = 7, .ofs_y = 0},
    {.bitmap_index = 17330, .adv_w = 870, .box_w = 43, .box_h = 71, .ofs_x = 7, .ofs_y = 0},
    {.bitmap_index = 17483, .adv_w = 837, .box_w = 42, .box_h = 72, .ofs_x = 7, .ofs_y = -1},
    {.bitmap_index = 17638, .adv_w = 1026, .box_w = 54, .box_h = 73, .ofs_x = 4, .ofs_y = -1},
    {.bitmap_index = 18293, .adv_w = 1042, .box_w = 51, .box_h = 71, .ofs_x = 7, .ofs_y = 0},
    {.bitmap_index = 18475, .adv_w = 619, .box_w = 30, .box_h = 71, .ofs_x = 4, .ofs_y = 0},
    {.bitmap_index = 18583, .adv_w = 790, .box_w = 41, .box_h = 72, .ofs_x = 2, .ofs_y = -1},
    {.bitmap_index = 18888, .adv_w = 982, .box_w = 54, .box_h = 71, .ofs_x = 7, .ofs_y = 0},
    {.bitmap_index = 19491, .adv_w = 757, .box_w = 38, .box_h = 71, .ofs_x = 7, .ofs_y = 0},
    {.bitmap_index = 19616, .adv_w = 1179, .box_w = 60, .box_h = 71, .ofs_x = 7, .ofs_y = 0},
    {.bitmap_index = 20184, .adv_w = 1042, .box_w = 51, .box_h = 71, .ofs_x = 7, .ofs_y = 0},
    {.bitmap_index = 20606, .adv_w = 1027, .box_w = 56, .box_h = 73, .ofs_x = 4, .ofs_y = -1},
    {.bitmap_index = 21325, .adv_w = 933, .box_w = 48, .box_h = 72, .ofs_x = 7, .ofs_y = -1},
    {.bitmap_index = 21647, .adv_w = 1027, .box_w = 56, .box_h = 90, .ofs_x = 4, .ofs_y = -18},
    {.bitmap_index = 22434, .adv_w = 962, .box_w = 49, .box_h = 71, .ofs_x = 7, .ofs_y = 0},
    {.bitmap_index = 22893, .adv_w = 874, .box_w = 49, .box_h = 73, .ofs_x = 2, .ofs_y = -1},
    {.bitmap_index = 23589, .adv_w = 838, .box_w = 48, .box_h = 72, .ofs_x = 2, .ofs_y = 0},
    {.bitmap_index = 23755, .adv_w = 998, .box_w = 50, .box_h = 72, .ofs_x = 6, .ofs_y = -1},
    {.bitmap_index = 24143, .adv_w = 933, .box_w = 56, .box_h = 71, .ofs_x = 1, .ofs_y = 0},
    {.bitmap_index = 24938, .adv_w = 1378, .box_w = 82, .box_h = 71, .ofs_x = 2, .ofs_y = 0},
    {.bitmap_index = 26301, .adv_w = 952, .box_w = 57, .box_h = 71, .ofs_x = 1, .ofs_y = 0},
    {.bitmap_index = 27158, .adv_w = 906, .box_w = 56, .box_h = 71, .ofs_x = 0, .ofs_y = 0},
    {.bitmap_index = 27730, .adv_w = 864, .box_w = 48, .box_h = 71, .ofs_x = 3, .ofs_y = 0},
    {.bitmap_index = 28183, .adv_w = 478, .box_w = 19, .box_h = 91, .ofs_x = 7, .ofs_y = -14},
    {.bitmap_index = 28274, .adv_w = 642, .box_w = 37, .box_h = 90, .ofs_x = 3, .ofs_y = -15},
    {.bitmap_index = 28840, .adv_w = 478, .box_w = 19, .box_h = 91, .ofs_x = 4, .ofs_y = -14},
    {.bitmap_index = 28930, .adv_w = 864, .box_w = 48, .box_h = 42, .ofs_x = 3, .ofs_y = 29},
    {.bitmap_index = 29372, .adv_w = 803, .box_w = 46, .box_h = 11, .ofs_x = 2, .ofs_y = -18},
    {.bitmap_index = 29399, .adv_w = 864, .box_w = 20, .box_h = 24, .ofs_x = 13, .ofs_y = 58},
    {.bitmap_index = 29534, .adv_w = 811, .box_w = 45, .box_h = 55, .ofs_x = 3, .ofs_y = -1},
    {.bitmap_index = 30033, .adv_w = 870, .box_w = 45, .box_h = 76, .ofs_x = 6, .ofs_y = -1},
    {.bitmap_index = 30530, .adv_w = 742, .box_w = 42, .box_h = 55, .ofs_x = 3, .ofs_y = -1},
    {.bitmap_index = 30984, .adv_w = 870, .box_w = 44, .box_h = 76, .ofs_x = 4, .ofs_y = -1},
    {.bitmap_index = 31480, .adv_w = 808, .box_w = 44, .box_h = 56, .ofs_x = 3, .ofs_y = -1},
    {.bitmap_index = 31973, .adv_w = 525, .box_w = 29, .box_h = 75, .ofs_x = 2, .ofs_y = 0},
    {.bitmap_index = 32144, .adv_w = 787, .box_w = 48, .box_h = 83, .ofs_x = 2, .ofs_y = -21},
    {.bitmap_index = 32950, .adv_w = 851, .box_w = 42, .box_h = 75, .ofs_x = 6, .ofs_y = 0},
    {.bitmap_index = 33250, .adv_w = 403, .box_w = 15, .box_h = 76, .ofs_x = 5, .ofs_y = 0},
    {.bitmap_index = 33372, .adv_w = 408, .box_w = 22, .box_h = 96, .ofs_x = -1, .ofs_y = -20},
    {.bitmap_index = 33591, .adv_w = 818, .box_w = 45, .box_h = 75, .ofs_x = 6, .ofs_y = 0},
    {.bitmap_index = 34048, .adv_w = 429, .box_w = 19, .box_h = 75, .ofs_x = 6, .ofs_y = 0},
    {.bitmap_index = 34151, .adv_w = 1283, .box_w = 69, .box_h = 54, .ofs_x = 6, .ofs_y = 0},
    {.bitmap_index = 34589, .adv_w = 851, .box_w = 42, .box_h = 54, .ofs_x = 6, .ofs_y = 0},
    {.bitmap_index = 34843, .adv_w = 810, .box_w = 45, .box_h = 55, .ofs_x = 3, .ofs_y = -1},
    {.bitmap_index = 35334, .adv_w = 870, .box_w = 45, .box_h = 75, .ofs_x = 6, .ofs_y = -20},
    {.bitmap_index = 35829, .adv_w = 870, .box_w = 44, .box_h = 75, .ofs_x = 4, .ofs_y = -20},
    {.bitmap_index = 36322, .adv_w = 571, .box_w = 28, .box_h = 53, .ofs_x = 6, .ofs_y = 0},
    {.bitmap_index = 36462, .adv_w = 718, .box_w = 40, .box_h = 55, .ofs_x = 2, .ofs_y = -1},
    {.bitmap_index = 36968, .adv_w = 534, .box_w = 29, .box_h = 67, .ofs_x = 2, .ofs_y = 0},
    {.bitmap_index = 37127, .adv_w = 853, .box_w = 41, .box_h = 54, .ofs_x = 6, .ofs_y = -1},
    {.bitmap_index = 37381, .adv_w = 762, .box_w = 47, .box_h = 53, .ofs_x = 0, .ofs_y = 0},
    {.bitmap_index = 37938, .adv_w = 1182, .box_w = 72, .box_h = 53, .ofs_x = 1, .ofs_y = 0},
    {.bitmap_index = 38904, .adv_w = 781, .box_w = 47, .box_h = 53, .ofs_x = 1, .ofs_y = 0},
    {.bitmap_index = 39471, .adv_w = 773, .box_w = 48, .box_h = 73, .ofs_x = 0, .ofs_y = -20},
    {.bitmap_index = 40155, .adv_w = 723, .box_w = 39, .box_h = 53, .ofs_x = 3, .ofs_y = 0},
    {.bitmap_index = 40472, .adv_w = 526, .box_w = 27, .box_h = 91, .ofs_x = 2, .ofs_y = -14},
    {.bitmap_index = 40773, .adv_w = 554, .box_w = 11, .box_h = 91, .ofs_x = 12, .ofs_y = -14},
    {.bitmap_index = 40821, .adv_w = 526, .box_w = 27, .box_h = 91, .ofs_x = 4, .ofs_y = -14},
    {.bitmap_index = 41119, .adv_w = 864, .box_w = 46, .box_h = 17, .ofs_x = 4, .ofs_y = 22},
    {.bitmap_index = 41311, .adv_w = 675, .box_w = 35, .box_h = 36, .ofs_x = 4, .ofs_y = 37},
    {.bitmap_index = 41640, .adv_w = 506, .box_w = 16, .box_h = 16, .ofs_x = 8, .ofs_y = 23},
    {.bitmap_index = 41714, .adv_w = 970, .box_w = 57, .box_h = 92, .ofs_x = 2, .ofs_y = -1},
    {.bitmap_index = 42637, .adv_w = 1027, .box_w = 56, .box_h = 93, .ofs_x = 4, .ofs_y = -1},
    {.bitmap_index = 43538, .adv_w = 998, .box_w = 50, .box_h = 93, .ofs_x = 6, .ofs_y = -1},
    {.bitmap_index = 44123, .adv_w = 981, .box_w = 58, .box_h = 78, .ofs_x = 2, .ofs_y = -1},
    {.bitmap_index = 44854, .adv_w = 811, .box_w = 45, .box_h = 76, .ofs_x = 3, .ofs_y = -1},
    {.bitmap_index = 45531, .adv_w = 810, .box_w = 45, .box_h = 76, .ofs_x = 3, .ofs_y = -1},
    {.bitmap_index = 46205, .adv_w = 853, .box_w = 41, .box_h = 76, .ofs_x = 6, .ofs_y = -1},
    {.bitmap_index = 46634, .adv_w = 1123, .box_w = 64, .box_h = 11, .ofs_x = 3, .ofs_y = 26},
    {.bitmap_index = 46667, .adv_w = 1296, .box_w = 72, .box_h = 46, .ofs_x = 5, .ofs_y = 12}
};

/*---------------------
 *  CHARACTER MAPPING
 *--------------------*/

static const uint16_t unicode_list_1[] = {
    0x0, 0x7, 0x14, 0x26, 0x2c, 0x2f, 0x34, 0x46,
    0x4c, 0x1f64, 0x20e2
};

/*Collect the unicode lists and glyph_id offsets*/
static const lv_font_fmt_txt_cmap_t cmaps[] =
{
    {
        .range_start = 32, .range_length = 95, .glyph_id_start = 1,
        .unicode_list = NULL, .glyph_id_ofs_list = NULL, .list_length = 0, .type = LV_FONT_FMT_TXT_CMAP_FORMAT0_TINY
    },
    {
        .range_start = 176, .range_length = 8419, .glyph_id_start = 96,
        .unicode_list = unicode_list_1, .glyph_id_ofs_list = NULL, .list_length = 11, .type = LV_FONT_FMT_TXT_CMAP_SPARSE_TINY
    }
};

/*-----------------
 *    KERNING
 *----------------*/


/*Map glyph_ids to kern left classes*/
static const uint8_t kern_left_class_mapping[] =
{
    0, 0, 0, 0, 0, 0, 1, 0,
    0, 0, 0, 0, 0, 0, 0, 0,
    0, 0, 0, 0, 0, 0, 0, 0,
    0, 0, 0, 0, 0, 0, 0, 0,
    0, 0, 2, 3, 4, 5, 6, 7,
    8, 0, 9, 10, 11, 12, 0, 0,
    13, 14, 13, 15, 16, 17, 18, 19,
    20, 21, 22, 23, 0, 0, 0, 0,
    0, 0, 24, 25, 26, 0, 27, 28,
    29, 30, 31, 32, 33, 34, 30, 30,
    35, 25, 36, 37, 38, 39, 40, 41,
    42, 43, 44, 45, 0, 0, 0, 0,
    0, 0, 2, 13, 18, 46, 24, 35,
    40, 0, 0
};

/*Map glyph_ids to kern right classes*/
static const uint8_t kern_right_class_mapping[] =
{
    0, 0, 1, 2, 0, 0, 0, 3,
    2, 0, 4, 2, 0, 5, 6, 5,
    7, 0, 0, 0, 0, 0, 0, 0,
    0, 0, 0, 8, 8, 0, 0, 0,
    9, 10, 11, 0, 12, 0, 0, 0,
    12, 0, 13, 14, 0, 0, 0, 0,
    12, 0, 12, 0, 15, 16, 17, 18,
    19, 20, 21, 22, 0, 0, 23, 0,
    24, 0, 25, 0, 26, 27, 26, 28,
    29, 0, 30, 31, 0, 32, 33, 33,
    26, 34, 27, 33, 35, 36, 37, 38,
    39, 40, 41, 42, 0, 0, 23, 0,
    0, 0, 11, 12, 17, 28, 25, 26,
    37, 6, 0
};

/*Kern values between classes*/
static const int8_t kern_class_values[] =
{
    0, -48, 0, 0, 0, 0, 0, 0,
    0, 0, 0, 0, 0, 0, 0, 0,
    0, 0, 0, 0, 0, 0, 0, 0,
    0, 0, 0, 0, 0, 0, 0, 0,
    0, 0, 0, 0, 0, 0, 0, 0,
    0, 0, 0, -40, -6, 0, 16, -13,
    2, 0, -38, -13, 7, -15, 0, 2,
    0, -46, -14, -42, -22, 5, -53, 0,
    0, 13, 2, 0, -4, 0, 0, 0,
    0, 0, 0, 0, 0, -10, 0, -22,
    -14, 2, -12, 8, 0, 0, 0, 0,
    -13, 0, -18, 0, 0, 0, -2, 0,
    0, 0, 0, -14, 0, -14, -6, -13,
    -16, 0, 0, -50, 0, 0, 0, -1,
    -1, 0, 0, 0, 0, 0, 0, -3,
    0, -2, 0, -10, -4, 0, 0, 2,
    -7, 0, -2, -10, -12, 0, 0, -8,
    -6, -6, 0, 0, 0, -1, 0, 0,
    1, -14, -7, 0, 0, -40, 0, 0,
    0, 0, -1, 0, 0, 0, 0, 0,
    0, 0, 0, 1, 0, 0, 0, 0,
    0, -8, 0, 0, -34, 12, -33, 0,
    0, 0, -27, 0, 0, -6, 0, -21,
    0, -21, -14, -21, -27, -10, 0, -18,
    0, 0, 0, 0, 0, 0, 0, 0,
    0, 0, 0, 0, 0, 0, 0, 0,
    0, 0, 0, 0, -11, 0, 0, 0,
    0, 0, 0, -8, 0, 0, 0, -11,
    0, 0, 0, -2, 0, 0, -1, 0,
    0, 0, 0, -8, -8, 0, -4, 0,
    0, 0, 0, 0, 0, 0, 0, 0,
    0, 0, 0, 0, 0, 4, -31, 12,
    -79, 0, -60, 0, 2, -22, -55, -21,
    0, -41, 0, 0, 0, 0, 0, 0,
    0, 0, 0, -110, -31, -24, -26, -6,
    -34, 0, -8, 0, -22, -22, -21, -10,
    -19, -14, -11, -30, -14, -17, 0, -8,
    0, 0, 0, 1, 2, 0, 0, 0,
    0, 0, 0, -7, 0, -21, 0, -18,
    -9, -7, -31, 0, 0, 0, 0, 0,
    0, 0, 0, 0, 0, 0, 0, 0,
    0, 0, 0, 0, 0, 0, 0, 0,
    0, 0, -2, 0, 0, -25, 0, 0,
    0, -15, 0, 0, 0, 0, 0, -2,
    0, 0, 0, 0, 0, 0, 0, 2,
    0, -4, -4, 0, 0, 0, 0, 0,
    0, 0, -3, 0, 0, -3, 0, 0,
    -3, 0, 0, 0, 0, 0, -22, 0,
    -25, 0, 0, 0, -15, 0, 0, -6,
    0, 0, 0, 0, 0, -12, 0, 0,
    0, -65, 0, 0, 0, 0, 0, 0,
    0, 0, 0, 0, 0, 0, 0, 0,
    0, 0, 0, 0, 0, -5, -22, 8,
    8, -44, 2, 0, 0, -23, 2, -26,
    0, -13, -7, -19, 0, -17, -7, 0,
    -13, 2, 0, 0, -7, -18, -19, -15,
    -4, 0, 0, -6, -8, -8, 0, -21,
    -14, -14, -14, -5, -14, 8, 0, 0,
    0, 0, 0, 0, 0, 2, 0, 0,
    0, 0, 0, 0, 0, 0, 0, 0,
    0, 0, 0, 0, 0, 0, 0, 0,
    0, 0, 0, 0, 0, 0, 0, 0,
    0, 0, 0, 0, 0, 0, 0, 0,
    0, -8, -3, 0, -34, 12, -33, 0,
    -1, 0, -16, 0, 0, -7, -2, -19,
    0, -18, -16, -22, -30, -8, 0, -78,
    0, 0, 0, 0, 0, 0, 0, 0,
    0, 0, 0, 0, 0, 0, 0, 0,
    0, 0, 0, 7, -23, 0, -87, 0,
    -65, 0, 3, -6, -52, 0, 0, -39,
    -3, 0, 0, -2, -3, -22, -14, -19,
    0, -118, -10, -15, -15, 3, -22, 0,
    0, 0, -8, -11, -10, 3, 0, 3,
    2, -2, 3, -1, 0, 0, -21, 0,
    -7, -13, -14, 0, 0, -17, 0, -4,
    0, -11, 0, -12, -8, -11, -7, 0,
    -22, 0, 0, 1, -8, -5, -5, 0,
    -10, 0, 0, 0, 0, 0, 0, 0,
    0, 0, 0, 0, -1, 0, 0, 0,
    -7, 0, -7, 11, -24, 0, 0, 0,
    0, 0, 0, 1, -7, -9, 0, -6,
    -6, 0, -8, 0, 0, -43, 0, 0,
    0, 0, 0, 0, 0, 0, 0, 0,
    0, -2, 0, 0, 0, 0, 0, 0,
    0, 0, 0, 0, 0, 0, 0, -32,
    0, 0, 0, 0, 0, 0, 0, 0,
    0, 0, 0, 0, 0, 0, 0, 0,
    0, 0, 0, 0, 0, 0, 0, 0,
    0, 0, 0, 0, 0, 0, 0, 0,
    0, 0, 0, 0, -7, 0, -28, 0,
    -30, 0, 0, 0, -14, 0, 0, -3,
    0, 0, 0, 0, 0, 0, 0, 0,
    0, -54, 0, 0, 0, 0, -1, 0,
    0, 0, 0, 0, 0, 0, 0, 0,
    0, 0, 0, 0, 0, 0, 0, 0,
    0, 0, 0, -22, 0, 0, 0, 0,
    0, 0, 0, 0, 0, 0, 0, 0,
    0, 0, 0, 0, 0, 0, 0, 0,
    0, 0, 0, 0, 0, 0, 0, 0,
    0, 0, 0, 0, 0, 0, 0, 0,
    0, 0, 0, 0, 0, -7, 0, 0,
    0, 0, 0, 0, 0, 0, 0, 0,
    0, 0, 0, 0, 0, 0, 0, 0,
    0, 0, 0, 0, 0, 0, 0, 0,
    0, 0, 0, 0, 0, 0, 0, 0,
    0, 0, 0, 0, 0, 0, 0, -11,
    0, 0, 0, 0, 0, 0, 0, 0,
    0, 0, 0, 0, 0, 0, 0, 0,
    0, 0, 0, 0, 0, 0, 0, 0,
    0, 0, 0, 0, 0, 0, 0, 0,
    0, 0, 0, 0, 0, 0, 0, 0,
    0, -38, 0, 0, 0, 0, 0, 0,
    0, 0, 0, 0, 0, 0, 0, 0,
    0, 0, 0, 0, 0, 0, 0, 0,
    0, 0, 0, 0, 0, 0, 0, 0,
    0, 0, 0, 0, 0, 5, -8, 7,
    18, -33, 2, 0, 0, -13, 0, -14,
    0, -4, 0, 0, 0, -5, -3, 0,
    -6, 0, 0, 13, 0, -4, -4, 0,
    0, 0, 0, 0, 0, 0, 0, -1,
    -1, 0, 0, 0, -4, 4, 0, -20,
    0, 0, 8, -4, 18, 0, 0, 0,
    9, 0, 0, 4, 0, -55, 0, -30,
    -13, 2, -43, 6, 0, 8, 0, 0,
    0, 0, 0, 0, 0, 0, 0, 0,
    0, -5, 0, -10, -5, 1, -6, 2,
    0, -16, 0, 0, -13, 8, 1, 0,
    0, 0, 0, 0, -4, 1, 0, -53,
    0, -27, -18, -15, -46, -3, 0, -40,
    0, 0, 0, -2, 0, 0, 0, 0,
    0, 0, 0, -2, 0, -5, -2, -10,
    -6, -6, 0, 0, 0, 0, 0, 0,
    -1, 0, 0, 0, 6, 0, 0, 5,
    1, -37, 0, -22, -7, 0, -37, 5,
    0, -28, 0, -3, -1, 0, -1, 0,
    0, 0, 0, 0, 0, 0, 0, 0,
    0, 0, 0, 0, 0, -17, 0, 0,
    -13, 8, 1, 0, 0, 0, 0, 0,
    -4, 0, -8, -44, 0, -27, -15, -15,
    -46, -4, 0, -46, 0, 0, 0, 0,
    0, 0, 0, 0, 0, 0, 0, 0,
    0, 0, -4, -9, -3, -4, 1, 24,
    -10, 21, -39, -2, -21, 0, 23, 0,
    -11, 12, 0, -18, 2, 22, 0, 26,
    21, 12, 23, 2, 12, -46, 0, -3,
    -3, 1, -6, 9, 0, 0, 0, 0,
    0, 1, 0, 11, 2, 0, 8, 0,
    0, 4, -3, 22, 2, -1, 26, 0,
    0, -1, 18, 1, 0, -4, 0, 2,
    0, -6, 1, 7, -6, 10, 8, 43,
    0, -3, -5, 0, 11, 0, 22, 0,
    0, 0, 0, 0, -3, 0, 1, 0,
    4, 1, 0, -13, 0, 0, 0, 0,
    2, 0, 0, 0, 0, 0, 0, 0,
    0, -44, 0, -27, -19, 0, -43, 0,
    0, 0, 0, 0, 0, 0, 0, 0,
    0, 0, 0, 0, 0, 0, 0, -6,
    -5, 0, -6, 0, 0, 0, 0, 0,
    0, 0, 0, 0, 0, 0, 0, 0,
    0, -7, 0, 0, 0, 0, 0, 0,
    -10, 0, 0, 0, 0, 0, 0, 0,
    0, 0, 0, 0, 0, 0, 0, 0,
    0, 0, 0, 0, 0, 0, 0, 0,
    0, 0, 0, 0, 0, 0, 0, 0,
    0, 0, 0, 0, 0, -6, 0, -19,
    -8, 0, -2, 0, 0, 0, 0, 0,
    0, 0, 0, 0, 0, 0, 0, 0,
    0, 0, 0, 0, 0, 0, 0, 0,
    0, 0, -9, 0, 1, -34, 1, 0,
    0, -8, 12, -10, 0, 2, -4, -18,
    0, -14, -6, 1, -35, 13, 0, 18,
    -1, -6, -4, 0, -2, 0, 0, 0,
    0, 0, -7, -7, -8, -10, -5, 0,
    -5, 2, 0, 0, 0, 0, 7, -9,
    1, 0, 0, 0, 18, 0, 0, 9,
    0, -12, 0, -4, 1, 12, -12, 12,
    0, 20, 0, 0, 0, 0, 0, 0,
    0, -6, 0, 0, 0, -4, 0, -2,
    -2, 0, -5, 3, 0, -17, -2, 0,
    -13, 8, 0, 0, 0, 0, 0, 0,
    -4, 0, 0, -45, 0, -27, -18, -15,
    -46, -5, 0, -47, 0, 0, 0, -4,
    0, 0, 0, 0, 0, 0, 0, -4,
    0, -6, -7, -12, -7, -2, 0, 0,
    0, 0, 0, 0, 0, 0, 0, 0,
    0, 0, 0, 0, 0, -6, 0, -19,
    -8, 0, -25, 0, 0, 0, 0, 0,
    0, 0, 0, 0, 0, 0, 0, 0,
    0, 0, 0, 0, 0, 0, 0, 0,
    0, 24, -18, 0, -63, -2, -23, 0,
    0, 0, -30, 8, 0, -16, 6, -7,
    0, 2, 4, -14, -14, -9, 0, -62,
    -7, -3, -2, 8, -7, 0, 1, 0,
    0, 0, 0, 7, 0, 9, 7, 0,
    9, 2, 0, -8, -1, 0, -6, -2,
    1, 0, 0, 0, 2, 0, 0, 0,
    0, -44, 0, -26, -1, -16, -38, 0,
    0, -36, 0, 0, 0, 1, -1, 0,
    0, 0, 0, 0, -6, -2, 0, -8,
    -6, -7, -6, -4, 0, 1, -6, 0,
    1, -10, 0, 0, 1, -1, 9, 0,
    0, 2, 1, -19, 0, 0, 1, 1,
    -15, 1, 1, 16, 0, -2, -2, -2,
    -2, 0, 0, 0, 0, 0, 0, -5,
    0, 1, 0, 0, 1, 1, 0, 0,
    0, 0, 0, 0, 0, 0, 0, 0,
    0, 0, 0, 0, 0, -36, 0, -19,
    -6, 0, -38, 0, 0, 0, 0, 0,
    0, 0, 0, 0, 0, 0, 0, 0,
    0, 0, 0, 0, 0, 0, 0, 0,
    0, 21, -14, 0, -51, -3, -10, 0,
    0, 0, -22, 0, -3, -14, 0, -15,
    0, -8, 0, -1, -12, 0, 0, -54,
    -7, -6, -6, 6, -10, 0, 0, 0,
    0, 0, -2, 1, 0, 0, 0, 0,
    0, -2, 0, 17, -16, 0, -38, -2,
    0, 0, 0, -6, -14, 0, 0, -15,
    0, -29, 0, -8, -6, 0, -27, 0,
    0, -37, -10, -7, -7, 1, -14, 0,
    0, 0, 0, 0, -2, 1, 0, 0,
    0, 0, 0, 1, 0, 2, -22, 0,
    0, -28, 0, 0, 0, -14, 2, 0,
    0, -2, 0, -30, 0, -8, -7, 1,
    -22, 0, 0, 16, 0, -12, -12, 0,
    0, 0, 0, 0, 0, 0, -3, 0,
    0, 0, 0, 0, 0, 0, 0, 17,
    -23, 0, -52, -3, -11, 0, 0, -7,
    -26, 0, -3, -17, 0, -20, 0, -8,
    0, 0, -2, 0, 0, -62, -11, -6,
    -6, 6, -18, 0, 0, 0, 0, 0,
    -5, 1, 0, 0, 0, 0, 0, -2,
    0, 6, -7, 0, 10, -14, 2, 0,
    0, -4, 9, 0, 0, 2, 0, -28,
    0, -7, -2, 9, -15, 2, 0, 7,
    0, -7, -7, 0, 0, 0, 0, 0,
    0, 0, 0, 0, 0, 1, 1, 0,
    1, 0, 0, -14, 0, 0, 3, -2,
    0, 0, -9, 0, 7, -1, -1, 8,
    -7, -24, -2, -15, -11, 0, -26, 7,
    0, -40, 7, 3, 3, -2, 7, 0,
    0, 0, 0, 0, 0, -7, 0, -6,
    -10, -2, -6, 0
};


/*Collect the kern class' data in one place*/
static const lv_font_fmt_txt_kern_classes_t kern_classes =
{
    .class_pair_values   = kern_class_values,
    .left_class_mapping  = kern_left_class_mapping,
    .right_class_mapping = kern_right_class_mapping,
    .left_class_cnt      = 46,
    .right_class_cnt     = 42,
};

/*--------------------
 *  ALL CUSTOM DATA
 *--------------------*/

#if LVGL_VERSION_MAJOR == 8
/*Store all the custom data of the font*/
static  lv_font_fmt_txt_glyph_cache_t cache;
#endif

#if LVGL_VERSION_MAJOR >= 8
static const lv_font_fmt_txt_dsc_t font_dsc = {
#else
static lv_font_fmt_txt_dsc_t font_dsc = {
#endif
    .glyph_bitmap = glyph_bitmap,
    .glyph_dsc = glyph_dsc,
    .cmaps = cmaps,
    .kern_dsc = &kern_classes,
    .kern_scale = 32,
    .cmap_num = 2,
    .bpp = 4,
    .kern_classes = 1,
    .bitmap_format = 1,
#if LVGL_VERSION_MAJOR == 8
    .cache = &cache
#endif
};



/*-----------------
 *  PUBLIC FONT
 *----------------*/

/*Initialize a public general font descriptor*/
#if LVGL_VERSION_MAJOR >= 8
const lv_font_t plex_sans_cond_100 = {
#else
lv_font_t plex_sans_cond_100 = {
#endif
    .get_glyph_dsc = lv_font_get_glyph_dsc_fmt_txt,    /*Function pointer to get glyph's data*/
    .get_glyph_bitmap = lv_font_get_bitmap_fmt_txt,    /*Function pointer to get glyph's bitmap*/
    .line_height = 113,          /*The maximum line height required by the font*/
    .base_line = 21,             /*Baseline measured from the bottom of the line*/
#if !(LVGL_VERSION_MAJOR == 6 && LVGL_VERSION_MINOR == 0)
    .subpx = LV_FONT_SUBPX_NONE,
#endif
#if LV_VERSION_CHECK(7, 4, 0) || LVGL_VERSION_MAJOR >= 8
    .underline_position = -7,
    .underline_thickness = 9,
#endif
    .dsc = &font_dsc,          /*The custom font data. Will be accessed by `get_glyph_bitmap/dsc` */
#if LV_VERSION_CHECK(8, 2, 0) || LVGL_VERSION_MAJOR >= 9
    .fallback = NULL,
#endif
    .user_data = NULL,
};



#endif /*#if PLEX_SANS_COND_100*/

