/*******************************************************************************
 * Size: 13 px
 * Bpp: 4
 * Opts: --font /Users/monsjovis/repositories/esp-flight-monitor/tools/fonts/IBMPlexMono-Medium.ttf --format lvgl --bpp 4 --size 13 --lv-font-name plex_mono_13 --lv-include lvgl.h --no-compress -o /Users/monsjovis/repositories/esp-flight-monitor/main/ui/fonts/plex_mono_13.c -r 0x20-0x7F -r 0xC4,0xD6,0xDC,0xE4,0xF6,0xFC,0xDF -r 0xC0-0xFF -r 0xB0,0xB7 -r 0x2192,0x2014 -r 0x0104-0x017C
 ******************************************************************************/

#ifdef LV_LVGL_H_INCLUDE_SIMPLE
#include "lvgl.h"
#else
#include "lvgl.h"
#endif

#ifndef PLEX_MONO_13
#define PLEX_MONO_13 1
#endif

#if PLEX_MONO_13

/*-----------------
 *    BITMAPS
 *----------------*/

/*Store the image of the glyphs*/
static LV_ATTRIBUTE_LARGE_CONST const uint8_t glyph_bitmap[] = {
    /* U+0020 " " */

    /* U+0021 "!" */
    0xe, 0xb0, 0xeb, 0xd, 0xa0, 0xc8, 0x9, 0x60,
    0x73, 0x1, 0x1, 0xfd, 0x1e, 0xc0,

    /* U+0022 "\"" */
    0xf, 0x47, 0xd0, 0xf4, 0x7d, 0xf, 0x47, 0xd0,
    0xf4, 0x7c,

    /* U+0023 "#" */
    0x0, 0x3f, 0xc, 0x60, 0x0, 0x7c, 0xe, 0x20,
    0x5f, 0xf9, 0x1f, 0xf9, 0x2, 0xd7, 0x4d, 0x21,
    0x0, 0xf4, 0x7a, 0x0, 0xcf, 0xf1, 0xaf, 0xf2,
    0x16, 0xe0, 0xd6, 0x20, 0x7, 0xb0, 0xf2, 0x0,
    0xa, 0x82, 0xf0, 0x0,

    /* U+0024 "$" */
    0x0, 0x4, 0x40, 0x0, 0x0, 0x8, 0x90, 0x0,
    0x3, 0xdf, 0xfe, 0x50, 0xe, 0xb9, 0xa9, 0xd0,
    0x1f, 0x47, 0x80, 0x0, 0xe, 0xb9, 0x80, 0x0,
    0x4, 0xef, 0xfa, 0x20, 0x0, 0x8, 0xcd, 0xe0,
    0x0, 0x7, 0x82, 0xf3, 0x1a, 0x17, 0x84, 0xf2,
    0x1d, 0xfd, 0xef, 0xa0, 0x0, 0x6c, 0xc5, 0x0,
    0x0, 0x8, 0x90, 0x0,

    /* U+0025 "%" */
    0x3d, 0xe7, 0x0, 0xc5, 0xb6, 0x1f, 0x16, 0xb0,
    0xb6, 0x1f, 0x2e, 0x20, 0x3d, 0xe7, 0x23, 0x0,
    0x0, 0x41, 0x8e, 0xb0, 0x3, 0xe3, 0xe0, 0xa6,
    0xa, 0x75, 0xb0, 0x79, 0x2f, 0x13, 0xd0, 0x97,
    0x98, 0x0, 0x9c, 0xb0,

    /* U+0026 "&" */
    0x2, 0xcf, 0xb2, 0x0, 0xc, 0xa3, 0xa7, 0x0,
    0xe, 0x60, 0x0, 0x0, 0x8, 0xd0, 0x0, 0x0,
    0xa, 0xfb, 0xa, 0xf6, 0x7e, 0x2d, 0x9b, 0x70,
    0xba, 0x2, 0xef, 0x10, 0x8e, 0x53, 0xbf, 0x60,
    0xa, 0xfd, 0x46, 0xf3,

    /* U+0027 "'" */
    0xc8, 0xc8, 0xc8, 0xb8,

    /* U+0028 "(" */
    0x0, 0x5d, 0x20, 0x2e, 0x20, 0xb, 0x70, 0x1,
    0xf1, 0x0, 0x5d, 0x0, 0x7, 0xc0, 0x0, 0x7c,
    0x0, 0x5, 0xe0, 0x0, 0x1f, 0x10, 0x0, 0xa8,
    0x0, 0x1, 0xe3, 0x0, 0x4, 0xc2,

    /* U+0029 ")" */
    0x4e, 0x20, 0x0, 0x5e, 0x0, 0x0, 0xb8, 0x0,
    0x4, 0xd0, 0x0, 0xf, 0x10, 0x0, 0xf3, 0x0,
    0xf, 0x30, 0x1, 0xf1, 0x0, 0x4d, 0x0, 0xb,
    0x70, 0x6, 0xd0, 0x4, 0xc2, 0x0,

    /* U+002A "*" */
    0x0, 0xb, 0x80, 0x0, 0x0, 0xb, 0x80, 0x0,
    0x5e, 0x9d, 0xba, 0xf2, 0x4, 0xaf, 0xf9, 0x30,
    0x0, 0x9d, 0xf6, 0x0, 0x5, 0xf3, 0x6f, 0x20,
    0x1, 0x50, 0x6, 0x0,

    /* U+002B "+" */
    0x0, 0x5, 0x30, 0x0, 0x0, 0xb8, 0x0, 0x0,
    0xb, 0x80, 0x2, 0xff, 0xff, 0xff, 0x2, 0x2c,
    0x92, 0x20, 0x0, 0xb8, 0x0, 0x0, 0xb, 0x80,
    0x0,

    /* U+002C "," */
    0xd, 0xe0, 0x1f, 0x90, 0x4f, 0x30, 0x7c, 0x0,

    /* U+002D "-" */
    0x2, 0x22, 0x11, 0xff, 0xfd, 0x5, 0x55, 0x40,

    /* U+002E "." */
    0x1, 0x10, 0x2f, 0xe0, 0x1e, 0xd0,

    /* U+002F "/" */
    0x0, 0x0, 0xb8, 0x0, 0x1, 0xf2, 0x0, 0x7,
    0xc0, 0x0, 0xd, 0x70, 0x0, 0x3f, 0x10, 0x0,
    0x8b, 0x0, 0x0, 0xe5, 0x0, 0x4, 0xf0, 0x0,
    0xa, 0x90, 0x0, 0xf, 0x40, 0x0, 0x6e, 0x0,
    0x0, 0xb8, 0x0, 0x0,

    /* U+0030 "0" */
    0x1, 0xbf, 0xe9, 0x0, 0xc, 0xd4, 0x5e, 0x90,
    0x2f, 0x40, 0x7, 0xf0, 0x5f, 0x16, 0x44, 0xf2,
    0x6f, 0x1c, 0x94, 0xf3, 0x5f, 0x10, 0x4, 0xf2,
    0x2f, 0x40, 0x7, 0xf0, 0xc, 0xd4, 0x5e, 0x80,
    0x1, 0xbf, 0xe9, 0x0,

    /* U+0031 "1" */
    0x0, 0x9f, 0xf2, 0x0, 0x8, 0xf8, 0xf2, 0x0,
    0x2f, 0x35, 0xf2, 0x0, 0x1, 0x5, 0xf2, 0x0,
    0x0, 0x5, 0xf2, 0x0, 0x0, 0x5, 0xf2, 0x0,
    0x0, 0x5, 0xf2, 0x0, 0x3, 0x37, 0xf5, 0x31,
    0xd, 0xff, 0xff, 0xf5,

    /* U+0032 "2" */
    0x2, 0xbf, 0xe8, 0x0, 0xe, 0xc5, 0x8f, 0x70,
    0x17, 0x10, 0xc, 0xb0, 0x0, 0x0, 0xe, 0x90,
    0x0, 0x0, 0x9e, 0x20, 0x0, 0xa, 0xe3, 0x0,
    0x1, 0xcc, 0x10, 0x0, 0x1e, 0xd4, 0x44, 0x40,
    0x3f, 0xff, 0xff, 0xf1,

    /* U+0033 "3" */
    0x4, 0xcf, 0xea, 0x10, 0xb8, 0x46, 0xfa, 0x0,
    0x0, 0x2e, 0x80, 0x6, 0xff, 0x80, 0x0, 0x13,
    0x7f, 0x60, 0x0, 0x0, 0xad, 0x6, 0x0, 0xa,
    0xd4, 0xf9, 0x47, 0xf8, 0x5, 0xdf, 0xd8, 0x0,

    /* U+0034 "4" */
    0x0, 0x2, 0xff, 0x10, 0x0, 0xc, 0xcf, 0x10,
    0x0, 0x6d, 0x5f, 0x10, 0x1, 0xf3, 0x4f, 0x10,
    0xb, 0x90, 0x4f, 0x10, 0x5e, 0x0, 0x4f, 0x10,
    0x9f, 0xff, 0xff, 0xf5, 0x12, 0x22, 0x6f, 0x31,
    0x0, 0x0, 0x4f, 0x10,

    /* U+0035 "5" */
    0x9, 0xff, 0xff, 0xa0, 0xb, 0xa4, 0x44, 0x30,
    0xc, 0x60, 0x0, 0x0, 0xd, 0x7d, 0xfb, 0x20,
    0xb, 0xa4, 0x5e, 0xc0, 0x0, 0x0, 0x7, 0xf0,
    0x3, 0x0, 0x8, 0xf0, 0xe, 0xb4, 0x6e, 0xa0,
    0x3, 0xbf, 0xe9, 0x0,

    /* U+0036 "6" */
    0x0, 0x9, 0xe5, 0x0, 0x0, 0xad, 0x20, 0x0,
    0x6, 0xf2, 0x0, 0x0, 0xd, 0xac, 0xfb, 0x20,
    0x3f, 0xb3, 0x4d, 0xc0, 0x4f, 0x40, 0x6, 0xf1,
    0x2f, 0x40, 0x6, 0xf0, 0xc, 0xc4, 0x4e, 0xa0,
    0x1, 0xae, 0xe9, 0x0,

    /* U+0037 "7" */
    0x3f, 0xff, 0xff, 0xf0, 0x3f, 0x43, 0x3b, 0xe0,
    0x3e, 0x0, 0xf, 0x80, 0x0, 0x0, 0x6f, 0x10,
    0x0, 0x0, 0xda, 0x0, 0x0, 0x4, 0xf3, 0x0,
    0x0, 0xb, 0xc0, 0x0, 0x0, 0x2f, 0x60, 0x0,
    0x0, 0x9e, 0x0, 0x0,

    /* U+0038 "8" */
    0x4, 0xcf, 0xfb, 0x30, 0xf, 0xa3, 0x4c, 0xd0,
    0xe, 0x80, 0xa, 0xb0, 0x2, 0xef, 0xfb, 0x0,
    0xd, 0xb3, 0x4d, 0xa0, 0x4f, 0x20, 0x6, 0xf1,
    0x4f, 0x30, 0x6, 0xf1, 0x1e, 0xb3, 0x4d, 0xc0,
    0x3, 0xbf, 0xea, 0x10,

    /* U+0039 "9" */
    0x3, 0xbf, 0xe8, 0x0, 0x1e, 0xb4, 0x4d, 0x90,
    0x4f, 0x20, 0x6, 0xf0, 0x2f, 0x80, 0x1b, 0xf1,
    0x8, 0xff, 0xdb, 0xf0, 0x0, 0x2, 0x1e, 0xa0,
    0x0, 0x0, 0x9f, 0x30, 0x0, 0x7, 0xf7, 0x0,
    0x0, 0x8f, 0x70, 0x0,

    /* U+003A ":" */
    0x1e, 0xc0, 0x2f, 0xe0, 0x1, 0x10, 0x0, 0x0,
    0x1, 0x10, 0x2f, 0xe0, 0x1e, 0xd0,

    /* U+003B ";" */
    0x1e, 0xc0, 0x2f, 0xe0, 0x1, 0x10, 0x0, 0x0,
    0x0, 0x0, 0xe, 0xf0, 0x1f, 0x90, 0x4f, 0x20,
    0x6b, 0x0,

    /* U+003C "<" */
    0x0, 0x0, 0x48, 0x0, 0x2a, 0xf7, 0x8, 0xfb,
    0x20, 0xdd, 0x40, 0x0, 0xce, 0x50, 0x0, 0x7,
    0xec, 0x30, 0x0, 0x19, 0xf8, 0x0, 0x0, 0x27,

    /* U+003D "=" */
    0x2f, 0xff, 0xff, 0xf0, 0x22, 0x22, 0x22, 0x0,
    0x0, 0x0, 0x3, 0xff, 0xff, 0xff, 0x2, 0x22,
    0x22, 0x20,

    /* U+003E ">" */
    0x92, 0x0, 0x0, 0xaf, 0x91, 0x0, 0x4, 0xde,
    0x60, 0x0, 0x6, 0xea, 0x0, 0x7, 0xf9, 0x5,
    0xed, 0x50, 0xbf, 0x70, 0x0, 0x81, 0x0, 0x0,

    /* U+003F "?" */
    0x2, 0xbf, 0xe9, 0x0, 0xdc, 0x56, 0xf7, 0x3,
    0x10, 0xd, 0xa0, 0x0, 0x26, 0xf5, 0x0, 0x1f,
    0xc5, 0x0, 0x1, 0xf4, 0x0, 0x0, 0x0, 0x0,
    0x0, 0x4, 0xf9, 0x0, 0x0, 0x4f, 0x80, 0x0,

    /* U+0040 "@" */
    0x1, 0xae, 0xe9, 0x0, 0xba, 0x11, 0x99, 0x1f,
    0x17, 0xea, 0xe3, 0xe0, 0xf3, 0x4f, 0x4d, 0x2f,
    0x2, 0xf4, 0xd2, 0xf0, 0x2f, 0x3e, 0xf, 0x34,
    0xf1, 0xf1, 0x6c, 0x8e, 0xb, 0xb1, 0x0, 0x0,
    0x1a, 0xfe, 0xc0, 0x0, 0x0, 0x11, 0x0,

    /* U+0041 "A" */
    0x0, 0x3f, 0xf1, 0x0, 0x0, 0x8a, 0xe5, 0x0,
    0x0, 0xd6, 0xaa, 0x0, 0x1, 0xf1, 0x5e, 0x0,
    0x6, 0xd0, 0x1f, 0x30, 0xb, 0xff, 0xff, 0x80,
    0xf, 0x73, 0x3a, 0xc0, 0x4f, 0x10, 0x5, 0xf1,
    0x9d, 0x0, 0x1, 0xf6,

    /* U+0042 "B" */
    0xef, 0xff, 0xb1, 0xe, 0x92, 0x4e, 0x90, 0xe8,
    0x0, 0xbc, 0xe, 0x80, 0x1d, 0x80, 0xef, 0xff,
    0xc1, 0xe, 0x92, 0x3b, 0xc0, 0xe8, 0x0, 0x6f,
    0x1e, 0x92, 0x3b, 0xe0, 0xef, 0xff, 0xc3, 0x0,

    /* U+0043 "C" */
    0x0, 0x9e, 0xfb, 0x10, 0x8, 0xf6, 0x4d, 0xc0,
    0xf, 0x80, 0x3, 0x60, 0x2f, 0x50, 0x0, 0x0,
    0x3f, 0x40, 0x0, 0x0, 0x2f, 0x50, 0x0, 0x0,
    0xf, 0x80, 0x3, 0x60, 0x8, 0xf6, 0x4d, 0xc0,
    0x0, 0x9e, 0xfb, 0x10,

    /* U+0044 "D" */
    0xff, 0xfe, 0x80, 0xf, 0x93, 0x7f, 0x80, 0xf8,
    0x0, 0x9e, 0xf, 0x80, 0x6, 0xf1, 0xf8, 0x0,
    0x5f, 0x2f, 0x80, 0x6, 0xf1, 0xf8, 0x0, 0x9e,
    0xf, 0x93, 0x6f, 0x80, 0xff, 0xfe, 0x90, 0x0,

    /* U+0045 "E" */
    0xef, 0xff, 0xfc, 0xea, 0x44, 0x43, 0xe9, 0x0,
    0x0, 0xe9, 0x0, 0x0, 0xef, 0xff, 0xfa, 0xea,
    0x33, 0x32, 0xe9, 0x0, 0x0, 0xea, 0x44, 0x43,
    0xef, 0xff, 0xfc,

    /* U+0046 "F" */
    0xef, 0xff, 0xff, 0xea, 0x44, 0x43, 0xe9, 0x0,
    0x0, 0xe9, 0x0, 0x0, 0xef, 0xff, 0xf8, 0xea,
    0x33, 0x31, 0xe9, 0x0, 0x0, 0xe9, 0x0, 0x0,
    0xe9, 0x0, 0x0,

    /* U+0047 "G" */
    0x1, 0xaf, 0xe9, 0x0, 0xbe, 0x55, 0xe9, 0x2f,
    0x50, 0x3, 0x35, 0xf2, 0x0, 0x0, 0x5f, 0x22,
    0xff, 0xe4, 0xf3, 0x2, 0x7e, 0x2f, 0x50, 0x7,
    0xe0, 0xce, 0x55, 0xde, 0x2, 0xcf, 0xb7, 0xe0,

    /* U+0048 "H" */
    0x1f, 0x60, 0x9, 0xd1, 0xf6, 0x0, 0x9d, 0x1f,
    0x60, 0x9, 0xd1, 0xf6, 0x0, 0x9d, 0x1f, 0xff,
    0xff, 0xd1, 0xf8, 0x33, 0xad, 0x1f, 0x60, 0x9,
    0xd1, 0xf6, 0x0, 0x9d, 0x1f, 0x60, 0x9, 0xd0,

    /* U+0049 "I" */
    0xff, 0xff, 0xfc, 0x22, 0xda, 0x21, 0x0, 0xda,
    0x0, 0x0, 0xda, 0x0, 0x0, 0xda, 0x0, 0x0,
    0xda, 0x0, 0x0, 0xda, 0x0, 0x12, 0xda, 0x21,
    0xff, 0xff, 0xfc,

    /* U+004A "J" */
    0x3, 0xff, 0xff, 0x60, 0x4, 0x44, 0xf6, 0x0,
    0x0, 0xf, 0x60, 0x0, 0x0, 0xf6, 0x0, 0x0,
    0xf, 0x60, 0x0, 0x0, 0xf6, 0x6, 0x20, 0x1f,
    0x60, 0xeb, 0x49, 0xf2, 0x3, 0xcf, 0xd5, 0x0,

    /* U+004B "K" */
    0xf7, 0x0, 0x8f, 0x3f, 0x70, 0x5f, 0x50, 0xf7,
    0x2f, 0x90, 0xf, 0x8d, 0xc0, 0x0, 0xff, 0xfe,
    0x0, 0xf, 0xe3, 0xf9, 0x0, 0xf7, 0x7, 0xf2,
    0xf, 0x70, 0xd, 0xc0, 0xf7, 0x0, 0x4f, 0x50,

    /* U+004C "L" */
    0x9d, 0x0, 0x0, 0x9d, 0x0, 0x0, 0x9d, 0x0,
    0x0, 0x9d, 0x0, 0x0, 0x9d, 0x0, 0x0, 0x9d,
    0x0, 0x0, 0x9d, 0x0, 0x0, 0x9e, 0x44, 0x44,
    0x9f, 0xff, 0xff,

    /* U+004D "M" */
    0x4f, 0xb0, 0xc, 0xf1, 0x4f, 0xf1, 0x3f, 0xf1,
    0x4f, 0xb7, 0x9b, 0xf1, 0x4f, 0x5e, 0xe5, 0xf1,
    0x4f, 0xe, 0xb3, 0xf1, 0x4f, 0x8, 0x53, 0xf1,
    0x4f, 0x1, 0x3, 0xf1, 0x4f, 0x0, 0x3, 0xf1,
    0x4f, 0x0, 0x3, 0xf1,

    /* U+004E "N" */
    0x1f, 0xf0, 0x6, 0xd1, 0xff, 0x60, 0x6d, 0x1f,
    0xbc, 0x6, 0xd1, 0xf5, 0xf2, 0x6d, 0x1f, 0x3c,
    0x86, 0xd1, 0xf3, 0x5e, 0x6d, 0x1f, 0x30, 0xfb,
    0xd1, 0xf3, 0x9, 0xfd, 0x1f, 0x30, 0x3f, 0xd0,

    /* U+004F "O" */
    0x1, 0xbf, 0xe9, 0x0, 0xc, 0xd5, 0x6f, 0x90,
    0x2f, 0x50, 0x8, 0xf0, 0x5f, 0x20, 0x5, 0xf2,
    0x6f, 0x20, 0x5, 0xf3, 0x5f, 0x20, 0x5, 0xf2,
    0x2f, 0x50, 0x8, 0xf0, 0xc, 0xd5, 0x6f, 0x80,
    0x1, 0xbf, 0xe9, 0x0,

    /* U+0050 "P" */
    0xef, 0xff, 0xc3, 0xe, 0xa3, 0x4c, 0xe0, 0xe8,
    0x0, 0x6f, 0x1e, 0x80, 0xa, 0xf0, 0xef, 0xff,
    0xf6, 0xe, 0xa3, 0x20, 0x0, 0xe8, 0x0, 0x0,
    0xe, 0x80, 0x0, 0x0, 0xe8, 0x0, 0x0, 0x0,

    /* U+0051 "Q" */
    0x1, 0xaf, 0xe8, 0x0, 0xb, 0xe5, 0x6f, 0x70,
    0x1f, 0x50, 0x8, 0xe0, 0x4f, 0x20, 0x5, 0xf1,
    0x6f, 0x20, 0x5, 0xf2, 0x6f, 0x20, 0x5, 0xf3,
    0x4f, 0x20, 0x6, 0xf1, 0x1f, 0x60, 0x9, 0xd0,
    0xa, 0xe7, 0x8f, 0x70, 0x0, 0x9f, 0xe8, 0x0,
    0x0, 0xb, 0x80, 0x0, 0x0, 0x6, 0xff, 0x80,
    0x0, 0x0, 0x12, 0x10,

    /* U+0052 "R" */
    0xef, 0xff, 0xc3, 0xe, 0xa3, 0x4c, 0xe0, 0xe8,
    0x0, 0x6f, 0x1e, 0x80, 0x9, 0xf0, 0xef, 0xff,
    0xf5, 0xe, 0x93, 0xf6, 0x0, 0xe8, 0x9, 0xe0,
    0xe, 0x80, 0x1f, 0x70, 0xe8, 0x0, 0x9f, 0x10,

    /* U+0053 "S" */
    0x3, 0xbf, 0xfb, 0x30, 0xe, 0xc4, 0x4b, 0xb0,
    0x1f, 0x50, 0x0, 0x0, 0xe, 0xc4, 0x10, 0x0,
    0x2, 0xbf, 0xfd, 0x30, 0x0, 0x0, 0x2b, 0xe0,
    0x2, 0x0, 0x6, 0xf1, 0x3f, 0x84, 0x5d, 0xc0,
    0x5, 0xcf, 0xea, 0x10,

    /* U+0054 "T" */
    0xaf, 0xff, 0xff, 0xf7, 0x24, 0x4d, 0xb4, 0x41,
    0x0, 0xd, 0xa0, 0x0, 0x0, 0xd, 0xa0, 0x0,
    0x0, 0xd, 0xa0, 0x0, 0x0, 0xd, 0xa0, 0x0,
    0x0, 0xd, 0xa0, 0x0, 0x0, 0xd, 0xa0, 0x0,
    0x0, 0xd, 0xa0, 0x0,

    /* U+0055 "U" */
    0x1f, 0x50, 0x8, 0xe1, 0xf5, 0x0, 0x8e, 0x1f,
    0x50, 0x8, 0xe1, 0xf5, 0x0, 0x8e, 0x1f, 0x50,
    0x8, 0xe1, 0xf5, 0x0, 0x8e, 0xf, 0x60, 0xa,
    0xd0, 0xcd, 0x45, 0xf8, 0x2, 0xcf, 0xfb, 0x10,

    /* U+0056 "V" */
    0x8f, 0x0, 0x2, 0xf5, 0x3f, 0x40, 0x6, 0xf0,
    0xf, 0x80, 0xb, 0xc0, 0xa, 0xd0, 0xf, 0x70,
    0x6, 0xf1, 0x3f, 0x20, 0x1, 0xf5, 0x7e, 0x0,
    0x0, 0xd9, 0xb9, 0x0, 0x0, 0x8e, 0xf5, 0x0,
    0x0, 0x4f, 0xf1, 0x0,

    /* U+0057 "W" */
    0xa9, 0x0, 0x0, 0xc6, 0x9b, 0x0, 0x0, 0xd5,
    0x7c, 0xe, 0xb0, 0xe4, 0x6d, 0x1f, 0xe0, 0xf3,
    0x5e, 0x4b, 0xe2, 0xf2, 0x4f, 0x78, 0xb6, 0xf1,
    0x3f, 0xa5, 0x8a, 0xf0, 0x2f, 0xe2, 0x6e, 0xe0,
    0x1f, 0xf0, 0x3f, 0xd0,

    /* U+0058 "X" */
    0x4f, 0x50, 0x6, 0xf2, 0xb, 0xe0, 0x1e, 0x80,
    0x2, 0xf7, 0x9e, 0x0, 0x0, 0x8f, 0xf5, 0x0,
    0x0, 0x2f, 0xf0, 0x0, 0x0, 0xad, 0xf7, 0x0,
    0x3, 0xf4, 0x8f, 0x10, 0xd, 0xb0, 0xe, 0xa0,
    0x7f, 0x20, 0x5, 0xf4,

    /* U+0059 "Y" */
    0x9f, 0x10, 0x3, 0xf5, 0x1f, 0x80, 0xb, 0xd0,
    0x8, 0xf1, 0x3f, 0x40, 0x0, 0xe8, 0xbc, 0x0,
    0x0, 0x6f, 0xf3, 0x0, 0x0, 0xe, 0xb0, 0x0,
    0x0, 0xd, 0xa0, 0x0, 0x0, 0xd, 0xa0, 0x0,
    0x0, 0xd, 0xa0, 0x0,

    /* U+005A "Z" */
    0x3f, 0xff, 0xff, 0xf0, 0x4, 0x44, 0x4e, 0xd0,
    0x0, 0x0, 0x8f, 0x20, 0x0, 0x4, 0xf6, 0x0,
    0x0, 0x1e, 0xa0, 0x0, 0x0, 0xbd, 0x0, 0x0,
    0x7, 0xf2, 0x0, 0x0, 0x3f, 0x94, 0x44, 0x40,
    0x6f, 0xff, 0xff, 0xf2,

    /* U+005B "[" */
    0x5f, 0xff, 0x95, 0xd0, 0x0, 0x5d, 0x0, 0x5,
    0xd0, 0x0, 0x5d, 0x0, 0x5, 0xd0, 0x0, 0x5d,
    0x0, 0x5, 0xd0, 0x0, 0x5d, 0x0, 0x5, 0xd0,
    0x0, 0x5d, 0x0, 0x5, 0xfe, 0xe8, 0x1, 0x11,
    0x10,

    /* U+005C "\\" */
    0xb8, 0x0, 0x0, 0x6e, 0x0, 0x0, 0xf, 0x40,
    0x0, 0xa, 0x90, 0x0, 0x4, 0xf0, 0x0, 0x0,
    0xe5, 0x0, 0x0, 0x8b, 0x0, 0x0, 0x3f, 0x10,
    0x0, 0xd, 0x70, 0x0, 0x7, 0xc0, 0x0, 0x1,
    0xf2, 0x0, 0x0, 0xb8,

    /* U+005D "]" */
    0xcf, 0xff, 0x10, 0x1, 0xf1, 0x0, 0x1f, 0x10,
    0x1, 0xf1, 0x0, 0x1f, 0x10, 0x1, 0xf1, 0x0,
    0x1f, 0x10, 0x1, 0xf1, 0x0, 0x1f, 0x10, 0x1,
    0xf1, 0x0, 0x1f, 0x1b, 0xee, 0xf1, 0x11, 0x11,
    0x0,

    /* U+005E "^" */
    0x0, 0x2f, 0xe0, 0x0, 0x0, 0xac, 0xe6, 0x0,
    0x2, 0xf3, 0x7e, 0x0, 0xa, 0xb0, 0xe, 0x70,
    0x2f, 0x30, 0x7, 0xe0, 0x27, 0x0, 0x0, 0x81,

    /* U+005F "_" */
    0x0, 0x0, 0x0, 0x0, 0x3f, 0xff, 0xff, 0xf0,
    0x3, 0x33, 0x33, 0x30,

    /* U+0060 "`" */
    0x13, 0x7, 0xe0, 0xc, 0x60, 0x10,

    /* U+0061 "a" */
    0x4, 0xcf, 0xe6, 0x0, 0xb, 0x72, 0x7f, 0x30,
    0x0, 0x0, 0xf, 0x60, 0x5, 0xce, 0xef, 0x60,
    0x1f, 0x60, 0xf, 0x60, 0x2f, 0x50, 0x4f, 0x80,
    0x7, 0xee, 0x88, 0xf4,

    /* U+0062 "b" */
    0xf7, 0x0, 0x0, 0xf, 0x70, 0x0, 0x0, 0xf7,
    0x0, 0x0, 0xf, 0x7b, 0xfc, 0x20, 0xfc, 0x44,
    0xeb, 0xf, 0x70, 0x7, 0xf0, 0xf7, 0x0, 0x5f,
    0x1f, 0x70, 0x7, 0xf0, 0xfc, 0x44, 0xeb, 0xf,
    0x7b, 0xfc, 0x20,

    /* U+0063 "c" */
    0x0, 0x8e, 0xfa, 0x10, 0x8e, 0x54, 0xd7, 0xe,
    0x80, 0x0, 0x0, 0xf7, 0x0, 0x0, 0xe, 0x80,
    0x0, 0x0, 0x8e, 0x53, 0xc9, 0x0, 0x8e, 0xfb,
    0x10,

    /* U+0064 "d" */
    0x0, 0x0, 0xa, 0xc0, 0x0, 0x0, 0xac, 0x0,
    0x0, 0xa, 0xc0, 0x3d, 0xf9, 0xac, 0xe, 0xc3,
    0x5e, 0xc3, 0xf3, 0x0, 0xac, 0x5f, 0x20, 0xa,
    0xc3, 0xf3, 0x0, 0xac, 0xe, 0xc3, 0x5e, 0xc0,
    0x3d, 0xf9, 0xac,

    /* U+0065 "e" */
    0x1, 0x9e, 0xe8, 0x0, 0xa, 0xd3, 0x3e, 0x70,
    0x1f, 0x40, 0x7, 0xd0, 0x2f, 0xff, 0xff, 0xf0,
    0x1f, 0x40, 0x0, 0x0, 0xb, 0xd4, 0x4b, 0x80,
    0x1, 0xae, 0xfb, 0x10,

    /* U+0066 "f" */
    0x0, 0x5, 0xef, 0xf2, 0x0, 0xc, 0xa2, 0x20,
    0x0, 0xd, 0x90, 0x0, 0x1f, 0xff, 0xff, 0xf2,
    0x2, 0x2d, 0xa2, 0x20, 0x0, 0xd, 0x90, 0x0,
    0x0, 0xd, 0x90, 0x0, 0x0, 0xd, 0x90, 0x0,
    0x2, 0x2d, 0xa2, 0x20, 0xf, 0xff, 0xff, 0xd0,

    /* U+0067 "g" */
    0x0, 0x0, 0xa, 0xf3, 0x1, 0xae, 0xec, 0x20,
    0xa, 0xc0, 0x2f, 0x50, 0xd, 0x80, 0xd, 0x80,
    0xa, 0xc0, 0x2f, 0x50, 0x1, 0xef, 0xe7, 0x0,
    0xa, 0x93, 0x32, 0x0, 0x6, 0xff, 0xff, 0xc0,
    0x1e, 0x20, 0x2, 0xf5, 0x2f, 0x40, 0x4, 0xf3,
    0x7, 0xef, 0xfd, 0x60,

    /* U+0068 "h" */
    0xe8, 0x0, 0x0, 0xe8, 0x0, 0x0, 0xe8, 0x0,
    0x0, 0xe9, 0xbf, 0xb1, 0xed, 0x45, 0xf8, 0xe8,
    0x0, 0xab, 0xe8, 0x0, 0xac, 0xe8, 0x0, 0xac,
    0xe8, 0x0, 0xac, 0xe8, 0x0, 0xac,

    /* U+0069 "i" */
    0x0, 0x8f, 0x20, 0x0, 0x6, 0xc1, 0x0, 0x0,
    0x0, 0x0, 0xb, 0xff, 0xf0, 0x0, 0x12, 0x8f,
    0x0, 0x0, 0x6, 0xf0, 0x0, 0x0, 0x6f, 0x0,
    0x0, 0x6, 0xf0, 0x0, 0x12, 0x8f, 0x22, 0xb,
    0xff, 0xff, 0xf2,

    /* U+006A "j" */
    0x0, 0xd, 0xc0, 0x0, 0xb9, 0x0, 0x0, 0xc,
    0xff, 0xfa, 0x22, 0x2c, 0xa0, 0x0, 0xca, 0x0,
    0xc, 0xa0, 0x0, 0xca, 0x0, 0xc, 0xa0, 0x0,
    0xca, 0x0, 0xc, 0xa1, 0x22, 0xc9, 0xbf, 0xfe,
    0x30,

    /* U+006B "k" */
    0xd9, 0x0, 0x0, 0xd, 0x90, 0x0, 0x0, 0xd9,
    0x0, 0x0, 0xd, 0x90, 0x1d, 0xb0, 0xd9, 0x1d,
    0xb0, 0xd, 0xad, 0xc0, 0x0, 0xdf, 0xdf, 0x10,
    0xd, 0xb0, 0xdc, 0x0, 0xd9, 0x3, 0xf7, 0xd,
    0x90, 0x8, 0xf3,

    /* U+006C "l" */
    0xf, 0xff, 0x90, 0x0, 0x22, 0xd9, 0x0, 0x0,
    0xc, 0x90, 0x0, 0x0, 0xc9, 0x0, 0x0, 0xc,
    0x90, 0x0, 0x0, 0xc9, 0x0, 0x0, 0xc, 0x90,
    0x0, 0x0, 0xc9, 0x0, 0x2, 0x2d, 0xa2, 0x20,
    0xff, 0xff, 0xfd,

    /* U+006D "m" */
    0x6d, 0xce, 0x6e, 0xb0, 0x6e, 0xd, 0xa2, 0xf2,
    0x6c, 0xb, 0x80, 0xf3, 0x6c, 0xb, 0x80, 0xf3,
    0x6c, 0xb, 0x80, 0xf3, 0x6c, 0xb, 0x80, 0xf3,
    0x6c, 0xb, 0x80, 0xf3,

    /* U+006E "n" */
    0xe9, 0xcf, 0xb1, 0xec, 0x12, 0xe8, 0xe8, 0x0,
    0xab, 0xe8, 0x0, 0xac, 0xe8, 0x0, 0xac, 0xe8,
    0x0, 0xac, 0xe8, 0x0, 0xac,

    /* U+006F "o" */
    0x1, 0xae, 0xe8, 0x0, 0xc, 0xc3, 0x4e, 0x80,
    0x2f, 0x40, 0x7, 0xe0, 0x3f, 0x30, 0x6, 0xf0,
    0x2f, 0x40, 0x7, 0xe0, 0xc, 0xc3, 0x4e, 0x80,
    0x1, 0xae, 0xe9, 0x0,

    /* U+0070 "p" */
    0xf7, 0xbf, 0xc2, 0xf, 0xb1, 0x2d, 0xb0, 0xf7,
    0x0, 0x6f, 0xf, 0x70, 0x5, 0xf1, 0xf7, 0x0,
    0x7f, 0xf, 0xc4, 0x4e, 0xb0, 0xf7, 0xbf, 0xc2,
    0xf, 0x70, 0x0, 0x0, 0xf7, 0x0, 0x0, 0xf,
    0x70, 0x0, 0x0,

    /* U+0071 "q" */
    0x3, 0xdf, 0x9a, 0xc0, 0xec, 0x35, 0xec, 0x3f,
    0x30, 0xa, 0xc5, 0xf2, 0x0, 0xac, 0x3f, 0x30,
    0xa, 0xc0, 0xec, 0x35, 0xec, 0x3, 0xdf, 0x9a,
    0xc0, 0x0, 0x0, 0xac, 0x0, 0x0, 0xa, 0xc0,
    0x0, 0x0, 0xac,

    /* U+0072 "r" */
    0xf, 0xff, 0x4c, 0xf4, 0x2, 0x5f, 0xb7, 0x61,
    0x0, 0x3f, 0x50, 0x0, 0x0, 0x3f, 0x30, 0x0,
    0x0, 0x3f, 0x30, 0x0, 0x2, 0x5f, 0x52, 0x0,
    0xf, 0xff, 0xff, 0x10,

    /* U+0073 "s" */
    0x2, 0xbf, 0xfb, 0x20, 0xbc, 0x22, 0x85, 0xc,
    0xc3, 0x10, 0x0, 0x2c, 0xff, 0xd3, 0x0, 0x0,
    0x2c, 0xc0, 0xd7, 0x22, 0xcb, 0x5, 0xcf, 0xeb,
    0x10,

    /* U+0074 "t" */
    0x0, 0x5f, 0x0, 0x0, 0x6, 0xf0, 0x0, 0x7f,
    0xff, 0xff, 0xd1, 0x28, 0xf2, 0x22, 0x0, 0x6f,
    0x0, 0x0, 0x6, 0xf0, 0x0, 0x0, 0x6f, 0x0,
    0x0, 0x5, 0xf2, 0x22, 0x0, 0x1c, 0xff, 0xd0,

    /* U+0075 "u" */
    0xf7, 0x0, 0xbb, 0xf7, 0x0, 0xbb, 0xf7, 0x0,
    0xbb, 0xf7, 0x0, 0xbb, 0xf7, 0x0, 0xbb, 0xcd,
    0x35, 0xeb, 0x2d, 0xf9, 0xbb,

    /* U+0076 "v" */
    0x3f, 0x30, 0x6, 0xf0, 0xd, 0x80, 0xb, 0xa0,
    0x8, 0xd0, 0xf, 0x40, 0x2, 0xf2, 0x5f, 0x0,
    0x0, 0xd7, 0xa9, 0x0, 0x0, 0x7d, 0xe4, 0x0,
    0x0, 0x2f, 0xe0, 0x0,

    /* U+0077 "w" */
    0xa8, 0xd, 0xb0, 0xa7, 0x8a, 0xe, 0xd0, 0xc5,
    0x6b, 0x3a, 0xd0, 0xe3, 0x4d, 0x58, 0xb3, 0xf1,
    0x2f, 0x85, 0x87, 0xf0, 0xf, 0xc2, 0x6c, 0xc0,
    0xd, 0xf0, 0x3f, 0xa0,

    /* U+0078 "x" */
    0x1e, 0xa0, 0xc, 0xb0, 0x4, 0xf5, 0x6e, 0x10,
    0x0, 0x9e, 0xf5, 0x0, 0x0, 0x1f, 0xd0, 0x0,
    0x0, 0xac, 0xf7, 0x0, 0x5, 0xf2, 0x7f, 0x30,
    0x2f, 0x70, 0xc, 0xd0,

    /* U+0079 "y" */
    0x5f, 0x20, 0x5, 0xf1, 0xe, 0x80, 0xa, 0xb0,
    0x8, 0xd0, 0xf, 0x50, 0x2, 0xf3, 0x5f, 0x0,
    0x0, 0xc8, 0xb9, 0x0, 0x0, 0x6e, 0xf3, 0x0,
    0x0, 0x1f, 0xd0, 0x0, 0x0, 0xe, 0x70, 0x0,
    0x2, 0x6f, 0x10, 0x0, 0xf, 0xf7, 0x0, 0x0,

    /* U+007A "z" */
    0xdf, 0xff, 0xfa, 0x22, 0x26, 0xf7, 0x0, 0x2f,
    0x90, 0x1, 0xea, 0x0, 0x1d, 0xc0, 0x0, 0xce,
    0x32, 0x22, 0xff, 0xff, 0xfc,

    /* U+007B "{" */
    0x0, 0xcf, 0xf8, 0x1, 0xf1, 0x0, 0x0, 0xf3,
    0x0, 0x0, 0x6d, 0x0, 0x0, 0x2f, 0x10, 0xae,
    0xf6, 0x0, 0x12, 0x6e, 0x10, 0x0, 0x2f, 0x10,
    0x0, 0xba, 0x0, 0x0, 0xf2, 0x0, 0x1, 0xf1,
    0x0, 0x0, 0xde, 0xe7, 0x0, 0x1, 0x10,

    /* U+007C "|" */
    0xb8, 0xb8, 0xb8, 0xb8, 0xb8, 0xb8, 0xb8, 0xb8,
    0xb8, 0xb8, 0xb8, 0xa7,

    /* U+007D "}" */
    0xbf, 0xf9, 0x0, 0x0, 0x4e, 0x0, 0x0, 0x6c,
    0x0, 0x1, 0xe3, 0x0, 0x5, 0xe1, 0x0, 0x0,
    0x9f, 0xe7, 0x3, 0xe4, 0x10, 0x4, 0xe0, 0x0,
    0x0, 0xd7, 0x0, 0x0, 0x5d, 0x0, 0x0, 0x4e,
    0x0, 0xae, 0xfa, 0x0, 0x11, 0x10, 0x0,

    /* U+007E "~" */
    0x7, 0xfa, 0x0, 0xb1, 0x1f, 0x5d, 0x94, 0xe0,
    0x4b, 0x2, 0xef, 0x60, 0x0, 0x0, 0x1, 0x0,

    /* U+00B0 "°" */
    0x5, 0xdc, 0x30, 0x2e, 0x35, 0xe0, 0x5b, 0x0,
    0xe2, 0x3e, 0x12, 0xf0, 0x8, 0xff, 0x50, 0x0,
    0x0, 0x0,

    /* U+00B7 "·" */
    0x1, 0x10, 0x2f, 0xe0, 0x1e, 0xc0,

    /* U+00C0 "À" */
    0x0, 0x13, 0x0, 0x0, 0x0, 0x8e, 0x0, 0x0,
    0x0, 0xc, 0x60, 0x0, 0x0, 0x1, 0x0, 0x0,
    0x0, 0x3f, 0xf1, 0x0, 0x0, 0x8a, 0xe5, 0x0,
    0x0, 0xd6, 0xaa, 0x0, 0x1, 0xf1, 0x5e, 0x0,
    0x6, 0xd0, 0x1f, 0x30, 0xb, 0xff, 0xff, 0x80,
    0xf, 0x73, 0x3a, 0xc0, 0x4f, 0x10, 0x5, 0xf1,
    0x9d, 0x0, 0x1, 0xf6,

    /* U+00C1 "Á" */
    0x0, 0x0, 0x40, 0x0, 0x0, 0x2, 0xf4, 0x0,
    0x0, 0x9, 0x90, 0x0, 0x0, 0x1, 0x0, 0x0,
    0x0, 0x3f, 0xf1, 0x0, 0x0, 0x8a, 0xe5, 0x0,
    0x0, 0xd6, 0xaa, 0x0, 0x1, 0xf1, 0x5e, 0x0,
    0x6, 0xd0, 0x1f, 0x30, 0xb, 0xff, 0xff, 0x80,
    0xf, 0x73, 0x3a, 0xc0, 0x4f, 0x10, 0x5, 0xf1,
    0x9d, 0x0, 0x1, 0xf6,

    /* U+00C2 "Â" */
    0x0, 0x7, 0x60, 0x0, 0x0, 0x8e, 0xf5, 0x0,
    0x2, 0xe2, 0x4e, 0x0, 0x0, 0x0, 0x0, 0x0,
    0x0, 0x3f, 0xf1, 0x0, 0x0, 0x8a, 0xe5, 0x0,
    0x0, 0xd6, 0xaa, 0x0, 0x1, 0xf1, 0x5e, 0x0,
    0x6, 0xd0, 0x1f, 0x30, 0xb, 0xff, 0xff, 0x80,
    0xf, 0x73, 0x3a, 0xc0, 0x4f, 0x10, 0x5, 0xf1,
    0x9d, 0x0, 0x1, 0xf6,

    /* U+00C3 "Ã" */
    0x1, 0xdb, 0x13, 0x0, 0x2, 0x56, 0xfd, 0x0,
    0x0, 0x0, 0x0, 0x0, 0x0, 0x3f, 0xf1, 0x0,
    0x0, 0x8a, 0xe5, 0x0, 0x0, 0xd6, 0xaa, 0x0,
    0x1, 0xf1, 0x5e, 0x0, 0x6, 0xd0, 0x1f, 0x30,
    0xb, 0xff, 0xff, 0x80, 0xf, 0x73, 0x3a, 0xc0,
    0x4f, 0x10, 0x5, 0xf1, 0x9d, 0x0, 0x1, 0xf6,

    /* U+00C4 "Ä" */
    0x2, 0xf5, 0x8e, 0x0, 0x1, 0x92, 0x59, 0x0,
    0x0, 0x0, 0x0, 0x0, 0x0, 0x3f, 0xf1, 0x0,
    0x0, 0x8a, 0xe5, 0x0, 0x0, 0xd6, 0xaa, 0x0,
    0x1, 0xf1, 0x5e, 0x0, 0x6, 0xd0, 0x1f, 0x30,
    0xb, 0xff, 0xff, 0x80, 0xf, 0x73, 0x3a, 0xc0,
    0x4f, 0x10, 0x5, 0xf1, 0x9d, 0x0, 0x1, 0xf6,

    /* U+00C5 "Å" */
    0x0, 0x4c, 0xb2, 0x0, 0x0, 0xb4, 0x78, 0x0,
    0x0, 0x4c, 0xc2, 0x0, 0x0, 0x0, 0x0, 0x0,
    0x0, 0x3f, 0xf1, 0x0, 0x0, 0x8a, 0xe5, 0x0,
    0x0, 0xd6, 0xaa, 0x0, 0x1, 0xf1, 0x5e, 0x0,
    0x6, 0xd0, 0x1f, 0x30, 0xb, 0xff, 0xff, 0x80,
    0xf, 0x73, 0x3a, 0xc0, 0x4f, 0x10, 0x5, 0xf1,
    0x9d, 0x0, 0x1, 0xf6,

    /* U+00C6 "Æ" */
    0x0, 0x9f, 0xff, 0xf5, 0x0, 0xd9, 0xf5, 0x20,
    0x2, 0xf4, 0xf3, 0x0, 0x6, 0xd2, 0xf3, 0x0,
    0xa, 0x92, 0xff, 0xf3, 0xe, 0xff, 0xf3, 0x0,
    0x3f, 0x34, 0xf3, 0x0, 0x7e, 0x2, 0xf5, 0x20,
    0xba, 0x2, 0xff, 0xf5,

    /* U+00C7 "Ç" */
    0x0, 0x9e, 0xfb, 0x10, 0x8, 0xf6, 0x4d, 0xc0,
    0xf, 0x80, 0x3, 0x60, 0x2f, 0x50, 0x0, 0x0,
    0x3f, 0x40, 0x0, 0x0, 0x2f, 0x50, 0x0, 0x0,
    0x1f, 0x80, 0x2, 0x60, 0xb, 0xf6, 0x4d, 0xc0,
    0x2, 0xef, 0xfb, 0x20, 0x0, 0x9, 0x30, 0x0,
    0x0, 0x3, 0xa8, 0x0, 0x0, 0x1c, 0xd6, 0x0,

    /* U+00C8 "È" */
    0x0, 0x30, 0x0, 0x7, 0xe0, 0x0, 0x0, 0xc7,
    0x0, 0x0, 0x10, 0x0, 0xef, 0xff, 0xfc, 0xea,
    0x44, 0x43, 0xe9, 0x0, 0x0, 0xe9, 0x0, 0x0,
    0xef, 0xff, 0xfa, 0xea, 0x33, 0x32, 0xe9, 0x0,
    0x0, 0xea, 0x44, 0x43, 0xef, 0xff, 0xfc,

    /* U+00C9 "É" */
    0x0, 0x4, 0x0, 0x0, 0x1f, 0x50, 0x0, 0x9a,
    0x0, 0x0, 0x11, 0x0, 0xef, 0xff, 0xfc, 0xea,
    0x44, 0x43, 0xe9, 0x0, 0x0, 0xe9, 0x0, 0x0,
    0xef, 0xff, 0xfa, 0xea, 0x33, 0x32, 0xe9, 0x0,
    0x0, 0xea, 0x44, 0x43, 0xef, 0xff, 0xfc,

    /* U+00CA "Ê" */
    0x0, 0x76, 0x0, 0x7, 0xef, 0x60, 0x1e, 0x23,
    0xe0, 0x0, 0x0, 0x0, 0xef, 0xff, 0xfc, 0xea,
    0x44, 0x43, 0xe9, 0x0, 0x0, 0xe9, 0x0, 0x0,
    0xef, 0xff, 0xfa, 0xea, 0x33, 0x32, 0xe9, 0x0,
    0x0, 0xea, 0x44, 0x43, 0xef, 0xff, 0xfc,

    /* U+00CB "Ë" */
    0x2f, 0x67, 0xe0, 0x9, 0x34, 0x90, 0x0, 0x0,
    0x0, 0xef, 0xff, 0xfc, 0xea, 0x44, 0x43, 0xe9,
    0x0, 0x0, 0xe9, 0x0, 0x0, 0xef, 0xff, 0xfa,
    0xea, 0x33, 0x32, 0xe9, 0x0, 0x0, 0xea, 0x44,
    0x43, 0xef, 0xff, 0xfc,

    /* U+00CC "Ì" */
    0x1, 0x30, 0x0, 0x8, 0xe0, 0x0, 0x0, 0xc6,
    0x0, 0x0, 0x10, 0x0, 0xff, 0xff, 0xfc, 0x22,
    0xda, 0x21, 0x0, 0xda, 0x0, 0x0, 0xda, 0x0,
    0x0, 0xda, 0x0, 0x0, 0xda, 0x0, 0x0, 0xda,
    0x0, 0x12, 0xda, 0x21, 0xff, 0xff, 0xfc,

    /* U+00CD "Í" */
    0x0, 0x4, 0x0, 0x0, 0x2f, 0x40, 0x0, 0x99,
    0x0, 0x0, 0x10, 0x0, 0xff, 0xff, 0xfc, 0x22,
    0xda, 0x21, 0x0, 0xda, 0x0, 0x0, 0xda, 0x0,
    0x0, 0xda, 0x0, 0x0, 0xda, 0x0, 0x0, 0xda,
    0x0, 0x12, 0xda, 0x21, 0xff, 0xff, 0xfc,

    /* U+00CE "Î" */
    0x0, 0x76, 0x0, 0x8, 0xef, 0x50, 0x2e, 0x24,
    0xe0, 0x0, 0x0, 0x0, 0xff, 0xff, 0xfc, 0x22,
    0xda, 0x21, 0x0, 0xda, 0x0, 0x0, 0xda, 0x0,
    0x0, 0xda, 0x0, 0x0, 0xda, 0x0, 0x0, 0xda,
    0x0, 0x12, 0xda, 0x21, 0xff, 0xff, 0xfc,

    /* U+00CF "Ï" */
    0x2f, 0x58, 0xe0, 0x19, 0x25, 0x90, 0x0, 0x0,
    0x0, 0xff, 0xff, 0xfc, 0x22, 0xda, 0x21, 0x0,
    0xda, 0x0, 0x0, 0xda, 0x0, 0x0, 0xda, 0x0,
    0x0, 0xda, 0x0, 0x0, 0xda, 0x0, 0x12, 0xda,
    0x21, 0xff, 0xff, 0xfc,

    /* U+00D0 "Ð" */
    0xd, 0xff, 0xe8, 0x0, 0xd, 0xa3, 0x7f, 0x80,
    0xd, 0x90, 0x9, 0xe0, 0xd, 0x90, 0x6, 0xf1,
    0xcf, 0xff, 0x35, 0xf2, 0x1e, 0xa2, 0x6, 0xf1,
    0xd, 0x90, 0x9, 0xe0, 0xd, 0xa3, 0x6f, 0x80,
    0xd, 0xff, 0xe9, 0x0,

    /* U+00D1 "Ñ" */
    0x1, 0xdb, 0x13, 0x0, 0x25, 0x6f, 0xd0, 0x0,
    0x0, 0x0, 0x1, 0xff, 0x0, 0x6d, 0x1f, 0xf6,
    0x6, 0xd1, 0xfb, 0xc0, 0x6d, 0x1f, 0x5f, 0x26,
    0xd1, 0xf3, 0xc8, 0x6d, 0x1f, 0x35, 0xe6, 0xd1,
    0xf3, 0xf, 0xbd, 0x1f, 0x30, 0x9f, 0xd1, 0xf3,
    0x3, 0xfd,

    /* U+00D2 "Ò" */
    0x0, 0x1, 0x0, 0x0, 0x0, 0x8d, 0x0, 0x0,
    0x0, 0xe, 0x50, 0x0, 0x0, 0x3, 0x20, 0x0,
    0x1, 0xbf, 0xe9, 0x0, 0xc, 0xd5, 0x6f, 0x90,
    0x2f, 0x50, 0x8, 0xf0, 0x5f, 0x20, 0x5, 0xf2,
    0x6f, 0x20, 0x5, 0xf3, 0x5f, 0x20, 0x5, 0xf2,
    0x2f, 0x50, 0x8, 0xf0, 0xc, 0xd5, 0x6f, 0x80,
    0x1, 0xbf, 0xe9, 0x0,

    /* U+00D3 "Ó" */
    0x0, 0x0, 0x20, 0x0, 0x0, 0x1, 0xf5, 0x0,
    0x0, 0x8, 0xb0, 0x0, 0x0, 0x3, 0x10, 0x0,
    0x1, 0xbf, 0xe9, 0x0, 0xc, 0xd5, 0x6f, 0x90,
    0x2f, 0x50, 0x8, 0xf0, 0x5f, 0x20, 0x5, 0xf2,
    0x6f, 0x20, 0x5, 0xf3, 0x5f, 0x20, 0x5, 0xf2,
    0x2f, 0x50, 0x8, 0xf0, 0xc, 0xd5, 0x6f, 0x80,
    0x1, 0xbf, 0xe9, 0x0,

    /* U+00D4 "Ô" */
    0x0, 0x7, 0x60, 0x0, 0x0, 0x8e, 0xf4, 0x0,
    0x2, 0xe2, 0x5e, 0x0, 0x0, 0x20, 0x2, 0x0,
    0x1, 0xbf, 0xe9, 0x0, 0xc, 0xd5, 0x6f, 0x90,
    0x2f, 0x50, 0x8, 0xf0, 0x5f, 0x20, 0x5, 0xf2,
    0x6f, 0x20, 0x5, 0xf3, 0x5f, 0x20, 0x5, 0xf2,
    0x2f, 0x50, 0x8, 0xf0, 0xc, 0xd5, 0x6f, 0x80,
    0x1, 0xbf, 0xe9, 0x0,

    /* U+00D5 "Õ" */
    0x2, 0xef, 0xfd, 0x0, 0x0, 0x22, 0x20, 0x0,
    0x0, 0x0, 0x0, 0x0, 0x1, 0xbf, 0xe9, 0x0,
    0xc, 0xd5, 0x6f, 0x90, 0x2f, 0x50, 0x8, 0xf0,
    0x5f, 0x20, 0x5, 0xf2, 0x6f, 0x20, 0x5, 0xf3,
    0x5f, 0x20, 0x5, 0xf2, 0x2f, 0x50, 0x8, 0xf0,
    0xc, 0xd5, 0x6f, 0x80, 0x1, 0xbf, 0xe9, 0x0,

    /* U+00D6 "Ö" */
    0x2, 0xf5, 0x8e, 0x0, 0x1, 0x92, 0x59, 0x0,
    0x0, 0x0, 0x0, 0x0, 0x1, 0xbf, 0xe9, 0x0,
    0xc, 0xd5, 0x6f, 0x90, 0x2f, 0x50, 0x8, 0xf0,
    0x5f, 0x20, 0x5, 0xf2, 0x6f, 0x20, 0x5, 0xf3,
    0x5f, 0x20, 0x5, 0xf2, 0x2f, 0x50, 0x8, 0xf0,
    0xc, 0xd5, 0x6f, 0x80, 0x1, 0xbf, 0xe9, 0x0,

    /* U+00D7 "×" */
    0x85, 0x0, 0x86, 0x5f, 0x58, 0xf3, 0x6, 0xff,
    0x30, 0x7, 0xff, 0x40, 0x7f, 0x46, 0xf4, 0x74,
    0x0, 0x74,

    /* U+00D8 "Ø" */
    0x0, 0x0, 0x0, 0x50, 0x1, 0xbf, 0xea, 0xf1,
    0xc, 0xd5, 0x6f, 0xa0, 0x2f, 0x50, 0x6f, 0xe0,
    0x5f, 0x21, 0xe7, 0xf2, 0x6f, 0x2a, 0x75, 0xf3,
    0x5f, 0x6d, 0x5, 0xf2, 0x2f, 0xf3, 0x8, 0xf0,
    0xd, 0xe5, 0x6f, 0x80, 0x4f, 0xaf, 0xe9, 0x0,
    0x14, 0x0, 0x0, 0x0,

    /* U+00D9 "Ù" */
    0x0, 0x13, 0x0, 0x0, 0x8, 0xe0, 0x0, 0x0,
    0xc, 0x60, 0x0, 0x0, 0x10, 0x0, 0x1f, 0x50,
    0x8, 0xe1, 0xf5, 0x0, 0x8e, 0x1f, 0x50, 0x8,
    0xe1, 0xf5, 0x0, 0x8e, 0x1f, 0x50, 0x8, 0xe1,
    0xf5, 0x0, 0x8e, 0xf, 0x60, 0xa, 0xd0, 0xcd,
    0x45, 0xf8, 0x2, 0xcf, 0xfb, 0x10,

    /* U+00DA "Ú" */
    0x0, 0x0, 0x40, 0x0, 0x0, 0x2f, 0x40, 0x0,
    0x9, 0x90, 0x0, 0x0, 0x10, 0x0, 0x1f, 0x50,
    0x8, 0xe1, 0xf5, 0x0, 0x8e, 0x1f, 0x50, 0x8,
    0xe1, 0xf5, 0x0, 0x8e, 0x1f, 0x50, 0x8, 0xe1,
    0xf5, 0x0, 0x8e, 0xf, 0x60, 0xa, 0xd0, 0xcd,
    0x45, 0xf8, 0x2, 0xcf, 0xfb, 0x10,

    /* U+00DB "Û" */
    0x0, 0x7, 0x60, 0x0, 0x8, 0xef, 0x50, 0x2,
    0xe2, 0x4e, 0x0, 0x0, 0x0, 0x0, 0x1f, 0x50,
    0x8, 0xe1, 0xf5, 0x0, 0x8e, 0x1f, 0x50, 0x8,
    0xe1, 0xf5, 0x0, 0x8e, 0x1f, 0x50, 0x8, 0xe1,
    0xf5, 0x0, 0x8e, 0xf, 0x60, 0xa, 0xd0, 0xcd,
    0x45, 0xf8, 0x2, 0xcf, 0xfb, 0x10,

    /* U+00DC "Ü" */
    0x2, 0xf5, 0x8e, 0x0, 0x19, 0x25, 0x90, 0x0,
    0x0, 0x0, 0x1, 0xf5, 0x0, 0x8e, 0x1f, 0x50,
    0x8, 0xe1, 0xf5, 0x0, 0x8e, 0x1f, 0x50, 0x8,
    0xe1, 0xf5, 0x0, 0x8e, 0x1f, 0x50, 0x8, 0xe0,
    0xf6, 0x0, 0xad, 0xc, 0xd4, 0x5f, 0x80, 0x2c,
    0xff, 0xb1,

    /* U+00DD "Ý" */
    0x0, 0x0, 0x40, 0x0, 0x0, 0x2, 0xf4, 0x0,
    0x0, 0x9, 0x90, 0x0, 0x0, 0x1, 0x0, 0x0,
    0x9f, 0x10, 0x3, 0xf5, 0x1f, 0x80, 0xb, 0xd0,
    0x8, 0xf1, 0x3f, 0x40, 0x0, 0xe8, 0xbc, 0x0,
    0x0, 0x6f, 0xf3, 0x0, 0x0, 0xe, 0xb0, 0x0,
    0x0, 0xd, 0xa0, 0x0, 0x0, 0xd, 0xa0, 0x0,
    0x0, 0xd, 0xa0, 0x0,

    /* U+00DE "Þ" */
    0xe8, 0x0, 0x0, 0xe, 0x80, 0x0, 0x0, 0xef,
    0xff, 0xd3, 0xe, 0xa3, 0x3c, 0xe0, 0xe8, 0x0,
    0x6f, 0x1e, 0x80, 0xa, 0xf0, 0xef, 0xff, 0xf5,
    0xe, 0xa3, 0x20, 0x0, 0xe8, 0x0, 0x0, 0x0,

    /* U+00DF "ß" */
    0x6f, 0xfb, 0x0, 0xd, 0x82, 0x10, 0x0, 0xe7,
    0x0, 0x0, 0xe, 0xff, 0xff, 0xe0, 0xe8, 0x22,
    0xca, 0xe, 0x70, 0x6e, 0x10, 0xe7, 0x2f, 0x40,
    0xe, 0x76, 0xfb, 0x30, 0xe7, 0x3, 0x9f, 0x2e,
    0x70, 0x0, 0xf6, 0x0, 0x0, 0x1f, 0x50, 0x1,
    0x3a, 0xe1, 0x0, 0xdf, 0xb3, 0x0,

    /* U+00E0 "à" */
    0x0, 0x22, 0x0, 0x0, 0x0, 0xac, 0x0, 0x0,
    0x0, 0x1e, 0x40, 0x0, 0x0, 0x1, 0x0, 0x0,
    0x4, 0xcf, 0xe6, 0x0, 0xb, 0x72, 0x7f, 0x30,
    0x0, 0x0, 0xf, 0x60, 0x5, 0xce, 0xef, 0x60,
    0x1f, 0x60, 0xf, 0x60, 0x2f, 0x50, 0x4f, 0x80,
    0x7, 0xee, 0x88, 0xf4,

    /* U+00E1 "á" */
    0x0, 0x0, 0x40, 0x0, 0x0, 0x4, 0xf2, 0x0,
    0x0, 0xc, 0x70, 0x0, 0x0, 0x2, 0x0, 0x0,
    0x4, 0xcf, 0xe6, 0x0, 0xb, 0x72, 0x7f, 0x30,
    0x0, 0x0, 0xf, 0x60, 0x5, 0xce, 0xef, 0x60,
    0x1f, 0x60, 0xf, 0x60, 0x2f, 0x50, 0x4f, 0x80,
    0x7, 0xee, 0x88, 0xf4,

    /* U+00E2 "â" */
    0x0, 0x17, 0x50, 0x0, 0x0, 0xbd, 0xf3, 0x0,
    0x4, 0xc0, 0x6c, 0x0, 0x0, 0x0, 0x0, 0x0,
    0x4, 0xcf, 0xe6, 0x0, 0xb, 0x72, 0x7f, 0x30,
    0x0, 0x0, 0xf, 0x60, 0x5, 0xce, 0xef, 0x60,
    0x1f, 0x60, 0xf, 0x60, 0x2f, 0x50, 0x4f, 0x80,
    0x7, 0xee, 0x88, 0xf4,

    /* U+00E3 "ã" */
    0x3, 0xeb, 0x14, 0x0, 0x3, 0x37, 0xfb, 0x0,
    0x0, 0x0, 0x0, 0x0, 0x4, 0xcf, 0xe6, 0x0,
    0xb, 0x72, 0x7f, 0x30, 0x0, 0x0, 0xf, 0x60,
    0x5, 0xce, 0xef, 0x60, 0x1f, 0x60, 0xf, 0x60,
    0x2f, 0x50, 0x4f, 0x80, 0x7, 0xee, 0x88, 0xf4,

    /* U+00E4 "ä" */
    0x4, 0xf3, 0xbc, 0x0, 0x2, 0xa1, 0x67, 0x0,
    0x0, 0x0, 0x0, 0x0, 0x4, 0xcf, 0xe6, 0x0,
    0xb, 0x72, 0x7f, 0x30, 0x0, 0x0, 0xf, 0x60,
    0x5, 0xce, 0xef, 0x60, 0x1f, 0x60, 0xf, 0x60,
    0x2f, 0x50, 0x4f, 0x80, 0x7, 0xee, 0x88, 0xf4,

    /* U+00E5 "å" */
    0x0, 0x4c, 0x90, 0x0, 0x0, 0xd2, 0xa4, 0x0,
    0x0, 0xd2, 0xa5, 0x0, 0x0, 0x4c, 0xa0, 0x0,
    0x4, 0xcf, 0xe6, 0x0, 0xb, 0x72, 0x7f, 0x30,
    0x0, 0x0, 0xf, 0x60, 0x5, 0xce, 0xef, 0x60,
    0x1f, 0x60, 0xf, 0x60, 0x2f, 0x50, 0x4f, 0x80,
    0x7, 0xee, 0x88, 0xf4,

    /* U+00E6 "æ" */
    0x2d, 0xf6, 0xaf, 0xa0, 0x76, 0x1f, 0x90, 0xc4,
    0x0, 0xd, 0x50, 0x88, 0x3c, 0xdf, 0xed, 0xe8,
    0xc7, 0xd, 0x50, 0x0, 0xd7, 0x2d, 0xb1, 0xb4,
    0x5e, 0xc2, 0xbf, 0xa0,

    /* U+00E7 "ç" */
    0x0, 0x8e, 0xfa, 0x10, 0x8e, 0x54, 0xd7, 0xe,
    0x80, 0x0, 0x0, 0xf7, 0x0, 0x0, 0xe, 0x80,
    0x0, 0x0, 0x8e, 0x53, 0xc9, 0x0, 0x8e, 0xfb,
    0x10, 0x0, 0x83, 0x0, 0x0, 0x3, 0xa7, 0x0,
    0x1, 0xcd, 0x50,

    /* U+00E8 "è" */
    0x0, 0x13, 0x0, 0x0, 0x0, 0x7e, 0x0, 0x0,
    0x0, 0xc, 0x60, 0x0, 0x0, 0x1, 0x0, 0x0,
    0x1, 0x9e, 0xe8, 0x0, 0xa, 0xd3, 0x3e, 0x70,
    0x1f, 0x40, 0x7, 0xd0, 0x2f, 0xff, 0xff, 0xf0,
    0x1f, 0x40, 0x0, 0x0, 0xb, 0xd4, 0x4b, 0x80,
    0x1, 0xae, 0xfb, 0x10,

    /* U+00E9 "é" */
    0x0, 0x0, 0x40, 0x0, 0x0, 0x2, 0xf4, 0x0,
    0x0, 0x9, 0xa0, 0x0, 0x0, 0x1, 0x0, 0x0,
    0x1, 0x9e, 0xe8, 0x0, 0xa, 0xd3, 0x3e, 0x70,
    0x1f, 0x40, 0x7, 0xd0, 0x2f, 0xff, 0xff, 0xf0,
    0x1f, 0x40, 0x0, 0x0, 0xb, 0xd4, 0x4b, 0x80,
    0x1, 0xae, 0xfb, 0x10,

    /* U+00EA "ê" */
    0x0, 0x7, 0x60, 0x0, 0x0, 0x8e, 0xf5, 0x0,
    0x2, 0xe2, 0x4e, 0x0, 0x0, 0x0, 0x0, 0x0,
    0x1, 0x9e, 0xe8, 0x0, 0xa, 0xd3, 0x3e, 0x70,
    0x1f, 0x40, 0x7, 0xd0, 0x2f, 0xff, 0xff, 0xf0,
    0x1f, 0x40, 0x0, 0x0, 0xb, 0xd4, 0x4b, 0x80,
    0x1, 0xae, 0xfb, 0x10,

    /* U+00EB "ë" */
    0x2, 0xf5, 0x8e, 0x0, 0x1, 0xa3, 0x59, 0x0,
    0x0, 0x0, 0x0, 0x0, 0x1, 0x9e, 0xe8, 0x0,
    0xa, 0xd3, 0x3e, 0x70, 0x1f, 0x40, 0x7, 0xd0,
    0x2f, 0xff, 0xff, 0xf0, 0x1f, 0x40, 0x0, 0x0,
    0xb, 0xd4, 0x4b, 0x80, 0x1, 0xae, 0xfb, 0x10,

    /* U+00EC "ì" */
    0x0, 0x70, 0x0, 0x0, 0x1e, 0x60, 0x0, 0x0,
    0x4d, 0x0, 0x0, 0x0, 0x0, 0x0, 0xbf, 0xff,
    0x0, 0x1, 0x28, 0xf0, 0x0, 0x0, 0x6f, 0x0,
    0x0, 0x6, 0xf0, 0x0, 0x0, 0x6f, 0x0, 0x1,
    0x28, 0xf2, 0x20, 0xbf, 0xff, 0xff, 0x20,

    /* U+00ED "í" */
    0x0, 0x3, 0x40, 0x0, 0x0, 0xc9, 0x0, 0x0,
    0x3d, 0x0, 0x0, 0x0, 0x0, 0x0, 0xbf, 0xff,
    0x0, 0x1, 0x28, 0xf0, 0x0, 0x0, 0x6f, 0x0,
    0x0, 0x6, 0xf0, 0x0, 0x0, 0x6f, 0x0, 0x1,
    0x28, 0xf2, 0x20, 0xbf, 0xff, 0xff, 0x20,

    /* U+00EE "î" */
    0x0, 0x48, 0x10, 0x0, 0x3f, 0xcc, 0x0, 0xb,
    0x50, 0xb5, 0x0, 0x0, 0x0, 0x0, 0xbf, 0xff,
    0x0, 0x1, 0x28, 0xf0, 0x0, 0x0, 0x6f, 0x0,
    0x0, 0x6, 0xf0, 0x0, 0x0, 0x6f, 0x0, 0x1,
    0x28, 0xf2, 0x20, 0xbf, 0xff, 0xff, 0x20,

    /* U+00EF "ï" */
    0xb, 0xc2, 0xf5, 0x0, 0x77, 0x1a, 0x30, 0x0,
    0x0, 0x0, 0xb, 0xff, 0xf0, 0x0, 0x12, 0x8f,
    0x0, 0x0, 0x6, 0xf0, 0x0, 0x0, 0x6f, 0x0,
    0x0, 0x6, 0xf0, 0x0, 0x12, 0x8f, 0x22, 0xb,
    0xff, 0xff, 0xf2,

    /* U+00F0 "ð" */
    0x0, 0x0, 0x0, 0x0, 0x1, 0xae, 0x9b, 0x0,
    0x0, 0x4e, 0xf5, 0x0, 0x0, 0x42, 0x6f, 0x10,
    0x2, 0xcf, 0xbd, 0x80, 0xd, 0xc3, 0x4d, 0xd0,
    0x2f, 0x40, 0x7, 0xf0, 0x3f, 0x30, 0x6, 0xf0,
    0x2f, 0x40, 0x7, 0xe0, 0xb, 0xc3, 0x4e, 0x80,
    0x1, 0xae, 0xe9, 0x0,

    /* U+00F1 "ñ" */
    0x1d, 0xc2, 0x40, 0x15, 0x5e, 0xd0, 0x0, 0x0,
    0x0, 0xe9, 0xcf, 0xb1, 0xec, 0x12, 0xe8, 0xe8,
    0x0, 0xab, 0xe8, 0x0, 0xac, 0xe8, 0x0, 0xac,
    0xe8, 0x0, 0xac, 0xe8, 0x0, 0xac,

    /* U+00F2 "ò" */
    0x0, 0x13, 0x0, 0x0, 0x0, 0x7e, 0x0, 0x0,
    0x0, 0xc, 0x60, 0x0, 0x0, 0x1, 0x0, 0x0,
    0x1, 0xae, 0xe8, 0x0, 0xc, 0xc3, 0x4e, 0x80,
    0x2f, 0x40, 0x7, 0xe0, 0x3f, 0x30, 0x6, 0xf0,
    0x2f, 0x40, 0x7, 0xe0, 0xc, 0xc3, 0x4e, 0x80,
    0x1, 0xae, 0xe9, 0x0,

    /* U+00F3 "ó" */
    0x0, 0x0, 0x40, 0x0, 0x0, 0x2, 0xf4, 0x0,
    0x0, 0x9, 0x90, 0x0, 0x0, 0x1, 0x0, 0x0,
    0x1, 0xae, 0xe8, 0x0, 0xc, 0xc3, 0x4e, 0x80,
    0x2f, 0x40, 0x7, 0xe0, 0x3f, 0x30, 0x6, 0xf0,
    0x2f, 0x40, 0x7, 0xe0, 0xc, 0xc3, 0x4e, 0x80,
    0x1, 0xae, 0xe9, 0x0,

    /* U+00F4 "ô" */
    0x0, 0x7, 0x60, 0x0, 0x0, 0x8e, 0xf5, 0x0,
    0x2, 0xe2, 0x4e, 0x0, 0x0, 0x0, 0x0, 0x0,
    0x1, 0xae, 0xe8, 0x0, 0xc, 0xc3, 0x4e, 0x80,
    0x2f, 0x40, 0x7, 0xe0, 0x3f, 0x30, 0x6, 0xf0,
    0x2f, 0x40, 0x7, 0xe0, 0xc, 0xc3, 0x4e, 0x80,
    0x1, 0xae, 0xe9, 0x0,

    /* U+00F5 "õ" */
    0x1, 0xdc, 0x24, 0x0, 0x1, 0x56, 0xfd, 0x0,
    0x0, 0x0, 0x0, 0x0, 0x1, 0xae, 0xe8, 0x0,
    0xc, 0xc3, 0x4e, 0x80, 0x2f, 0x40, 0x7, 0xe0,
    0x3f, 0x30, 0x6, 0xf0, 0x2f, 0x40, 0x7, 0xe0,
    0xc, 0xc3, 0x4e, 0x80, 0x1, 0xae, 0xe9, 0x0,

    /* U+00F6 "ö" */
    0x2, 0xf5, 0x8e, 0x0, 0x1, 0xa3, 0x59, 0x0,
    0x0, 0x0, 0x0, 0x0, 0x1, 0xae, 0xe8, 0x0,
    0xc, 0xc3, 0x4e, 0x80, 0x2f, 0x40, 0x7, 0xe0,
    0x3f, 0x30, 0x6, 0xf0, 0x2f, 0x40, 0x7, 0xe0,
    0xc, 0xc3, 0x4e, 0x80, 0x1, 0xae, 0xe9, 0x0,

    /* U+00F7 "÷" */
    0x0, 0xe, 0xa0, 0x0, 0x0, 0xb8, 0x0, 0x0,
    0x0, 0x0, 0x2, 0xff, 0xff, 0xff, 0x2, 0x22,
    0x22, 0x20, 0x0, 0xb8, 0x0, 0x0, 0xe, 0xb0,
    0x0,

    /* U+00F8 "ø" */
    0x0, 0x0, 0x0, 0x30, 0x1, 0xae, 0xea, 0xe1,
    0xc, 0xc3, 0x6f, 0x90, 0x2f, 0x40, 0xcb, 0xf0,
    0x3f, 0x3a, 0x76, 0xf0, 0x2f, 0xba, 0x7, 0xe0,
    0xc, 0xf3, 0x4e, 0x80, 0x3e, 0xaf, 0xe9, 0x0,
    0x3, 0x0, 0x0, 0x0,

    /* U+00F9 "ù" */
    0x3, 0x50, 0x0, 0x6, 0xf0, 0x0, 0x0, 0xb6,
    0x0, 0x0, 0x0, 0x0, 0xf7, 0x0, 0xbb, 0xf7,
    0x0, 0xbb, 0xf7, 0x0, 0xbb, 0xf7, 0x0, 0xbb,
    0xf7, 0x0, 0xbb, 0xcd, 0x35, 0xeb, 0x2d, 0xf9,
    0xbb,

    /* U+00FA "ú" */
    0x0, 0x6, 0x10, 0x0, 0x3f, 0x30, 0x0, 0xa7,
    0x0, 0x0, 0x0, 0x0, 0xf7, 0x0, 0xbb, 0xf7,
    0x0, 0xbb, 0xf7, 0x0, 0xbb, 0xf7, 0x0, 0xbb,
    0xf7, 0x0, 0xbb, 0xcd, 0x35, 0xeb, 0x2d, 0xf9,
    0xbb,

    /* U+00FB "û" */
    0x0, 0x76, 0x0, 0x9, 0xdf, 0x50, 0x2d, 0x13,
    0xd0, 0x0, 0x0, 0x0, 0xf7, 0x0, 0xbb, 0xf7,
    0x0, 0xbb, 0xf7, 0x0, 0xbb, 0xf7, 0x0, 0xbb,
    0xf7, 0x0, 0xbb, 0xcd, 0x35, 0xeb, 0x2d, 0xf9,
    0xbb,

    /* U+00FC "ü" */
    0x2f, 0x58, 0xe0, 0x1a, 0x25, 0x90, 0x0, 0x0,
    0x0, 0xf7, 0x0, 0xbb, 0xf7, 0x0, 0xbb, 0xf7,
    0x0, 0xbb, 0xf7, 0x0, 0xbb, 0xf7, 0x0, 0xbb,
    0xcd, 0x35, 0xeb, 0x2d, 0xf9, 0xbb,

    /* U+00FD "ý" */
    0x0, 0x0, 0x61, 0x0, 0x0, 0x3, 0xf3, 0x0,
    0x0, 0x9, 0x80, 0x0, 0x0, 0x0, 0x0, 0x0,
    0x5f, 0x20, 0x5, 0xf1, 0xe, 0x80, 0xa, 0xb0,
    0x8, 0xd0, 0xf, 0x50, 0x2, 0xf3, 0x5f, 0x0,
    0x0, 0xc8, 0xb9, 0x0, 0x0, 0x6e, 0xf3, 0x0,
    0x0, 0x1f, 0xd0, 0x0, 0x0, 0xe, 0x70, 0x0,
    0x2, 0x6f, 0x10, 0x0, 0xf, 0xf7, 0x0, 0x0,

    /* U+00FE "þ" */
    0xf7, 0x0, 0x0, 0xf, 0x70, 0x0, 0x0, 0xf7,
    0x0, 0x0, 0xf, 0x7b, 0xfc, 0x20, 0xfc, 0x44,
    0xeb, 0xf, 0x70, 0x7, 0xf0, 0xf7, 0x0, 0x5f,
    0x1f, 0x70, 0x7, 0xf0, 0xfc, 0x44, 0xeb, 0xf,
    0x7b, 0xfc, 0x20, 0xf7, 0x0, 0x0, 0xf, 0x70,
    0x0, 0x0, 0xf7, 0x0, 0x0, 0x0,

    /* U+00FF "ÿ" */
    0x2, 0xf5, 0x8e, 0x0, 0x1, 0xa3, 0x59, 0x0,
    0x0, 0x0, 0x0, 0x0, 0x5f, 0x20, 0x5, 0xf1,
    0xe, 0x80, 0xa, 0xb0, 0x8, 0xd0, 0xf, 0x50,
    0x2, 0xf3, 0x5f, 0x0, 0x0, 0xc8, 0xb9, 0x0,
    0x0, 0x6e, 0xf3, 0x0, 0x0, 0x1f, 0xd0, 0x0,
    0x0, 0xe, 0x70, 0x0, 0x2, 0x6f, 0x10, 0x0,
    0xf, 0xf7, 0x0, 0x0,

    /* U+0104 "Ą" */
    0x0, 0x3f, 0xf1, 0x0, 0x0, 0x8f, 0xf5, 0x0,
    0x0, 0xda, 0xea, 0x0, 0x1, 0xf6, 0xae, 0x0,
    0x6, 0xf1, 0x5f, 0x30, 0xb, 0xd0, 0x1f, 0x80,
    0xf, 0xff, 0xff, 0xc0, 0x4f, 0x63, 0x3a, 0xf1,
    0x9e, 0x0, 0x3, 0xf6, 0x0, 0x0, 0x3, 0xb1,
    0x0, 0x0, 0xe, 0x20, 0x0, 0x0, 0xa, 0xe9,

    /* U+0105 "ą" */
    0x4, 0xcf, 0xe7, 0x0, 0xb, 0x72, 0x7f, 0x30,
    0x0, 0x0, 0xf, 0x60, 0x5, 0xce, 0xef, 0x60,
    0x1f, 0x60, 0xf, 0x60, 0x2f, 0x71, 0x6f, 0x91,
    0x7, 0xef, 0x76, 0xf4, 0x0, 0x0, 0x9, 0x80,
    0x0, 0x0, 0x3d, 0x0, 0x0, 0x0, 0x1d, 0xd5,

    /* U+0106 "Ć" */
    0x0, 0x0, 0x10, 0x0, 0x0, 0x0, 0xc9, 0x0,
    0x0, 0x4, 0xe1, 0x0, 0x0, 0x1, 0x30, 0x0,
    0x0, 0x9e, 0xfb, 0x10, 0x8, 0xf6, 0x4d, 0xc0,
    0xf, 0x80, 0x3, 0x60, 0x2f, 0x50, 0x0, 0x0,
    0x3f, 0x40, 0x0, 0x0, 0x2f, 0x50, 0x0, 0x0,
    0xf, 0x80, 0x3, 0x60, 0x8, 0xf6, 0x4d, 0xc0,
    0x0, 0x9e, 0xfb, 0x10,

    /* U+0107 "ć" */
    0x0, 0x0, 0x20, 0x0, 0x0, 0xe, 0x70, 0x0,
    0x6, 0xd0, 0x0, 0x0, 0x12, 0x0, 0x0, 0x8e,
    0xfa, 0x10, 0x8e, 0x54, 0xd7, 0xe, 0x80, 0x0,
    0x0, 0xf7, 0x0, 0x0, 0xe, 0x80, 0x0, 0x0,
    0x8e, 0x53, 0xc9, 0x0, 0x8e, 0xfb, 0x10,

    /* U+0108 "Ĉ" */
    0x0, 0x5, 0x70, 0x0, 0x0, 0x3f, 0xe9, 0x0,
    0x0, 0xd6, 0x2e, 0x30, 0x0, 0x20, 0x2, 0x0,
    0x0, 0x9e, 0xfb, 0x10, 0x8, 0xf6, 0x4d, 0xc0,
    0xf, 0x80, 0x3, 0x60, 0x2f, 0x50, 0x0, 0x0,
    0x3f, 0x40, 0x0, 0x0, 0x2f, 0x50, 0x0, 0x0,
    0xf, 0x80, 0x3, 0x60, 0x8, 0xf6, 0x4d, 0xc0,
    0x0, 0x9e, 0xfb, 0x10,

    /* U+0109 "ĉ" */
    0x0, 0x6, 0x70, 0x0, 0x5, 0xfe, 0x80, 0x0,
    0xe3, 0x2e, 0x20, 0x0, 0x0, 0x0, 0x0, 0x8e,
    0xfa, 0x10, 0x8e, 0x54, 0xd7, 0xe, 0x80, 0x0,
    0x0, 0xf7, 0x0, 0x0, 0xe, 0x80, 0x0, 0x0,
    0x8e, 0x53, 0xc9, 0x0, 0x8e, 0xfb, 0x10,

    /* U+010A "Ċ" */
    0x0, 0x9, 0xe0, 0x0, 0x0, 0x8, 0xc0, 0x0,
    0x0, 0x0, 0x0, 0x0, 0x0, 0x9e, 0xfb, 0x10,
    0x8, 0xf6, 0x4d, 0xc0, 0xf, 0x80, 0x3, 0x60,
    0x2f, 0x50, 0x0, 0x0, 0x3f, 0x40, 0x0, 0x0,
    0x2f, 0x50, 0x0, 0x0, 0xf, 0x80, 0x3, 0x60,
    0x8, 0xf6, 0x4d, 0xc0, 0x0, 0x9e, 0xfb, 0x10,

    /* U+010B "ċ" */
    0x0, 0xb, 0xd0, 0x0, 0x0, 0x9b, 0x0, 0x0,
    0x0, 0x0, 0x0, 0x8, 0xef, 0xa1, 0x8, 0xe5,
    0x4d, 0x70, 0xe8, 0x0, 0x0, 0xf, 0x70, 0x0,
    0x0, 0xe8, 0x0, 0x0, 0x8, 0xe5, 0x3c, 0x90,
    0x8, 0xef, 0xb1,

    /* U+010C "Č" */
    0x0, 0x50, 0x4, 0x10, 0x0, 0xba, 0x5e, 0x20,
    0x0, 0x1d, 0xf4, 0x0, 0x0, 0x0, 0x0, 0x0,
    0x0, 0x9e, 0xfb, 0x10, 0x8, 0xf6, 0x4d, 0xc0,
    0xf, 0x80, 0x3, 0x60, 0x2f, 0x50, 0x0, 0x0,
    0x3f, 0x40, 0x0, 0x0, 0x2f, 0x50, 0x0, 0x0,
    0xf, 0x80, 0x3, 0x60, 0x8, 0xf6, 0x4d, 0xc0,
    0x0, 0x9e, 0xfb, 0x10,

    /* U+010D "č" */
    0x0, 0x50, 0x4, 0x0, 0xc, 0x96, 0xe1, 0x0,
    0x1e, 0xf3, 0x0, 0x0, 0x0, 0x0, 0x0, 0x8e,
    0xfa, 0x10, 0x8e, 0x54, 0xd7, 0xe, 0x80, 0x0,
    0x0, 0xf7, 0x0, 0x0, 0xe, 0x80, 0x0, 0x0,
    0x8e, 0x53, 0xc9, 0x0, 0x8e, 0xfb, 0x10,

    /* U+010E "Ď" */
    0x23, 0x1, 0x40, 0x4, 0xe4, 0xc8, 0x0, 0x7,
    0xfb, 0x0, 0x0, 0x0, 0x0, 0x0, 0xff, 0xfe,
    0x80, 0xf, 0x93, 0x7f, 0x80, 0xf8, 0x0, 0x9e,
    0xf, 0x80, 0x6, 0xf1, 0xf8, 0x0, 0x5f, 0x2f,
    0x80, 0x6, 0xf1, 0xf8, 0x0, 0x9e, 0xf, 0x93,
    0x6f, 0x80, 0xff, 0xfe, 0x90, 0x0,

    /* U+010F "ď" */
    0x0, 0x0, 0x5f, 0x2f, 0x30, 0x0, 0x5, 0xf2,
    0xf0, 0x0, 0x0, 0x5f, 0x27, 0x0, 0x7e, 0xd7,
    0xf0, 0x0, 0x2f, 0x73, 0xbf, 0x0, 0x6, 0xf0,
    0x5, 0xf0, 0x0, 0x7f, 0x0, 0x5f, 0x0, 0x6,
    0xf0, 0x5, 0xf0, 0x0, 0x2f, 0x73, 0xaf, 0x0,
    0x0, 0x7e, 0xd7, 0xf0, 0x0,

    /* U+0110 "Đ" */
    0xd, 0xff, 0xe8, 0x0, 0xd, 0xa3, 0x7f, 0x80,
    0xd, 0x90, 0x9, 0xe0, 0xd, 0x90, 0x6, 0xf1,
    0xcf, 0xff, 0x35, 0xf2, 0x1e, 0xa2, 0x6, 0xf1,
    0xd, 0x90, 0x9, 0xe0, 0xd, 0xa3, 0x6f, 0x80,
    0xd, 0xff, 0xe9, 0x0,

    /* U+0111 "đ" */
    0x0, 0x0, 0xa, 0xc0, 0x0, 0x9, 0xff, 0xf8,
    0x0, 0x0, 0x1a, 0xc0, 0x3, 0xdf, 0x9a, 0xc0,
    0xe, 0xc3, 0x5e, 0xc0, 0x3f, 0x30, 0xa, 0xc0,
    0x5f, 0x20, 0xa, 0xc0, 0x3f, 0x30, 0xa, 0xc0,
    0xe, 0xc3, 0x5e, 0xc0, 0x3, 0xdf, 0x9a, 0xc0,

    /* U+0112 "Ē" */
    0xe, 0xff, 0xc0, 0x1, 0x22, 0x10, 0x0, 0x0,
    0x0, 0xef, 0xff, 0xfc, 0xea, 0x44, 0x43, 0xe9,
    0x0, 0x0, 0xe9, 0x0, 0x0, 0xef, 0xff, 0xfa,
    0xea, 0x33, 0x32, 0xe9, 0x0, 0x0, 0xea, 0x44,
    0x43, 0xef, 0xff, 0xfc,

    /* U+0113 "ē" */
    0x0, 0xff, 0xfc, 0x0, 0x0, 0x11, 0x11, 0x0,
    0x1, 0x9e, 0xe8, 0x0, 0xa, 0xd3, 0x3e, 0x70,
    0x1f, 0x40, 0x7, 0xd0, 0x2f, 0xff, 0xff, 0xf0,
    0x1f, 0x40, 0x0, 0x0, 0xb, 0xd4, 0x4b, 0x80,
    0x1, 0xae, 0xfb, 0x10,

    /* U+0114 "Ĕ" */
    0x2, 0x0, 0x30, 0x2f, 0x23, 0xf1, 0x7, 0xff,
    0x50, 0x0, 0x0, 0x0, 0xef, 0xff, 0xfc, 0xea,
    0x44, 0x43, 0xe9, 0x0, 0x0, 0xe9, 0x0, 0x0,
    0xef, 0xff, 0xfa, 0xea, 0x33, 0x32, 0xe9, 0x0,
    0x0, 0xea, 0x44, 0x43, 0xef, 0xff, 0xfc,

    /* U+0115 "ĕ" */
    0x0, 0x20, 0x3, 0x0, 0x2, 0xe2, 0x4e, 0x0,
    0x0, 0x8f, 0xf5, 0x0, 0x0, 0x0, 0x0, 0x0,
    0x1, 0x9e, 0xe8, 0x0, 0xa, 0xd3, 0x3e, 0x70,
    0x1f, 0x40, 0x7, 0xd0, 0x2f, 0xff, 0xff, 0xf0,
    0x1f, 0x40, 0x0, 0x0, 0xb, 0xd4, 0x4b, 0x80,
    0x1, 0xae, 0xfb, 0x10,

    /* U+0116 "Ė" */
    0x0, 0xdb, 0x0, 0x0, 0xb9, 0x0, 0x0, 0x0,
    0x0, 0xef, 0xff, 0xfc, 0xea, 0x44, 0x43, 0xe9,
    0x0, 0x0, 0xe9, 0x0, 0x0, 0xef, 0xff, 0xfa,
    0xea, 0x33, 0x32, 0xe9, 0x0, 0x0, 0xea, 0x44,
    0x43, 0xef, 0xff, 0xfc,

    /* U+0117 "ė" */
    0x0, 0xe, 0xb0, 0x0, 0x0, 0xb, 0x90, 0x0,
    0x0, 0x0, 0x0, 0x0, 0x1, 0x9e, 0xe8, 0x0,
    0xa, 0xd3, 0x3e, 0x70, 0x1f, 0x40, 0x7, 0xd0,
    0x2f, 0xff, 0xff, 0xf0, 0x1f, 0x40, 0x0, 0x0,
    0xb, 0xd4, 0x4b, 0x80, 0x1, 0xae, 0xfb, 0x10,

    /* U+0118 "Ę" */
    0xef, 0xff, 0xfc, 0xe, 0xa4, 0x44, 0x30, 0xe9,
    0x0, 0x0, 0xe, 0x90, 0x0, 0x0, 0xef, 0xff,
    0xfa, 0xe, 0xa3, 0x33, 0x20, 0xe9, 0x0, 0x0,
    0xe, 0xb4, 0x44, 0x30, 0xef, 0xff, 0xfc, 0x0,
    0x0, 0x1b, 0x30, 0x0, 0xa, 0x60, 0x0, 0x0,
    0x6e, 0xc0,

    /* U+0119 "ę" */
    0x1, 0x9e, 0xe8, 0x0, 0xa, 0xd3, 0x3e, 0x70,
    0x1f, 0x40, 0x7, 0xd0, 0x2f, 0xff, 0xff, 0xf0,
    0x1f, 0x40, 0x0, 0x0, 0xa, 0xd4, 0x4b, 0x80,
    0x1, 0x9e, 0xfe, 0x20, 0x0, 0x3, 0xc2, 0x0,
    0x0, 0xb, 0x51, 0x0, 0x0, 0x7, 0xeb, 0x0,

    /* U+011A "Ě" */
    0x5, 0x0, 0x50, 0x1d, 0x78, 0xc0, 0x3, 0xfe,
    0x20, 0x0, 0x0, 0x0, 0xef, 0xff, 0xfc, 0xea,
    0x44, 0x43, 0xe9, 0x0, 0x0, 0xe9, 0x0, 0x0,
    0xef, 0xff, 0xfa, 0xea, 0x33, 0x32, 0xe9, 0x0,
    0x0, 0xea, 0x44, 0x43, 0xef, 0xff, 0xfc,

    /* U+011B "ě" */
    0x0, 0x40, 0x5, 0x0, 0x1, 0xe7, 0x8c, 0x0,
    0x0, 0x3f, 0xe1, 0x0, 0x0, 0x0, 0x0, 0x0,
    0x1, 0x9e, 0xe8, 0x0, 0xa, 0xd3, 0x3e, 0x70,
    0x1f, 0x40, 0x7, 0xd0, 0x2f, 0xff, 0xff, 0xf0,
    0x1f, 0x40, 0x0, 0x0, 0xb, 0xd4, 0x4b, 0x80,
    0x1, 0xae, 0xfb, 0x10,

    /* U+011C "Ĝ" */
    0x0, 0x7, 0x60, 0x0, 0x7, 0xef, 0x50, 0x2,
    0xe3, 0x5e, 0x0, 0x2, 0x0, 0x20, 0x1, 0xaf,
    0xe9, 0x0, 0xbe, 0x55, 0xe9, 0x2f, 0x50, 0x3,
    0x35, 0xf2, 0x0, 0x0, 0x5f, 0x22, 0xff, 0xe4,
    0xf3, 0x2, 0x7e, 0x2f, 0x50, 0x7, 0xe0, 0xce,
    0x55, 0xde, 0x2, 0xcf, 0xb7, 0xe0,

    /* U+011D "ĝ" */
    0x0, 0x4f, 0xe1, 0x0, 0x2, 0xe4, 0x7d, 0x0,
    0x0, 0x20, 0x2, 0x0, 0x1, 0xaf, 0xff, 0xf6,
    0xa, 0xd4, 0x5f, 0x81, 0xd, 0x80, 0xd, 0x80,
    0xa, 0xc0, 0x2f, 0x50, 0x1, 0xef, 0xe7, 0x0,
    0xa, 0x93, 0x32, 0x0, 0x6, 0xff, 0xff, 0xc0,
    0x1e, 0x20, 0x2, 0xf5, 0x2f, 0x40, 0x4, 0xf3,
    0x7, 0xef, 0xfd, 0x60,

    /* U+011E "Ğ" */
    0x0, 0x20, 0x3, 0x0, 0x2f, 0x24, 0xf1, 0x0,
    0x7f, 0xf5, 0x0, 0x0, 0x0, 0x0, 0x1, 0xaf,
    0xe9, 0x0, 0xbe, 0x55, 0xe9, 0x2f, 0x50, 0x3,
    0x35, 0xf2, 0x0, 0x0, 0x5f, 0x22, 0xff, 0xe4,
    0xf3, 0x2, 0x7e, 0x2f, 0x50, 0x7, 0xe0, 0xce,
    0x55, 0xde, 0x2, 0xcf, 0xb7, 0xe0,

    /* U+011F "ğ" */
    0x0, 0x20, 0x2, 0x0, 0x3, 0xe1, 0x4e, 0x0,
    0x0, 0x8f, 0xf5, 0x0, 0x0, 0x0, 0x0, 0x0,
    0x1, 0xaf, 0xff, 0xf6, 0xa, 0xd4, 0x5f, 0x81,
    0xd, 0x80, 0xd, 0x80, 0xa, 0xc0, 0x2f, 0x50,
    0x1, 0xef, 0xe7, 0x0, 0xa, 0x93, 0x32, 0x0,
    0x6, 0xff, 0xff, 0xc0, 0x1e, 0x20, 0x2, 0xf5,
    0x2f, 0x40, 0x4, 0xf3, 0x7, 0xef, 0xfd, 0x60,

    /* U+0120 "Ġ" */
    0x0, 0xd, 0xb0, 0x0, 0x0, 0xb9, 0x0, 0x0,
    0x0, 0x0, 0x0, 0x1a, 0xfe, 0x90, 0xb, 0xe5,
    0x5e, 0x92, 0xf5, 0x0, 0x33, 0x5f, 0x20, 0x0,
    0x5, 0xf2, 0x2f, 0xfe, 0x4f, 0x30, 0x27, 0xe2,
    0xf5, 0x0, 0x7e, 0xc, 0xe5, 0x5d, 0xe0, 0x2c,
    0xfb, 0x7e,

    /* U+0121 "ġ" */
    0x0, 0xe, 0xa0, 0x0, 0x0, 0xb, 0x80, 0x0,
    0x0, 0x0, 0xa, 0xf3, 0x1, 0xae, 0xec, 0x20,
    0xa, 0xc0, 0x2f, 0x50, 0xd, 0x80, 0xd, 0x80,
    0xa, 0xc0, 0x2f, 0x50, 0x1, 0xef, 0xe7, 0x0,
    0xa, 0x93, 0x32, 0x0, 0x6, 0xff, 0xff, 0xc0,
    0x1e, 0x20, 0x2, 0xf5, 0x2f, 0x40, 0x4, 0xf3,
    0x7, 0xef, 0xfd, 0x60,

    /* U+0122 "Ģ" */
    0x1, 0xaf, 0xe9, 0x0, 0xbe, 0x55, 0xe9, 0x2f,
    0x50, 0x3, 0x35, 0xf2, 0x0, 0x0, 0x5f, 0x22,
    0xff, 0xe4, 0xf3, 0x2, 0x7e, 0x2f, 0x50, 0x7,
    0xe0, 0xce, 0x55, 0xde, 0x2, 0xcf, 0xb7, 0xe0,
    0x0, 0xa6, 0x0, 0x0, 0x1f, 0x40, 0x0, 0x3,
    0xe0, 0x0,

    /* U+0123 "ģ" */
    0x0, 0x2, 0xe0, 0x0, 0x0, 0x8, 0xc0, 0x0,
    0x0, 0x9, 0x7a, 0xf3, 0x1, 0xae, 0xec, 0x20,
    0xa, 0xc0, 0x2f, 0x50, 0xd, 0x80, 0xd, 0x80,
    0xa, 0xc0, 0x2f, 0x50, 0x1, 0xef, 0xe7, 0x0,
    0xa, 0x93, 0x32, 0x0, 0x6, 0xff, 0xff, 0xc0,
    0x1e, 0x20, 0x2, 0xf5, 0x2f, 0x40, 0x4, 0xf3,
    0x7, 0xef, 0xfd, 0x60,

    /* U+0124 "Ĥ" */
    0x0, 0x7, 0x60, 0x0, 0x8, 0xef, 0x50, 0x2,
    0xe2, 0x4e, 0x0, 0x0, 0x0, 0x0, 0x1f, 0x60,
    0x9, 0xd1, 0xf6, 0x0, 0x9d, 0x1f, 0x60, 0x9,
    0xd1, 0xf6, 0x0, 0x9d, 0x1f, 0xff, 0xff, 0xd1,
    0xf8, 0x33, 0xad, 0x1f, 0x60, 0x9, 0xd1, 0xf6,
    0x0, 0x9d, 0x1f, 0x60, 0x9, 0xd0,

    /* U+0125 "ĥ" */
    0x1, 0x75, 0x0, 0x0, 0xc, 0xae, 0x60, 0x0,
    0x27, 0x1, 0x80, 0x0, 0x0, 0xe8, 0x0, 0x0,
    0x0, 0xe8, 0x0, 0x0, 0x0, 0xe8, 0x0, 0x0,
    0x0, 0xe9, 0xbf, 0xb1, 0x0, 0xed, 0x45, 0xf8,
    0x0, 0xe8, 0x0, 0xab, 0x0, 0xe8, 0x0, 0xac,
    0x0, 0xe8, 0x0, 0xac, 0x0, 0xe8, 0x0, 0xac,
    0x0, 0xe8, 0x0, 0xac,

    /* U+0126 "Ħ" */
    0x1f, 0x60, 0x9, 0xd0, 0xdf, 0xff, 0xff, 0xfa,
    0x3f, 0x72, 0x2a, 0xe1, 0x1f, 0x60, 0x9, 0xd0,
    0x1f, 0xff, 0xff, 0xd0, 0x1f, 0x83, 0x3a, 0xd0,
    0x1f, 0x60, 0x9, 0xd0, 0x1f, 0x60, 0x9, 0xd0,
    0x1f, 0x60, 0x9, 0xd0,

    /* U+0127 "ħ" */
    0xe, 0x80, 0x0, 0xb, 0xff, 0xf6, 0x0, 0x1e,
    0x81, 0x0, 0x0, 0xe9, 0xbf, 0xb1, 0xe, 0xd4,
    0x5f, 0x80, 0xe8, 0x0, 0xab, 0xe, 0x80, 0xa,
    0xc0, 0xe8, 0x0, 0xac, 0xe, 0x80, 0xa, 0xc0,
    0xe8, 0x0, 0xac,

    /* U+0128 "Ĩ" */
    0x1d, 0xb1, 0x30, 0x25, 0x6f, 0xd0, 0x0, 0x0,
    0x0, 0xff, 0xff, 0xfc, 0x22, 0xda, 0x21, 0x0,
    0xda, 0x0, 0x0, 0xda, 0x0, 0x0, 0xda, 0x0,
    0x0, 0xda, 0x0, 0x0, 0xda, 0x0, 0x12, 0xda,
    0x21, 0xff, 0xff, 0xfc,

    /* U+0129 "ĩ" */
    0x8, 0xe6, 0x22, 0x0, 0x53, 0xcf, 0x40, 0x0,
    0x0, 0x0, 0xb, 0xff, 0xf0, 0x0, 0x12, 0x8f,
    0x0, 0x0, 0x6, 0xf0, 0x0, 0x0, 0x6f, 0x0,
    0x0, 0x6, 0xf0, 0x0, 0x12, 0x8f, 0x22, 0xb,
    0xff, 0xff, 0xf2,

    /* U+012A "Ī" */
    0xe, 0xff, 0xb0, 0x1, 0x22, 0x10, 0x0, 0x0,
    0x0, 0xff, 0xff, 0xfc, 0x22, 0xda, 0x21, 0x0,
    0xda, 0x0, 0x0, 0xda, 0x0, 0x0, 0xda, 0x0,
    0x0, 0xda, 0x0, 0x0, 0xda, 0x0, 0x12, 0xda,
    0x21, 0xff, 0xff, 0xfc,

    /* U+012B "ī" */
    0x9, 0xff, 0xf3, 0x0, 0x1, 0x11, 0x0, 0xbf,
    0xff, 0x0, 0x1, 0x28, 0xf0, 0x0, 0x0, 0x6f,
    0x0, 0x0, 0x6, 0xf0, 0x0, 0x0, 0x6f, 0x0,
    0x1, 0x28, 0xf2, 0x20, 0xbf, 0xff, 0xff, 0x20,

    /* U+012C "Ĭ" */
    0x2, 0x0, 0x30, 0x2e, 0x14, 0xe0, 0x8, 0xff,
    0x50, 0x0, 0x0, 0x0, 0xff, 0xff, 0xfc, 0x22,
    0xda, 0x21, 0x0, 0xda, 0x0, 0x0, 0xda, 0x0,
    0x0, 0xda, 0x0, 0x0, 0xda, 0x0, 0x0, 0xda,
    0x0, 0x12, 0xda, 0x21, 0xff, 0xff, 0xfc,

    /* U+012D "ĭ" */
    0x2, 0x0, 0x11, 0x0, 0xc7, 0xd, 0x60, 0x3,
    0xef, 0xb0, 0x0, 0x0, 0x10, 0x0, 0xbf, 0xff,
    0x0, 0x1, 0x28, 0xf0, 0x0, 0x0, 0x6f, 0x0,
    0x0, 0x6, 0xf0, 0x0, 0x0, 0x6f, 0x0, 0x1,
    0x28, 0xf2, 0x20, 0xbf, 0xff, 0xff, 0x20,

    /* U+012E "Į" */
    0xff, 0xff, 0xfc, 0x2, 0x2d, 0xa2, 0x10, 0x0,
    0xda, 0x0, 0x0, 0xd, 0xa0, 0x0, 0x0, 0xda,
    0x0, 0x0, 0xd, 0xa0, 0x0, 0x0, 0xda, 0x0,
    0x2, 0x2d, 0xa2, 0x10, 0xff, 0xff, 0xfc, 0x0,
    0x0, 0x2b, 0x30, 0x0, 0xb, 0x60, 0x0, 0x0,
    0x7e, 0xb0,

    /* U+012F "į" */
    0x0, 0x8f, 0x20, 0x0, 0x6, 0xc1, 0x0, 0x0,
    0x0, 0x0, 0xb, 0xff, 0xf0, 0x0, 0x12, 0x8f,
    0x0, 0x0, 0x6, 0xf0, 0x0, 0x0, 0x6f, 0x0,
    0x0, 0x6, 0xf0, 0x0, 0x23, 0x8f, 0x33, 0xb,
    0xff, 0xff, 0xf2, 0x0, 0x0, 0x98, 0x0, 0x0,
    0x4c, 0x0, 0x0, 0x2, 0xdd, 0x30,

    /* U+0130 "İ" */
    0x0, 0xeb, 0x0, 0x0, 0xb9, 0x0, 0x0, 0x0,
    0x0, 0xff, 0xff, 0xfc, 0x22, 0xda, 0x21, 0x0,
    0xda, 0x0, 0x0, 0xda, 0x0, 0x0, 0xda, 0x0,
    0x0, 0xda, 0x0, 0x0, 0xda, 0x0, 0x12, 0xda,
    0x21, 0xff, 0xff, 0xfc,

    /* U+0131 "ı" */
    0xbf, 0xff, 0x0, 0x1, 0x28, 0xf0, 0x0, 0x0,
    0x6f, 0x0, 0x0, 0x6, 0xf0, 0x0, 0x0, 0x6f,
    0x0, 0x1, 0x28, 0xf2, 0x20, 0xbf, 0xff, 0xff,
    0x20,

    /* U+0132 "Ĳ" */
    0xf, 0x70, 0xb, 0xb0, 0xf7, 0x0, 0xbb, 0xf,
    0x70, 0xb, 0xb0, 0xf7, 0x0, 0xbb, 0xf, 0x70,
    0xb, 0xb0, 0x42, 0x0, 0xbb, 0x3, 0x20, 0xc,
    0xa0, 0xdd, 0x56, 0xf7, 0x2, 0xbf, 0xe8, 0x0,

    /* U+0133 "ĳ" */
    0xe, 0xb0, 0xe, 0xb0, 0xb9, 0x0, 0xb9, 0x0,
    0x0, 0x0, 0x0, 0xc9, 0x0, 0xd9, 0xc, 0x90,
    0xd, 0x90, 0xc9, 0x0, 0xd9, 0xc, 0x90, 0xd,
    0x90, 0xc9, 0x0, 0xd9, 0xc, 0x90, 0xd, 0x90,
    0xc9, 0x0, 0xd9, 0x0, 0x0, 0xd, 0x90, 0x1,
    0x22, 0xd8, 0x0, 0x6f, 0xfd, 0x20,

    /* U+0134 "Ĵ" */
    0x0, 0x6, 0x70, 0x0, 0x5, 0xfe, 0x80, 0x0,
    0xe4, 0x2e, 0x20, 0x0, 0x0, 0x0, 0x3, 0xff,
    0xff, 0x60, 0x4, 0x44, 0xf6, 0x0, 0x0, 0xf,
    0x60, 0x0, 0x0, 0xf6, 0x0, 0x0, 0xf, 0x60,
    0x0, 0x0, 0xf6, 0x6, 0x20, 0x1f, 0x60, 0xeb,
    0x49, 0xf2, 0x3, 0xcf, 0xd5, 0x0,

    /* U+0135 "ĵ" */
    0x0, 0x4f, 0xe2, 0x0, 0x1e, 0x46, 0xd0, 0x0,
    0x10, 0x1, 0xc, 0xff, 0xfa, 0x0, 0x22, 0x2c,
    0xa0, 0x0, 0x0, 0xca, 0x0, 0x0, 0xc, 0xa0,
    0x0, 0x0, 0xca, 0x0, 0x0, 0xc, 0xa0, 0x0,
    0x0, 0xca, 0x0, 0x0, 0xc, 0xa0, 0x1, 0x22,
    0xc9, 0x0, 0xbf, 0xfe, 0x30, 0x0,

    /* U+0136 "Ķ" */
    0xf7, 0x0, 0x8f, 0x3f, 0x70, 0x5f, 0x50, 0xf7,
    0x2f, 0x90, 0xf, 0x8d, 0xc0, 0x0, 0xff, 0xfe,
    0x0, 0xf, 0xe3, 0xf9, 0x0, 0xf7, 0x7, 0xf2,
    0xf, 0x70, 0xd, 0xc0, 0xf7, 0x0, 0x4f, 0x50,
    0x0, 0x0, 0x0, 0x0, 0xbd, 0x0, 0x0, 0xc,
    0x70, 0x0, 0x0, 0x91, 0x0, 0x0,

    /* U+0137 "ķ" */
    0xd9, 0x0, 0x0, 0xd, 0x90, 0x0, 0x0, 0xd9,
    0x0, 0x0, 0xd, 0x90, 0x1d, 0xb0, 0xd9, 0x1d,
    0xb0, 0xd, 0xad, 0xc0, 0x0, 0xdf, 0xdf, 0x10,
    0xd, 0xb0, 0xdc, 0x0, 0xd9, 0x3, 0xf7, 0xd,
    0x90, 0x8, 0xf3, 0x0, 0x0, 0x0, 0x0, 0xc,
    0xc0, 0x0, 0x0, 0xe6, 0x0, 0x0, 0xa, 0x0,
    0x0,

    /* U+0138 "ĸ" */
    0xd9, 0x0, 0xcb, 0xd, 0x90, 0xcc, 0x0, 0xd9,
    0xbd, 0x0, 0xd, 0xff, 0xe1, 0x0, 0xdc, 0x1d,
    0xc0, 0xd, 0x90, 0x3f, 0x70, 0xd9, 0x0, 0x7f,
    0x30,

    /* U+0139 "Ĺ" */
    0x3, 0x10, 0x0, 0xd, 0x80, 0x0, 0x5d, 0x0,
    0x0, 0x1, 0x0, 0x0, 0x9d, 0x0, 0x0, 0x9d,
    0x0, 0x0, 0x9d, 0x0, 0x0, 0x9d, 0x0, 0x0,
    0x9d, 0x0, 0x0, 0x9d, 0x0, 0x0, 0x9d, 0x0,
    0x0, 0x9e, 0x44, 0x44, 0x9f, 0xff, 0xff,

    /* U+013A "ĺ" */
    0x0, 0x0, 0x0, 0x0, 0x0, 0xd, 0x40, 0x0,
    0x6, 0xd0, 0x0, 0x0, 0x63, 0x0, 0xf, 0xff,
    0x90, 0x0, 0x22, 0xd9, 0x0, 0x0, 0xc, 0x90,
    0x0, 0x0, 0xc9, 0x0, 0x0, 0xc, 0x90, 0x0,
    0x0, 0xc9, 0x0, 0x0, 0xc, 0x90, 0x0, 0x0,
    0xc9, 0x0, 0x2, 0x2d, 0xa2, 0x20, 0xff, 0xff,
    0xfd,

    /* U+013B "Ļ" */
    0x9d, 0x0, 0x0, 0x9d, 0x0, 0x0, 0x9d, 0x0,
    0x0, 0x9d, 0x0, 0x0, 0x9d, 0x0, 0x0, 0x9d,
    0x0, 0x0, 0x9d, 0x0, 0x0, 0x9e, 0x44, 0x44,
    0x9f, 0xff, 0xff, 0x0, 0x0, 0x0, 0x0, 0xbd,
    0x0, 0x0, 0xc7, 0x0, 0x0, 0x91, 0x0,

    /* U+013C "ļ" */
    0xf, 0xff, 0x90, 0x0, 0x22, 0xd9, 0x0, 0x0,
    0xc, 0x90, 0x0, 0x0, 0xc9, 0x0, 0x0, 0xc,
    0x90, 0x0, 0x0, 0xc9, 0x0, 0x0, 0xc, 0x90,
    0x0, 0x0, 0xc9, 0x0, 0x2, 0x2d, 0xa2, 0x20,
    0xff, 0xff, 0xfd, 0x0, 0x0, 0x0, 0x0, 0x0,
    0xf9, 0x0, 0x0, 0x1f, 0x20, 0x0, 0x2, 0x80,
    0x0,

    /* U+013D "Ľ" */
    0x0, 0xf, 0x80, 0x9d, 0xf, 0x30, 0x9d, 0xa,
    0x0, 0x9d, 0x0, 0x0, 0x9d, 0x0, 0x0, 0x9d,
    0x0, 0x0, 0x9d, 0x0, 0x0, 0x9d, 0x0, 0x0,
    0x9e, 0x44, 0x44, 0x9f, 0xff, 0xff,

    /* U+013E "ľ" */
    0xf, 0xff, 0x95, 0xf2, 0x2, 0x2d, 0x96, 0xe0,
    0x0, 0xc, 0x94, 0x70, 0x0, 0xc, 0x90, 0x0,
    0x0, 0xc, 0x90, 0x0, 0x0, 0xc, 0x90, 0x0,
    0x0, 0xc, 0x90, 0x0, 0x0, 0xc, 0x90, 0x0,
    0x2, 0x2d, 0xa2, 0x20, 0xf, 0xff, 0xff, 0xd0,

    /* U+013F "Ŀ" */
    0x9d, 0x0, 0x0, 0x9d, 0x0, 0x0, 0x9d, 0x0,
    0x0, 0x9d, 0x0, 0x0, 0x9d, 0x2, 0xf8, 0x9d,
    0x1, 0xc6, 0x9d, 0x0, 0x0, 0x9e, 0x44, 0x44,
    0x9f, 0xff, 0xff,

    /* U+0140 "ŀ" */
    0x1f, 0xff, 0x80, 0x0, 0x2, 0x2e, 0x80, 0x0,
    0x0, 0xd, 0x80, 0x0, 0x0, 0xd, 0x80, 0x0,
    0x0, 0xd, 0x80, 0x0, 0x0, 0xd, 0x82, 0xf7,
    0x0, 0xd, 0x82, 0xd6, 0x0, 0xd, 0x80, 0x0,
    0x2, 0x2e, 0x92, 0x20, 0x1f, 0xff, 0xff, 0xc0,

    /* U+0141 "Ł" */
    0x8, 0xe0, 0x0, 0x0, 0x8e, 0x0, 0x0, 0x8,
    0xe0, 0x0, 0x0, 0x8e, 0x16, 0x50, 0x2b, 0xff,
    0xb3, 0x7, 0xde, 0x0, 0x0, 0x8, 0xe0, 0x0,
    0x0, 0x8f, 0x44, 0x44, 0x8, 0xff, 0xff, 0xf0,

    /* U+0142 "ł" */
    0xf, 0xff, 0x90, 0x0, 0x22, 0xd9, 0x0, 0x0,
    0xc, 0x90, 0x0, 0x0, 0xc9, 0x0, 0x0, 0xc,
    0xc9, 0x60, 0x39, 0xfe, 0x82, 0x8, 0x8d, 0x90,
    0x0, 0x0, 0xc9, 0x0, 0x2, 0x2d, 0xa2, 0x20,
    0xff, 0xff, 0xfd,

    /* U+0143 "Ń" */
    0x0, 0x0, 0x40, 0x0, 0x0, 0x2f, 0x40, 0x0,
    0x9, 0x90, 0x0, 0x0, 0x10, 0x0, 0x1f, 0xf0,
    0x6, 0xd1, 0xff, 0x60, 0x6d, 0x1f, 0xbc, 0x6,
    0xd1, 0xf5, 0xf2, 0x6d, 0x1f, 0x3c, 0x86, 0xd1,
    0xf3, 0x5e, 0x6d, 0x1f, 0x30, 0xfb, 0xd1, 0xf3,
    0x9, 0xfd, 0x1f, 0x30, 0x3f, 0xd0,

    /* U+0144 "ń" */
    0x0, 0x6, 0x10, 0x0, 0x3f, 0x30, 0x0, 0x98,
    0x0, 0x0, 0x0, 0x0, 0xe9, 0xcf, 0xb1, 0xec,
    0x12, 0xe8, 0xe8, 0x0, 0xab, 0xe8, 0x0, 0xac,
    0xe8, 0x0, 0xac, 0xe8, 0x0, 0xac, 0xe8, 0x0,
    0xac,

    /* U+0145 "Ņ" */
    0x1f, 0xf0, 0x6, 0xd1, 0xff, 0x60, 0x6d, 0x1f,
    0xbc, 0x6, 0xd1, 0xf5, 0xf2, 0x6d, 0x1f, 0x3c,
    0x86, 0xd1, 0xf3, 0x5e, 0x6d, 0x1f, 0x30, 0xfb,
    0xd1, 0xf3, 0x9, 0xfd, 0x1f, 0x30, 0x3f, 0xd0,
    0x0, 0x0, 0x0, 0x0, 0xf, 0x90, 0x0, 0x1,
    0xf2, 0x0, 0x0, 0x28, 0x0, 0x0,

    /* U+0146 "ņ" */
    0xe9, 0xcf, 0xb1, 0xec, 0x12, 0xe8, 0xe8, 0x0,
    0xab, 0xe8, 0x0, 0xac, 0xe8, 0x0, 0xac, 0xe8,
    0x0, 0xac, 0xe8, 0x0, 0xac, 0x0, 0x0, 0x0,
    0x0, 0xf9, 0x0, 0x1, 0xf3, 0x0, 0x1, 0x90,
    0x0,

    /* U+0147 "Ň" */
    0x0, 0x40, 0x5, 0x0, 0x1e, 0x69, 0xc0, 0x0,
    0x3f, 0xe1, 0x0, 0x0, 0x0, 0x0, 0x1f, 0xf0,
    0x6, 0xd1, 0xff, 0x60, 0x6d, 0x1f, 0xbc, 0x6,
    0xd1, 0xf5, 0xf2, 0x6d, 0x1f, 0x3c, 0x86, 0xd1,
    0xf3, 0x5e, 0x6d, 0x1f, 0x30, 0xfb, 0xd1, 0xf3,
    0x9, 0xfd, 0x1f, 0x30, 0x3f, 0xd0,

    /* U+0148 "ň" */
    0x4, 0x0, 0x50, 0x1e, 0x78, 0xc0, 0x3, 0xfe,
    0x10, 0x0, 0x0, 0x0, 0xe9, 0xcf, 0xb1, 0xec,
    0x12, 0xe8, 0xe8, 0x0, 0xab, 0xe8, 0x0, 0xac,
    0xe8, 0x0, 0xac, 0xe8, 0x0, 0xac, 0xe8, 0x0,
    0xac,

    /* U+0149 "ŉ" */
    0xe6, 0x0, 0x0, 0xf, 0x10, 0x0, 0x0, 0x80,
    0x0, 0x0, 0x0, 0xab, 0xaf, 0xc2, 0xa, 0xe2,
    0x1d, 0xa0, 0xab, 0x0, 0x9c, 0xa, 0xb0, 0x8,
    0xd0, 0xab, 0x0, 0x8d, 0xa, 0xb0, 0x8, 0xd0,
    0xab, 0x0, 0x8d,

    /* U+014A "Ŋ" */
    0x1f, 0xf0, 0x6, 0xd1, 0xff, 0x60, 0x6d, 0x1f,
    0xbc, 0x6, 0xd1, 0xf5, 0xf2, 0x6d, 0x1f, 0x3c,
    0x86, 0xd1, 0xf3, 0x5e, 0x6d, 0x1f, 0x30, 0xfb,
    0xd1, 0xf3, 0x9, 0xfd, 0x1f, 0x30, 0x3f, 0xd0,
    0x0, 0x0, 0x7d, 0x0, 0x12, 0x28, 0xd0, 0xc,
    0xff, 0xf5,

    /* U+014B "ŋ" */
    0xe9, 0xcf, 0xb1, 0xec, 0x12, 0xe8, 0xe8, 0x0,
    0xab, 0xe8, 0x0, 0xac, 0xe8, 0x0, 0xac, 0xe8,
    0x0, 0xac, 0xe8, 0x0, 0xac, 0x0, 0x0, 0xac,
    0x1, 0x22, 0xbb, 0x7, 0xff, 0xe4,

    /* U+014C "Ō" */
    0x0, 0xef, 0xfb, 0x0, 0x0, 0x12, 0x21, 0x0,
    0x0, 0x0, 0x0, 0x0, 0x1, 0xbf, 0xe9, 0x0,
    0xc, 0xd5, 0x6f, 0x90, 0x2f, 0x50, 0x8, 0xf0,
    0x5f, 0x20, 0x5, 0xf2, 0x6f, 0x20, 0x5, 0xf3,
    0x5f, 0x20, 0x5, 0xf2, 0x2f, 0x50, 0x8, 0xf0,
    0xc, 0xd5, 0x6f, 0x80, 0x1, 0xbf, 0xe9, 0x0,

    /* U+014D "ō" */
    0x0, 0xff, 0xfc, 0x0, 0x0, 0x11, 0x11, 0x0,
    0x1, 0xae, 0xe8, 0x0, 0xc, 0xc3, 0x4e, 0x80,
    0x2f, 0x40, 0x7, 0xe0, 0x3f, 0x30, 0x6, 0xf0,
    0x2f, 0x40, 0x7, 0xe0, 0xc, 0xc3, 0x4e, 0x80,
    0x1, 0xae, 0xe9, 0x0,

    /* U+014E "Ŏ" */
    0x0, 0x20, 0x3, 0x0, 0x2, 0xe1, 0x4e, 0x0,
    0x0, 0x8f, 0xf5, 0x0, 0x0, 0x0, 0x0, 0x0,
    0x1, 0xbf, 0xe9, 0x0, 0xc, 0xd5, 0x6f, 0x90,
    0x2f, 0x50, 0x8, 0xf0, 0x5f, 0x20, 0x5, 0xf2,
    0x6f, 0x20, 0x5, 0xf3, 0x5f, 0x20, 0x5, 0xf2,
    0x2f, 0x50, 0x8, 0xf0, 0xc, 0xd5, 0x6f, 0x80,
    0x1, 0xbf, 0xe9, 0x0,

    /* U+014F "ŏ" */
    0x0, 0x20, 0x2, 0x0, 0x3, 0xe1, 0x4e, 0x0,
    0x0, 0x8f, 0xf5, 0x0, 0x0, 0x0, 0x0, 0x0,
    0x1, 0xae, 0xe8, 0x0, 0xc, 0xc3, 0x4e, 0x80,
    0x2f, 0x40, 0x7, 0xe0, 0x3f, 0x30, 0x6, 0xf0,
    0x2f, 0x40, 0x7, 0xe0, 0xc, 0xc3, 0x4e, 0x80,
    0x1, 0xae, 0xe9, 0x0,

    /* U+0150 "Ő" */
    0x0, 0x1, 0x1, 0x0, 0x0, 0x2f, 0x2d, 0x70,
    0x0, 0xa8, 0x5d, 0x0, 0x0, 0x40, 0x22, 0x0,
    0x1, 0xbf, 0xe9, 0x0, 0xc, 0xd5, 0x6f, 0x90,
    0x2f, 0x50, 0x8, 0xf0, 0x5f, 0x20, 0x5, 0xf2,
    0x6f, 0x20, 0x5, 0xf3, 0x5f, 0x20, 0x5, 0xf2,
    0x2f, 0x50, 0x8, 0xf0, 0xc, 0xd5, 0x6f, 0x80,
    0x1, 0xbf, 0xe9, 0x0,

    /* U+0151 "ő" */
    0x0, 0x4, 0x3, 0x0, 0x0, 0x3f, 0x2e, 0x60,
    0x0, 0xb6, 0x6b, 0x0, 0x0, 0x20, 0x1, 0x0,
    0x1, 0xae, 0xe8, 0x0, 0xc, 0xc3, 0x4e, 0x80,
    0x2f, 0x40, 0x7, 0xe0, 0x3f, 0x30, 0x6, 0xf0,
    0x2f, 0x40, 0x7, 0xe0, 0xc, 0xc3, 0x4e, 0x80,
    0x1, 0xae, 0xe9, 0x0,

    /* U+0152 "Œ" */
    0x3, 0xcf, 0xff, 0xf6, 0x1f, 0xa4, 0xf6, 0x21,
    0x6f, 0x0, 0xf5, 0x0, 0x9c, 0x0, 0xf5, 0x0,
    0xac, 0x0, 0xff, 0xf4, 0x9c, 0x0, 0xf6, 0x20,
    0x6f, 0x0, 0xf5, 0x0, 0x1f, 0xa4, 0xf6, 0x21,
    0x3, 0xcf, 0xff, 0xf6,

    /* U+0153 "œ" */
    0x1c, 0xf6, 0x9f, 0xa0, 0x89, 0x1e, 0xb0, 0xc5,
    0xb6, 0xb, 0x70, 0x88, 0xc5, 0xb, 0xed, 0xe8,
    0xb6, 0xb, 0x70, 0x0, 0x89, 0x1e, 0xc0, 0xb4,
    0x1c, 0xf6, 0x9f, 0xb0,

    /* U+0154 "Ŕ" */
    0x0, 0x4, 0x0, 0x0, 0x1, 0xf5, 0x0, 0x0,
    0x8b, 0x0, 0x0, 0x1, 0x10, 0x0, 0xef, 0xff,
    0xc3, 0xe, 0xa3, 0x4c, 0xe0, 0xe8, 0x0, 0x6f,
    0x1e, 0x80, 0x9, 0xf0, 0xef, 0xff, 0xf5, 0xe,
    0x93, 0xf6, 0x0, 0xe8, 0x9, 0xe0, 0xe, 0x80,
    0x1f, 0x70, 0xe8, 0x0, 0x9f, 0x10,

    /* U+0155 "ŕ" */
    0x0, 0x0, 0x25, 0x0, 0x0, 0x0, 0xab, 0x0,
    0x0, 0x1, 0xe1, 0x0, 0x0, 0x0, 0x0, 0x0,
    0xf, 0xff, 0x4c, 0xf4, 0x2, 0x5f, 0xb7, 0x61,
    0x0, 0x3f, 0x50, 0x0, 0x0, 0x3f, 0x30, 0x0,
    0x0, 0x3f, 0x30, 0x0, 0x2, 0x5f, 0x52, 0x0,
    0xf, 0xff, 0xff, 0x10,

    /* U+0156 "Ŗ" */
    0xef, 0xff, 0xc3, 0xe, 0xa3, 0x4c, 0xe0, 0xe8,
    0x0, 0x6f, 0x1e, 0x80, 0x9, 0xf0, 0xef, 0xff,
    0xf5, 0xe, 0x93, 0xf6, 0x0, 0xe8, 0x9, 0xe0,
    0xe, 0x80, 0x1f, 0x70, 0xe8, 0x0, 0x9f, 0x10,
    0x0, 0x0, 0x0, 0x0, 0xdb, 0x0, 0x0, 0xf,
    0x40, 0x0, 0x0, 0xa0, 0x0, 0x0,

    /* U+0157 "ŗ" */
    0xf, 0xff, 0x4c, 0xf4, 0x2, 0x5f, 0xb7, 0x61,
    0x0, 0x3f, 0x50, 0x0, 0x0, 0x3f, 0x30, 0x0,
    0x0, 0x3f, 0x30, 0x0, 0x2, 0x5f, 0x52, 0x0,
    0xf, 0xff, 0xff, 0x10, 0x0, 0x0, 0x0, 0x0,
    0x0, 0x6f, 0x20, 0x0, 0x0, 0x8b, 0x0, 0x0,
    0x0, 0x64, 0x0, 0x0,

    /* U+0158 "Ř" */
    0x5, 0x0, 0x50, 0x0, 0xd8, 0x8d, 0x0, 0x2,
    0xff, 0x20, 0x0, 0x0, 0x0, 0x0, 0xef, 0xff,
    0xc3, 0xe, 0xa3, 0x4c, 0xe0, 0xe8, 0x0, 0x6f,
    0x1e, 0x80, 0x9, 0xf0, 0xef, 0xff, 0xf5, 0xe,
    0x93, 0xf6, 0x0, 0xe8, 0x9, 0xe0, 0xe, 0x80,
    0x1f, 0x70, 0xe8, 0x0, 0x9f, 0x10,

    /* U+0159 "ř" */
    0x0, 0x31, 0x2, 0x20, 0x0, 0x7d, 0x4e, 0x50,
    0x0, 0xa, 0xf8, 0x0, 0x0, 0x0, 0x0, 0x0,
    0xf, 0xff, 0x4c, 0xf4, 0x2, 0x5f, 0xb7, 0x61,
    0x0, 0x3f, 0x50, 0x0, 0x0, 0x3f, 0x30, 0x0,
    0x0, 0x3f, 0x30, 0x0, 0x2, 0x5f, 0x52, 0x0,
    0xf, 0xff, 0xff, 0x10,

    /* U+015A "Ś" */
    0x0, 0x0, 0x20, 0x0, 0x0, 0x1, 0xf5, 0x0,
    0x0, 0x8, 0xb0, 0x0, 0x0, 0x3, 0x10, 0x0,
    0x3, 0xbf, 0xfb, 0x30, 0xe, 0xc4, 0x4b, 0xb0,
    0x1f, 0x50, 0x0, 0x0, 0xe, 0xc4, 0x10, 0x0,
    0x2, 0xbf, 0xfd, 0x30, 0x0, 0x0, 0x2b, 0xe0,
    0x2, 0x0, 0x6, 0xf1, 0x3f, 0x84, 0x5d, 0xc0,
    0x5, 0xcf, 0xea, 0x10,

    /* U+015B "ś" */
    0x0, 0x0, 0x40, 0x0, 0x0, 0x2f, 0x40, 0x0,
    0x9, 0x90, 0x0, 0x0, 0x10, 0x0, 0x2, 0xbf,
    0xfb, 0x20, 0xbc, 0x22, 0x85, 0xc, 0xc3, 0x10,
    0x0, 0x2c, 0xff, 0xd3, 0x0, 0x0, 0x2c, 0xc0,
    0xd7, 0x22, 0xcb, 0x5, 0xcf, 0xeb, 0x10,

    /* U+015C "Ŝ" */
    0x0, 0x7, 0x60, 0x0, 0x0, 0x8e, 0xf4, 0x0,
    0x2, 0xe2, 0x5e, 0x0, 0x0, 0x20, 0x2, 0x0,
    0x3, 0xbf, 0xfb, 0x30, 0xe, 0xc4, 0x4b, 0xb0,
    0x1f, 0x50, 0x0, 0x0, 0xe, 0xc4, 0x10, 0x0,
    0x2, 0xbf, 0xfd, 0x30, 0x0, 0x0, 0x2b, 0xe0,
    0x2, 0x0, 0x6, 0xf1, 0x3f, 0x84, 0x5d, 0xc0,
    0x5, 0xcf, 0xea, 0x10,

    /* U+015D "ŝ" */
    0x0, 0x7, 0x60, 0x0, 0x8, 0xef, 0x50, 0x2,
    0xe2, 0x4e, 0x0, 0x0, 0x0, 0x0, 0x2, 0xbf,
    0xfb, 0x20, 0xbc, 0x22, 0x85, 0xc, 0xc3, 0x10,
    0x0, 0x2c, 0xff, 0xd3, 0x0, 0x0, 0x2c, 0xc0,
    0xd7, 0x22, 0xcb, 0x5, 0xcf, 0xeb, 0x10,

    /* U+015E "Ş" */
    0x3, 0xbf, 0xfb, 0x30, 0xe, 0xc4, 0x4b, 0xb0,
    0x1f, 0x50, 0x0, 0x0, 0xe, 0xc4, 0x0, 0x0,
    0x2, 0xbf, 0xfc, 0x30, 0x0, 0x0, 0x2b, 0xe0,
    0x2, 0x0, 0x6, 0xf1, 0x3f, 0x83, 0x4d, 0xd0,
    0x6, 0xdf, 0xfb, 0x20, 0x0, 0xa, 0x10, 0x0,
    0x0, 0x3, 0xb6, 0x0, 0x0, 0x2d, 0xd4, 0x0,

    /* U+015F "ş" */
    0x2, 0xbf, 0xfb, 0x20, 0xbc, 0x22, 0x85, 0xc,
    0xc3, 0x0, 0x0, 0x3c, 0xff, 0xc3, 0x0, 0x0,
    0x2c, 0xc0, 0xc7, 0x22, 0xcb, 0x5, 0xdf, 0xfb,
    0x20, 0x0, 0xa1, 0x0, 0x0, 0x3, 0xb6, 0x0,
    0x2, 0xdd, 0x40,

    /* U+0160 "Š" */
    0x0, 0x40, 0x5, 0x0, 0x1, 0xe6, 0x9c, 0x0,
    0x0, 0x3f, 0xe1, 0x0, 0x0, 0x0, 0x0, 0x0,
    0x3, 0xbf, 0xfb, 0x30, 0xe, 0xc4, 0x4b, 0xb0,
    0x1f, 0x50, 0x0, 0x0, 0xe, 0xc4, 0x10, 0x0,
    0x2, 0xbf, 0xfd, 0x30, 0x0, 0x0, 0x2b, 0xe0,
    0x2, 0x0, 0x6, 0xf1, 0x3f, 0x84, 0x5d, 0xc0,
    0x5, 0xcf, 0xea, 0x10,

    /* U+0161 "š" */
    0x0, 0x40, 0x5, 0x0, 0x1e, 0x69, 0xc0, 0x0,
    0x3f, 0xe1, 0x0, 0x0, 0x0, 0x0, 0x2, 0xbf,
    0xfb, 0x20, 0xbc, 0x22, 0x85, 0xc, 0xc3, 0x10,
    0x0, 0x2c, 0xff, 0xd3, 0x0, 0x0, 0x2c, 0xc0,
    0xd7, 0x22, 0xcb, 0x5, 0xcf, 0xeb, 0x10,

    /* U+0162 "Ţ" */
    0xaf, 0xff, 0xff, 0xf7, 0x24, 0x4d, 0xb4, 0x41,
    0x0, 0xd, 0xa0, 0x0, 0x0, 0xd, 0xa0, 0x0,
    0x0, 0xd, 0xa0, 0x0, 0x0, 0xd, 0xa0, 0x0,
    0x0, 0xd, 0xa0, 0x0, 0x0, 0xd, 0xa0, 0x0,
    0x0, 0xd, 0xa0, 0x0, 0x0, 0x9, 0x30, 0x0,
    0x0, 0x3, 0xa6, 0x0, 0x0, 0x1c, 0xd5, 0x0,

    /* U+0163 "ţ" */
    0x0, 0x5f, 0x0, 0x0, 0x6, 0xf0, 0x0, 0x7f,
    0xff, 0xff, 0xd1, 0x28, 0xf2, 0x22, 0x0, 0x6f,
    0x0, 0x0, 0x6, 0xf0, 0x0, 0x0, 0x6f, 0x0,
    0x0, 0x5, 0xf2, 0x22, 0x0, 0x1c, 0xff, 0xd0,
    0x0, 0xa, 0x10, 0x0, 0x0, 0x4b, 0x50, 0x0,
    0x3d, 0xd4,

    /* U+0164 "Ť" */
    0x0, 0x40, 0x5, 0x0, 0x1, 0xe6, 0x9c, 0x0,
    0x0, 0x3f, 0xe1, 0x0, 0x0, 0x0, 0x0, 0x0,
    0xaf, 0xff, 0xff, 0xf7, 0x24, 0x4d, 0xb4, 0x41,
    0x0, 0xd, 0xa0, 0x0, 0x0, 0xd, 0xa0, 0x0,
    0x0, 0xd, 0xa0, 0x0, 0x0, 0xd, 0xa0, 0x0,
    0x0, 0xd, 0xa0, 0x0, 0x0, 0xd, 0xa0, 0x0,
    0x0, 0xd, 0xa0, 0x0,

    /* U+0165 "ť" */
    0x0, 0x0, 0xd, 0xa0, 0x5, 0xf0, 0xe6, 0x0,
    0x6f, 0x9, 0x17, 0xff, 0xff, 0xfd, 0x12, 0x8f,
    0x22, 0x20, 0x6, 0xf0, 0x0, 0x0, 0x6f, 0x0,
    0x0, 0x6, 0xf0, 0x0, 0x0, 0x5f, 0x22, 0x20,
    0x1, 0xcf, 0xfd,

    /* U+0166 "Ŧ" */
    0xaf, 0xff, 0xff, 0xf7, 0x24, 0x4d, 0xb4, 0x41,
    0x0, 0xd, 0xa0, 0x0, 0x0, 0xd, 0xa0, 0x0,
    0xe, 0xff, 0xff, 0xa0, 0x2, 0x2d, 0xa2, 0x10,
    0x0, 0xd, 0xa0, 0x0, 0x0, 0xd, 0xa0, 0x0,
    0x0, 0xd, 0xa0, 0x0,

    /* U+0167 "ŧ" */
    0x0, 0x5f, 0x0, 0x0, 0x6, 0xf0, 0x0, 0x7f,
    0xff, 0xff, 0xd1, 0x28, 0xf2, 0x22, 0x0, 0x6f,
    0x0, 0x0, 0xaf, 0xff, 0xf1, 0x1, 0x7f, 0x22,
    0x0, 0x6, 0xf2, 0x22, 0x0, 0x1c, 0xff, 0xd0,

    /* U+0168 "Ũ" */
    0x2, 0xef, 0xfd, 0x0, 0x2, 0x22, 0x0, 0x0,
    0x0, 0x0, 0x1, 0xf5, 0x0, 0x8e, 0x1f, 0x50,
    0x8, 0xe1, 0xf5, 0x0, 0x8e, 0x1f, 0x50, 0x8,
    0xe1, 0xf5, 0x0, 0x8e, 0x1f, 0x50, 0x8, 0xe0,
    0xf6, 0x0, 0xad, 0xc, 0xd4, 0x5f, 0x80, 0x2c,
    0xff, 0xb1,

    /* U+0169 "ũ" */
    0x1d, 0xc2, 0x40, 0x14, 0x6f, 0xc0, 0x0, 0x0,
    0x0, 0xf7, 0x0, 0xbb, 0xf7, 0x0, 0xbb, 0xf7,
    0x0, 0xbb, 0xf7, 0x0, 0xbb, 0xf7, 0x0, 0xbb,
    0xcd, 0x35, 0xeb, 0x2d, 0xf9, 0xbb,

    /* U+016A "Ū" */
    0x0, 0xef, 0xfb, 0x0, 0x1, 0x22, 0x10, 0x0,
    0x0, 0x0, 0x1, 0xf5, 0x0, 0x8e, 0x1f, 0x50,
    0x8, 0xe1, 0xf5, 0x0, 0x8e, 0x1f, 0x50, 0x8,
    0xe1, 0xf5, 0x0, 0x8e, 0x1f, 0x50, 0x8, 0xe0,
    0xf6, 0x0, 0xad, 0xc, 0xd4, 0x5f, 0x80, 0x2c,
    0xff, 0xb1,

    /* U+016B "ū" */
    0xf, 0xff, 0xc0, 0x1, 0x11, 0x10, 0xf7, 0x0,
    0xbb, 0xf7, 0x0, 0xbb, 0xf7, 0x0, 0xbb, 0xf7,
    0x0, 0xbb, 0xf7, 0x0, 0xbb, 0xcd, 0x35, 0xeb,
    0x2d, 0xf9, 0xbb,

    /* U+016C "Ŭ" */
    0x0, 0x20, 0x3, 0x0, 0x2e, 0x14, 0xe0, 0x0,
    0x8f, 0xf5, 0x0, 0x0, 0x0, 0x0, 0x1f, 0x50,
    0x8, 0xe1, 0xf5, 0x0, 0x8e, 0x1f, 0x50, 0x8,
    0xe1, 0xf5, 0x0, 0x8e, 0x1f, 0x50, 0x8, 0xe1,
    0xf5, 0x0, 0x8e, 0xf, 0x60, 0xa, 0xd0, 0xcd,
    0x45, 0xf8, 0x2, 0xcf, 0xfb, 0x10,

    /* U+016D "ŭ" */
    0x2, 0x0, 0x20, 0x3e, 0x14, 0xe0, 0x8, 0xff,
    0x50, 0x0, 0x0, 0x0, 0xf7, 0x0, 0xbb, 0xf7,
    0x0, 0xbb, 0xf7, 0x0, 0xbb, 0xf7, 0x0, 0xbb,
    0xf7, 0x0, 0xbb, 0xcd, 0x35, 0xeb, 0x2d, 0xf9,
    0xbb,

    /* U+016E "Ů" */
    0x0, 0x4c, 0xb2, 0x0, 0xb, 0x47, 0x80, 0x0,
    0x4c, 0xc2, 0x0, 0x0, 0x0, 0x0, 0x1f, 0x50,
    0x8, 0xe1, 0xf5, 0x0, 0x8e, 0x1f, 0x50, 0x8,
    0xe1, 0xf5, 0x0, 0x8e, 0x1f, 0x50, 0x8, 0xe1,
    0xf5, 0x0, 0x8e, 0xf, 0x60, 0xa, 0xd0, 0xcd,
    0x45, 0xf8, 0x2, 0xcf, 0xfb, 0x10,

    /* U+016F "ů" */
    0x4, 0xcb, 0x20, 0xb, 0x37, 0x70, 0x4, 0xcb,
    0x20, 0x0, 0x0, 0x0, 0xf7, 0x0, 0xbb, 0xf7,
    0x0, 0xbb, 0xf7, 0x0, 0xbb, 0xf7, 0x0, 0xbb,
    0xf7, 0x0, 0xbb, 0xcd, 0x35, 0xeb, 0x2d, 0xf9,
    0xbb,

    /* U+0170 "Ű" */
    0x0, 0x4, 0x3, 0x0, 0x3, 0xf2, 0xe6, 0x0,
    0xb6, 0x6c, 0x0, 0x2, 0x0, 0x10, 0x1f, 0x50,
    0x8, 0xe1, 0xf5, 0x0, 0x8e, 0x1f, 0x50, 0x8,
    0xe1, 0xf5, 0x0, 0x8e, 0x1f, 0x50, 0x8, 0xe1,
    0xf5, 0x0, 0x8e, 0xf, 0x60, 0xa, 0xd0, 0xcd,
    0x45, 0xf8, 0x2, 0xcf, 0xfb, 0x10,

    /* U+0171 "ű" */
    0x0, 0x60, 0x52, 0x5, 0xe2, 0xf5, 0xc, 0x46,
    0xa0, 0x0, 0x0, 0x0, 0xf7, 0x0, 0xbb, 0xf7,
    0x0, 0xbb, 0xf7, 0x0, 0xbb, 0xf7, 0x0, 0xbb,
    0xf7, 0x0, 0xbb, 0xcd, 0x35, 0xeb, 0x2d, 0xf9,
    0xbb,

    /* U+0172 "Ų" */
    0x1f, 0x50, 0x8, 0xe1, 0xf5, 0x0, 0x8e, 0x1f,
    0x50, 0x8, 0xe1, 0xf5, 0x0, 0x8e, 0x1f, 0x50,
    0x8, 0xe1, 0xf5, 0x0, 0x8e, 0xf, 0x60, 0xa,
    0xd0, 0xcd, 0x45, 0xea, 0x2, 0xcf, 0xff, 0x30,
    0x0, 0x5d, 0x30, 0x0, 0xf, 0x21, 0x0, 0x0,
    0xbe, 0x80,

    /* U+0173 "ų" */
    0xf7, 0x0, 0xbb, 0xf, 0x70, 0xb, 0xb0, 0xf7,
    0x0, 0xbb, 0xf, 0x70, 0xb, 0xb0, 0xf7, 0x0,
    0xbb, 0xc, 0xd3, 0x5e, 0xb0, 0x2d, 0xf9, 0xab,
    0x0, 0x0, 0x3c, 0x10, 0x0, 0xc, 0x41, 0x0,
    0x0, 0x8e, 0xb0,

    /* U+0174 "Ŵ" */
    0x0, 0x7, 0x60, 0x0, 0x0, 0x8e, 0xf5, 0x0,
    0x2, 0xe2, 0x4e, 0x0, 0x0, 0x0, 0x0, 0x0,
    0xa9, 0x0, 0x0, 0xc6, 0x9b, 0x0, 0x0, 0xd5,
    0x7c, 0xe, 0xb0, 0xe4, 0x6d, 0x1f, 0xe0, 0xf3,
    0x5e, 0x4b, 0xe2, 0xf2, 0x4f, 0x78, 0xb6, 0xf1,
    0x3f, 0xa5, 0x8a, 0xf0, 0x2f, 0xe2, 0x6e, 0xe0,
    0x1f, 0xf0, 0x3f, 0xd0,

    /* U+0175 "ŵ" */
    0x0, 0x7, 0x60, 0x0, 0x0, 0x9d, 0xf6, 0x0,
    0x2, 0xd1, 0x3d, 0x0, 0x0, 0x0, 0x0, 0x0,
    0xa8, 0xd, 0xb0, 0xa7, 0x8a, 0xe, 0xd0, 0xc5,
    0x6b, 0x3a, 0xd0, 0xe3, 0x4d, 0x58, 0xb3, 0xf1,
    0x2f, 0x85, 0x87, 0xf0, 0xf, 0xc2, 0x6c, 0xc0,
    0xd, 0xf0, 0x3f, 0xa0,

    /* U+0176 "Ŷ" */
    0x0, 0x7, 0x60, 0x0, 0x0, 0x8e, 0xf5, 0x0,
    0x2, 0xe2, 0x4e, 0x0, 0x0, 0x0, 0x0, 0x0,
    0x9f, 0x10, 0x3, 0xf5, 0x1f, 0x80, 0xb, 0xd0,
    0x8, 0xf1, 0x3f, 0x40, 0x0, 0xe8, 0xbc, 0x0,
    0x0, 0x6f, 0xf3, 0x0, 0x0, 0xe, 0xb0, 0x0,
    0x0, 0xd, 0xa0, 0x0, 0x0, 0xd, 0xa0, 0x0,
    0x0, 0xd, 0xa0, 0x0,

    /* U+0177 "ŷ" */
    0x0, 0x4f, 0xe2, 0x0, 0x1, 0xe4, 0x6d, 0x0,
    0x0, 0x10, 0x1, 0x0, 0x5f, 0x20, 0x5, 0xf1,
    0xe, 0x80, 0xa, 0xb0, 0x8, 0xd0, 0xf, 0x50,
    0x2, 0xf3, 0x5f, 0x0, 0x0, 0xc8, 0xb9, 0x0,
    0x0, 0x6e, 0xf3, 0x0, 0x0, 0x1f, 0xd0, 0x0,
    0x0, 0xe, 0x70, 0x0, 0x2, 0x6f, 0x10, 0x0,
    0xf, 0xf7, 0x0, 0x0,

    /* U+0178 "Ÿ" */
    0x2, 0xf5, 0x8e, 0x0, 0x1, 0x92, 0x59, 0x0,
    0x0, 0x0, 0x0, 0x0, 0x9f, 0x10, 0x3, 0xf5,
    0x1f, 0x80, 0xb, 0xd0, 0x8, 0xf1, 0x3f, 0x40,
    0x0, 0xe8, 0xbc, 0x0, 0x0, 0x6f, 0xf3, 0x0,
    0x0, 0xe, 0xb0, 0x0, 0x0, 0xd, 0xa0, 0x0,
    0x0, 0xd, 0xa0, 0x0, 0x0, 0xd, 0xa0, 0x0,

    /* U+0179 "Ź" */
    0x0, 0x0, 0x40, 0x0, 0x0, 0x2, 0xf4, 0x0,
    0x0, 0x9, 0x90, 0x0, 0x0, 0x1, 0x0, 0x0,
    0x3f, 0xff, 0xff, 0xf0, 0x4, 0x44, 0x4e, 0xd0,
    0x0, 0x0, 0x8f, 0x20, 0x0, 0x4, 0xf6, 0x0,
    0x0, 0x1e, 0xa0, 0x0, 0x0, 0xbd, 0x0, 0x0,
    0x7, 0xf2, 0x0, 0x0, 0x3f, 0x94, 0x44, 0x40,
    0x6f, 0xff, 0xff, 0xf2,

    /* U+017A "ź" */
    0x0, 0x6, 0x10, 0x0, 0x3f, 0x30, 0x0, 0x98,
    0x0, 0x0, 0x0, 0x0, 0xdf, 0xff, 0xfa, 0x22,
    0x26, 0xf7, 0x0, 0x2f, 0x90, 0x1, 0xea, 0x0,
    0x1d, 0xc0, 0x0, 0xce, 0x32, 0x22, 0xff, 0xff,
    0xfc,

    /* U+017B "Ż" */
    0x0, 0xe, 0xb0, 0x0, 0x0, 0xb, 0x90, 0x0,
    0x0, 0x0, 0x0, 0x0, 0x3f, 0xff, 0xff, 0xf0,
    0x4, 0x44, 0x4e, 0xd0, 0x0, 0x0, 0x8f, 0x20,
    0x0, 0x4, 0xf6, 0x0, 0x0, 0x1e, 0xa0, 0x0,
    0x0, 0xbd, 0x0, 0x0, 0x7, 0xf2, 0x0, 0x0,
    0x3f, 0x94, 0x44, 0x40, 0x6f, 0xff, 0xff, 0xf2,

    /* U+017C "ż" */
    0x0, 0xeb, 0x0, 0x0, 0xb9, 0x0, 0x0, 0x0,
    0x0, 0xdf, 0xff, 0xfa, 0x22, 0x26, 0xf7, 0x0,
    0x2f, 0x90, 0x1, 0xea, 0x0, 0x1d, 0xc0, 0x0,
    0xce, 0x32, 0x22, 0xff, 0xff, 0xfc,

    /* U+2014 "—" */
    0x0, 0x0, 0x0, 0x0, 0xff, 0xff, 0xff, 0xfc,
    0x33, 0x33, 0x33, 0x32,

    /* U+2192 "→" */
    0x0, 0x0, 0x20, 0x0, 0x0, 0x0, 0xc9, 0x0,
    0x12, 0x22, 0x3d, 0x90, 0xaf, 0xff, 0xff, 0xf5,
    0x1, 0x11, 0x3d, 0x90, 0x0, 0x0, 0xd9, 0x0,
    0x0, 0x0, 0x10, 0x0
};


/*---------------------
 *  GLYPH DESCRIPTION
 *--------------------*/

static const lv_font_fmt_txt_glyph_dsc_t glyph_dsc[] = {
    {.bitmap_index = 0, .adv_w = 0, .box_w = 0, .box_h = 0, .ofs_x = 0, .ofs_y = 0} /* id = 0 reserved */,
    {.bitmap_index = 0, .adv_w = 125, .box_w = 0, .box_h = 0, .ofs_x = 0, .ofs_y = 0},
    {.bitmap_index = 0, .adv_w = 125, .box_w = 3, .box_h = 9, .ofs_x = 2, .ofs_y = 0},
    {.bitmap_index = 14, .adv_w = 125, .box_w = 5, .box_h = 4, .ofs_x = 1, .ofs_y = 6},
    {.bitmap_index = 24, .adv_w = 125, .box_w = 8, .box_h = 9, .ofs_x = 0, .ofs_y = 0},
    {.bitmap_index = 60, .adv_w = 125, .box_w = 8, .box_h = 13, .ofs_x = 0, .ofs_y = -1},
    {.bitmap_index = 112, .adv_w = 125, .box_w = 8, .box_h = 9, .ofs_x = 0, .ofs_y = 0},
    {.bitmap_index = 148, .adv_w = 125, .box_w = 8, .box_h = 9, .ofs_x = 0, .ofs_y = 0},
    {.bitmap_index = 184, .adv_w = 125, .box_w = 2, .box_h = 4, .ofs_x = 3, .ofs_y = 6},
    {.bitmap_index = 188, .adv_w = 125, .box_w = 5, .box_h = 12, .ofs_x = 2, .ofs_y = -2},
    {.bitmap_index = 218, .adv_w = 125, .box_w = 5, .box_h = 12, .ofs_x = 1, .ofs_y = -2},
    {.bitmap_index = 248, .adv_w = 125, .box_w = 8, .box_h = 7, .ofs_x = 0, .ofs_y = 0},
    {.bitmap_index = 276, .adv_w = 125, .box_w = 7, .box_h = 7, .ofs_x = 0, .ofs_y = 1},
    {.bitmap_index = 301, .adv_w = 125, .box_w = 4, .box_h = 4, .ofs_x = 2, .ofs_y = -2},
    {.bitmap_index = 309, .adv_w = 125, .box_w = 5, .box_h = 3, .ofs_x = 1, .ofs_y = 3},
    {.bitmap_index = 317, .adv_w = 125, .box_w = 4, .box_h = 3, .ofs_x = 2, .ofs_y = 0},
    {.bitmap_index = 323, .adv_w = 125, .box_w = 6, .box_h = 12, .ofs_x = 1, .ofs_y = -2},
    {.bitmap_index = 359, .adv_w = 125, .box_w = 8, .box_h = 9, .ofs_x = 0, .ofs_y = 0},
    {.bitmap_index = 395, .adv_w = 125, .box_w = 8, .box_h = 9, .ofs_x = 0, .ofs_y = 0},
    {.bitmap_index = 431, .adv_w = 125, .box_w = 8, .box_h = 9, .ofs_x = 0, .ofs_y = 0},
    {.bitmap_index = 467, .adv_w = 125, .box_w = 7, .box_h = 9, .ofs_x = 0, .ofs_y = 0},
    {.bitmap_index = 499, .adv_w = 125, .box_w = 8, .box_h = 9, .ofs_x = 0, .ofs_y = 0},
    {.bitmap_index = 535, .adv_w = 125, .box_w = 8, .box_h = 9, .ofs_x = 0, .ofs_y = 0},
    {.bitmap_index = 571, .adv_w = 125, .box_w = 8, .box_h = 9, .ofs_x = 0, .ofs_y = 0},
    {.bitmap_index = 607, .adv_w = 125, .box_w = 8, .box_h = 9, .ofs_x = 0, .ofs_y = 0},
    {.bitmap_index = 643, .adv_w = 125, .box_w = 8, .box_h = 9, .ofs_x = 0, .ofs_y = 0},
    {.bitmap_index = 679, .adv_w = 125, .box_w = 8, .box_h = 9, .ofs_x = 0, .ofs_y = 0},
    {.bitmap_index = 715, .adv_w = 125, .box_w = 4, .box_h = 7, .ofs_x = 2, .ofs_y = 0},
    {.bitmap_index = 729, .adv_w = 125, .box_w = 4, .box_h = 9, .ofs_x = 2, .ofs_y = -2},
    {.bitmap_index = 747, .adv_w = 125, .box_w = 6, .box_h = 8, .ofs_x = 1, .ofs_y = 0},
    {.bitmap_index = 771, .adv_w = 125, .box_w = 7, .box_h = 5, .ofs_x = 0, .ofs_y = 1},
    {.bitmap_index = 789, .adv_w = 125, .box_w = 6, .box_h = 8, .ofs_x = 1, .ofs_y = 0},
    {.bitmap_index = 813, .adv_w = 125, .box_w = 7, .box_h = 9, .ofs_x = 0, .ofs_y = 0},
    {.bitmap_index = 845, .adv_w = 125, .box_w = 7, .box_h = 11, .ofs_x = 0, .ofs_y = -2},
    {.bitmap_index = 884, .adv_w = 125, .box_w = 8, .box_h = 9, .ofs_x = 0, .ofs_y = 0},
    {.bitmap_index = 920, .adv_w = 125, .box_w = 7, .box_h = 9, .ofs_x = 1, .ofs_y = 0},
    {.bitmap_index = 952, .adv_w = 125, .box_w = 8, .box_h = 9, .ofs_x = 0, .ofs_y = 0},
    {.bitmap_index = 988, .adv_w = 125, .box_w = 7, .box_h = 9, .ofs_x = 1, .ofs_y = 0},
    {.bitmap_index = 1020, .adv_w = 125, .box_w = 6, .box_h = 9, .ofs_x = 1, .ofs_y = 0},
    {.bitmap_index = 1047, .adv_w = 125, .box_w = 6, .box_h = 9, .ofs_x = 1, .ofs_y = 0},
    {.bitmap_index = 1074, .adv_w = 125, .box_w = 7, .box_h = 9, .ofs_x = 0, .ofs_y = 0},
    {.bitmap_index = 1106, .adv_w = 125, .box_w = 7, .box_h = 9, .ofs_x = 0, .ofs_y = 0},
    {.bitmap_index = 1138, .adv_w = 125, .box_w = 6, .box_h = 9, .ofs_x = 1, .ofs_y = 0},
    {.bitmap_index = 1165, .adv_w = 125, .box_w = 7, .box_h = 9, .ofs_x = 0, .ofs_y = 0},
    {.bitmap_index = 1197, .adv_w = 125, .box_w = 7, .box_h = 9, .ofs_x = 1, .ofs_y = 0},
    {.bitmap_index = 1229, .adv_w = 125, .box_w = 6, .box_h = 9, .ofs_x = 1, .ofs_y = 0},
    {.bitmap_index = 1256, .adv_w = 125, .box_w = 8, .box_h = 9, .ofs_x = 0, .ofs_y = 0},
    {.bitmap_index = 1292, .adv_w = 125, .box_w = 7, .box_h = 9, .ofs_x = 0, .ofs_y = 0},
    {.bitmap_index = 1324, .adv_w = 125, .box_w = 8, .box_h = 9, .ofs_x = 0, .ofs_y = 0},
    {.bitmap_index = 1360, .adv_w = 125, .box_w = 7, .box_h = 9, .ofs_x = 1, .ofs_y = 0},
    {.bitmap_index = 1392, .adv_w = 125, .box_w = 8, .box_h = 13, .ofs_x = 0, .ofs_y = -4},
    {.bitmap_index = 1444, .adv_w = 125, .box_w = 7, .box_h = 9, .ofs_x = 1, .ofs_y = 0},
    {.bitmap_index = 1476, .adv_w = 125, .box_w = 8, .box_h = 9, .ofs_x = 0, .ofs_y = 0},
    {.bitmap_index = 1512, .adv_w = 125, .box_w = 8, .box_h = 9, .ofs_x = 0, .ofs_y = 0},
    {.bitmap_index = 1548, .adv_w = 125, .box_w = 7, .box_h = 9, .ofs_x = 0, .ofs_y = 0},
    {.bitmap_index = 1580, .adv_w = 125, .box_w = 8, .box_h = 9, .ofs_x = 0, .ofs_y = 0},
    {.bitmap_index = 1616, .adv_w = 125, .box_w = 8, .box_h = 9, .ofs_x = 0, .ofs_y = 0},
    {.bitmap_index = 1652, .adv_w = 125, .box_w = 8, .box_h = 9, .ofs_x = 0, .ofs_y = 0},
    {.bitmap_index = 1688, .adv_w = 125, .box_w = 8, .box_h = 9, .ofs_x = 0, .ofs_y = 0},
    {.bitmap_index = 1724, .adv_w = 125, .box_w = 8, .box_h = 9, .ofs_x = 0, .ofs_y = 0},
    {.bitmap_index = 1760, .adv_w = 125, .box_w = 5, .box_h = 13, .ofs_x = 2, .ofs_y = -3},
    {.bitmap_index = 1793, .adv_w = 125, .box_w = 6, .box_h = 12, .ofs_x = 1, .ofs_y = -2},
    {.bitmap_index = 1829, .adv_w = 125, .box_w = 5, .box_h = 13, .ofs_x = 1, .ofs_y = -3},
    {.bitmap_index = 1862, .adv_w = 125, .box_w = 8, .box_h = 6, .ofs_x = 0, .ofs_y = 3},
    {.bitmap_index = 1886, .adv_w = 125, .box_w = 8, .box_h = 3, .ofs_x = 0, .ofs_y = -3},
    {.bitmap_index = 1898, .adv_w = 125, .box_w = 3, .box_h = 4, .ofs_x = 2, .ofs_y = 7},
    {.bitmap_index = 1904, .adv_w = 125, .box_w = 8, .box_h = 7, .ofs_x = 0, .ofs_y = 0},
    {.bitmap_index = 1932, .adv_w = 125, .box_w = 7, .box_h = 10, .ofs_x = 1, .ofs_y = 0},
    {.bitmap_index = 1967, .adv_w = 125, .box_w = 7, .box_h = 7, .ofs_x = 0, .ofs_y = 0},
    {.bitmap_index = 1992, .adv_w = 125, .box_w = 7, .box_h = 10, .ofs_x = 0, .ofs_y = 0},
    {.bitmap_index = 2027, .adv_w = 125, .box_w = 8, .box_h = 7, .ofs_x = 0, .ofs_y = 0},
    {.bitmap_index = 2055, .adv_w = 125, .box_w = 8, .box_h = 10, .ofs_x = 0, .ofs_y = 0},
    {.bitmap_index = 2095, .adv_w = 125, .box_w = 8, .box_h = 11, .ofs_x = 0, .ofs_y = -3},
    {.bitmap_index = 2139, .adv_w = 125, .box_w = 6, .box_h = 10, .ofs_x = 1, .ofs_y = 0},
    {.bitmap_index = 2169, .adv_w = 125, .box_w = 7, .box_h = 10, .ofs_x = 1, .ofs_y = 0},
    {.bitmap_index = 2204, .adv_w = 125, .box_w = 5, .box_h = 13, .ofs_x = 1, .ofs_y = -3},
    {.bitmap_index = 2237, .adv_w = 125, .box_w = 7, .box_h = 10, .ofs_x = 1, .ofs_y = 0},
    {.bitmap_index = 2272, .adv_w = 125, .box_w = 7, .box_h = 10, .ofs_x = 0, .ofs_y = 0},
    {.bitmap_index = 2307, .adv_w = 125, .box_w = 8, .box_h = 7, .ofs_x = 0, .ofs_y = 0},
    {.bitmap_index = 2335, .adv_w = 125, .box_w = 6, .box_h = 7, .ofs_x = 1, .ofs_y = 0},
    {.bitmap_index = 2356, .adv_w = 125, .box_w = 8, .box_h = 7, .ofs_x = 0, .ofs_y = 0},
    {.bitmap_index = 2384, .adv_w = 125, .box_w = 7, .box_h = 10, .ofs_x = 1, .ofs_y = -3},
    {.bitmap_index = 2419, .adv_w = 125, .box_w = 7, .box_h = 10, .ofs_x = 0, .ofs_y = -3},
    {.bitmap_index = 2454, .adv_w = 125, .box_w = 8, .box_h = 7, .ofs_x = 0, .ofs_y = 0},
    {.bitmap_index = 2482, .adv_w = 125, .box_w = 7, .box_h = 7, .ofs_x = 0, .ofs_y = 0},
    {.bitmap_index = 2507, .adv_w = 125, .box_w = 7, .box_h = 9, .ofs_x = 0, .ofs_y = 0},
    {.bitmap_index = 2539, .adv_w = 125, .box_w = 6, .box_h = 7, .ofs_x = 1, .ofs_y = 0},
    {.bitmap_index = 2560, .adv_w = 125, .box_w = 8, .box_h = 7, .ofs_x = 0, .ofs_y = 0},
    {.bitmap_index = 2588, .adv_w = 125, .box_w = 8, .box_h = 7, .ofs_x = 0, .ofs_y = 0},
    {.bitmap_index = 2616, .adv_w = 125, .box_w = 8, .box_h = 7, .ofs_x = 0, .ofs_y = 0},
    {.bitmap_index = 2644, .adv_w = 125, .box_w = 8, .box_h = 10, .ofs_x = 0, .ofs_y = -3},
    {.bitmap_index = 2684, .adv_w = 125, .box_w = 6, .box_h = 7, .ofs_x = 1, .ofs_y = 0},
    {.bitmap_index = 2705, .adv_w = 125, .box_w = 6, .box_h = 13, .ofs_x = 1, .ofs_y = -3},
    {.bitmap_index = 2744, .adv_w = 125, .box_w = 2, .box_h = 12, .ofs_x = 3, .ofs_y = -2},
    {.bitmap_index = 2756, .adv_w = 125, .box_w = 6, .box_h = 13, .ofs_x = 1, .ofs_y = -3},
    {.bitmap_index = 2795, .adv_w = 125, .box_w = 8, .box_h = 4, .ofs_x = 0, .ofs_y = 2},
    {.bitmap_index = 2811, .adv_w = 125, .box_w = 6, .box_h = 6, .ofs_x = 1, .ofs_y = 4},
    {.bitmap_index = 2829, .adv_w = 125, .box_w = 4, .box_h = 3, .ofs_x = 2, .ofs_y = 3},
    {.bitmap_index = 2835, .adv_w = 125, .box_w = 8, .box_h = 13, .ofs_x = 0, .ofs_y = 0},
    {.bitmap_index = 2887, .adv_w = 125, .box_w = 8, .box_h = 13, .ofs_x = 0, .ofs_y = 0},
    {.bitmap_index = 2939, .adv_w = 125, .box_w = 8, .box_h = 13, .ofs_x = 0, .ofs_y = 0},
    {.bitmap_index = 2991, .adv_w = 125, .box_w = 8, .box_h = 12, .ofs_x = 0, .ofs_y = 0},
    {.bitmap_index = 3039, .adv_w = 125, .box_w = 8, .box_h = 12, .ofs_x = 0, .ofs_y = 0},
    {.bitmap_index = 3087, .adv_w = 125, .box_w = 8, .box_h = 13, .ofs_x = 0, .ofs_y = 0},
    {.bitmap_index = 3139, .adv_w = 125, .box_w = 8, .box_h = 9, .ofs_x = 0, .ofs_y = 0},
    {.bitmap_index = 3175, .adv_w = 125, .box_w = 8, .box_h = 12, .ofs_x = 0, .ofs_y = -3},
    {.bitmap_index = 3223, .adv_w = 125, .box_w = 6, .box_h = 13, .ofs_x = 1, .ofs_y = 0},
    {.bitmap_index = 3262, .adv_w = 125, .box_w = 6, .box_h = 13, .ofs_x = 1, .ofs_y = 0},
    {.bitmap_index = 3301, .adv_w = 125, .box_w = 6, .box_h = 13, .ofs_x = 1, .ofs_y = 0},
    {.bitmap_index = 3340, .adv_w = 125, .box_w = 6, .box_h = 12, .ofs_x = 1, .ofs_y = 0},
    {.bitmap_index = 3376, .adv_w = 125, .box_w = 6, .box_h = 13, .ofs_x = 1, .ofs_y = 0},
    {.bitmap_index = 3415, .adv_w = 125, .box_w = 6, .box_h = 13, .ofs_x = 1, .ofs_y = 0},
    {.bitmap_index = 3454, .adv_w = 125, .box_w = 6, .box_h = 13, .ofs_x = 1, .ofs_y = 0},
    {.bitmap_index = 3493, .adv_w = 125, .box_w = 6, .box_h = 12, .ofs_x = 1, .ofs_y = 0},
    {.bitmap_index = 3529, .adv_w = 125, .box_w = 8, .box_h = 9, .ofs_x = 0, .ofs_y = 0},
    {.bitmap_index = 3565, .adv_w = 125, .box_w = 7, .box_h = 12, .ofs_x = 0, .ofs_y = 0},
    {.bitmap_index = 3607, .adv_w = 125, .box_w = 8, .box_h = 13, .ofs_x = 0, .ofs_y = 0},
    {.bitmap_index = 3659, .adv_w = 125, .box_w = 8, .box_h = 13, .ofs_x = 0, .ofs_y = 0},
    {.bitmap_index = 3711, .adv_w = 125, .box_w = 8, .box_h = 13, .ofs_x = 0, .ofs_y = 0},
    {.bitmap_index = 3763, .adv_w = 125, .box_w = 8, .box_h = 12, .ofs_x = 0, .ofs_y = 0},
    {.bitmap_index = 3811, .adv_w = 125, .box_w = 8, .box_h = 12, .ofs_x = 0, .ofs_y = 0},
    {.bitmap_index = 3859, .adv_w = 125, .box_w = 6, .box_h = 6, .ofs_x = 1, .ofs_y = 1},
    {.bitmap_index = 3877, .adv_w = 125, .box_w = 8, .box_h = 11, .ofs_x = 0, .ofs_y = -1},
    {.bitmap_index = 3921, .adv_w = 125, .box_w = 7, .box_h = 13, .ofs_x = 0, .ofs_y = 0},
    {.bitmap_index = 3967, .adv_w = 125, .box_w = 7, .box_h = 13, .ofs_x = 0, .ofs_y = 0},
    {.bitmap_index = 4013, .adv_w = 125, .box_w = 7, .box_h = 13, .ofs_x = 0, .ofs_y = 0},
    {.bitmap_index = 4059, .adv_w = 125, .box_w = 7, .box_h = 12, .ofs_x = 0, .ofs_y = 0},
    {.bitmap_index = 4101, .adv_w = 125, .box_w = 8, .box_h = 13, .ofs_x = 0, .ofs_y = 0},
    {.bitmap_index = 4153, .adv_w = 125, .box_w = 7, .box_h = 9, .ofs_x = 1, .ofs_y = 0},
    {.bitmap_index = 4185, .adv_w = 125, .box_w = 7, .box_h = 13, .ofs_x = 1, .ofs_y = -3},
    {.bitmap_index = 4231, .adv_w = 125, .box_w = 8, .box_h = 11, .ofs_x = 0, .ofs_y = 0},
    {.bitmap_index = 4275, .adv_w = 125, .box_w = 8, .box_h = 11, .ofs_x = 0, .ofs_y = 0},
    {.bitmap_index = 4319, .adv_w = 125, .box_w = 8, .box_h = 11, .ofs_x = 0, .ofs_y = 0},
    {.bitmap_index = 4363, .adv_w = 125, .box_w = 8, .box_h = 10, .ofs_x = 0, .ofs_y = 0},
    {.bitmap_index = 4403, .adv_w = 125, .box_w = 8, .box_h = 10, .ofs_x = 0, .ofs_y = 0},
    {.bitmap_index = 4443, .adv_w = 125, .box_w = 8, .box_h = 11, .ofs_x = 0, .ofs_y = 0},
    {.bitmap_index = 4487, .adv_w = 125, .box_w = 8, .box_h = 7, .ofs_x = 0, .ofs_y = 0},
    {.bitmap_index = 4515, .adv_w = 125, .box_w = 7, .box_h = 10, .ofs_x = 0, .ofs_y = -3},
    {.bitmap_index = 4550, .adv_w = 125, .box_w = 8, .box_h = 11, .ofs_x = 0, .ofs_y = 0},
    {.bitmap_index = 4594, .adv_w = 125, .box_w = 8, .box_h = 11, .ofs_x = 0, .ofs_y = 0},
    {.bitmap_index = 4638, .adv_w = 125, .box_w = 8, .box_h = 11, .ofs_x = 0, .ofs_y = 0},
    {.bitmap_index = 4682, .adv_w = 125, .box_w = 8, .box_h = 10, .ofs_x = 0, .ofs_y = 0},
    {.bitmap_index = 4722, .adv_w = 125, .box_w = 7, .box_h = 11, .ofs_x = 1, .ofs_y = 0},
    {.bitmap_index = 4761, .adv_w = 125, .box_w = 7, .box_h = 11, .ofs_x = 1, .ofs_y = 0},
    {.bitmap_index = 4800, .adv_w = 125, .box_w = 7, .box_h = 11, .ofs_x = 1, .ofs_y = 0},
    {.bitmap_index = 4839, .adv_w = 125, .box_w = 7, .box_h = 10, .ofs_x = 1, .ofs_y = 0},
    {.bitmap_index = 4874, .adv_w = 125, .box_w = 8, .box_h = 11, .ofs_x = 0, .ofs_y = 0},
    {.bitmap_index = 4918, .adv_w = 125, .box_w = 6, .box_h = 10, .ofs_x = 1, .ofs_y = 0},
    {.bitmap_index = 4948, .adv_w = 125, .box_w = 8, .box_h = 11, .ofs_x = 0, .ofs_y = 0},
    {.bitmap_index = 4992, .adv_w = 125, .box_w = 8, .box_h = 11, .ofs_x = 0, .ofs_y = 0},
    {.bitmap_index = 5036, .adv_w = 125, .box_w = 8, .box_h = 11, .ofs_x = 0, .ofs_y = 0},
    {.bitmap_index = 5080, .adv_w = 125, .box_w = 8, .box_h = 10, .ofs_x = 0, .ofs_y = 0},
    {.bitmap_index = 5120, .adv_w = 125, .box_w = 8, .box_h = 10, .ofs_x = 0, .ofs_y = 0},
    {.bitmap_index = 5160, .adv_w = 125, .box_w = 7, .box_h = 7, .ofs_x = 0, .ofs_y = 1},
    {.bitmap_index = 5185, .adv_w = 125, .box_w = 8, .box_h = 9, .ofs_x = 0, .ofs_y = -1},
    {.bitmap_index = 5221, .adv_w = 125, .box_w = 6, .box_h = 11, .ofs_x = 1, .ofs_y = 0},
    {.bitmap_index = 5254, .adv_w = 125, .box_w = 6, .box_h = 11, .ofs_x = 1, .ofs_y = 0},
    {.bitmap_index = 5287, .adv_w = 125, .box_w = 6, .box_h = 11, .ofs_x = 1, .ofs_y = 0},
    {.bitmap_index = 5320, .adv_w = 125, .box_w = 6, .box_h = 10, .ofs_x = 1, .ofs_y = 0},
    {.bitmap_index = 5350, .adv_w = 125, .box_w = 8, .box_h = 14, .ofs_x = 0, .ofs_y = -3},
    {.bitmap_index = 5406, .adv_w = 125, .box_w = 7, .box_h = 13, .ofs_x = 1, .ofs_y = -3},
    {.bitmap_index = 5452, .adv_w = 125, .box_w = 8, .box_h = 13, .ofs_x = 0, .ofs_y = -3},
    {.bitmap_index = 5504, .adv_w = 125, .box_w = 8, .box_h = 12, .ofs_x = 0, .ofs_y = -3},
    {.bitmap_index = 5552, .adv_w = 125, .box_w = 8, .box_h = 10, .ofs_x = 0, .ofs_y = -3},
    {.bitmap_index = 5592, .adv_w = 125, .box_w = 8, .box_h = 13, .ofs_x = 0, .ofs_y = 0},
    {.bitmap_index = 5644, .adv_w = 125, .box_w = 7, .box_h = 11, .ofs_x = 0, .ofs_y = 0},
    {.bitmap_index = 5683, .adv_w = 125, .box_w = 8, .box_h = 13, .ofs_x = 0, .ofs_y = 0},
    {.bitmap_index = 5735, .adv_w = 125, .box_w = 7, .box_h = 11, .ofs_x = 0, .ofs_y = 0},
    {.bitmap_index = 5774, .adv_w = 125, .box_w = 8, .box_h = 12, .ofs_x = 0, .ofs_y = 0},
    {.bitmap_index = 5822, .adv_w = 125, .box_w = 7, .box_h = 10, .ofs_x = 0, .ofs_y = 0},
    {.bitmap_index = 5857, .adv_w = 125, .box_w = 8, .box_h = 13, .ofs_x = 0, .ofs_y = 0},
    {.bitmap_index = 5909, .adv_w = 125, .box_w = 7, .box_h = 11, .ofs_x = 0, .ofs_y = 0},
    {.bitmap_index = 5948, .adv_w = 125, .box_w = 7, .box_h = 13, .ofs_x = 1, .ofs_y = 0},
    {.bitmap_index = 5994, .adv_w = 125, .box_w = 9, .box_h = 10, .ofs_x = 0, .ofs_y = 0},
    {.bitmap_index = 6039, .adv_w = 125, .box_w = 8, .box_h = 9, .ofs_x = 0, .ofs_y = 0},
    {.bitmap_index = 6075, .adv_w = 125, .box_w = 8, .box_h = 10, .ofs_x = 0, .ofs_y = 0},
    {.bitmap_index = 6115, .adv_w = 125, .box_w = 6, .box_h = 12, .ofs_x = 1, .ofs_y = 0},
    {.bitmap_index = 6151, .adv_w = 125, .box_w = 8, .box_h = 9, .ofs_x = 0, .ofs_y = 0},
    {.bitmap_index = 6187, .adv_w = 125, .box_w = 6, .box_h = 13, .ofs_x = 1, .ofs_y = 0},
    {.bitmap_index = 6226, .adv_w = 125, .box_w = 8, .box_h = 11, .ofs_x = 0, .ofs_y = 0},
    {.bitmap_index = 6270, .adv_w = 125, .box_w = 6, .box_h = 12, .ofs_x = 1, .ofs_y = 0},
    {.bitmap_index = 6306, .adv_w = 125, .box_w = 8, .box_h = 10, .ofs_x = 0, .ofs_y = 0},
    {.bitmap_index = 6346, .adv_w = 125, .box_w = 7, .box_h = 12, .ofs_x = 1, .ofs_y = -3},
    {.bitmap_index = 6388, .adv_w = 125, .box_w = 8, .box_h = 10, .ofs_x = 0, .ofs_y = -3},
    {.bitmap_index = 6428, .adv_w = 125, .box_w = 6, .box_h = 13, .ofs_x = 1, .ofs_y = 0},
    {.bitmap_index = 6467, .adv_w = 125, .box_w = 8, .box_h = 11, .ofs_x = 0, .ofs_y = 0},
    {.bitmap_index = 6511, .adv_w = 125, .box_w = 7, .box_h = 13, .ofs_x = 0, .ofs_y = 0},
    {.bitmap_index = 6557, .adv_w = 125, .box_w = 8, .box_h = 13, .ofs_x = 0, .ofs_y = -3},
    {.bitmap_index = 6609, .adv_w = 125, .box_w = 7, .box_h = 13, .ofs_x = 0, .ofs_y = 0},
    {.bitmap_index = 6655, .adv_w = 125, .box_w = 8, .box_h = 14, .ofs_x = 0, .ofs_y = -3},
    {.bitmap_index = 6711, .adv_w = 125, .box_w = 7, .box_h = 12, .ofs_x = 0, .ofs_y = 0},
    {.bitmap_index = 6753, .adv_w = 125, .box_w = 8, .box_h = 13, .ofs_x = 0, .ofs_y = -3},
    {.bitmap_index = 6805, .adv_w = 125, .box_w = 7, .box_h = 12, .ofs_x = 0, .ofs_y = -3},
    {.bitmap_index = 6847, .adv_w = 125, .box_w = 8, .box_h = 13, .ofs_x = 0, .ofs_y = -3},
    {.bitmap_index = 6899, .adv_w = 125, .box_w = 7, .box_h = 13, .ofs_x = 0, .ofs_y = 0},
    {.bitmap_index = 6945, .adv_w = 125, .box_w = 8, .box_h = 13, .ofs_x = -1, .ofs_y = 0},
    {.bitmap_index = 6997, .adv_w = 125, .box_w = 8, .box_h = 9, .ofs_x = 0, .ofs_y = 0},
    {.bitmap_index = 7033, .adv_w = 125, .box_w = 7, .box_h = 10, .ofs_x = 0, .ofs_y = 0},
    {.bitmap_index = 7068, .adv_w = 125, .box_w = 6, .box_h = 12, .ofs_x = 1, .ofs_y = 0},
    {.bitmap_index = 7104, .adv_w = 125, .box_w = 7, .box_h = 10, .ofs_x = 1, .ofs_y = 0},
    {.bitmap_index = 7139, .adv_w = 125, .box_w = 6, .box_h = 12, .ofs_x = 1, .ofs_y = 0},
    {.bitmap_index = 7175, .adv_w = 125, .box_w = 7, .box_h = 9, .ofs_x = 1, .ofs_y = 0},
    {.bitmap_index = 7207, .adv_w = 125, .box_w = 6, .box_h = 13, .ofs_x = 1, .ofs_y = 0},
    {.bitmap_index = 7246, .adv_w = 125, .box_w = 7, .box_h = 11, .ofs_x = 1, .ofs_y = 0},
    {.bitmap_index = 7285, .adv_w = 125, .box_w = 7, .box_h = 12, .ofs_x = 1, .ofs_y = -3},
    {.bitmap_index = 7327, .adv_w = 125, .box_w = 7, .box_h = 13, .ofs_x = 1, .ofs_y = -3},
    {.bitmap_index = 7373, .adv_w = 125, .box_w = 6, .box_h = 12, .ofs_x = 1, .ofs_y = 0},
    {.bitmap_index = 7409, .adv_w = 125, .box_w = 7, .box_h = 7, .ofs_x = 1, .ofs_y = 0},
    {.bitmap_index = 7434, .adv_w = 125, .box_w = 7, .box_h = 9, .ofs_x = 0, .ofs_y = 0},
    {.bitmap_index = 7466, .adv_w = 125, .box_w = 7, .box_h = 13, .ofs_x = 0, .ofs_y = -3},
    {.bitmap_index = 7512, .adv_w = 125, .box_w = 7, .box_h = 13, .ofs_x = 0, .ofs_y = 0},
    {.bitmap_index = 7558, .adv_w = 125, .box_w = 7, .box_h = 13, .ofs_x = 1, .ofs_y = -3},
    {.bitmap_index = 7604, .adv_w = 125, .box_w = 7, .box_h = 13, .ofs_x = 1, .ofs_y = -4},
    {.bitmap_index = 7650, .adv_w = 125, .box_w = 7, .box_h = 14, .ofs_x = 1, .ofs_y = -4},
    {.bitmap_index = 7699, .adv_w = 125, .box_w = 7, .box_h = 7, .ofs_x = 1, .ofs_y = 0},
    {.bitmap_index = 7724, .adv_w = 125, .box_w = 6, .box_h = 13, .ofs_x = 1, .ofs_y = 0},
    {.bitmap_index = 7763, .adv_w = 125, .box_w = 7, .box_h = 14, .ofs_x = 0, .ofs_y = 0},
    {.bitmap_index = 7812, .adv_w = 125, .box_w = 6, .box_h = 13, .ofs_x = 1, .ofs_y = -4},
    {.bitmap_index = 7851, .adv_w = 125, .box_w = 7, .box_h = 14, .ofs_x = 0, .ofs_y = -4},
    {.bitmap_index = 7900, .adv_w = 125, .box_w = 6, .box_h = 10, .ofs_x = 1, .ofs_y = 0},
    {.bitmap_index = 7930, .adv_w = 125, .box_w = 8, .box_h = 10, .ofs_x = 0, .ofs_y = 0},
    {.bitmap_index = 7970, .adv_w = 125, .box_w = 6, .box_h = 9, .ofs_x = 1, .ofs_y = 0},
    {.bitmap_index = 7997, .adv_w = 125, .box_w = 8, .box_h = 10, .ofs_x = 0, .ofs_y = 0},
    {.bitmap_index = 8037, .adv_w = 125, .box_w = 7, .box_h = 9, .ofs_x = 0, .ofs_y = 0},
    {.bitmap_index = 8069, .adv_w = 125, .box_w = 7, .box_h = 10, .ofs_x = 0, .ofs_y = 0},
    {.bitmap_index = 8104, .adv_w = 125, .box_w = 7, .box_h = 13, .ofs_x = 0, .ofs_y = 0},
    {.bitmap_index = 8150, .adv_w = 125, .box_w = 6, .box_h = 11, .ofs_x = 1, .ofs_y = 0},
    {.bitmap_index = 8183, .adv_w = 125, .box_w = 7, .box_h = 13, .ofs_x = 0, .ofs_y = -4},
    {.bitmap_index = 8229, .adv_w = 125, .box_w = 6, .box_h = 11, .ofs_x = 1, .ofs_y = -4},
    {.bitmap_index = 8262, .adv_w = 125, .box_w = 7, .box_h = 13, .ofs_x = 0, .ofs_y = 0},
    {.bitmap_index = 8308, .adv_w = 125, .box_w = 6, .box_h = 11, .ofs_x = 1, .ofs_y = 0},
    {.bitmap_index = 8341, .adv_w = 125, .box_w = 7, .box_h = 10, .ofs_x = 0, .ofs_y = 0},
    {.bitmap_index = 8376, .adv_w = 125, .box_w = 7, .box_h = 12, .ofs_x = 0, .ofs_y = -3},
    {.bitmap_index = 8418, .adv_w = 125, .box_w = 6, .box_h = 10, .ofs_x = 1, .ofs_y = -3},
    {.bitmap_index = 8448, .adv_w = 125, .box_w = 8, .box_h = 12, .ofs_x = 0, .ofs_y = 0},
    {.bitmap_index = 8496, .adv_w = 125, .box_w = 8, .box_h = 9, .ofs_x = 0, .ofs_y = 0},
    {.bitmap_index = 8532, .adv_w = 125, .box_w = 8, .box_h = 13, .ofs_x = 0, .ofs_y = 0},
    {.bitmap_index = 8584, .adv_w = 125, .box_w = 8, .box_h = 11, .ofs_x = 0, .ofs_y = 0},
    {.bitmap_index = 8628, .adv_w = 125, .box_w = 8, .box_h = 13, .ofs_x = 0, .ofs_y = 0},
    {.bitmap_index = 8680, .adv_w = 125, .box_w = 8, .box_h = 11, .ofs_x = 0, .ofs_y = 0},
    {.bitmap_index = 8724, .adv_w = 125, .box_w = 8, .box_h = 9, .ofs_x = 0, .ofs_y = 0},
    {.bitmap_index = 8760, .adv_w = 125, .box_w = 8, .box_h = 7, .ofs_x = 0, .ofs_y = 0},
    {.bitmap_index = 8788, .adv_w = 125, .box_w = 7, .box_h = 13, .ofs_x = 1, .ofs_y = 0},
    {.bitmap_index = 8834, .adv_w = 125, .box_w = 8, .box_h = 11, .ofs_x = 0, .ofs_y = 0},
    {.bitmap_index = 8878, .adv_w = 125, .box_w = 7, .box_h = 13, .ofs_x = 1, .ofs_y = -4},
    {.bitmap_index = 8924, .adv_w = 125, .box_w = 8, .box_h = 11, .ofs_x = 0, .ofs_y = -4},
    {.bitmap_index = 8968, .adv_w = 125, .box_w = 7, .box_h = 13, .ofs_x = 1, .ofs_y = 0},
    {.bitmap_index = 9014, .adv_w = 125, .box_w = 8, .box_h = 11, .ofs_x = 0, .ofs_y = 0},
    {.bitmap_index = 9058, .adv_w = 125, .box_w = 8, .box_h = 13, .ofs_x = 0, .ofs_y = 0},
    {.bitmap_index = 9110, .adv_w = 125, .box_w = 7, .box_h = 11, .ofs_x = 0, .ofs_y = 0},
    {.bitmap_index = 9149, .adv_w = 125, .box_w = 8, .box_h = 13, .ofs_x = 0, .ofs_y = 0},
    {.bitmap_index = 9201, .adv_w = 125, .box_w = 7, .box_h = 11, .ofs_x = 0, .ofs_y = 0},
    {.bitmap_index = 9240, .adv_w = 125, .box_w = 8, .box_h = 12, .ofs_x = 0, .ofs_y = -3},
    {.bitmap_index = 9288, .adv_w = 125, .box_w = 7, .box_h = 10, .ofs_x = 0, .ofs_y = -3},
    {.bitmap_index = 9323, .adv_w = 125, .box_w = 8, .box_h = 13, .ofs_x = 0, .ofs_y = 0},
    {.bitmap_index = 9375, .adv_w = 125, .box_w = 7, .box_h = 11, .ofs_x = 0, .ofs_y = 0},
    {.bitmap_index = 9414, .adv_w = 125, .box_w = 8, .box_h = 12, .ofs_x = 0, .ofs_y = -3},
    {.bitmap_index = 9462, .adv_w = 125, .box_w = 7, .box_h = 12, .ofs_x = 0, .ofs_y = -3},
    {.bitmap_index = 9504, .adv_w = 125, .box_w = 8, .box_h = 13, .ofs_x = 0, .ofs_y = 0},
    {.bitmap_index = 9556, .adv_w = 125, .box_w = 7, .box_h = 10, .ofs_x = 0, .ofs_y = 0},
    {.bitmap_index = 9591, .adv_w = 125, .box_w = 8, .box_h = 9, .ofs_x = 0, .ofs_y = 0},
    {.bitmap_index = 9627, .adv_w = 125, .box_w = 7, .box_h = 9, .ofs_x = 0, .ofs_y = 0},
    {.bitmap_index = 9659, .adv_w = 125, .box_w = 7, .box_h = 12, .ofs_x = 0, .ofs_y = 0},
    {.bitmap_index = 9701, .adv_w = 125, .box_w = 6, .box_h = 10, .ofs_x = 1, .ofs_y = 0},
    {.bitmap_index = 9731, .adv_w = 125, .box_w = 7, .box_h = 12, .ofs_x = 0, .ofs_y = 0},
    {.bitmap_index = 9773, .adv_w = 125, .box_w = 6, .box_h = 9, .ofs_x = 1, .ofs_y = 0},
    {.bitmap_index = 9800, .adv_w = 125, .box_w = 7, .box_h = 13, .ofs_x = 0, .ofs_y = 0},
    {.bitmap_index = 9846, .adv_w = 125, .box_w = 6, .box_h = 11, .ofs_x = 1, .ofs_y = 0},
    {.bitmap_index = 9879, .adv_w = 125, .box_w = 7, .box_h = 13, .ofs_x = 0, .ofs_y = 0},
    {.bitmap_index = 9925, .adv_w = 125, .box_w = 6, .box_h = 11, .ofs_x = 1, .ofs_y = 0},
    {.bitmap_index = 9958, .adv_w = 125, .box_w = 7, .box_h = 13, .ofs_x = 0, .ofs_y = 0},
    {.bitmap_index = 10004, .adv_w = 125, .box_w = 6, .box_h = 11, .ofs_x = 1, .ofs_y = 0},
    {.bitmap_index = 10037, .adv_w = 125, .box_w = 7, .box_h = 12, .ofs_x = 0, .ofs_y = -3},
    {.bitmap_index = 10079, .adv_w = 125, .box_w = 7, .box_h = 10, .ofs_x = 1, .ofs_y = -3},
    {.bitmap_index = 10114, .adv_w = 125, .box_w = 8, .box_h = 13, .ofs_x = 0, .ofs_y = 0},
    {.bitmap_index = 10166, .adv_w = 125, .box_w = 8, .box_h = 11, .ofs_x = 0, .ofs_y = 0},
    {.bitmap_index = 10210, .adv_w = 125, .box_w = 8, .box_h = 13, .ofs_x = 0, .ofs_y = 0},
    {.bitmap_index = 10262, .adv_w = 125, .box_w = 8, .box_h = 13, .ofs_x = 0, .ofs_y = -3},
    {.bitmap_index = 10314, .adv_w = 125, .box_w = 8, .box_h = 12, .ofs_x = 0, .ofs_y = 0},
    {.bitmap_index = 10362, .adv_w = 125, .box_w = 8, .box_h = 13, .ofs_x = 0, .ofs_y = 0},
    {.bitmap_index = 10414, .adv_w = 125, .box_w = 6, .box_h = 11, .ofs_x = 1, .ofs_y = 0},
    {.bitmap_index = 10447, .adv_w = 125, .box_w = 8, .box_h = 12, .ofs_x = 0, .ofs_y = 0},
    {.bitmap_index = 10495, .adv_w = 125, .box_w = 6, .box_h = 10, .ofs_x = 1, .ofs_y = 0},
    {.bitmap_index = 10525, .adv_w = 125, .box_w = 8, .box_h = 3, .ofs_x = 0, .ofs_y = 3},
    {.bitmap_index = 10537, .adv_w = 125, .box_w = 8, .box_h = 7, .ofs_x = 0, .ofs_y = 1}
};

/*---------------------
 *  CHARACTER MAPPING
 *--------------------*/

static const uint16_t unicode_list_1[] = {
    0x0, 0x7
};

static const uint16_t unicode_list_4[] = {
    0x0, 0x17e
};

/*Collect the unicode lists and glyph_id offsets*/
static const lv_font_fmt_txt_cmap_t cmaps[] =
{
    {
        .range_start = 32, .range_length = 95, .glyph_id_start = 1,
        .unicode_list = NULL, .glyph_id_ofs_list = NULL, .list_length = 0, .type = LV_FONT_FMT_TXT_CMAP_FORMAT0_TINY
    },
    {
        .range_start = 176, .range_length = 8, .glyph_id_start = 96,
        .unicode_list = unicode_list_1, .glyph_id_ofs_list = NULL, .list_length = 2, .type = LV_FONT_FMT_TXT_CMAP_SPARSE_TINY
    },
    {
        .range_start = 192, .range_length = 64, .glyph_id_start = 98,
        .unicode_list = NULL, .glyph_id_ofs_list = NULL, .list_length = 0, .type = LV_FONT_FMT_TXT_CMAP_FORMAT0_TINY
    },
    {
        .range_start = 260, .range_length = 121, .glyph_id_start = 162,
        .unicode_list = NULL, .glyph_id_ofs_list = NULL, .list_length = 0, .type = LV_FONT_FMT_TXT_CMAP_FORMAT0_TINY
    },
    {
        .range_start = 8212, .range_length = 383, .glyph_id_start = 283,
        .unicode_list = unicode_list_4, .glyph_id_ofs_list = NULL, .list_length = 2, .type = LV_FONT_FMT_TXT_CMAP_SPARSE_TINY
    }
};



/*--------------------
 *  ALL CUSTOM DATA
 *--------------------*/

#if LVGL_VERSION_MAJOR == 8
/*Store all the custom data of the font*/
static  lv_font_fmt_txt_glyph_cache_t cache;
#endif

#if LVGL_VERSION_MAJOR >= 8
static const lv_font_fmt_txt_dsc_t font_dsc = {
#else
static lv_font_fmt_txt_dsc_t font_dsc = {
#endif
    .glyph_bitmap = glyph_bitmap,
    .glyph_dsc = glyph_dsc,
    .cmaps = cmaps,
    .kern_dsc = NULL,
    .kern_scale = 0,
    .cmap_num = 5,
    .bpp = 4,
    .kern_classes = 0,
    .bitmap_format = 0,
#if LVGL_VERSION_MAJOR == 8
    .cache = &cache
#endif
};



/*-----------------
 *  PUBLIC FONT
 *----------------*/

/*Initialize a public general font descriptor*/
#if LVGL_VERSION_MAJOR >= 8
const lv_font_t plex_mono_13 = {
#else
lv_font_t plex_mono_13 = {
#endif
    .get_glyph_dsc = lv_font_get_glyph_dsc_fmt_txt,    /*Function pointer to get glyph's data*/
    .get_glyph_bitmap = lv_font_get_bitmap_fmt_txt,    /*Function pointer to get glyph's bitmap*/
    .line_height = 18,          /*The maximum line height required by the font*/
    .base_line = 4,             /*Baseline measured from the bottom of the line*/
#if !(LVGL_VERSION_MAJOR == 6 && LVGL_VERSION_MINOR == 0)
    .subpx = LV_FONT_SUBPX_NONE,
#endif
#if LV_VERSION_CHECK(7, 4, 0) || LVGL_VERSION_MAJOR >= 8
    .underline_position = -2,
    .underline_thickness = 1,
#endif
#if LV_VERSION_CHECK(9, 3, 0)
    .static_bitmap = 1,   /*Uncompressed const bitmaps: use in place, no copy*/
#endif
    .dsc = &font_dsc,          /*The custom font data. Will be accessed by `get_glyph_bitmap/dsc` */
#if LV_VERSION_CHECK(8, 2, 0) || LVGL_VERSION_MAJOR >= 9
    .fallback = NULL,
#endif
    .user_data = NULL,
};



#endif /*#if PLEX_MONO_13*/

