/*******************************************************************************
 * Size: 25 px
 * Bpp: 4
 * Opts: --font /Users/monsjovis/repositories/esp-flight-monitor/tools/fonts/IBMPlexSansCondensed-Medium.ttf --format lvgl --bpp 4 --size 25 --lv-font-name plex_sans_cond_25 --lv-include lvgl.h --no-compress -o /Users/monsjovis/repositories/esp-flight-monitor/main/ui/fonts/plex_sans_cond_25.c -r 0x20-0x7F -r 0xC4,0xD6,0xDC,0xE4,0xF6,0xFC,0xDF -r 0xB0,0xB7 -r 0x2192,0x2014 -r 0x0104-0x017C
 ******************************************************************************/

#ifdef LV_LVGL_H_INCLUDE_SIMPLE
#include "lvgl.h"
#else
#include "lvgl.h"
#endif

#ifndef PLEX_SANS_COND_25
#define PLEX_SANS_COND_25 1
#endif

#if PLEX_SANS_COND_25

/*-----------------
 *    BITMAPS
 *----------------*/

/*Store the image of the glyphs*/
static LV_ATTRIBUTE_LARGE_CONST const uint8_t glyph_bitmap[] = {
    /* U+0020 " " */

    /* U+0021 "!" */
    0xf, 0xfc, 0x0, 0xff, 0xc0, 0xf, 0xfc, 0x0,
    0xff, 0xc0, 0xf, 0xfc, 0x0, 0xef, 0xb0, 0xc,
    0xf9, 0x0, 0xbf, 0x80, 0x9, 0xf6, 0x0, 0x7f,
    0x40, 0x6, 0xf3, 0x0, 0x4f, 0x10, 0x0, 0x40,
    0x0, 0x36, 0x20, 0x3f, 0xff, 0x5, 0xff, 0xf2,
    0x1c, 0xfb, 0x0,

    /* U+0022 "\"" */
    0x4f, 0xf0, 0xc, 0xf8, 0x4f, 0xf0, 0xc, 0xf8,
    0x4f, 0xf0, 0xc, 0xf8, 0x4f, 0xf0, 0xc, 0xf8,
    0x4f, 0xf0, 0xc, 0xf8, 0x4f, 0xf0, 0xc, 0xf8,
    0x4f, 0xf0, 0xc, 0xf8, 0x3, 0x30, 0x2, 0x31,

    /* U+0023 "#" */
    0x0, 0x0, 0xc, 0xf0, 0x0, 0x6f, 0x40, 0x0,
    0x0, 0x0, 0xfc, 0x0, 0x9, 0xf2, 0x0, 0x0,
    0x0, 0x2f, 0x90, 0x0, 0xcf, 0x0, 0x0, 0x0,
    0x5, 0xf6, 0x0, 0xf, 0xc0, 0x0, 0x4, 0xff,
    0xff, 0xff, 0xff, 0xff, 0xff, 0x40, 0x29, 0x9d,
    0xf9, 0x99, 0xbf, 0xc9, 0x92, 0x0, 0x0, 0xcf,
    0x0, 0x7, 0xf4, 0x0, 0x0, 0x0, 0xe, 0xd0,
    0x0, 0x9f, 0x20, 0x0, 0x0, 0x0, 0xfa, 0x0,
    0xb, 0xf0, 0x0, 0x0, 0x0, 0x3f, 0x80, 0x0,
    0xde, 0x0, 0x0, 0x0, 0x5, 0xf6, 0x0, 0xf,
    0xb0, 0x0, 0x3, 0xff, 0xff, 0xff, 0xff, 0xff,
    0xff, 0x40, 0x29, 0x9d, 0xf9, 0x99, 0xbf, 0xc9,
    0x92, 0x0, 0x0, 0xce, 0x0, 0x7, 0xf4, 0x0,
    0x0, 0x0, 0xf, 0xc0, 0x0, 0x9f, 0x10, 0x0,
    0x0, 0x2, 0xf9, 0x0, 0xc, 0xf0, 0x0, 0x0,
    0x0, 0x4f, 0x60, 0x0, 0xfc, 0x0, 0x0, 0x0,

    /* U+0024 "$" */
    0x0, 0x0, 0x0, 0x10, 0x0, 0x0, 0x0, 0x0,
    0x0, 0x2f, 0xe0, 0x0, 0x0, 0x0, 0x0, 0x2,
    0xfe, 0x0, 0x0, 0x0, 0x0, 0x3a, 0xef, 0xfd,
    0x92, 0x0, 0x0, 0x7f, 0xff, 0xff, 0xff, 0xf6,
    0x0, 0x2f, 0xfb, 0x3f, 0xb4, 0xbf, 0xe0, 0x7,
    0xff, 0x10, 0xfb, 0x0, 0x71, 0x0, 0x8f, 0xe0,
    0xf, 0xb0, 0x0, 0x0, 0x7, 0xff, 0x20, 0xfb,
    0x0, 0x0, 0x0, 0x2f, 0xfd, 0x5f, 0xb0, 0x0,
    0x0, 0x0, 0x7f, 0xff, 0xfe, 0x72, 0x0, 0x0,
    0x0, 0x3a, 0xff, 0xff, 0xfa, 0x0, 0x0, 0x0,
    0x0, 0xfe, 0xdf, 0xfc, 0x0, 0x0, 0x0, 0xf,
    0xb0, 0x9f, 0xf3, 0x0, 0x0, 0x0, 0xfb, 0x1,
    0xff, 0x60, 0x0, 0x0, 0xf, 0xb0, 0xf, 0xf6,
    0x2, 0xd4, 0x0, 0xfb, 0x4, 0xff, 0x40, 0xcf,
    0xf9, 0x3f, 0xc6, 0xef, 0xe0, 0x1, 0xbf, 0xff,
    0xff, 0xff, 0xe3, 0x0, 0x0, 0x4a, 0xdf, 0xfc,
    0x81, 0x0, 0x0, 0x0, 0x2, 0xfe, 0x0, 0x0,
    0x0, 0x0, 0x0, 0x2f, 0xe0, 0x0, 0x0,

    /* U+0025 "%" */
    0x2, 0xbf, 0xfc, 0x40, 0x0, 0x0, 0x5, 0xfe,
    0x10, 0x0, 0x1e, 0xfb, 0x9f, 0xf4, 0x0, 0x0,
    0xe, 0xf5, 0x0, 0x0, 0x7f, 0xb0, 0x7, 0xfb,
    0x0, 0x0, 0x9f, 0xb0, 0x0, 0x0, 0xaf, 0x80,
    0x4, 0xfe, 0x0, 0x3, 0xff, 0x20, 0x0, 0x0,
    0xbf, 0x80, 0x4, 0xff, 0x0, 0xd, 0xf7, 0x0,
    0x0, 0x0, 0xaf, 0x80, 0x4, 0xfe, 0x0, 0x8f,
    0xc0, 0x0, 0x0, 0x0, 0x7f, 0xb0, 0x7, 0xfb,
    0x2, 0xff, 0x20, 0x0, 0x0, 0x0, 0x1e, 0xfb,
    0x9f, 0xf4, 0xc, 0xf8, 0x2, 0x78, 0x60, 0x0,
    0x2, 0xbf, 0xfc, 0x40, 0x7f, 0xd0, 0x6f, 0xff,
    0xfd, 0x10, 0x0, 0x0, 0x0, 0x2, 0xff, 0x31,
    0xff, 0x40, 0x9f, 0xa0, 0x0, 0x0, 0x0, 0xb,
    0xf9, 0x5, 0xfc, 0x0, 0x3f, 0xf0, 0x0, 0x0,
    0x0, 0x6f, 0xe0, 0x7, 0xfb, 0x0, 0x2f, 0xf1,
    0x0, 0x0, 0x1, 0xef, 0x40, 0x8, 0xfb, 0x0,
    0x2f, 0xf1, 0x0, 0x0, 0xa, 0xfa, 0x0, 0x7,
    0xfb, 0x0, 0x2f, 0xf0, 0x0, 0x0, 0x4f, 0xe1,
    0x0, 0x3, 0xfe, 0x0, 0x5f, 0xd0, 0x0, 0x0,
    0xef, 0x60, 0x0, 0x0, 0xcf, 0xc9, 0xef, 0x50,
    0x0, 0x9, 0xfb, 0x0, 0x0, 0x0, 0x19, 0xef,
    0xd5, 0x0,

    /* U+0026 "&" */
    0x0, 0x6, 0xcf, 0xec, 0x50, 0x0, 0x0, 0x0,
    0xb, 0xff, 0xff, 0xff, 0x80, 0x0, 0x0, 0x3,
    0xff, 0x90, 0x1b, 0xff, 0x10, 0x0, 0x0, 0x5f,
    0xf2, 0x0, 0x4f, 0xf3, 0x0, 0x0, 0x4, 0xff,
    0x30, 0x5, 0xff, 0x10, 0x0, 0x0, 0xe, 0xfa,
    0x0, 0xcf, 0xb0, 0x0, 0x0, 0x0, 0x6f, 0xf7,
    0xcf, 0xe1, 0x0, 0x0, 0x0, 0x0, 0xbf, 0xff,
    0xb1, 0x0, 0x11, 0x10, 0x0, 0x7f, 0xff, 0xf4,
    0x0, 0x6f, 0xff, 0x10, 0x9f, 0xf6, 0xdf, 0xf2,
    0x8, 0xff, 0xf1, 0x3f, 0xf6, 0x2, 0xef, 0xe1,
    0xbf, 0x70, 0x8, 0xff, 0x0, 0x3, 0xff, 0xcf,
    0xf2, 0x0, 0x9f, 0xf0, 0x0, 0x5, 0xff, 0xfc,
    0x0, 0x8, 0xff, 0x30, 0x0, 0xa, 0xff, 0xc0,
    0x0, 0x3f, 0xfe, 0x52, 0x38, 0xe7, 0xff, 0x80,
    0x0, 0xaf, 0xff, 0xff, 0xf7, 0xa, 0xff, 0x50,
    0x0, 0x6c, 0xff, 0xc5, 0x0, 0x1e, 0xff, 0x30,

    /* U+0027 "'" */
    0x4f, 0xf0, 0x4f, 0xf0, 0x4f, 0xf0, 0x4f, 0xf0,
    0x4f, 0xf0, 0x4f, 0xf0, 0x4f, 0xf0, 0x3, 0x30,

    /* U+0028 "(" */
    0x0, 0x2, 0xef, 0x50, 0x0, 0xdf, 0x80, 0x0,
    0x9f, 0xd0, 0x0, 0x2f, 0xf4, 0x0, 0x8, 0xfd,
    0x0, 0x0, 0xef, 0x70, 0x0, 0x2f, 0xf2, 0x0,
    0x5, 0xff, 0x0, 0x0, 0x8f, 0xd0, 0x0, 0x9,
    0xfc, 0x0, 0x0, 0xaf, 0xc0, 0x0, 0xa, 0xfc,
    0x0, 0x0, 0x9f, 0xc0, 0x0, 0x7, 0xfd, 0x0,
    0x0, 0x5f, 0xf0, 0x0, 0x2, 0xff, 0x20, 0x0,
    0xd, 0xf7, 0x0, 0x0, 0x8f, 0xd0, 0x0, 0x1,
    0xff, 0x50, 0x0, 0x8, 0xfd, 0x0, 0x0, 0xd,
    0xf9, 0x0, 0x0, 0x2e, 0xf5,

    /* U+0029 ")" */
    0xc, 0xfa, 0x0, 0x0, 0x1, 0xef, 0x70, 0x0,
    0x0, 0x4f, 0xf2, 0x0, 0x0, 0xc, 0xfa, 0x0,
    0x0, 0x3, 0xff, 0x10, 0x0, 0x0, 0xdf, 0x70,
    0x0, 0x0, 0x9f, 0xb0, 0x0, 0x0, 0x6f, 0xe0,
    0x0, 0x0, 0x4f, 0xf0, 0x0, 0x0, 0x3f, 0xf2,
    0x0, 0x0, 0x3f, 0xf3, 0x0, 0x0, 0x3f, 0xf3,
    0x0, 0x0, 0x3f, 0xf2, 0x0, 0x0, 0x4f, 0xf0,
    0x0, 0x0, 0x6f, 0xe0, 0x0, 0x0, 0x9f, 0xb0,
    0x0, 0x0, 0xdf, 0x60, 0x0, 0x4, 0xff, 0x10,
    0x0, 0xc, 0xfa, 0x0, 0x0, 0x4f, 0xf2, 0x0,
    0x1, 0xef, 0x70, 0x0, 0xb, 0xfa, 0x0, 0x0,

    /* U+002A "*" */
    0x0, 0x0, 0x3f, 0xf1, 0x0, 0x0, 0x0, 0x0,
    0x1f, 0xf0, 0x0, 0x0, 0x5, 0x10, 0xf, 0xd0,
    0x2, 0x40, 0xf, 0xfa, 0x3d, 0xb4, 0xbf, 0xd0,
    0x2c, 0xff, 0xff, 0xff, 0xff, 0xc1, 0x0, 0x2,
    0xaf, 0xf8, 0x20, 0x0, 0x0, 0x3, 0xfc, 0xee,
    0x20, 0x0, 0x0, 0x3f, 0xf3, 0x5f, 0xe2, 0x0,
    0x0, 0xcf, 0xa0, 0xc, 0xfa, 0x0, 0x0, 0x9,
    0x10, 0x3, 0x80, 0x0,

    /* U+002B "+" */
    0x0, 0x0, 0x6f, 0xe0, 0x0, 0x0, 0x0, 0x0,
    0x6f, 0xe0, 0x0, 0x0, 0x0, 0x0, 0x6f, 0xe0,
    0x0, 0x0, 0x0, 0x0, 0x6f, 0xe0, 0x0, 0x0,
    0x8f, 0xff, 0xff, 0xff, 0xff, 0xf0, 0x8f, 0xff,
    0xff, 0xff, 0xff, 0xf0, 0x0, 0x0, 0x6f, 0xe0,
    0x0, 0x0, 0x0, 0x0, 0x6f, 0xe0, 0x0, 0x0,
    0x0, 0x0, 0x6f, 0xe0, 0x0, 0x0, 0x0, 0x0,
    0x6f, 0xe0, 0x0, 0x0, 0x0, 0x0, 0x38, 0x70,
    0x0, 0x0,

    /* U+002C "," */
    0x0, 0x67, 0x20, 0x5f, 0xfe, 0x6, 0xff, 0xf0,
    0x1c, 0xfd, 0x0, 0x7f, 0x80, 0x1e, 0xe1, 0xb,
    0xf3, 0x0,

    /* U+002D "-" */
    0x59, 0x99, 0x99, 0x5a, 0xff, 0xff, 0xfa, 0xaf,
    0xff, 0xff, 0xa0,

    /* U+002E "." */
    0x4, 0x61, 0x4, 0xff, 0xe0, 0x6f, 0xff, 0x2,
    0xdf, 0x90,

    /* U+002F "/" */
    0x0, 0x0, 0x0, 0xbf, 0x70, 0x0, 0x0, 0xf,
    0xf3, 0x0, 0x0, 0x4, 0xfe, 0x0, 0x0, 0x0,
    0x8f, 0x90, 0x0, 0x0, 0xd, 0xf5, 0x0, 0x0,
    0x1, 0xff, 0x10, 0x0, 0x0, 0x6f, 0xc0, 0x0,
    0x0, 0xb, 0xf7, 0x0, 0x0, 0x0, 0xff, 0x30,
    0x0, 0x0, 0x4f, 0xe0, 0x0, 0x0, 0x8, 0xf9,
    0x0, 0x0, 0x0, 0xdf, 0x50, 0x0, 0x0, 0x2f,
    0xf1, 0x0, 0x0, 0x6, 0xfc, 0x0, 0x0, 0x0,
    0xbf, 0x70, 0x0, 0x0, 0xf, 0xf2, 0x0, 0x0,
    0x4, 0xfe, 0x0, 0x0, 0x0, 0x8f, 0x90, 0x0,
    0x0, 0xd, 0xf5, 0x0, 0x0, 0x2, 0xff, 0x0,
    0x0, 0x0, 0x6f, 0xc0, 0x0, 0x0, 0xb, 0xf7,
    0x0, 0x0, 0x0,

    /* U+0030 "0" */
    0x0, 0x19, 0xdf, 0xec, 0x50, 0x0, 0x2, 0xff,
    0xff, 0xff, 0xf9, 0x0, 0xd, 0xff, 0x84, 0x5c,
    0xff, 0x50, 0x4f, 0xf6, 0x0, 0x0, 0xef, 0xb0,
    0x8f, 0xf1, 0x0, 0x0, 0x9f, 0xf0, 0xbf, 0xf0,
    0x0, 0x0, 0x7f, 0xf3, 0xdf, 0xe0, 0x0, 0x0,
    0x6f, 0xf5, 0xef, 0xe0, 0x0, 0x0, 0x6f, 0xf6,
    0xef, 0xe0, 0x0, 0x0, 0x6f, 0xf6, 0xef, 0xe0,
    0x0, 0x0, 0x6f, 0xf6, 0xdf, 0xe0, 0x0, 0x0,
    0x6f, 0xf5, 0xbf, 0xf0, 0x0, 0x0, 0x7f, 0xf3,
    0x9f, 0xf1, 0x0, 0x0, 0x9f, 0xf0, 0x4f, 0xf6,
    0x0, 0x0, 0xef, 0xc0, 0xd, 0xff, 0x84, 0x5c,
    0xff, 0x50, 0x3, 0xff, 0xff, 0xff, 0xf9, 0x0,
    0x0, 0x19, 0xef, 0xec, 0x50, 0x0,

    /* U+0031 "1" */
    0x0, 0xb, 0xff, 0xfa, 0x0, 0x0, 0x0, 0xaf,
    0xff, 0xfa, 0x0, 0x0, 0x8, 0xff, 0x5e, 0xfa,
    0x0, 0x0, 0x7f, 0xf6, 0xe, 0xfa, 0x0, 0x0,
    0x3e, 0x70, 0xe, 0xfa, 0x0, 0x0, 0x0, 0x0,
    0xe, 0xfa, 0x0, 0x0, 0x0, 0x0, 0xe, 0xfa,
    0x0, 0x0, 0x0, 0x0, 0xe, 0xfa, 0x0, 0x0,
    0x0, 0x0, 0xe, 0xfa, 0x0, 0x0, 0x0, 0x0,
    0xe, 0xfa, 0x0, 0x0, 0x0, 0x0, 0xe, 0xfa,
    0x0, 0x0, 0x0, 0x0, 0xe, 0xfa, 0x0, 0x0,
    0x0, 0x0, 0xe, 0xfa, 0x0, 0x0, 0x0, 0x0,
    0xe, 0xfa, 0x0, 0x0, 0x3, 0x33, 0x3f, 0xfb,
    0x33, 0x31, 0x1f, 0xff, 0xff, 0xff, 0xff, 0xf6,
    0x1f, 0xff, 0xff, 0xff, 0xff, 0xf6,

    /* U+0032 "2" */
    0x0, 0x29, 0xdf, 0xfc, 0x70, 0x0, 0x4, 0xff,
    0xff, 0xff, 0xfb, 0x0, 0x1f, 0xfe, 0x74, 0x6e,
    0xff, 0x50, 0x8f, 0xf2, 0x0, 0x5, 0xff, 0x90,
    0x5, 0x70, 0x0, 0x1, 0xff, 0xb0, 0x0, 0x0,
    0x0, 0x1, 0xff, 0xa0, 0x0, 0x0, 0x0, 0x4,
    0xff, 0x70, 0x0, 0x0, 0x0, 0xb, 0xff, 0x10,
    0x0, 0x0, 0x0, 0x7f, 0xf7, 0x0, 0x0, 0x0,
    0x5, 0xff, 0xa0, 0x0, 0x0, 0x0, 0x6f, 0xfb,
    0x0, 0x0, 0x0, 0x6, 0xff, 0xb0, 0x0, 0x0,
    0x0, 0x7f, 0xfa, 0x0, 0x0, 0x0, 0x7, 0xff,
    0xa0, 0x0, 0x0, 0x0, 0x6f, 0xfc, 0x33, 0x33,
    0x33, 0x30, 0x8f, 0xff, 0xff, 0xff, 0xff, 0xf3,
    0x8f, 0xff, 0xff, 0xff, 0xff, 0xf3,

    /* U+0033 "3" */
    0x0, 0x4, 0xbe, 0xfe, 0xb5, 0x0, 0x0, 0xaf,
    0xff, 0xff, 0xff, 0x90, 0x7, 0xff, 0xa5, 0x47,
    0xff, 0xf2, 0x0, 0xa7, 0x0, 0x0, 0x7f, 0xf6,
    0x0, 0x0, 0x0, 0x0, 0x5f, 0xf6, 0x0, 0x0,
    0x0, 0x0, 0x8f, 0xf2, 0x0, 0x0, 0x12, 0x38,
    0xff, 0x80, 0x0, 0x0, 0xbf, 0xff, 0xc4, 0x0,
    0x0, 0x0, 0xbf, 0xff, 0xfa, 0x10, 0x0, 0x0,
    0x0, 0x4, 0xdf, 0xe1, 0x0, 0x0, 0x0, 0x0,
    0x4f, 0xf8, 0x0, 0x0, 0x0, 0x0, 0xf, 0xfb,
    0x0, 0x30, 0x0, 0x0, 0x1f, 0xfb, 0xa, 0xf5,
    0x0, 0x0, 0x5f, 0xf8, 0x1d, 0xff, 0x84, 0x47,
    0xff, 0xf2, 0x2, 0xdf, 0xff, 0xff, 0xff, 0x60,
    0x0, 0x7, 0xce, 0xfe, 0xa3, 0x0,

    /* U+0034 "4" */
    0x0, 0x0, 0x0, 0x5f, 0xff, 0x80, 0x0, 0x0,
    0x0, 0xd, 0xff, 0xf8, 0x0, 0x0, 0x0, 0x6,
    0xfb, 0xff, 0x80, 0x0, 0x0, 0x0, 0xef, 0x2f,
    0xf8, 0x0, 0x0, 0x0, 0x7f, 0xa0, 0xff, 0x80,
    0x0, 0x0, 0xe, 0xf2, 0xf, 0xf8, 0x0, 0x0,
    0x7, 0xfa, 0x0, 0xff, 0x80, 0x0, 0x1, 0xff,
    0x20, 0xf, 0xf8, 0x0, 0x0, 0x8f, 0xa0, 0x0,
    0xff, 0x80, 0x0, 0x1f, 0xf2, 0x0, 0xf, 0xf8,
    0x0, 0x9, 0xfa, 0x0, 0x0, 0xff, 0x80, 0x1,
    0xff, 0x41, 0x11, 0x1f, 0xf9, 0x11, 0x3f, 0xff,
    0xff, 0xff, 0xff, 0xff, 0xa3, 0xff, 0xff, 0xff,
    0xff, 0xff, 0xfa, 0x0, 0x0, 0x0, 0x0, 0xff,
    0x80, 0x0, 0x0, 0x0, 0x0, 0xf, 0xf8, 0x0,
    0x0, 0x0, 0x0, 0x0, 0xff, 0x80, 0x0,

    /* U+0035 "5" */
    0x9, 0xff, 0xff, 0xff, 0xff, 0x70, 0xa, 0xff,
    0xff, 0xff, 0xff, 0x70, 0xb, 0xf9, 0x33, 0x33,
    0x33, 0x10, 0xc, 0xf6, 0x0, 0x0, 0x0, 0x0,
    0xd, 0xf5, 0x0, 0x0, 0x0, 0x0, 0xe, 0xf4,
    0x0, 0x21, 0x0, 0x0, 0xf, 0xf3, 0x7f, 0xff,
    0xd4, 0x0, 0xf, 0xf6, 0xff, 0xff, 0xff, 0x50,
    0x1f, 0xfc, 0x40, 0x18, 0xff, 0xd0, 0x2, 0x41,
    0x0, 0x0, 0xcf, 0xf2, 0x0, 0x0, 0x0, 0x0,
    0x8f, 0xf4, 0x0, 0x0, 0x0, 0x0, 0x7f, 0xf5,
    0x0, 0x30, 0x0, 0x0, 0x9f, 0xf3, 0x2d, 0xe2,
    0x0, 0x0, 0xdf, 0xf0, 0x4f, 0xfe, 0x74, 0x5c,
    0xff, 0x90, 0x6, 0xff, 0xff, 0xff, 0xfc, 0x0,
    0x0, 0x29, 0xdf, 0xfc, 0x70, 0x0,

    /* U+0036 "6" */
    0x0, 0x0, 0x1b, 0xff, 0xa1, 0x0, 0x0, 0x1,
    0xdf, 0xf7, 0x0, 0x0, 0x0, 0xc, 0xff, 0x60,
    0x0, 0x0, 0x0, 0x9f, 0xf6, 0x0, 0x0, 0x0,
    0x3, 0xff, 0xa0, 0x0, 0x0, 0x0, 0xb, 0xff,
    0x10, 0x0, 0x0, 0x0, 0x1f, 0xf8, 0x3c, 0xff,
    0xb3, 0x0, 0x6f, 0xf7, 0xff, 0xff, 0xff, 0x40,
    0xaf, 0xfc, 0x73, 0x4a, 0xff, 0xe0, 0xcf, 0xf5,
    0x0, 0x0, 0xcf, 0xf3, 0xdf, 0xf0, 0x0, 0x0,
    0x7f, 0xf5, 0xcf, 0xf0, 0x0, 0x0, 0x6f, 0xf6,
    0xaf, 0xf0, 0x0, 0x0, 0x7f, 0xf5, 0x6f, 0xf5,
    0x0, 0x0, 0xcf, 0xf1, 0xe, 0xff, 0x73, 0x4a,
    0xff, 0xa0, 0x4, 0xff, 0xff, 0xff, 0xfd, 0x10,
    0x0, 0x29, 0xef, 0xfc, 0x70, 0x0,

    /* U+0037 "7" */
    0xaf, 0xff, 0xff, 0xff, 0xff, 0xf2, 0xaf, 0xff,
    0xff, 0xff, 0xff, 0xf2, 0xaf, 0xb3, 0x33, 0x33,
    0xcf, 0xf0, 0xaf, 0xa0, 0x0, 0x0, 0xff, 0xa0,
    0xaf, 0xa0, 0x0, 0x6, 0xff, 0x40, 0x24, 0x30,
    0x0, 0xc, 0xfe, 0x0, 0x0, 0x0, 0x0, 0x2f,
    0xf8, 0x0, 0x0, 0x0, 0x0, 0x8f, 0xf2, 0x0,
    0x0, 0x0, 0x0, 0xef, 0xc0, 0x0, 0x0, 0x0,
    0x5, 0xff, 0x60, 0x0, 0x0, 0x0, 0xb, 0xff,
    0x10, 0x0, 0x0, 0x0, 0x1f, 0xfa, 0x0, 0x0,
    0x0, 0x0, 0x7f, 0xf4, 0x0, 0x0, 0x0, 0x0,
    0xdf, 0xe0, 0x0, 0x0, 0x0, 0x3, 0xff, 0x80,
    0x0, 0x0, 0x0, 0x9, 0xff, 0x20, 0x0, 0x0,
    0x0, 0xf, 0xfc, 0x0, 0x0, 0x0,

    /* U+0038 "8" */
    0x0, 0x5b, 0xef, 0xfd, 0x81, 0x0, 0x8, 0xff,
    0xff, 0xff, 0xfe, 0x20, 0x2f, 0xfe, 0x52, 0x3a,
    0xff, 0xa0, 0x5f, 0xf5, 0x0, 0x0, 0xdf, 0xd0,
    0x5f, 0xf2, 0x0, 0x0, 0xaf, 0xd0, 0x2f, 0xf4,
    0x0, 0x0, 0xcf, 0xa0, 0xa, 0xfd, 0x41, 0x28,
    0xff, 0x20, 0x0, 0x6e, 0xff, 0xff, 0xa2, 0x0,
    0x2, 0xaf, 0xff, 0xff, 0xd6, 0x0, 0x2f, 0xfc,
    0x30, 0x17, 0xff, 0x90, 0x9f, 0xf1, 0x0, 0x0,
    0x9f, 0xf2, 0xdf, 0xe0, 0x0, 0x0, 0x6f, 0xf5,
    0xef, 0xe0, 0x0, 0x0, 0x6f, 0xf5, 0xbf, 0xf2,
    0x0, 0x0, 0xaf, 0xf3, 0x5f, 0xfd, 0x52, 0x39,
    0xff, 0xd0, 0xa, 0xff, 0xff, 0xff, 0xfe, 0x30,
    0x0, 0x5b, 0xef, 0xfd, 0x81, 0x0,

    /* U+0039 "9" */
    0x0, 0x3a, 0xef, 0xec, 0x60, 0x0, 0x6, 0xff,
    0xff, 0xff, 0xfb, 0x0, 0x2f, 0xfe, 0x63, 0x5b,
    0xff, 0x70, 0x9f, 0xf4, 0x0, 0x0, 0xdf, 0xe0,
    0xdf, 0xf0, 0x0, 0x0, 0x9f, 0xf2, 0xef, 0xe0,
    0x0, 0x0, 0x7f, 0xf4, 0xef, 0xf0, 0x0, 0x0,
    0x9f, 0xf4, 0xbf, 0xf4, 0x0, 0x0, 0xdf, 0xf4,
    0x6f, 0xfe, 0x63, 0x4b, 0xdf, 0xf1, 0xc, 0xff,
    0xff, 0xfb, 0xbf, 0xe0, 0x0, 0x8d, 0xfe, 0x81,
    0xff, 0x90, 0x0, 0x0, 0x0, 0x8, 0xff, 0x20,
    0x0, 0x0, 0x0, 0x2f, 0xfa, 0x0, 0x0, 0x0,
    0x1, 0xdf, 0xf1, 0x0, 0x0, 0x0, 0x1c, 0xff,
    0x50, 0x0, 0x0, 0x2, 0xdf, 0xf6, 0x0, 0x0,
    0x0, 0x4e, 0xff, 0x50, 0x0, 0x0,

    /* U+003A ":" */
    0xc, 0xfb, 0x3, 0xff, 0xf2, 0x2f, 0xff, 0x10,
    0x36, 0x20, 0x0, 0x0, 0x0, 0x0, 0x0, 0x0,
    0x0, 0x0, 0x0, 0x0, 0x0, 0x0, 0x0, 0x36,
    0x20, 0x2f, 0xff, 0x13, 0xff, 0xf2, 0xc, 0xfb,
    0x0,

    /* U+003B ";" */
    0xc, 0xfb, 0x3, 0xff, 0xf2, 0x2f, 0xff, 0x10,
    0x36, 0x20, 0x0, 0x0, 0x0, 0x0, 0x0, 0x0,
    0x0, 0x0, 0x0, 0x0, 0x0, 0x0, 0x0, 0x47,
    0x40, 0x2f, 0xff, 0x14, 0xff, 0xf2, 0xb, 0xff,
    0x0, 0x5f, 0xa0, 0xc, 0xf2, 0x8, 0xf5, 0x0,

    /* U+003C "<" */
    0x0, 0x0, 0x0, 0x0, 0x0, 0x0, 0x0, 0x0,
    0x0, 0x85, 0x0, 0x0, 0x0, 0x3d, 0xf6, 0x0,
    0x0, 0x8, 0xff, 0xf4, 0x0, 0x3, 0xdf, 0xfc,
    0x20, 0x0, 0x9f, 0xff, 0x60, 0x0, 0x4d, 0xff,
    0xb1, 0x0, 0x0, 0xef, 0xe5, 0x0, 0x0, 0x0,
    0xef, 0xe4, 0x0, 0x0, 0x0, 0x4e, 0xff, 0xa1,
    0x0, 0x0, 0x1, 0xaf, 0xfe, 0x50, 0x0, 0x0,
    0x4, 0xef, 0xfa, 0x10, 0x0, 0x0, 0x1a, 0xff,
    0xe3, 0x0, 0x0, 0x0, 0x4e, 0xf6, 0x0, 0x0,
    0x0, 0x1, 0xa5, 0x0, 0x0, 0x0, 0x0, 0x0,

    /* U+003D "=" */
    0x8f, 0xff, 0xff, 0xff, 0xff, 0xf0, 0x8f, 0xff,
    0xff, 0xff, 0xff, 0xf0, 0x0, 0x0, 0x0, 0x0,
    0x0, 0x0, 0x0, 0x0, 0x0, 0x0, 0x0, 0x0,
    0x0, 0x0, 0x0, 0x0, 0x0, 0x0, 0x8f, 0xff,
    0xff, 0xff, 0xff, 0xf0, 0x8f, 0xff, 0xff, 0xff,
    0xff, 0xf0,

    /* U+003E ">" */
    0x0, 0x0, 0x0, 0x0, 0x0, 0xb3, 0x0, 0x0,
    0x0, 0x0, 0xef, 0x80, 0x0, 0x0, 0x0, 0xbf,
    0xfd, 0x30, 0x0, 0x0, 0x7, 0xff, 0xf8, 0x0,
    0x0, 0x0, 0x2b, 0xff, 0xd3, 0x0, 0x0, 0x0,
    0x6f, 0xff, 0x80, 0x0, 0x0, 0x1, 0xbf, 0xf5,
    0x0, 0x0, 0x0, 0x9f, 0xf6, 0x0, 0x0, 0x4e,
    0xff, 0xa1, 0x0, 0x1a, 0xff, 0xe5, 0x0, 0x5,
    0xef, 0xfa, 0x10, 0x0, 0xaf, 0xfe, 0x50, 0x0,
    0x0, 0xef, 0xa1, 0x0, 0x0, 0x0, 0xc4, 0x0,
    0x0, 0x0, 0x0, 0x0, 0x0, 0x0, 0x0, 0x0,

    /* U+003F "?" */
    0x0, 0x3a, 0xef, 0xeb, 0x30, 0x0, 0x5f, 0xff,
    0xff, 0xff, 0x50, 0x1f, 0xfd, 0x64, 0x8f, 0xfe,
    0x5, 0xff, 0x10, 0x0, 0x9f, 0xf3, 0x0, 0x20,
    0x0, 0x7, 0xff, 0x40, 0x0, 0x0, 0x0, 0xbf,
    0xf1, 0x0, 0x0, 0x2, 0x9f, 0xfa, 0x0, 0x0,
    0x3f, 0xff, 0xfa, 0x0, 0x0, 0x3, 0xff, 0xa4,
    0x0, 0x0, 0x0, 0x3f, 0xf4, 0x0, 0x0, 0x0,
    0x3, 0xff, 0x40, 0x0, 0x0, 0x0, 0x0, 0x0,
    0x0, 0x0, 0x0, 0x0, 0x0, 0x0, 0x0, 0x0,
    0x0, 0x5, 0x50, 0x0, 0x0, 0x0, 0x9, 0xff,
    0x90, 0x0, 0x0, 0x0, 0xbf, 0xfb, 0x0, 0x0,
    0x0, 0x5, 0xee, 0x50, 0x0, 0x0,

    /* U+0040 "@" */
    0x0, 0x0, 0x4, 0x9d, 0xef, 0xec, 0x82, 0x0,
    0x0, 0x0, 0x2, 0xcf, 0xfb, 0x98, 0x9d, 0xff,
    0x90, 0x0, 0x0, 0x3e, 0xf7, 0x0, 0x0, 0x0,
    0x3c, 0xfc, 0x0, 0x1, 0xef, 0x30, 0x0, 0x0,
    0x0, 0x0, 0xaf, 0x80, 0x8, 0xf6, 0x0, 0x7e,
    0xfa, 0x3f, 0xf0, 0xd, 0xf1, 0xf, 0xd0, 0x6,
    0xff, 0xee, 0x9f, 0xf0, 0x6, 0xf7, 0x4f, 0x80,
    0xe, 0xf8, 0x0, 0xaf, 0xf0, 0x1, 0xfb, 0x8f,
    0x50, 0x2f, 0xf0, 0x0, 0x3f, 0xf0, 0x0, 0xfd,
    0xaf, 0x30, 0x4f, 0xf0, 0x0, 0x2f, 0xf0, 0x0,
    0xfe, 0xbf, 0x30, 0x5f, 0xf0, 0x0, 0x2f, 0xf0,
    0x0, 0xfe, 0xbf, 0x30, 0x4f, 0xf0, 0x0, 0x2f,
    0xf0, 0x0, 0xfd, 0xaf, 0x40, 0x1f, 0xf1, 0x0,
    0x4f, 0xf0, 0x4, 0xf9, 0x7f, 0x60, 0xc, 0xfa,
    0x11, 0xaf, 0xf4, 0x1c, 0xf3, 0x3f, 0xa0, 0x3,
    0xff, 0xff, 0x5b, 0xff, 0xff, 0x80, 0xd, 0xf1,
    0x0, 0x28, 0x95, 0x0, 0x69, 0x83, 0x0, 0x6,
    0xfb, 0x0, 0x0, 0x0, 0x0, 0x0, 0x0, 0x0,
    0x0, 0xaf, 0xa0, 0x0, 0x0, 0x0, 0x0, 0x0,
    0x0, 0x0, 0xa, 0xfe, 0x73, 0x0, 0x0, 0x0,
    0x0, 0x0, 0x0, 0x0, 0x5d, 0xff, 0xff, 0xff,
    0xff, 0x20, 0x0, 0x0, 0x0, 0x0, 0x25, 0x77,
    0x88, 0x88, 0x10, 0x0,

    /* U+0041 "A" */
    0x0, 0x0, 0x6, 0xff, 0xf4, 0x0, 0x0, 0x0,
    0x0, 0x0, 0xbf, 0xff, 0x90, 0x0, 0x0, 0x0,
    0x0, 0xf, 0xfb, 0xfe, 0x0, 0x0, 0x0, 0x0,
    0x5, 0xff, 0x3f, 0xf3, 0x0, 0x0, 0x0, 0x0,
    0xaf, 0xb0, 0xff, 0x80, 0x0, 0x0, 0x0, 0xe,
    0xf7, 0xa, 0xfd, 0x0, 0x0, 0x0, 0x3, 0xff,
    0x20, 0x5f, 0xf2, 0x0, 0x0, 0x0, 0x8f, 0xd0,
    0x1, 0xff, 0x70, 0x0, 0x0, 0xd, 0xf9, 0x0,
    0xc, 0xfb, 0x0, 0x0, 0x2, 0xff, 0x40, 0x0,
    0x7f, 0xf1, 0x0, 0x0, 0x7f, 0xff, 0xff, 0xff,
    0xff, 0x50, 0x0, 0xc, 0xff, 0xff, 0xff, 0xff,
    0xfa, 0x0, 0x1, 0xff, 0x62, 0x22, 0x22, 0x9f,
    0xf0, 0x0, 0x6f, 0xf1, 0x0, 0x0, 0x4, 0xff,
    0x40, 0xb, 0xfd, 0x0, 0x0, 0x0, 0xf, 0xf9,
    0x0, 0xff, 0x80, 0x0, 0x0, 0x0, 0xbf, 0xe0,
    0x5f, 0xf4, 0x0, 0x0, 0x0, 0x7, 0xff, 0x30,

    /* U+0042 "B" */
    0x1f, 0xff, 0xff, 0xff, 0xfc, 0x50, 0x1, 0xff,
    0xff, 0xff, 0xff, 0xff, 0x50, 0x1f, 0xfb, 0x44,
    0x44, 0x8f, 0xfd, 0x1, 0xff, 0x90, 0x0, 0x0,
    0xcf, 0xf1, 0x1f, 0xf9, 0x0, 0x0, 0xa, 0xff,
    0x11, 0xff, 0x90, 0x0, 0x0, 0xbf, 0xf0, 0x1f,
    0xf9, 0x0, 0x0, 0x4f, 0xf8, 0x1, 0xff, 0xff,
    0xff, 0xff, 0xc6, 0x0, 0x1f, 0xff, 0xff, 0xff,
    0xfe, 0xa1, 0x1, 0xff, 0xa3, 0x33, 0x35, 0xdf,
    0xd0, 0x1f, 0xf9, 0x0, 0x0, 0x4, 0xff, 0x61,
    0xff, 0x90, 0x0, 0x0, 0x2f, 0xf9, 0x1f, 0xf9,
    0x0, 0x0, 0x2, 0xff, 0xa1, 0xff, 0x90, 0x0,
    0x0, 0x4f, 0xf8, 0x1f, 0xfb, 0x44, 0x44, 0x5d,
    0xff, 0x21, 0xff, 0xff, 0xff, 0xff, 0xff, 0x90,
    0x1f, 0xff, 0xff, 0xff, 0xfe, 0x80, 0x0,

    /* U+0043 "C" */
    0x0, 0x3, 0xae, 0xfe, 0xc7, 0x0, 0x0, 0x7,
    0xff, 0xff, 0xff, 0xfd, 0x10, 0x4, 0xff, 0xe8,
    0x55, 0xaf, 0xfc, 0x0, 0xdf, 0xf2, 0x0, 0x0,
    0x7f, 0xf4, 0x3f, 0xf7, 0x0, 0x0, 0x0, 0xa3,
    0x7, 0xff, 0x30, 0x0, 0x0, 0x0, 0x0, 0xaf,
    0xf1, 0x0, 0x0, 0x0, 0x0, 0xb, 0xff, 0x10,
    0x0, 0x0, 0x0, 0x0, 0xcf, 0xf1, 0x0, 0x0,
    0x0, 0x0, 0xb, 0xff, 0x10, 0x0, 0x0, 0x0,
    0x0, 0xaf, 0xf1, 0x0, 0x0, 0x0, 0x0, 0x7,
    0xff, 0x30, 0x0, 0x0, 0x0, 0x0, 0x3f, 0xf7,
    0x0, 0x0, 0x0, 0xb6, 0x0, 0xdf, 0xe1, 0x0,
    0x0, 0x6f, 0xf6, 0x4, 0xff, 0xe7, 0x45, 0xaf,
    0xfd, 0x0, 0x7, 0xff, 0xff, 0xff, 0xfd, 0x10,
    0x0, 0x3, 0xae, 0xfe, 0xc7, 0x0, 0x0,

    /* U+0044 "D" */
    0x1f, 0xff, 0xff, 0xfe, 0xc7, 0x0, 0x0, 0x1f,
    0xff, 0xff, 0xff, 0xff, 0xd1, 0x0, 0x1f, 0xfb,
    0x44, 0x46, 0xbf, 0xfc, 0x0, 0x1f, 0xf9, 0x0,
    0x0, 0x8, 0xff, 0x50, 0x1f, 0xf9, 0x0, 0x0,
    0x0, 0xff, 0xb0, 0x1f, 0xf9, 0x0, 0x0, 0x0,
    0xbf, 0xe0, 0x1f, 0xf9, 0x0, 0x0, 0x0, 0xaf,
    0xf1, 0x1f, 0xf9, 0x0, 0x0, 0x0, 0xaf, 0xf2,
    0x1f, 0xf9, 0x0, 0x0, 0x0, 0xaf, 0xf3, 0x1f,
    0xf9, 0x0, 0x0, 0x0, 0xaf, 0xf2, 0x1f, 0xf9,
    0x0, 0x0, 0x0, 0xaf, 0xf1, 0x1f, 0xf9, 0x0,
    0x0, 0x0, 0xcf, 0xe0, 0x1f, 0xf9, 0x0, 0x0,
    0x1, 0xff, 0xb0, 0x1f, 0xf9, 0x0, 0x0, 0x9,
    0xff, 0x50, 0x1f, 0xfb, 0x44, 0x45, 0xbf, 0xfc,
    0x0, 0x1f, 0xff, 0xff, 0xff, 0xff, 0xd1, 0x0,
    0x1f, 0xff, 0xff, 0xfe, 0xc7, 0x0, 0x0,

    /* U+0045 "E" */
    0x1f, 0xff, 0xff, 0xff, 0xff, 0xf0, 0x1f, 0xff,
    0xff, 0xff, 0xff, 0xf0, 0x1f, 0xfb, 0x44, 0x44,
    0x44, 0x40, 0x1f, 0xf9, 0x0, 0x0, 0x0, 0x0,
    0x1f, 0xf9, 0x0, 0x0, 0x0, 0x0, 0x1f, 0xf9,
    0x0, 0x0, 0x0, 0x0, 0x1f, 0xf9, 0x0, 0x0,
    0x0, 0x0, 0x1f, 0xff, 0xff, 0xff, 0xff, 0x50,
    0x1f, 0xff, 0xff, 0xff, 0xff, 0x50, 0x1f, 0xfa,
    0x44, 0x44, 0x44, 0x10, 0x1f, 0xf9, 0x0, 0x0,
    0x0, 0x0, 0x1f, 0xf9, 0x0, 0x0, 0x0, 0x0,
    0x1f, 0xf9, 0x0, 0x0, 0x0, 0x0, 0x1f, 0xf9,
    0x0, 0x0, 0x0, 0x0, 0x1f, 0xfb, 0x44, 0x44,
    0x44, 0x40, 0x1f, 0xff, 0xff, 0xff, 0xff, 0xf0,
    0x1f, 0xff, 0xff, 0xff, 0xff, 0xf0,

    /* U+0046 "F" */
    0x1f, 0xff, 0xff, 0xff, 0xff, 0xc1, 0xff, 0xff,
    0xff, 0xff, 0xfc, 0x1f, 0xfb, 0x44, 0x44, 0x44,
    0x31, 0xff, 0x90, 0x0, 0x0, 0x0, 0x1f, 0xf9,
    0x0, 0x0, 0x0, 0x1, 0xff, 0x90, 0x0, 0x0,
    0x0, 0x1f, 0xf9, 0x0, 0x0, 0x0, 0x1, 0xff,
    0xff, 0xff, 0xff, 0xf0, 0x1f, 0xff, 0xff, 0xff,
    0xff, 0x1, 0xff, 0xa4, 0x44, 0x44, 0x30, 0x1f,
    0xf9, 0x0, 0x0, 0x0, 0x1, 0xff, 0x90, 0x0,
    0x0, 0x0, 0x1f, 0xf9, 0x0, 0x0, 0x0, 0x1,
    0xff, 0x90, 0x0, 0x0, 0x0, 0x1f, 0xf9, 0x0,
    0x0, 0x0, 0x1, 0xff, 0x90, 0x0, 0x0, 0x0,
    0x1f, 0xf9, 0x0, 0x0, 0x0, 0x0,

    /* U+0047 "G" */
    0x0, 0x2, 0x9d, 0xff, 0xd9, 0x20, 0x0, 0x0,
    0x6f, 0xff, 0xff, 0xff, 0xf6, 0x0, 0x4, 0xff,
    0xf8, 0x55, 0x8e, 0xff, 0x50, 0xd, 0xfe, 0x20,
    0x0, 0x1, 0xdf, 0xc0, 0x3f, 0xf7, 0x0, 0x0,
    0x0, 0x46, 0x0, 0x7f, 0xf2, 0x0, 0x0, 0x0,
    0x0, 0x0, 0xaf, 0xf1, 0x0, 0x0, 0x0, 0x0,
    0x0, 0xbf, 0xf1, 0x0, 0x1, 0x33, 0x33, 0x31,
    0xcf, 0xf1, 0x0, 0x7, 0xff, 0xff, 0xf5, 0xbf,
    0xf1, 0x0, 0x7, 0xff, 0xff, 0xf5, 0xaf, 0xf1,
    0x0, 0x0, 0x0, 0x4f, 0xf5, 0x7f, 0xf2, 0x0,
    0x0, 0x0, 0x4f, 0xf5, 0x4f, 0xf7, 0x0, 0x0,
    0x0, 0x7f, 0xf5, 0xd, 0xfe, 0x20, 0x0, 0x2,
    0xef, 0xf5, 0x5, 0xff, 0xf8, 0x55, 0x8f, 0xaf,
    0xf5, 0x0, 0x7f, 0xff, 0xff, 0xfe, 0x2f, 0xf5,
    0x0, 0x3, 0xae, 0xfe, 0xa2, 0xf, 0xf5,

    /* U+0048 "H" */
    0x1f, 0xf9, 0x0, 0x0, 0x0, 0x7f, 0xf2, 0x1f,
    0xf9, 0x0, 0x0, 0x0, 0x7f, 0xf2, 0x1f, 0xf9,
    0x0, 0x0, 0x0, 0x7f, 0xf2, 0x1f, 0xf9, 0x0,
    0x0, 0x0, 0x7f, 0xf2, 0x1f, 0xf9, 0x0, 0x0,
    0x0, 0x7f, 0xf2, 0x1f, 0xf9, 0x0, 0x0, 0x0,
    0x7f, 0xf2, 0x1f, 0xf9, 0x0, 0x0, 0x0, 0x7f,
    0xf2, 0x1f, 0xff, 0xff, 0xff, 0xff, 0xff, 0xf2,
    0x1f, 0xff, 0xff, 0xff, 0xff, 0xff, 0xf2, 0x1f,
    0xfa, 0x44, 0x44, 0x44, 0x9f, 0xf2, 0x1f, 0xf9,
    0x0, 0x0, 0x0, 0x7f, 0xf2, 0x1f, 0xf9, 0x0,
    0x0, 0x0, 0x7f, 0xf2, 0x1f, 0xf9, 0x0, 0x0,
    0x0, 0x7f, 0xf2, 0x1f, 0xf9, 0x0, 0x0, 0x0,
    0x7f, 0xf2, 0x1f, 0xf9, 0x0, 0x0, 0x0, 0x7f,
    0xf2, 0x1f, 0xf9, 0x0, 0x0, 0x0, 0x7f, 0xf2,
    0x1f, 0xf9, 0x0, 0x0, 0x0, 0x7f, 0xf2,

    /* U+0049 "I" */
    0xcf, 0xff, 0xff, 0xf2, 0xcf, 0xff, 0xff, 0xf2,
    0x1, 0xaf, 0xf1, 0x10, 0x0, 0xaf, 0xf0, 0x0,
    0x0, 0xaf, 0xf0, 0x0, 0x0, 0xaf, 0xf0, 0x0,
    0x0, 0xaf, 0xf0, 0x0, 0x0, 0xaf, 0xf0, 0x0,
    0x0, 0xaf, 0xf0, 0x0, 0x0, 0xaf, 0xf0, 0x0,
    0x0, 0xaf, 0xf0, 0x0, 0x0, 0xaf, 0xf0, 0x0,
    0x0, 0xaf, 0xf0, 0x0, 0x0, 0xaf, 0xf0, 0x0,
    0x1, 0xaf, 0xf1, 0x10, 0xcf, 0xff, 0xff, 0xf2,
    0xcf, 0xff, 0xff, 0xf2,

    /* U+004A "J" */
    0x0, 0x8f, 0xff, 0xff, 0xff, 0x30, 0x8, 0xff,
    0xff, 0xff, 0xf3, 0x0, 0x12, 0x22, 0x28, 0xff,
    0x30, 0x0, 0x0, 0x0, 0x7f, 0xf3, 0x0, 0x0,
    0x0, 0x7, 0xff, 0x30, 0x0, 0x0, 0x0, 0x7f,
    0xf3, 0x0, 0x0, 0x0, 0x7, 0xff, 0x30, 0x0,
    0x0, 0x0, 0x7f, 0xf3, 0x0, 0x0, 0x0, 0x7,
    0xff, 0x30, 0x0, 0x0, 0x0, 0x7f, 0xf3, 0x0,
    0x0, 0x0, 0x7, 0xff, 0x30, 0x0, 0x0, 0x0,
    0x7f, 0xf3, 0x14, 0x80, 0x0, 0x7, 0xff, 0x33,
    0xff, 0x50, 0x0, 0xbf, 0xf1, 0xe, 0xfe, 0x75,
    0x9f, 0xfd, 0x0, 0x4f, 0xff, 0xff, 0xff, 0x30,
    0x0, 0x3b, 0xef, 0xea, 0x20, 0x0,

    /* U+004B "K" */
    0x1f, 0xf9, 0x0, 0x0, 0x4, 0xff, 0xb0, 0x1f,
    0xf9, 0x0, 0x0, 0x1e, 0xfe, 0x10, 0x1f, 0xf9,
    0x0, 0x0, 0xcf, 0xf3, 0x0, 0x1f, 0xf9, 0x0,
    0x8, 0xff, 0x60, 0x0, 0x1f, 0xf9, 0x0, 0x3f,
    0xfa, 0x0, 0x0, 0x1f, 0xf9, 0x1, 0xef, 0xd0,
    0x0, 0x0, 0x1f, 0xf8, 0xa, 0xff, 0x20, 0x0,
    0x0, 0x1f, 0xf7, 0x6f, 0xfc, 0x0, 0x0, 0x0,
    0x1f, 0xfa, 0xff, 0xff, 0x50, 0x0, 0x0, 0x1f,
    0xff, 0xf5, 0xef, 0xe1, 0x0, 0x0, 0x1f, 0xff,
    0x80, 0x5f, 0xf9, 0x0, 0x0, 0x1f, 0xfc, 0x0,
    0xc, 0xff, 0x30, 0x0, 0x1f, 0xf9, 0x0, 0x3,
    0xff, 0xc0, 0x0, 0x1f, 0xf9, 0x0, 0x0, 0x9f,
    0xf6, 0x0, 0x1f, 0xf9, 0x0, 0x0, 0x1f, 0xfe,
    0x10, 0x1f, 0xf9, 0x0, 0x0, 0x7, 0xff, 0x90,
    0x1f, 0xf9, 0x0, 0x0, 0x0, 0xdf, 0xf3,

    /* U+004C "L" */
    0x1f, 0xf9, 0x0, 0x0, 0x0, 0x1f, 0xf9, 0x0,
    0x0, 0x0, 0x1f, 0xf9, 0x0, 0x0, 0x0, 0x1f,
    0xf9, 0x0, 0x0, 0x0, 0x1f, 0xf9, 0x0, 0x0,
    0x0, 0x1f, 0xf9, 0x0, 0x0, 0x0, 0x1f, 0xf9,
    0x0, 0x0, 0x0, 0x1f, 0xf9, 0x0, 0x0, 0x0,
    0x1f, 0xf9, 0x0, 0x0, 0x0, 0x1f, 0xf9, 0x0,
    0x0, 0x0, 0x1f, 0xf9, 0x0, 0x0, 0x0, 0x1f,
    0xf9, 0x0, 0x0, 0x0, 0x1f, 0xf9, 0x0, 0x0,
    0x0, 0x1f, 0xf9, 0x0, 0x0, 0x0, 0x1f, 0xfb,
    0x44, 0x44, 0x43, 0x1f, 0xff, 0xff, 0xff, 0xfe,
    0x1f, 0xff, 0xff, 0xff, 0xfe,

    /* U+004D "M" */
    0x1f, 0xff, 0x40, 0x0, 0x0, 0x0, 0xef, 0xf7,
    0x1f, 0xff, 0xc0, 0x0, 0x0, 0x5, 0xff, 0xf7,
    0x1f, 0xff, 0xf3, 0x0, 0x0, 0xd, 0xff, 0xf7,
    0x1f, 0xfd, 0xfb, 0x0, 0x0, 0x4f, 0xef, 0xf7,
    0x1f, 0xf6, 0xff, 0x20, 0x0, 0xcf, 0x6f, 0xf7,
    0x1f, 0xf6, 0x9f, 0xa0, 0x3, 0xff, 0x1f, 0xf7,
    0x1f, 0xf7, 0x2f, 0xf1, 0xa, 0xf8, 0x1f, 0xf7,
    0x1f, 0xf7, 0xb, 0xf6, 0xf, 0xf1, 0x1f, 0xf7,
    0x1f, 0xf7, 0x3, 0xfc, 0x6f, 0x90, 0x1f, 0xf7,
    0x1f, 0xf7, 0x0, 0xbf, 0xef, 0x10, 0x1f, 0xf7,
    0x1f, 0xf7, 0x0, 0x3f, 0xf9, 0x0, 0x1f, 0xf7,
    0x1f, 0xf7, 0x0, 0xc, 0xf2, 0x0, 0x1f, 0xf7,
    0x1f, 0xf7, 0x0, 0x4, 0x90, 0x0, 0x1f, 0xf7,
    0x1f, 0xf7, 0x0, 0x0, 0x10, 0x0, 0x1f, 0xf7,
    0x1f, 0xf7, 0x0, 0x0, 0x0, 0x0, 0x1f, 0xf7,
    0x1f, 0xf7, 0x0, 0x0, 0x0, 0x0, 0x1f, 0xf7,
    0x1f, 0xf7, 0x0, 0x0, 0x0, 0x0, 0x1f, 0xf7,

    /* U+004E "N" */
    0x1f, 0xff, 0x30, 0x0, 0x0, 0x5f, 0xf3, 0x1f,
    0xff, 0xb0, 0x0, 0x0, 0x5f, 0xf3, 0x1f, 0xff,
    0xf3, 0x0, 0x0, 0x5f, 0xf3, 0x1f, 0xfd, 0xfc,
    0x0, 0x0, 0x5f, 0xf3, 0x1f, 0xf6, 0xff, 0x40,
    0x0, 0x5f, 0xf3, 0x1f, 0xf6, 0xaf, 0xc0, 0x0,
    0x5f, 0xf3, 0x1f, 0xf7, 0x3f, 0xf4, 0x0, 0x5f,
    0xf3, 0x1f, 0xf7, 0xb, 0xfc, 0x0, 0x5f, 0xf3,
    0x1f, 0xf7, 0x3, 0xff, 0x40, 0x5f, 0xf3, 0x1f,
    0xf7, 0x0, 0xbf, 0xc0, 0x5f, 0xf3, 0x1f, 0xf7,
    0x0, 0x3f, 0xf4, 0x5f, 0xf3, 0x1f, 0xf7, 0x0,
    0xa, 0xfb, 0x4f, 0xf3, 0x1f, 0xf7, 0x0, 0x2,
    0xff, 0x5f, 0xf3, 0x1f, 0xf7, 0x0, 0x0, 0xaf,
    0xdf, 0xf3, 0x1f, 0xf7, 0x0, 0x0, 0x2f, 0xff,
    0xf3, 0x1f, 0xf7, 0x0, 0x0, 0xa, 0xff, 0xf3,
    0x1f, 0xf7, 0x0, 0x0, 0x2, 0xff, 0xf3,

    /* U+004F "O" */
    0x0, 0x2, 0x9d, 0xff, 0xd9, 0x20, 0x0, 0x0,
    0x6f, 0xff, 0xff, 0xff, 0xf6, 0x0, 0x4, 0xff,
    0xf8, 0x55, 0x8f, 0xff, 0x40, 0xd, 0xfe, 0x20,
    0x0, 0x2, 0xef, 0xd0, 0x3f, 0xf7, 0x0, 0x0,
    0x0, 0x7f, 0xf3, 0x7f, 0xf2, 0x0, 0x0, 0x0,
    0x2f, 0xf7, 0xaf, 0xf1, 0x0, 0x0, 0x0, 0x1f,
    0xfa, 0xbf, 0xf1, 0x0, 0x0, 0x0, 0x1f, 0xfb,
    0xcf, 0xf1, 0x0, 0x0, 0x0, 0x1f, 0xfc, 0xbf,
    0xf1, 0x0, 0x0, 0x0, 0x1f, 0xfb, 0xaf, 0xf1,
    0x0, 0x0, 0x0, 0x1f, 0xfa, 0x7f, 0xf2, 0x0,
    0x0, 0x0, 0x2f, 0xf7, 0x3f, 0xf7, 0x0, 0x0,
    0x0, 0x7f, 0xf3, 0xd, 0xfe, 0x20, 0x0, 0x2,
    0xef, 0xd0, 0x4, 0xff, 0xf8, 0x55, 0x8f, 0xff,
    0x40, 0x0, 0x6f, 0xff, 0xff, 0xff, 0xf6, 0x0,
    0x0, 0x2, 0x9d, 0xff, 0xd9, 0x20, 0x0,

    /* U+0050 "P" */
    0x1f, 0xff, 0xff, 0xff, 0xfb, 0x40, 0x1, 0xff,
    0xff, 0xff, 0xff, 0xff, 0x50, 0x1f, 0xfb, 0x44,
    0x44, 0x7f, 0xfe, 0x1, 0xff, 0x90, 0x0, 0x0,
    0x9f, 0xf3, 0x1f, 0xf9, 0x0, 0x0, 0x7, 0xff,
    0x41, 0xff, 0x90, 0x0, 0x0, 0x7f, 0xf4, 0x1f,
    0xf9, 0x0, 0x0, 0x9, 0xff, 0x31, 0xff, 0xb4,
    0x44, 0x47, 0xff, 0xe0, 0x1f, 0xff, 0xff, 0xff,
    0xff, 0xf5, 0x1, 0xff, 0xff, 0xff, 0xff, 0xc4,
    0x0, 0x1f, 0xf9, 0x0, 0x0, 0x0, 0x0, 0x1,
    0xff, 0x90, 0x0, 0x0, 0x0, 0x0, 0x1f, 0xf9,
    0x0, 0x0, 0x0, 0x0, 0x1, 0xff, 0x90, 0x0,
    0x0, 0x0, 0x0, 0x1f, 0xf9, 0x0, 0x0, 0x0,
    0x0, 0x1, 0xff, 0x90, 0x0, 0x0, 0x0, 0x0,
    0x1f, 0xf9, 0x0, 0x0, 0x0, 0x0, 0x0,

    /* U+0051 "Q" */
    0x0, 0x2, 0x9d, 0xff, 0xd9, 0x20, 0x0, 0x0,
    0x6f, 0xff, 0xff, 0xff, 0xf6, 0x0, 0x4, 0xff,
    0xf8, 0x55, 0x8f, 0xff, 0x40, 0xd, 0xff, 0x20,
    0x0, 0x2, 0xff, 0xd0, 0x3f, 0xf7, 0x0, 0x0,
    0x0, 0x7f, 0xf3, 0x7f, 0xf3, 0x0, 0x0, 0x0,
    0x3f, 0xf7, 0xaf, 0xf1, 0x0, 0x0, 0x0, 0x1f,
    0xfa, 0xbf, 0xf1, 0x0, 0x0, 0x0, 0x1f, 0xfb,
    0xcf, 0xf1, 0x0, 0x0, 0x0, 0x1f, 0xfc, 0xbf,
    0xf1, 0x0, 0x0, 0x0, 0x1f, 0xfb, 0xaf, 0xf1,
    0x0, 0x0, 0x0, 0x1f, 0xfa, 0x8f, 0xf2, 0x0,
    0x0, 0x0, 0x2f, 0xf8, 0x5f, 0xf5, 0x0, 0x0,
    0x0, 0x5f, 0xf5, 0xf, 0xfc, 0x0, 0x0, 0x0,
    0xcf, 0xf0, 0x7, 0xff, 0xb3, 0x0, 0x3b, 0xff,
    0x70, 0x0, 0xbf, 0xff, 0xff, 0xff, 0xfa, 0x0,
    0x0, 0x7, 0xef, 0xff, 0xfe, 0x60, 0x0, 0x0,
    0x0, 0x4, 0xff, 0x70, 0x0, 0x0, 0x0, 0x0,
    0x1, 0xff, 0x60, 0x0, 0x0, 0x0, 0x0, 0x0,
    0xff, 0xff, 0xc0, 0x0, 0x0, 0x0, 0x0, 0x6f,
    0xff, 0xc0, 0x0, 0x0, 0x0, 0x0, 0x0, 0x22,
    0x10, 0x0,

    /* U+0052 "R" */
    0x1f, 0xff, 0xff, 0xff, 0xfb, 0x40, 0x1, 0xff,
    0xff, 0xff, 0xff, 0xff, 0x50, 0x1f, 0xfb, 0x44,
    0x44, 0x7f, 0xfe, 0x1, 0xff, 0x90, 0x0, 0x0,
    0x9f, 0xf3, 0x1f, 0xf9, 0x0, 0x0, 0x7, 0xff,
    0x41, 0xff, 0x90, 0x0, 0x0, 0x7f, 0xf4, 0x1f,
    0xf9, 0x0, 0x0, 0x9, 0xff, 0x21, 0xff, 0xa2,
    0x22, 0x25, 0xff, 0xd0, 0x1f, 0xff, 0xff, 0xff,
    0xff, 0xf4, 0x1, 0xff, 0xff, 0xff, 0xff, 0xc3,
    0x0, 0x1f, 0xf9, 0x0, 0x1f, 0xfa, 0x0, 0x1,
    0xff, 0x90, 0x0, 0xaf, 0xf2, 0x0, 0x1f, 0xf9,
    0x0, 0x3, 0xff, 0x90, 0x1, 0xff, 0x90, 0x0,
    0xc, 0xff, 0x10, 0x1f, 0xf9, 0x0, 0x0, 0x5f,
    0xf8, 0x1, 0xff, 0x90, 0x0, 0x0, 0xef, 0xe0,
    0x1f, 0xf9, 0x0, 0x0, 0x7, 0xff, 0x70,

    /* U+0053 "S" */
    0x0, 0x4, 0xae, 0xff, 0xd8, 0x10, 0x0, 0x8,
    0xff, 0xff, 0xff, 0xff, 0x40, 0x3, 0xff, 0xe7,
    0x55, 0x9f, 0xff, 0x10, 0x8f, 0xf3, 0x0, 0x0,
    0x2c, 0x30, 0xa, 0xff, 0x0, 0x0, 0x0, 0x0,
    0x0, 0x9f, 0xf2, 0x0, 0x0, 0x0, 0x0, 0x5,
    0xff, 0xd4, 0x0, 0x0, 0x0, 0x0, 0xa, 0xff,
    0xff, 0xb8, 0x30, 0x0, 0x0, 0x6, 0xdf, 0xff,
    0xff, 0xb1, 0x0, 0x0, 0x0, 0x25, 0x9e, 0xff,
    0xc0, 0x0, 0x0, 0x0, 0x0, 0xb, 0xff, 0x30,
    0x0, 0x0, 0x0, 0x0, 0x4f, 0xf5, 0x0, 0x20,
    0x0, 0x0, 0x4, 0xff, 0x60, 0x6f, 0x70, 0x0,
    0x0, 0x9f, 0xf3, 0xd, 0xff, 0xc7, 0x56, 0xaf,
    0xfd, 0x0, 0x1c, 0xff, 0xff, 0xff, 0xfe, 0x20,
    0x0, 0x5, 0xbe, 0xff, 0xc8, 0x10, 0x0,

    /* U+0054 "T" */
    0x6f, 0xff, 0xff, 0xff, 0xff, 0xff, 0x76, 0xff,
    0xff, 0xff, 0xff, 0xff, 0xf7, 0x14, 0x44, 0x4d,
    0xfe, 0x44, 0x44, 0x20, 0x0, 0x0, 0xcf, 0xd0,
    0x0, 0x0, 0x0, 0x0, 0xc, 0xfd, 0x0, 0x0,
    0x0, 0x0, 0x0, 0xcf, 0xd0, 0x0, 0x0, 0x0,
    0x0, 0xc, 0xfd, 0x0, 0x0, 0x0, 0x0, 0x0,
    0xcf, 0xd0, 0x0, 0x0, 0x0, 0x0, 0xc, 0xfd,
    0x0, 0x0, 0x0, 0x0, 0x0, 0xcf, 0xd0, 0x0,
    0x0, 0x0, 0x0, 0xc, 0xfd, 0x0, 0x0, 0x0,
    0x0, 0x0, 0xcf, 0xd0, 0x0, 0x0, 0x0, 0x0,
    0xc, 0xfd, 0x0, 0x0, 0x0, 0x0, 0x0, 0xcf,
    0xd0, 0x0, 0x0, 0x0, 0x0, 0xc, 0xfd, 0x0,
    0x0, 0x0, 0x0, 0x0, 0xcf, 0xd0, 0x0, 0x0,
    0x0, 0x0, 0xc, 0xfd, 0x0, 0x0, 0x0,

    /* U+0055 "U" */
    0x3f, 0xf6, 0x0, 0x0, 0x0, 0xff, 0xa3, 0xff,
    0x60, 0x0, 0x0, 0xf, 0xfa, 0x3f, 0xf6, 0x0,
    0x0, 0x0, 0xff, 0xa3, 0xff, 0x60, 0x0, 0x0,
    0xf, 0xfa, 0x3f, 0xf6, 0x0, 0x0, 0x0, 0xff,
    0xa3, 0xff, 0x60, 0x0, 0x0, 0xf, 0xfa, 0x3f,
    0xf6, 0x0, 0x0, 0x0, 0xff, 0xa3, 0xff, 0x60,
    0x0, 0x0, 0xf, 0xfa, 0x3f, 0xf6, 0x0, 0x0,
    0x0, 0xff, 0xa3, 0xff, 0x60, 0x0, 0x0, 0xf,
    0xfa, 0x3f, 0xf6, 0x0, 0x0, 0x0, 0xff, 0xa2,
    0xff, 0x70, 0x0, 0x0, 0xf, 0xf9, 0xf, 0xf9,
    0x0, 0x0, 0x2, 0xff, 0x80, 0xdf, 0xe1, 0x0,
    0x0, 0x9f, 0xf4, 0x7, 0xff, 0xd7, 0x55, 0xaf,
    0xfe, 0x0, 0xb, 0xff, 0xff, 0xff, 0xff, 0x40,
    0x0, 0x6, 0xce, 0xff, 0xd9, 0x20, 0x0,

    /* U+0056 "V" */
    0x7f, 0xf5, 0x0, 0x0, 0x0, 0xf, 0xfb, 0x2f,
    0xf9, 0x0, 0x0, 0x0, 0x4f, 0xf6, 0xd, 0xfe,
    0x0, 0x0, 0x0, 0x9f, 0xf1, 0x8, 0xff, 0x30,
    0x0, 0x0, 0xef, 0xc0, 0x3, 0xff, 0x70, 0x0,
    0x2, 0xff, 0x70, 0x0, 0xef, 0xc0, 0x0, 0x7,
    0xff, 0x30, 0x0, 0xaf, 0xf1, 0x0, 0xc, 0xfe,
    0x0, 0x0, 0x5f, 0xf5, 0x0, 0xf, 0xf9, 0x0,
    0x0, 0xf, 0xfa, 0x0, 0x5f, 0xf4, 0x0, 0x0,
    0xb, 0xfe, 0x0, 0x9f, 0xf0, 0x0, 0x0, 0x6,
    0xff, 0x30, 0xef, 0xb0, 0x0, 0x0, 0x2, 0xff,
    0x61, 0xff, 0x60, 0x0, 0x0, 0x0, 0xdf, 0x94,
    0xff, 0x10, 0x0, 0x0, 0x0, 0x8f, 0xc7, 0xfc,
    0x0, 0x0, 0x0, 0x0, 0x3f, 0xfb, 0xf7, 0x0,
    0x0, 0x0, 0x0, 0xe, 0xff, 0xf3, 0x0, 0x0,
    0x0, 0x0, 0x9, 0xff, 0xe0, 0x0, 0x0,

    /* U+0057 "W" */
    0x5f, 0xf5, 0x0, 0x0, 0x3f, 0xff, 0x40, 0x0,
    0x4, 0xff, 0x52, 0xff, 0x80, 0x0, 0x6, 0xff,
    0xf7, 0x0, 0x0, 0x7f, 0xf1, 0xe, 0xfb, 0x0,
    0x0, 0x9f, 0xdf, 0xb0, 0x0, 0xa, 0xfe, 0x0,
    0xbf, 0xf0, 0x0, 0xd, 0xf7, 0xfe, 0x0, 0x0,
    0xdf, 0xa0, 0x7, 0xff, 0x20, 0x0, 0xff, 0x2f,
    0xf1, 0x0, 0xf, 0xf7, 0x0, 0x4f, 0xf5, 0x0,
    0x4f, 0xf0, 0xff, 0x50, 0x4, 0xff, 0x30, 0x0,
    0xff, 0x80, 0x7, 0xfc, 0xc, 0xf8, 0x0, 0x7f,
    0xf0, 0x0, 0xd, 0xfb, 0x0, 0xaf, 0x90, 0x9f,
    0xc0, 0xa, 0xfc, 0x0, 0x0, 0x9f, 0xe0, 0xe,
    0xf5, 0x6, 0xff, 0x0, 0xdf, 0x80, 0x0, 0x6,
    0xff, 0x21, 0xff, 0x20, 0x2f, 0xf3, 0xf, 0xf5,
    0x0, 0x0, 0x2f, 0xf5, 0x4f, 0xe0, 0x0, 0xff,
    0x63, 0xff, 0x10, 0x0, 0x0, 0xff, 0x77, 0xfa,
    0x0, 0xb, 0xf8, 0x5f, 0xd0, 0x0, 0x0, 0xb,
    0xf9, 0x9f, 0x70, 0x0, 0x8f, 0xa8, 0xfa, 0x0,
    0x0, 0x0, 0x8f, 0xbb, 0xf3, 0x0, 0x4, 0xfd,
    0xaf, 0x60, 0x0, 0x0, 0x4, 0xff, 0xff, 0x0,
    0x0, 0x1f, 0xff, 0xf2, 0x0, 0x0, 0x0, 0x1f,
    0xff, 0xc0, 0x0, 0x0, 0xdf, 0xff, 0x0, 0x0,
    0x0, 0x0, 0xdf, 0xf9, 0x0, 0x0, 0xa, 0xff,
    0xb0, 0x0, 0x0,

    /* U+0058 "X" */
    0x1f, 0xff, 0x10, 0x0, 0x0, 0x5f, 0xf7, 0x6,
    0xff, 0x90, 0x0, 0x0, 0xef, 0xd0, 0x0, 0xdf,
    0xf3, 0x0, 0x8, 0xff, 0x40, 0x0, 0x3f, 0xfb,
    0x0, 0x2f, 0xfa, 0x0, 0x0, 0xa, 0xff, 0x40,
    0xaf, 0xf1, 0x0, 0x0, 0x1, 0xff, 0xd4, 0xff,
    0x70, 0x0, 0x0, 0x0, 0x7f, 0xff, 0xfd, 0x0,
    0x0, 0x0, 0x0, 0xd, 0xff, 0xf4, 0x0, 0x0,
    0x0, 0x0, 0xb, 0xff, 0xf2, 0x0, 0x0, 0x0,
    0x0, 0x4f, 0xff, 0xfb, 0x0, 0x0, 0x0, 0x0,
    0xdf, 0xc9, 0xff, 0x40, 0x0, 0x0, 0x6, 0xff,
    0x41, 0xff, 0xd0, 0x0, 0x0, 0xe, 0xfb, 0x0,
    0x7f, 0xf6, 0x0, 0x0, 0x8f, 0xf3, 0x0, 0xe,
    0xfe, 0x10, 0x2, 0xff, 0xa0, 0x0, 0x6, 0xff,
    0x90, 0xb, 0xff, 0x20, 0x0, 0x0, 0xdf, 0xf2,
    0x4f, 0xf9, 0x0, 0x0, 0x0, 0x5f, 0xfb,

    /* U+0059 "Y" */
    0x8f, 0xf6, 0x0, 0x0, 0x0, 0x8f, 0xf5, 0x1f,
    0xfd, 0x0, 0x0, 0x1, 0xff, 0xd0, 0x8, 0xff,
    0x50, 0x0, 0x7, 0xff, 0x50, 0x0, 0xef, 0xd0,
    0x0, 0xe, 0xfc, 0x0, 0x0, 0x7f, 0xf5, 0x0,
    0x6f, 0xf4, 0x0, 0x0, 0xe, 0xfc, 0x0, 0xef,
    0xc0, 0x0, 0x0, 0x6, 0xff, 0x45, 0xff, 0x40,
    0x0, 0x0, 0x0, 0xef, 0xcd, 0xfc, 0x0, 0x0,
    0x0, 0x0, 0x6f, 0xff, 0xf3, 0x0, 0x0, 0x0,
    0x0, 0xd, 0xff, 0xb0, 0x0, 0x0, 0x0, 0x0,
    0x7, 0xff, 0x40, 0x0, 0x0, 0x0, 0x0, 0x6,
    0xff, 0x40, 0x0, 0x0, 0x0, 0x0, 0x6, 0xff,
    0x40, 0x0, 0x0, 0x0, 0x0, 0x6, 0xff, 0x40,
    0x0, 0x0, 0x0, 0x0, 0x6, 0xff, 0x40, 0x0,
    0x0, 0x0, 0x0, 0x6, 0xff, 0x40, 0x0, 0x0,
    0x0, 0x0, 0x6, 0xff, 0x40, 0x0, 0x0,

    /* U+005A "Z" */
    0xc, 0xff, 0xff, 0xff, 0xff, 0xff, 0x30, 0xcf,
    0xff, 0xff, 0xff, 0xff, 0xf3, 0x3, 0x44, 0x44,
    0x44, 0x5f, 0xff, 0x10, 0x0, 0x0, 0x0, 0x9,
    0xff, 0x60, 0x0, 0x0, 0x0, 0x4, 0xff, 0xb0,
    0x0, 0x0, 0x0, 0x1, 0xef, 0xf2, 0x0, 0x0,
    0x0, 0x0, 0xaf, 0xf6, 0x0, 0x0, 0x0, 0x0,
    0x4f, 0xfb, 0x0, 0x0, 0x0, 0x0, 0x1e, 0xff,
    0x10, 0x0, 0x0, 0x0, 0xa, 0xff, 0x60, 0x0,
    0x0, 0x0, 0x5, 0xff, 0xb0, 0x0, 0x0, 0x0,
    0x1, 0xef, 0xe1, 0x0, 0x0, 0x0, 0x0, 0xaf,
    0xf5, 0x0, 0x0, 0x0, 0x0, 0x5f, 0xfa, 0x0,
    0x0, 0x0, 0x0, 0x1e, 0xff, 0x54, 0x44, 0x44,
    0x44, 0x22, 0xff, 0xff, 0xff, 0xff, 0xff, 0xf8,
    0x2f, 0xff, 0xff, 0xff, 0xff, 0xff, 0x80,

    /* U+005B "[" */
    0x1f, 0xff, 0xf1, 0x1f, 0xfd, 0xd1, 0x1f, 0xf2,
    0x0, 0x1f, 0xf2, 0x0, 0x1f, 0xf2, 0x0, 0x1f,
    0xf2, 0x0, 0x1f, 0xf2, 0x0, 0x1f, 0xf2, 0x0,
    0x1f, 0xf2, 0x0, 0x1f, 0xf2, 0x0, 0x1f, 0xf2,
    0x0, 0x1f, 0xf2, 0x0, 0x1f, 0xf2, 0x0, 0x1f,
    0xf2, 0x0, 0x1f, 0xf2, 0x0, 0x1f, 0xf2, 0x0,
    0x1f, 0xf2, 0x0, 0x1f, 0xf2, 0x0, 0x1f, 0xf2,
    0x0, 0x1f, 0xf2, 0x0, 0x1f, 0xfd, 0xd1, 0x1f,
    0xff, 0xf1,

    /* U+005C "\\" */
    0xf, 0xf3, 0x0, 0x0, 0x0, 0xb, 0xf7, 0x0,
    0x0, 0x0, 0x6, 0xfc, 0x0, 0x0, 0x0, 0x2,
    0xff, 0x10, 0x0, 0x0, 0x0, 0xdf, 0x50, 0x0,
    0x0, 0x0, 0x8f, 0x90, 0x0, 0x0, 0x0, 0x4f,
    0xe0, 0x0, 0x0, 0x0, 0xf, 0xf3, 0x0, 0x0,
    0x0, 0xb, 0xf7, 0x0, 0x0, 0x0, 0x6, 0xfc,
    0x0, 0x0, 0x0, 0x1, 0xff, 0x10, 0x0, 0x0,
    0x0, 0xdf, 0x50, 0x0, 0x0, 0x0, 0x8f, 0x90,
    0x0, 0x0, 0x0, 0x4f, 0xe0, 0x0, 0x0, 0x0,
    0xf, 0xf3, 0x0, 0x0, 0x0, 0xb, 0xf7, 0x0,
    0x0, 0x0, 0x6, 0xfc, 0x0, 0x0, 0x0, 0x1,
    0xff, 0x10, 0x0, 0x0, 0x0, 0xdf, 0x50, 0x0,
    0x0, 0x0, 0x8f, 0xa0, 0x0, 0x0, 0x0, 0x4f,
    0xe0, 0x0, 0x0, 0x0, 0xf, 0xf3,

    /* U+005D "]" */
    0xcf, 0xff, 0x6a, 0xdf, 0xf6, 0x0, 0xdf, 0x60,
    0xd, 0xf6, 0x0, 0xdf, 0x60, 0xd, 0xf6, 0x0,
    0xdf, 0x60, 0xd, 0xf6, 0x0, 0xdf, 0x60, 0xd,
    0xf6, 0x0, 0xdf, 0x60, 0xd, 0xf6, 0x0, 0xdf,
    0x60, 0xd, 0xf6, 0x0, 0xdf, 0x60, 0xd, 0xf6,
    0x0, 0xdf, 0x60, 0xd, 0xf6, 0x0, 0xdf, 0x60,
    0xd, 0xf6, 0xad, 0xff, 0x6c, 0xff, 0xf6,

    /* U+005E "^" */
    0x0, 0x0, 0x5, 0x88, 0x10, 0x0, 0x0, 0x0,
    0x1, 0xff, 0xf8, 0x0, 0x0, 0x0, 0x0, 0x8f,
    0xff, 0xf1, 0x0, 0x0, 0x0, 0x1f, 0xf5, 0xef,
    0x90, 0x0, 0x0, 0x9, 0xfc, 0x6, 0xff, 0x10,
    0x0, 0x1, 0xff, 0x40, 0xe, 0xf9, 0x0, 0x0,
    0x9f, 0xd0, 0x0, 0x6f, 0xf1, 0x0, 0x2f, 0xf5,
    0x0, 0x0, 0xef, 0x90, 0x9, 0xfd, 0x0, 0x0,
    0x6, 0xff, 0x20, 0xaf, 0x50, 0x0, 0x0, 0xe,
    0xe4, 0x0, 0x20, 0x0, 0x0, 0x0, 0x20, 0x0,

    /* U+005F "_" */
    0x2, 0x22, 0x22, 0x22, 0x22, 0x22, 0x5f, 0xff,
    0xff, 0xff, 0xff, 0xff, 0x5f, 0xff, 0xff, 0xff,
    0xff, 0xff,

    /* U+0060 "`" */
    0x0, 0x30, 0x0, 0x1b, 0xf6, 0x0, 0xb, 0xfd,
    0x0, 0x1, 0xff, 0x50, 0x0, 0x5f, 0xd0, 0x0,
    0x8, 0x40,

    /* U+0061 "a" */
    0x0, 0x7, 0xdf, 0xfc, 0x70, 0x0, 0x1, 0xdf,
    0xff, 0xff, 0xfa, 0x0, 0x6, 0xfd, 0x41, 0x3c,
    0xff, 0x30, 0x0, 0x51, 0x0, 0x2, 0xff, 0x70,
    0x0, 0x0, 0x0, 0x0, 0xff, 0x80, 0x0, 0x5,
    0x9a, 0xbb, 0xff, 0x80, 0x2, 0xdf, 0xff, 0xff,
    0xff, 0x80, 0xb, 0xfe, 0x40, 0x0, 0xff, 0x80,
    0xf, 0xf8, 0x0, 0x0, 0xff, 0x80, 0x1f, 0xf8,
    0x0, 0x3, 0xff, 0x80, 0xf, 0xfd, 0x20, 0x3d,
    0xff, 0x90, 0x8, 0xff, 0xff, 0xf7, 0xcf, 0xfc,
    0x0, 0x7d, 0xfd, 0x70, 0x4e, 0xfc,

    /* U+0062 "b" */
    0x4f, 0xf5, 0x0, 0x0, 0x0, 0x0, 0x4f, 0xf5,
    0x0, 0x0, 0x0, 0x0, 0x4f, 0xf5, 0x0, 0x0,
    0x0, 0x0, 0x4f, 0xf5, 0x0, 0x0, 0x0, 0x0,
    0x4f, 0xf5, 0x0, 0x0, 0x0, 0x0, 0x4f, 0xf5,
    0x3c, 0xfe, 0xa2, 0x0, 0x4f, 0xf7, 0xff, 0xff,
    0xfe, 0x10, 0x4f, 0xff, 0x73, 0x4a, 0xff, 0xa0,
    0x4f, 0xf8, 0x0, 0x0, 0xcf, 0xf0, 0x4f, 0xf5,
    0x0, 0x0, 0x7f, 0xf3, 0x4f, 0xf5, 0x0, 0x0,
    0x6f, 0xf4, 0x4f, 0xf5, 0x0, 0x0, 0x6f, 0xf5,
    0x4f, 0xf5, 0x0, 0x0, 0x6f, 0xf4, 0x4f, 0xf5,
    0x0, 0x0, 0x7f, 0xf2, 0x4f, 0xf8, 0x0, 0x0,
    0xcf, 0xf0, 0x4f, 0xfc, 0x73, 0x4a, 0xff, 0xa0,
    0x4f, 0xf5, 0xef, 0xff, 0xfe, 0x10, 0x4f, 0xf5,
    0x2b, 0xfe, 0xa2, 0x0,

    /* U+0063 "c" */
    0x0, 0x5, 0xcf, 0xfd, 0x80, 0x0, 0x9, 0xff,
    0xff, 0xff, 0xc0, 0x4, 0xff, 0xb3, 0x26, 0xff,
    0x80, 0xbf, 0xe0, 0x0, 0x7, 0xa3, 0xe, 0xfb,
    0x0, 0x0, 0x0, 0x0, 0xff, 0xa0, 0x0, 0x0,
    0x0, 0x1f, 0xfa, 0x0, 0x0, 0x0, 0x0, 0xff,
    0xa0, 0x0, 0x0, 0x0, 0xe, 0xfb, 0x0, 0x0,
    0x0, 0x0, 0xbf, 0xe0, 0x0, 0x5, 0xd5, 0x4,
    0xff, 0xb3, 0x26, 0xff, 0x90, 0x9, 0xff, 0xff,
    0xff, 0xd1, 0x0, 0x5, 0xcf, 0xfd, 0x80, 0x0,

    /* U+0064 "d" */
    0x0, 0x0, 0x0, 0x0, 0xff, 0xa0, 0x0, 0x0,
    0x0, 0xf, 0xfa, 0x0, 0x0, 0x0, 0x0, 0xff,
    0xa0, 0x0, 0x0, 0x0, 0xf, 0xfa, 0x0, 0x0,
    0x0, 0x0, 0xff, 0xa0, 0x7, 0xdf, 0xd7, 0xf,
    0xfa, 0xa, 0xff, 0xff, 0xf7, 0xff, 0xa4, 0xff,
    0xd5, 0x25, 0xdf, 0xfa, 0x9f, 0xf2, 0x0, 0x2,
    0xff, 0xad, 0xfd, 0x0, 0x0, 0xf, 0xfa, 0xef,
    0xc0, 0x0, 0x0, 0xff, 0xaf, 0xfc, 0x0, 0x0,
    0xf, 0xfa, 0xef, 0xc0, 0x0, 0x0, 0xff, 0xad,
    0xfd, 0x0, 0x0, 0xf, 0xfa, 0x9f, 0xf2, 0x0,
    0x2, 0xff, 0xa4, 0xff, 0xd5, 0x35, 0xaf, 0xfa,
    0xa, 0xff, 0xff, 0xf4, 0xff, 0xa0, 0x7, 0xdf,
    0xd5, 0xf, 0xfa,

    /* U+0065 "e" */
    0x0, 0x4, 0xbe, 0xfe, 0x91, 0x0, 0x0, 0x8f,
    0xff, 0xff, 0xfe, 0x20, 0x3, 0xff, 0xa2, 0x4,
    0xef, 0xc0, 0xa, 0xfe, 0x0, 0x0, 0x6f, 0xf3,
    0xe, 0xfa, 0x0, 0x0, 0x3f, 0xf6, 0xf, 0xfe,
    0xbb, 0xbb, 0xbf, 0xf8, 0x1f, 0xff, 0xff, 0xff,
    0xff, 0xf9, 0xf, 0xfa, 0x0, 0x0, 0x0, 0x0,
    0xe, 0xfb, 0x0, 0x0, 0x0, 0x0, 0x9, 0xff,
    0x10, 0x0, 0x9, 0x60, 0x2, 0xff, 0xc4, 0x13,
    0xaf, 0xf1, 0x0, 0x6f, 0xff, 0xff, 0xff, 0x50,
    0x0, 0x3, 0xbe, 0xfe, 0xa3, 0x0,

    /* U+0066 "f" */
    0x0, 0x9, 0xef, 0xf6, 0x0, 0x6f, 0xff, 0xf6,
    0x0, 0x9f, 0xf1, 0x10, 0x0, 0xaf, 0xf0, 0x0,
    0x0, 0xaf, 0xf0, 0x0, 0x6f, 0xff, 0xff, 0xf6,
    0x6f, 0xff, 0xff, 0xf6, 0x1, 0xaf, 0xf1, 0x10,
    0x0, 0xaf, 0xf0, 0x0, 0x0, 0xaf, 0xf0, 0x0,
    0x0, 0xaf, 0xf0, 0x0, 0x0, 0xaf, 0xf0, 0x0,
    0x0, 0xaf, 0xf0, 0x0, 0x0, 0xaf, 0xf0, 0x0,
    0x0, 0xaf, 0xf0, 0x0, 0x0, 0xaf, 0xf0, 0x0,
    0x0, 0xaf, 0xf0, 0x0, 0x0, 0xaf, 0xf0, 0x0,

    /* U+0067 "g" */
    0x0, 0x0, 0x0, 0x0, 0x6f, 0xf8, 0x0, 0x0,
    0x0, 0x0, 0xc, 0xff, 0x80, 0x0, 0x7, 0xdf,
    0xff, 0xf3, 0x0, 0x0, 0xb, 0xff, 0xee, 0xff,
    0xd0, 0x0, 0x5, 0xff, 0x60, 0x4, 0xff, 0x70,
    0x0, 0x9f, 0xe0, 0x0, 0xc, 0xfb, 0x0, 0xa,
    0xfd, 0x0, 0x0, 0xbf, 0xc0, 0x0, 0x8f, 0xf0,
    0x0, 0xd, 0xfa, 0x0, 0x3, 0xff, 0x91, 0x7,
    0xff, 0x50, 0x0, 0x9, 0xff, 0xff, 0xff, 0xb0,
    0x0, 0x0, 0x1c, 0xbc, 0xca, 0x50, 0x0, 0x0,
    0x3f, 0x90, 0x0, 0x0, 0x0, 0x0, 0x9, 0xfc,
    0x44, 0x44, 0x31, 0x0, 0x0, 0x5f, 0xff, 0xff,
    0xff, 0xfc, 0x10, 0x0, 0x7f, 0xff, 0xff, 0xff,
    0xfb, 0x0, 0x9f, 0x30, 0x0, 0x1, 0xbf, 0xf0,
    0x3f, 0xe0, 0x0, 0x0, 0x6, 0xff, 0x3, 0xff,
    0x50, 0x0, 0x1, 0xcf, 0xd0, 0xc, 0xff, 0xfd,
    0xde, 0xff, 0xf4, 0x0, 0x7, 0xce, 0xff, 0xed,
    0x92, 0x0,

    /* U+0068 "h" */
    0x4f, 0xf5, 0x0, 0x0, 0x0, 0x4, 0xff, 0x50,
    0x0, 0x0, 0x0, 0x4f, 0xf5, 0x0, 0x0, 0x0,
    0x4, 0xff, 0x50, 0x0, 0x0, 0x0, 0x4f, 0xf5,
    0x0, 0x0, 0x0, 0x4, 0xff, 0x52, 0xbf, 0xe9,
    0x10, 0x4f, 0xf5, 0xef, 0xff, 0xfb, 0x4, 0xff,
    0xd7, 0x34, 0xef, 0xf3, 0x4f, 0xf8, 0x0, 0x5,
    0xff, 0x64, 0xff, 0x50, 0x0, 0x2f, 0xf7, 0x4f,
    0xf5, 0x0, 0x1, 0xff, 0x84, 0xff, 0x50, 0x0,
    0x1f, 0xf8, 0x4f, 0xf5, 0x0, 0x1, 0xff, 0x84,
    0xff, 0x50, 0x0, 0x1f, 0xf8, 0x4f, 0xf5, 0x0,
    0x1, 0xff, 0x84, 0xff, 0x50, 0x0, 0x1f, 0xf8,
    0x4f, 0xf5, 0x0, 0x1, 0xff, 0x84, 0xff, 0x50,
    0x0, 0x1f, 0xf8,

    /* U+0069 "i" */
    0x3e, 0xe4, 0x7f, 0xf9, 0x3f, 0xf4, 0x0, 0x0,
    0x0, 0x0, 0x3f, 0xf5, 0x3f, 0xf5, 0x3f, 0xf5,
    0x3f, 0xf5, 0x3f, 0xf5, 0x3f, 0xf5, 0x3f, 0xf5,
    0x3f, 0xf5, 0x3f, 0xf5, 0x3f, 0xf5, 0x3f, 0xf5,
    0x3f, 0xf5, 0x3f, 0xf5,

    /* U+006A "j" */
    0x0, 0x3e, 0xe4, 0x0, 0x7f, 0xf9, 0x0, 0x3f,
    0xf4, 0x0, 0x0, 0x0, 0x0, 0x0, 0x0, 0x0,
    0x3f, 0xf5, 0x0, 0x3f, 0xf5, 0x0, 0x3f, 0xf5,
    0x0, 0x3f, 0xf5, 0x0, 0x3f, 0xf5, 0x0, 0x3f,
    0xf5, 0x0, 0x3f, 0xf5, 0x0, 0x3f, 0xf5, 0x0,
    0x3f, 0xf5, 0x0, 0x3f, 0xf5, 0x0, 0x3f, 0xf5,
    0x0, 0x3f, 0xf5, 0x0, 0x3f, 0xf5, 0x0, 0x3f,
    0xf5, 0x0, 0x3f, 0xf5, 0x1, 0x4f, 0xf4, 0xf,
    0xff, 0xf1, 0xf, 0xfd, 0x60,

    /* U+006B "k" */
    0x4f, 0xf5, 0x0, 0x0, 0x0, 0x0, 0x4f, 0xf5,
    0x0, 0x0, 0x0, 0x0, 0x4f, 0xf5, 0x0, 0x0,
    0x0, 0x0, 0x4f, 0xf5, 0x0, 0x0, 0x0, 0x0,
    0x4f, 0xf5, 0x0, 0x0, 0x0, 0x0, 0x4f, 0xf5,
    0x0, 0x7, 0xff, 0x80, 0x4f, 0xf5, 0x0, 0x3f,
    0xfb, 0x0, 0x4f, 0xf5, 0x1, 0xef, 0xd1, 0x0,
    0x4f, 0xf5, 0xb, 0xff, 0x30, 0x0, 0x4f, 0xf4,
    0x6f, 0xf5, 0x0, 0x0, 0x4f, 0xf5, 0xff, 0xe0,
    0x0, 0x0, 0x4f, 0xfe, 0xff, 0xf7, 0x0, 0x0,
    0x4f, 0xff, 0x6c, 0xff, 0x10, 0x0, 0x4f, 0xf9,
    0x3, 0xff, 0x90, 0x0, 0x4f, 0xf5, 0x0, 0xaf,
    0xf2, 0x0, 0x4f, 0xf5, 0x0, 0x2f, 0xfb, 0x0,
    0x4f, 0xf5, 0x0, 0x9, 0xff, 0x40, 0x4f, 0xf5,
    0x0, 0x1, 0xff, 0xd0,

    /* U+006C "l" */
    0x4f, 0xf5, 0x4, 0xff, 0x50, 0x4f, 0xf5, 0x4,
    0xff, 0x50, 0x4f, 0xf5, 0x4, 0xff, 0x50, 0x4f,
    0xf5, 0x4, 0xff, 0x50, 0x4f, 0xf5, 0x4, 0xff,
    0x50, 0x4f, 0xf5, 0x4, 0xff, 0x50, 0x4f, 0xf5,
    0x4, 0xff, 0x50, 0x4f, 0xf5, 0x3, 0xff, 0x61,
    0x1f, 0xff, 0xe0, 0x6e, 0xfe,

    /* U+006D "m" */
    0x4f, 0xf5, 0x2b, 0xfe, 0x80, 0x5, 0xcf, 0xe8,
    0x0, 0x4f, 0xf5, 0xef, 0xff, 0xf8, 0x4f, 0xff,
    0xff, 0x80, 0x4f, 0xfd, 0x73, 0x5f, 0xff, 0xd7,
    0x36, 0xff, 0xf0, 0x4f, 0xf8, 0x0, 0x8, 0xff,
    0x80, 0x0, 0x8f, 0xf3, 0x4f, 0xf5, 0x0, 0x5,
    0xff, 0x50, 0x0, 0x5f, 0xf4, 0x4f, 0xf5, 0x0,
    0x4, 0xff, 0x40, 0x0, 0x4f, 0xf4, 0x4f, 0xf5,
    0x0, 0x4, 0xff, 0x40, 0x0, 0x4f, 0xf4, 0x4f,
    0xf5, 0x0, 0x4, 0xff, 0x40, 0x0, 0x4f, 0xf4,
    0x4f, 0xf5, 0x0, 0x4, 0xff, 0x40, 0x0, 0x4f,
    0xf4, 0x4f, 0xf5, 0x0, 0x4, 0xff, 0x40, 0x0,
    0x4f, 0xf4, 0x4f, 0xf5, 0x0, 0x4, 0xff, 0x40,
    0x0, 0x4f, 0xf4, 0x4f, 0xf5, 0x0, 0x4, 0xff,
    0x40, 0x0, 0x4f, 0xf4, 0x4f, 0xf5, 0x0, 0x4,
    0xff, 0x40, 0x0, 0x4f, 0xf4,

    /* U+006E "n" */
    0x4f, 0xf5, 0x2b, 0xfe, 0x91, 0x4, 0xff, 0x5e,
    0xff, 0xff, 0xb0, 0x4f, 0xfd, 0x73, 0x4e, 0xff,
    0x34, 0xff, 0x80, 0x0, 0x5f, 0xf6, 0x4f, 0xf5,
    0x0, 0x2, 0xff, 0x74, 0xff, 0x50, 0x0, 0x1f,
    0xf8, 0x4f, 0xf5, 0x0, 0x1, 0xff, 0x84, 0xff,
    0x50, 0x0, 0x1f, 0xf8, 0x4f, 0xf5, 0x0, 0x1,
    0xff, 0x84, 0xff, 0x50, 0x0, 0x1f, 0xf8, 0x4f,
    0xf5, 0x0, 0x1, 0xff, 0x84, 0xff, 0x50, 0x0,
    0x1f, 0xf8, 0x4f, 0xf5, 0x0, 0x1, 0xff, 0x80,

    /* U+006F "o" */
    0x0, 0x4, 0xbe, 0xfe, 0x92, 0x0, 0x0, 0x8f,
    0xff, 0xff, 0xfe, 0x30, 0x3, 0xff, 0xb3, 0x25,
    0xef, 0xd0, 0xa, 0xfe, 0x0, 0x0, 0x5f, 0xf4,
    0xe, 0xfb, 0x0, 0x0, 0x1f, 0xf8, 0xf, 0xfa,
    0x0, 0x0, 0xf, 0xfa, 0x1f, 0xfa, 0x0, 0x0,
    0xf, 0xfb, 0xf, 0xfa, 0x0, 0x0, 0xf, 0xfa,
    0xe, 0xfb, 0x0, 0x0, 0x1f, 0xf8, 0xa, 0xfe,
    0x0, 0x0, 0x5f, 0xf4, 0x3, 0xff, 0xb3, 0x25,
    0xef, 0xd0, 0x0, 0x8f, 0xff, 0xff, 0xfe, 0x30,
    0x0, 0x4, 0xbe, 0xfe, 0x92, 0x0,

    /* U+0070 "p" */
    0x4f, 0xf5, 0x2b, 0xfe, 0xa2, 0x0, 0x4f, 0xf5,
    0xef, 0xff, 0xfe, 0x10, 0x4f, 0xfc, 0x73, 0x4a,
    0xff, 0x90, 0x4f, 0xf8, 0x0, 0x0, 0xcf, 0xf0,
    0x4f, 0xf5, 0x0, 0x0, 0x7f, 0xf2, 0x4f, 0xf5,
    0x0, 0x0, 0x6f, 0xf4, 0x4f, 0xf5, 0x0, 0x0,
    0x6f, 0xf5, 0x4f, 0xf5, 0x0, 0x0, 0x6f, 0xf4,
    0x4f, 0xf5, 0x0, 0x0, 0x7f, 0xf2, 0x4f, 0xf8,
    0x0, 0x0, 0xcf, 0xf0, 0x4f, 0xfe, 0x73, 0x4a,
    0xff, 0x90, 0x4f, 0xf6, 0xff, 0xff, 0xfe, 0x10,
    0x4f, 0xf5, 0x3c, 0xfe, 0xa2, 0x0, 0x4f, 0xf5,
    0x0, 0x0, 0x0, 0x0, 0x4f, 0xf5, 0x0, 0x0,
    0x0, 0x0, 0x4f, 0xf5, 0x0, 0x0, 0x0, 0x0,
    0x4f, 0xf5, 0x0, 0x0, 0x0, 0x0, 0x4f, 0xf5,
    0x0, 0x0, 0x0, 0x0,

    /* U+0071 "q" */
    0x0, 0x7d, 0xfd, 0x50, 0xff, 0xa0, 0xaf, 0xff,
    0xff, 0x4f, 0xfa, 0x4f, 0xfd, 0x52, 0x5a, 0xff,
    0xa9, 0xff, 0x20, 0x0, 0x2f, 0xfa, 0xdf, 0xd0,
    0x0, 0x0, 0xff, 0xae, 0xfc, 0x0, 0x0, 0xf,
    0xfa, 0xff, 0xc0, 0x0, 0x0, 0xff, 0xae, 0xfc,
    0x0, 0x0, 0xf, 0xfa, 0xdf, 0xd0, 0x0, 0x0,
    0xff, 0xa9, 0xff, 0x20, 0x0, 0x2f, 0xfa, 0x4f,
    0xfd, 0x53, 0x5c, 0xff, 0xa0, 0xaf, 0xff, 0xff,
    0x6f, 0xfa, 0x0, 0x7d, 0xfd, 0x70, 0xff, 0xa0,
    0x0, 0x0, 0x0, 0xf, 0xfa, 0x0, 0x0, 0x0,
    0x0, 0xff, 0xa0, 0x0, 0x0, 0x0, 0xf, 0xfa,
    0x0, 0x0, 0x0, 0x0, 0xff, 0xa0, 0x0, 0x0,
    0x0, 0xf, 0xfa,

    /* U+0072 "r" */
    0x4f, 0xf5, 0x3c, 0xf4, 0x4f, 0xf6, 0xef, 0xf4,
    0x4f, 0xfc, 0xea, 0x92, 0x4f, 0xfb, 0x0, 0x0,
    0x4f, 0xf6, 0x0, 0x0, 0x4f, 0xf5, 0x0, 0x0,
    0x4f, 0xf5, 0x0, 0x0, 0x4f, 0xf5, 0x0, 0x0,
    0x4f, 0xf5, 0x0, 0x0, 0x4f, 0xf5, 0x0, 0x0,
    0x4f, 0xf5, 0x0, 0x0, 0x4f, 0xf5, 0x0, 0x0,
    0x4f, 0xf5, 0x0, 0x0,

    /* U+0073 "s" */
    0x0, 0x2a, 0xdf, 0xeb, 0x40, 0x0, 0x3f, 0xff,
    0xff, 0xff, 0x70, 0xb, 0xfe, 0x40, 0x29, 0xf6,
    0x0, 0xdf, 0xa0, 0x0, 0x2, 0x0, 0xc, 0xfc,
    0x0, 0x0, 0x0, 0x0, 0x6f, 0xfe, 0xa7, 0x30,
    0x0, 0x0, 0x8f, 0xff, 0xff, 0xd2, 0x0, 0x0,
    0x4, 0x7b, 0xff, 0xc0, 0x0, 0x0, 0x0, 0x8,
    0xff, 0x10, 0x27, 0x0, 0x0, 0x5f, 0xf2, 0x1e,
    0xfa, 0x30, 0x3c, 0xfe, 0x0, 0x8f, 0xff, 0xff,
    0xff, 0x50, 0x0, 0x3a, 0xef, 0xeb, 0x40, 0x0,

    /* U+0074 "t" */
    0x0, 0x6f, 0xf0, 0x0, 0x0, 0x6f, 0xf0, 0x0,
    0x0, 0x8f, 0xf0, 0x0, 0x6f, 0xff, 0xff, 0xf6,
    0x6f, 0xff, 0xff, 0xf6, 0x1, 0xaf, 0xf1, 0x10,
    0x0, 0xaf, 0xf0, 0x0, 0x0, 0xaf, 0xf0, 0x0,
    0x0, 0xaf, 0xf0, 0x0, 0x0, 0xaf, 0xf0, 0x0,
    0x0, 0xaf, 0xf0, 0x0, 0x0, 0xaf, 0xf0, 0x0,
    0x0, 0xaf, 0xf0, 0x0, 0x0, 0x9f, 0xf1, 0x10,
    0x0, 0x7f, 0xff, 0xf3, 0x0, 0xa, 0xff, 0xf3,

    /* U+0075 "u" */
    0x6f, 0xf2, 0x0, 0x3, 0xff, 0x66, 0xff, 0x20,
    0x0, 0x3f, 0xf6, 0x6f, 0xf2, 0x0, 0x3, 0xff,
    0x66, 0xff, 0x20, 0x0, 0x3f, 0xf6, 0x6f, 0xf2,
    0x0, 0x3, 0xff, 0x66, 0xff, 0x20, 0x0, 0x3f,
    0xf6, 0x6f, 0xf2, 0x0, 0x3, 0xff, 0x66, 0xff,
    0x20, 0x0, 0x3f, 0xf6, 0x6f, 0xf3, 0x0, 0x3,
    0xff, 0x65, 0xff, 0x60, 0x0, 0x7f, 0xf6, 0x1f,
    0xfe, 0x53, 0x6c, 0xff, 0x60, 0xaf, 0xff, 0xfe,
    0x4f, 0xf6, 0x0, 0x9e, 0xfc, 0x33, 0xff, 0x60,

    /* U+0076 "v" */
    0x9f, 0xf0, 0x0, 0x0, 0x5f, 0xf3, 0x4f, 0xf4,
    0x0, 0x0, 0x9f, 0xe0, 0xf, 0xf9, 0x0, 0x0,
    0xdf, 0x90, 0xa, 0xfd, 0x0, 0x2, 0xff, 0x40,
    0x5, 0xff, 0x20, 0x6, 0xff, 0x0, 0x1, 0xff,
    0x60, 0xb, 0xfa, 0x0, 0x0, 0xcf, 0xb0, 0xf,
    0xf6, 0x0, 0x0, 0x7f, 0xe0, 0x3f, 0xf1, 0x0,
    0x0, 0x2f, 0xf2, 0x7f, 0xc0, 0x0, 0x0, 0xd,
    0xf6, 0xaf, 0x70, 0x0, 0x0, 0x8, 0xfa, 0xef,
    0x20, 0x0, 0x0, 0x4, 0xff, 0xfd, 0x0, 0x0,
    0x0, 0x0, 0xef, 0xf9, 0x0, 0x0,

    /* U+0077 "w" */
    0x5f, 0xf2, 0x0, 0x5, 0xff, 0x90, 0x0, 0xe,
    0xf7, 0x1f, 0xf5, 0x0, 0x9, 0xff, 0xc0, 0x0,
    0x1f, 0xf3, 0xd, 0xf8, 0x0, 0xd, 0xed, 0xf0,
    0x0, 0x5f, 0xf0, 0xa, 0xfc, 0x0, 0x1f, 0xb9,
    0xf4, 0x0, 0x8f, 0xc0, 0x6, 0xff, 0x0, 0x5f,
    0x96, 0xf8, 0x0, 0xcf, 0x80, 0x2, 0xff, 0x30,
    0x8f, 0x64, 0xfc, 0x0, 0xff, 0x40, 0x0, 0xef,
    0x60, 0xcf, 0x31, 0xff, 0x3, 0xff, 0x0, 0x0,
    0xaf, 0x80, 0xff, 0x0, 0xdf, 0x25, 0xfc, 0x0,
    0x0, 0x6f, 0xb2, 0xfc, 0x0, 0xaf, 0x68, 0xf8,
    0x0, 0x0, 0x3f, 0xe5, 0xf8, 0x0, 0x6f, 0x9b,
    0xf4, 0x0, 0x0, 0xf, 0xfa, 0xf4, 0x0, 0x2f,
    0xde, 0xf1, 0x0, 0x0, 0xb, 0xff, 0xf0, 0x0,
    0xe, 0xff, 0xd0, 0x0, 0x0, 0x7, 0xff, 0xc0,
    0x0, 0xa, 0xff, 0x90, 0x0,

    /* U+0078 "x" */
    0x3f, 0xf9, 0x0, 0x0, 0x8f, 0xf2, 0xa, 0xff,
    0x20, 0x1, 0xff, 0x90, 0x1, 0xff, 0x90, 0x8,
    0xff, 0x10, 0x0, 0x7f, 0xf2, 0x1f, 0xf7, 0x0,
    0x0, 0xe, 0xfa, 0x9f, 0xd0, 0x0, 0x0, 0x5,
    0xff, 0xff, 0x50, 0x0, 0x0, 0x0, 0xcf, 0xfc,
    0x0, 0x0, 0x0, 0x0, 0xdf, 0xfd, 0x0, 0x0,
    0x0, 0x9, 0xff, 0xff, 0x90, 0x0, 0x0, 0x4f,
    0xf6, 0x7f, 0xf4, 0x0, 0x0, 0xdf, 0xb0, 0xd,
    0xfd, 0x0, 0x9, 0xff, 0x20, 0x3, 0xff, 0x90,
    0x4f, 0xf7, 0x0, 0x0, 0x9f, 0xf4,

    /* U+0079 "y" */
    0x9f, 0xf1, 0x0, 0x0, 0x4f, 0xf3, 0x4f, 0xf5,
    0x0, 0x0, 0x9f, 0xe0, 0xe, 0xf9, 0x0, 0x0,
    0xdf, 0x90, 0x9, 0xfe, 0x0, 0x2, 0xff, 0x40,
    0x4, 0xff, 0x20, 0x6, 0xff, 0x0, 0x0, 0xff,
    0x70, 0xb, 0xfa, 0x0, 0x0, 0xaf, 0xb0, 0xf,
    0xf5, 0x0, 0x0, 0x5f, 0xf0, 0x3f, 0xf0, 0x0,
    0x0, 0x1f, 0xf3, 0x7f, 0xb0, 0x0, 0x0, 0xb,
    0xf7, 0xaf, 0x60, 0x0, 0x0, 0x6, 0xfb, 0xef,
    0x10, 0x0, 0x0, 0x1, 0xff, 0xfc, 0x0, 0x0,
    0x0, 0x0, 0xcf, 0xf7, 0x0, 0x0, 0x0, 0x0,
    0x8f, 0xf2, 0x0, 0x0, 0x0, 0x0, 0x9f, 0xd0,
    0x0, 0x0, 0x0, 0x11, 0xef, 0x80, 0x0, 0x0,
    0x5, 0xff, 0xff, 0x20, 0x0, 0x0, 0x5, 0xff,
    0xe6, 0x0, 0x0, 0x0,

    /* U+007A "z" */
    0xf, 0xff, 0xff, 0xff, 0xff, 0x0, 0xff, 0xff,
    0xff, 0xff, 0xf0, 0x1, 0x11, 0x11, 0x5f, 0xfa,
    0x0, 0x0, 0x0, 0xe, 0xfe, 0x10, 0x0, 0x0,
    0xa, 0xff, 0x40, 0x0, 0x0, 0x5, 0xff, 0x80,
    0x0, 0x0, 0x1, 0xef, 0xd0, 0x0, 0x0, 0x0,
    0xbf, 0xf2, 0x0, 0x0, 0x0, 0x6f, 0xf7, 0x0,
    0x0, 0x0, 0x2f, 0xfb, 0x0, 0x0, 0x0, 0xc,
    0xff, 0x31, 0x11, 0x11, 0x2, 0xff, 0xff, 0xff,
    0xff, 0xf3, 0x2f, 0xff, 0xff, 0xff, 0xff, 0x30,

    /* U+007B "{" */
    0x0, 0xb, 0xff, 0xd0, 0x4, 0xff, 0xda, 0x0,
    0x5f, 0xe0, 0x0, 0x5, 0xfe, 0x0, 0x0, 0x5f,
    0xe0, 0x0, 0x5, 0xfe, 0x0, 0x0, 0x5f, 0xe0,
    0x0, 0x5, 0xfe, 0x0, 0x0, 0x7f, 0xd0, 0x2,
    0x6f, 0xf7, 0x0, 0x8f, 0xa6, 0x0, 0x8, 0xfd,
    0x80, 0x0, 0x3, 0xef, 0x80, 0x0, 0x6, 0xfd,
    0x0, 0x0, 0x5f, 0xe0, 0x0, 0x5, 0xfe, 0x0,
    0x0, 0x5f, 0xe0, 0x0, 0x5, 0xfe, 0x0, 0x0,
    0x5f, 0xe0, 0x0, 0x5, 0xfe, 0x0, 0x0, 0x4f,
    0xfd, 0xa0, 0x0, 0xbf, 0xfd,

    /* U+007C "|" */
    0xf, 0xf2, 0xf, 0xf2, 0xf, 0xf2, 0xf, 0xf2,
    0xf, 0xf2, 0xf, 0xf2, 0xf, 0xf2, 0xf, 0xf2,
    0xf, 0xf2, 0xf, 0xf2, 0xf, 0xf2, 0xf, 0xf2,
    0xf, 0xf2, 0xf, 0xf2, 0xf, 0xf2, 0xf, 0xf2,
    0xf, 0xf2, 0xf, 0xf2, 0xf, 0xf2, 0xf, 0xf2,
    0xf, 0xf2, 0xf, 0xf1,

    /* U+007D "}" */
    0xcf, 0xfc, 0x0, 0xa, 0xdf, 0xf5, 0x0, 0x0,
    0xdf, 0x60, 0x0, 0xd, 0xf6, 0x0, 0x0, 0xdf,
    0x60, 0x0, 0xd, 0xf6, 0x0, 0x0, 0xdf, 0x60,
    0x0, 0xd, 0xf6, 0x0, 0x0, 0xcf, 0x80, 0x0,
    0x6, 0xff, 0x72, 0x0, 0x5, 0xaf, 0x90, 0x0,
    0x8d, 0xf9, 0x0, 0x8f, 0xe4, 0x0, 0xc, 0xf7,
    0x0, 0x0, 0xdf, 0x60, 0x0, 0xd, 0xf6, 0x0,
    0x0, 0xdf, 0x60, 0x0, 0xd, 0xf6, 0x0, 0x0,
    0xdf, 0x60, 0x0, 0xd, 0xf6, 0x0, 0xad, 0xff,
    0x50, 0xc, 0xff, 0xc0, 0x0,

    /* U+007E "~" */
    0x9, 0xef, 0xb4, 0x0, 0x0, 0x0, 0x9f, 0xff,
    0xff, 0xb3, 0x4, 0x80, 0x29, 0x21, 0x7f, 0xff,
    0xff, 0xf1, 0x0, 0x0, 0x1, 0x8d, 0xfc, 0x40,

    /* U+00B0 "°" */
    0x1, 0x9e, 0xfc, 0x50, 0x0, 0xef, 0xed, 0xff,
    0x70, 0x8f, 0xa0, 0x3, 0xff, 0x1c, 0xf3, 0x0,
    0xa, 0xf5, 0xcf, 0x30, 0x0, 0xaf, 0x58, 0xfa,
    0x0, 0x2f, 0xf2, 0x1e, 0xfe, 0xcf, 0xf7, 0x0,
    0x19, 0xef, 0xd5, 0x0,

    /* U+00B7 "·" */
    0x16, 0x40, 0xbf, 0xf6, 0xdf, 0xf8, 0x7f, 0xe3,

    /* U+00C4 "Ä" */
    0x0, 0x1, 0xdf, 0x60, 0x7f, 0xd1, 0x0, 0x0,
    0x0, 0x5f, 0xfb, 0xc, 0xff, 0x40, 0x0, 0x0,
    0x1, 0xcd, 0x50, 0x6d, 0xc1, 0x0, 0x0, 0x0,
    0x0, 0x0, 0x0, 0x0, 0x0, 0x0, 0x0, 0x0,
    0x0, 0x0, 0x0, 0x0, 0x0, 0x0, 0x0, 0x0,
    0x6f, 0xff, 0x40, 0x0, 0x0, 0x0, 0x0, 0xb,
    0xff, 0xf9, 0x0, 0x0, 0x0, 0x0, 0x0, 0xff,
    0xbf, 0xe0, 0x0, 0x0, 0x0, 0x0, 0x5f, 0xf3,
    0xff, 0x30, 0x0, 0x0, 0x0, 0xa, 0xfb, 0xf,
    0xf8, 0x0, 0x0, 0x0, 0x0, 0xef, 0x70, 0xaf,
    0xd0, 0x0, 0x0, 0x0, 0x3f, 0xf2, 0x5, 0xff,
    0x20, 0x0, 0x0, 0x8, 0xfd, 0x0, 0x1f, 0xf7,
    0x0, 0x0, 0x0, 0xdf, 0x90, 0x0, 0xcf, 0xb0,
    0x0, 0x0, 0x2f, 0xf4, 0x0, 0x7, 0xff, 0x10,
    0x0, 0x7, 0xff, 0xff, 0xff, 0xff, 0xf5, 0x0,
    0x0, 0xcf, 0xff, 0xff, 0xff, 0xff, 0xa0, 0x0,
    0x1f, 0xf6, 0x22, 0x22, 0x29, 0xff, 0x0, 0x6,
    0xff, 0x10, 0x0, 0x0, 0x4f, 0xf4, 0x0, 0xbf,
    0xd0, 0x0, 0x0, 0x0, 0xff, 0x90, 0xf, 0xf8,
    0x0, 0x0, 0x0, 0xb, 0xfe, 0x5, 0xff, 0x40,
    0x0, 0x0, 0x0, 0x7f, 0xf3,

    /* U+00D6 "Ö" */
    0x0, 0x7, 0xfd, 0x11, 0xdf, 0x70, 0x0, 0x0,
    0xc, 0xff, 0x33, 0xff, 0xc0, 0x0, 0x0, 0x6,
    0xdb, 0x0, 0xbd, 0x60, 0x0, 0x0, 0x0, 0x0,
    0x0, 0x0, 0x0, 0x0, 0x0, 0x0, 0x0, 0x0,
    0x0, 0x0, 0x0, 0x0, 0x2, 0x9d, 0xff, 0xd9,
    0x20, 0x0, 0x0, 0x6f, 0xff, 0xff, 0xff, 0xf6,
    0x0, 0x4, 0xff, 0xf8, 0x55, 0x8f, 0xff, 0x40,
    0xd, 0xfe, 0x20, 0x0, 0x2, 0xef, 0xd0, 0x3f,
    0xf7, 0x0, 0x0, 0x0, 0x7f, 0xf3, 0x7f, 0xf2,
    0x0, 0x0, 0x0, 0x2f, 0xf7, 0xaf, 0xf1, 0x0,
    0x0, 0x0, 0x1f, 0xfa, 0xbf, 0xf1, 0x0, 0x0,
    0x0, 0x1f, 0xfb, 0xcf, 0xf1, 0x0, 0x0, 0x0,
    0x1f, 0xfc, 0xbf, 0xf1, 0x0, 0x0, 0x0, 0x1f,
    0xfb, 0xaf, 0xf1, 0x0, 0x0, 0x0, 0x1f, 0xfa,
    0x7f, 0xf2, 0x0, 0x0, 0x0, 0x2f, 0xf7, 0x3f,
    0xf7, 0x0, 0x0, 0x0, 0x7f, 0xf3, 0xd, 0xfe,
    0x20, 0x0, 0x2, 0xef, 0xd0, 0x4, 0xff, 0xf8,
    0x55, 0x8f, 0xff, 0x40, 0x0, 0x6f, 0xff, 0xff,
    0xff, 0xf6, 0x0, 0x0, 0x2, 0x9d, 0xff, 0xd9,
    0x20, 0x0,

    /* U+00DC "Ü" */
    0x0, 0xb, 0xfa, 0x4, 0xee, 0x40, 0x0, 0x1,
    0xff, 0xf0, 0x8f, 0xf8, 0x0, 0x0, 0xa, 0xe9,
    0x3, 0xdd, 0x30, 0x0, 0x0, 0x0, 0x0, 0x0,
    0x0, 0x0, 0x0, 0x0, 0x0, 0x0, 0x0, 0x0,
    0x3, 0xff, 0x60, 0x0, 0x0, 0xf, 0xfa, 0x3f,
    0xf6, 0x0, 0x0, 0x0, 0xff, 0xa3, 0xff, 0x60,
    0x0, 0x0, 0xf, 0xfa, 0x3f, 0xf6, 0x0, 0x0,
    0x0, 0xff, 0xa3, 0xff, 0x60, 0x0, 0x0, 0xf,
    0xfa, 0x3f, 0xf6, 0x0, 0x0, 0x0, 0xff, 0xa3,
    0xff, 0x60, 0x0, 0x0, 0xf, 0xfa, 0x3f, 0xf6,
    0x0, 0x0, 0x0, 0xff, 0xa3, 0xff, 0x60, 0x0,
    0x0, 0xf, 0xfa, 0x3f, 0xf6, 0x0, 0x0, 0x0,
    0xff, 0xa3, 0xff, 0x60, 0x0, 0x0, 0xf, 0xfa,
    0x2f, 0xf7, 0x0, 0x0, 0x0, 0xff, 0x90, 0xff,
    0x90, 0x0, 0x0, 0x2f, 0xf8, 0xd, 0xfe, 0x10,
    0x0, 0x9, 0xff, 0x40, 0x7f, 0xfd, 0x75, 0x5a,
    0xff, 0xe0, 0x0, 0xbf, 0xff, 0xff, 0xff, 0xf4,
    0x0, 0x0, 0x6c, 0xef, 0xfd, 0x92, 0x0,

    /* U+00DF "ß" */
    0x0, 0x0, 0x5b, 0xef, 0xfc, 0x70, 0x0, 0x0,
    0x0, 0x9f, 0xff, 0xff, 0xff, 0xc0, 0x0, 0x0,
    0x3f, 0xfd, 0x42, 0x28, 0xff, 0x70, 0x0, 0x8,
    0xff, 0x20, 0x0, 0xb, 0xfc, 0x0, 0x0, 0xaf,
    0xf0, 0x0, 0x0, 0x9f, 0xe0, 0x6, 0xff, 0xfe,
    0x0, 0x8, 0xdf, 0xfe, 0x0, 0x6f, 0xff, 0xe0,
    0x9, 0xff, 0xdb, 0xa0, 0x0, 0x1a, 0xfe, 0x0,
    0xff, 0x80, 0x0, 0x0, 0x0, 0xaf, 0xe0, 0x1f,
    0xf5, 0x0, 0x0, 0x0, 0xa, 0xfe, 0x0, 0xff,
    0xb1, 0x0, 0x0, 0x0, 0xaf, 0xe0, 0x8, 0xff,
    0xfa, 0x30, 0x0, 0xa, 0xfe, 0x0, 0x7, 0xef,
    0xff, 0x80, 0x0, 0xaf, 0xe0, 0x0, 0x0, 0x5d,
    0xff, 0x30, 0xa, 0xfe, 0x0, 0x0, 0x0, 0x1f,
    0xf6, 0x0, 0xaf, 0xe0, 0x2, 0x0, 0x0, 0xff,
    0x60, 0xa, 0xfe, 0x4, 0xf9, 0x20, 0x7f, 0xf3,
    0x0, 0xaf, 0xe0, 0x7f, 0xff, 0xff, 0xfb, 0x0,
    0xa, 0xfe, 0x0, 0x4b, 0xef, 0xd8, 0x0,

    /* U+00E4 "ä" */
    0x0, 0x9f, 0xc0, 0x2e, 0xf6, 0x0, 0x0, 0xef,
    0xf2, 0x5f, 0xfb, 0x0, 0x0, 0x8e, 0xb0, 0x1c,
    0xd5, 0x0, 0x0, 0x0, 0x0, 0x0, 0x0, 0x0,
    0x0, 0x0, 0x0, 0x0, 0x0, 0x0, 0x0, 0x7,
    0xdf, 0xfc, 0x70, 0x0, 0x1, 0xdf, 0xff, 0xff,
    0xfa, 0x0, 0x6, 0xfd, 0x41, 0x3c, 0xff, 0x30,
    0x0, 0x51, 0x0, 0x2, 0xff, 0x70, 0x0, 0x0,
    0x0, 0x0, 0xff, 0x80, 0x0, 0x5, 0x9a, 0xbb,
    0xff, 0x80, 0x2, 0xdf, 0xff, 0xff, 0xff, 0x80,
    0xb, 0xfe, 0x40, 0x0, 0xff, 0x80, 0xf, 0xf8,
    0x0, 0x0, 0xff, 0x80, 0x1f, 0xf8, 0x0, 0x3,
    0xff, 0x80, 0xf, 0xfd, 0x20, 0x3d, 0xff, 0x90,
    0x8, 0xff, 0xff, 0xf7, 0xcf, 0xfc, 0x0, 0x7d,
    0xfd, 0x70, 0x4e, 0xfc,

    /* U+00F6 "ö" */
    0x0, 0x3e, 0xf5, 0x9, 0xfc, 0x0, 0x0, 0x7f,
    0xf9, 0xe, 0xff, 0x20, 0x0, 0x2d, 0xd4, 0x8,
    0xeb, 0x0, 0x0, 0x0, 0x0, 0x0, 0x0, 0x0,
    0x0, 0x0, 0x0, 0x0, 0x0, 0x0, 0x0, 0x4,
    0xbe, 0xfe, 0x92, 0x0, 0x0, 0x8f, 0xff, 0xff,
    0xfe, 0x30, 0x3, 0xff, 0xb3, 0x25, 0xef, 0xd0,
    0xa, 0xfe, 0x0, 0x0, 0x5f, 0xf4, 0xe, 0xfb,
    0x0, 0x0, 0x1f, 0xf8, 0xf, 0xfa, 0x0, 0x0,
    0xf, 0xfa, 0x1f, 0xfa, 0x0, 0x0, 0xf, 0xfb,
    0xf, 0xfa, 0x0, 0x0, 0xf, 0xfa, 0xe, 0xfb,
    0x0, 0x0, 0x1f, 0xf8, 0xa, 0xfe, 0x0, 0x0,
    0x5f, 0xf4, 0x3, 0xff, 0xb3, 0x25, 0xef, 0xd0,
    0x0, 0x8f, 0xff, 0xff, 0xfe, 0x30, 0x0, 0x4,
    0xbe, 0xfe, 0x92, 0x0,

    /* U+00FC "ü" */
    0x1, 0xdf, 0x70, 0x6f, 0xd1, 0x0, 0x4f, 0xfc,
    0xb, 0xff, 0x50, 0x1, 0xcd, 0x60, 0x5d, 0xc1,
    0x0, 0x0, 0x0, 0x0, 0x0, 0x0, 0x0, 0x0,
    0x0, 0x0, 0x0, 0x6, 0xff, 0x20, 0x0, 0x3f,
    0xf6, 0x6f, 0xf2, 0x0, 0x3, 0xff, 0x66, 0xff,
    0x20, 0x0, 0x3f, 0xf6, 0x6f, 0xf2, 0x0, 0x3,
    0xff, 0x66, 0xff, 0x20, 0x0, 0x3f, 0xf6, 0x6f,
    0xf2, 0x0, 0x3, 0xff, 0x66, 0xff, 0x20, 0x0,
    0x3f, 0xf6, 0x6f, 0xf2, 0x0, 0x3, 0xff, 0x66,
    0xff, 0x30, 0x0, 0x3f, 0xf6, 0x5f, 0xf6, 0x0,
    0x7, 0xff, 0x61, 0xff, 0xe5, 0x36, 0xcf, 0xf6,
    0xa, 0xff, 0xff, 0xe4, 0xff, 0x60, 0x9, 0xef,
    0xc3, 0x3f, 0xf6,

    /* U+0104 "Ą" */
    0x0, 0x0, 0x6, 0xff, 0xf4, 0x0, 0x0, 0x0,
    0x0, 0x0, 0xbf, 0xff, 0x90, 0x0, 0x0, 0x0,
    0x0, 0xf, 0xfb, 0xfe, 0x0, 0x0, 0x0, 0x0,
    0x5, 0xff, 0x3f, 0xf3, 0x0, 0x0, 0x0, 0x0,
    0xaf, 0xb0, 0xff, 0x80, 0x0, 0x0, 0x0, 0xe,
    0xf7, 0xa, 0xfd, 0x0, 0x0, 0x0, 0x3, 0xff,
    0x20, 0x5f, 0xf2, 0x0, 0x0, 0x0, 0x8f, 0xd0,
    0x1, 0xff, 0x70, 0x0, 0x0, 0xd, 0xf9, 0x0,
    0xc, 0xfb, 0x0, 0x0, 0x2, 0xff, 0x40, 0x0,
    0x7f, 0xf1, 0x0, 0x0, 0x7f, 0xff, 0xff, 0xff,
    0xff, 0x50, 0x0, 0xc, 0xff, 0xff, 0xff, 0xff,
    0xfa, 0x0, 0x1, 0xff, 0x62, 0x22, 0x22, 0x9f,
    0xf0, 0x0, 0x6f, 0xf1, 0x0, 0x0, 0x4, 0xff,
    0x40, 0xb, 0xfd, 0x0, 0x0, 0x0, 0xf, 0xf9,
    0x0, 0xff, 0x80, 0x0, 0x0, 0x0, 0xbf, 0xe0,
    0x5f, 0xf4, 0x0, 0x0, 0x0, 0x7, 0xff, 0x30,
    0x0, 0x0, 0x0, 0x0, 0x0, 0x18, 0x90, 0x0,
    0x0, 0x0, 0x0, 0x0, 0x2e, 0x70, 0x0, 0x0,
    0x0, 0x0, 0x0, 0xc, 0xf0, 0x0, 0x0, 0x0,
    0x0, 0x0, 0x0, 0xef, 0x9b, 0x70, 0x0, 0x0,
    0x0, 0x0, 0x5, 0xdf, 0xd4,

    /* U+0105 "ą" */
    0x0, 0x7, 0xdf, 0xfc, 0x70, 0x0, 0x0, 0x1d,
    0xff, 0xff, 0xff, 0xa0, 0x0, 0x6, 0xfd, 0x41,
    0x3c, 0xff, 0x30, 0x0, 0x5, 0x10, 0x0, 0x2f,
    0xf7, 0x0, 0x0, 0x0, 0x0, 0x0, 0xff, 0x80,
    0x0, 0x0, 0x59, 0xab, 0xbf, 0xf8, 0x0, 0x2,
    0xdf, 0xff, 0xff, 0xff, 0x80, 0x0, 0xbf, 0xe4,
    0x0, 0xf, 0xf8, 0x0, 0xf, 0xf8, 0x0, 0x0,
    0xff, 0x80, 0x1, 0xff, 0x80, 0x0, 0x3f, 0xf8,
    0x0, 0xf, 0xfd, 0x20, 0x3b, 0xff, 0xb4, 0x0,
    0x8f, 0xff, 0xff, 0x5c, 0xff, 0xc0, 0x0, 0x7d,
    0xfd, 0x60, 0x3d, 0xfc, 0x0, 0x0, 0x0, 0x0,
    0x0, 0x8c, 0x30, 0x0, 0x0, 0x0, 0x0, 0xdc,
    0x0, 0x0, 0x0, 0x0, 0x0, 0x7f, 0x50, 0x0,
    0x0, 0x0, 0x0, 0x8, 0xfc, 0x9c, 0x10, 0x0,
    0x0, 0x0, 0x1b, 0xfe, 0x80,

    /* U+0106 "Ć" */
    0x0, 0x0, 0x0, 0x0, 0x0, 0x0, 0x0, 0x0,
    0x0, 0x0, 0xbb, 0x30, 0x0, 0x0, 0x0, 0x0,
    0x3f, 0xf7, 0x0, 0x0, 0x0, 0x0, 0xa, 0xfc,
    0x0, 0x0, 0x0, 0x0, 0x2, 0xff, 0x20, 0x0,
    0x0, 0x0, 0x0, 0x3c, 0x70, 0x0, 0x0, 0x0,
    0x0, 0x0, 0x0, 0x0, 0x0, 0x0, 0x0, 0x3a,
    0xef, 0xec, 0x70, 0x0, 0x0, 0x7f, 0xff, 0xff,
    0xff, 0xd1, 0x0, 0x4f, 0xfe, 0x85, 0x5a, 0xff,
    0xc0, 0xd, 0xff, 0x20, 0x0, 0x7, 0xff, 0x43,
    0xff, 0x70, 0x0, 0x0, 0xa, 0x30, 0x7f, 0xf3,
    0x0, 0x0, 0x0, 0x0, 0xa, 0xff, 0x10, 0x0,
    0x0, 0x0, 0x0, 0xbf, 0xf1, 0x0, 0x0, 0x0,
    0x0, 0xc, 0xff, 0x10, 0x0, 0x0, 0x0, 0x0,
    0xbf, 0xf1, 0x0, 0x0, 0x0, 0x0, 0xa, 0xff,
    0x10, 0x0, 0x0, 0x0, 0x0, 0x7f, 0xf3, 0x0,
    0x0, 0x0, 0x0, 0x3, 0xff, 0x70, 0x0, 0x0,
    0xb, 0x60, 0xd, 0xfe, 0x10, 0x0, 0x6, 0xff,
    0x60, 0x4f, 0xfe, 0x74, 0x5a, 0xff, 0xd0, 0x0,
    0x7f, 0xff, 0xff, 0xff, 0xd1, 0x0, 0x0, 0x3a,
    0xef, 0xec, 0x70, 0x0,

    /* U+0107 "ć" */
    0x0, 0x0, 0x0, 0x2, 0x0, 0x0, 0x0, 0x0,
    0x7, 0xfa, 0x0, 0x0, 0x0, 0x0, 0xef, 0xa0,
    0x0, 0x0, 0x0, 0x6f, 0xe1, 0x0, 0x0, 0x0,
    0xd, 0xf5, 0x0, 0x0, 0x0, 0x0, 0x58, 0x0,
    0x0, 0x0, 0x0, 0x0, 0x0, 0x0, 0x0, 0x0,
    0x5c, 0xff, 0xd8, 0x0, 0x0, 0x9f, 0xff, 0xff,
    0xfc, 0x0, 0x4f, 0xfb, 0x32, 0x6f, 0xf8, 0xb,
    0xfe, 0x0, 0x0, 0x7a, 0x30, 0xef, 0xb0, 0x0,
    0x0, 0x0, 0xf, 0xfa, 0x0, 0x0, 0x0, 0x1,
    0xff, 0xa0, 0x0, 0x0, 0x0, 0xf, 0xfa, 0x0,
    0x0, 0x0, 0x0, 0xef, 0xb0, 0x0, 0x0, 0x0,
    0xb, 0xfe, 0x0, 0x0, 0x5d, 0x50, 0x4f, 0xfb,
    0x32, 0x6f, 0xf9, 0x0, 0x9f, 0xff, 0xff, 0xfd,
    0x10, 0x0, 0x5c, 0xff, 0xd8, 0x0,

    /* U+0108 "Ĉ" */
    0x0, 0x0, 0x4, 0x88, 0x10, 0x0, 0x0, 0x0,
    0x2, 0xff, 0xfb, 0x0, 0x0, 0x0, 0x0, 0xcf,
    0xdf, 0xf6, 0x0, 0x0, 0x0, 0x7f, 0xe1, 0x6f,
    0xf2, 0x0, 0x0, 0x1f, 0xf3, 0x0, 0x8f, 0xb0,
    0x0, 0x0, 0x55, 0x0, 0x0, 0x82, 0x0, 0x0,
    0x0, 0x0, 0x0, 0x0, 0x0, 0x0, 0x0, 0x3a,
    0xef, 0xec, 0x70, 0x0, 0x0, 0x7f, 0xff, 0xff,
    0xff, 0xd1, 0x0, 0x4f, 0xfe, 0x85, 0x5a, 0xff,
    0xc0, 0xd, 0xff, 0x20, 0x0, 0x7, 0xff, 0x43,
    0xff, 0x70, 0x0, 0x0, 0xa, 0x30, 0x7f, 0xf3,
    0x0, 0x0, 0x0, 0x0, 0xa, 0xff, 0x10, 0x0,
    0x0, 0x0, 0x0, 0xbf, 0xf1, 0x0, 0x0, 0x0,
    0x0, 0xc, 0xff, 0x10, 0x0, 0x0, 0x0, 0x0,
    0xbf, 0xf1, 0x0, 0x0, 0x0, 0x0, 0xa, 0xff,
    0x10, 0x0, 0x0, 0x0, 0x0, 0x7f, 0xf3, 0x0,
    0x0, 0x0, 0x0, 0x3, 0xff, 0x70, 0x0, 0x0,
    0xb, 0x60, 0xd, 0xfe, 0x10, 0x0, 0x6, 0xff,
    0x60, 0x4f, 0xfe, 0x74, 0x5a, 0xff, 0xd0, 0x0,
    0x7f, 0xff, 0xff, 0xff, 0xd1, 0x0, 0x0, 0x3a,
    0xef, 0xec, 0x70, 0x0,

    /* U+0109 "ĉ" */
    0x0, 0x0, 0x18, 0x85, 0x0, 0x0, 0x0, 0xb,
    0xff, 0xf2, 0x0, 0x0, 0x7, 0xff, 0xcf, 0xd0,
    0x0, 0x3, 0xff, 0x40, 0xdf, 0x90, 0x0, 0xaf,
    0x60, 0x1, 0xef, 0x10, 0x0, 0x50, 0x0, 0x2,
    0x20, 0x0, 0x0, 0x0, 0x0, 0x0, 0x0, 0x0,
    0x5c, 0xff, 0xd8, 0x0, 0x0, 0x9f, 0xff, 0xff,
    0xfc, 0x0, 0x4f, 0xfb, 0x32, 0x6f, 0xf8, 0xb,
    0xfe, 0x0, 0x0, 0x7a, 0x30, 0xef, 0xb0, 0x0,
    0x0, 0x0, 0xf, 0xfa, 0x0, 0x0, 0x0, 0x1,
    0xff, 0xa0, 0x0, 0x0, 0x0, 0xf, 0xfa, 0x0,
    0x0, 0x0, 0x0, 0xef, 0xb0, 0x0, 0x0, 0x0,
    0xb, 0xfe, 0x0, 0x0, 0x5d, 0x50, 0x4f, 0xfb,
    0x32, 0x6f, 0xf9, 0x0, 0x9f, 0xff, 0xff, 0xfd,
    0x10, 0x0, 0x5c, 0xff, 0xd8, 0x0,

    /* U+010A "Ċ" */
    0x0, 0x0, 0x6, 0xfe, 0x20, 0x0, 0x0, 0x0,
    0x0, 0xbf, 0xf5, 0x0, 0x0, 0x0, 0x0, 0x5,
    0xdc, 0x10, 0x0, 0x0, 0x0, 0x0, 0x0, 0x0,
    0x0, 0x0, 0x0, 0x0, 0x0, 0x0, 0x0, 0x0,
    0x0, 0x0, 0x3a, 0xef, 0xec, 0x70, 0x0, 0x0,
    0x7f, 0xff, 0xff, 0xff, 0xd1, 0x0, 0x4f, 0xfe,
    0x85, 0x5a, 0xff, 0xc0, 0xd, 0xff, 0x20, 0x0,
    0x7, 0xff, 0x43, 0xff, 0x70, 0x0, 0x0, 0xa,
    0x30, 0x7f, 0xf3, 0x0, 0x0, 0x0, 0x0, 0xa,
    0xff, 0x10, 0x0, 0x0, 0x0, 0x0, 0xbf, 0xf1,
    0x0, 0x0, 0x0, 0x0, 0xc, 0xff, 0x10, 0x0,
    0x0, 0x0, 0x0, 0xbf, 0xf1, 0x0, 0x0, 0x0,
    0x0, 0xa, 0xff, 0x10, 0x0, 0x0, 0x0, 0x0,
    0x7f, 0xf3, 0x0, 0x0, 0x0, 0x0, 0x3, 0xff,
    0x70, 0x0, 0x0, 0xb, 0x60, 0xd, 0xfe, 0x10,
    0x0, 0x6, 0xff, 0x60, 0x4f, 0xfe, 0x74, 0x5a,
    0xff, 0xd0, 0x0, 0x7f, 0xff, 0xff, 0xff, 0xd1,
    0x0, 0x0, 0x3a, 0xef, 0xec, 0x70, 0x0,

    /* U+010B "ċ" */
    0x0, 0x0, 0x1d, 0xf6, 0x0, 0x0, 0x0, 0x5,
    0xff, 0xb0, 0x0, 0x0, 0x0, 0x1c, 0xd5, 0x0,
    0x0, 0x0, 0x0, 0x0, 0x0, 0x0, 0x0, 0x0,
    0x0, 0x0, 0x0, 0x0, 0x0, 0x5c, 0xff, 0xd8,
    0x0, 0x0, 0x9f, 0xff, 0xff, 0xfc, 0x0, 0x4f,
    0xfb, 0x32, 0x6f, 0xf8, 0xb, 0xfe, 0x0, 0x0,
    0x7a, 0x30, 0xef, 0xb0, 0x0, 0x0, 0x0, 0xf,
    0xfa, 0x0, 0x0, 0x0, 0x1, 0xff, 0xa0, 0x0,
    0x0, 0x0, 0xf, 0xfa, 0x0, 0x0, 0x0, 0x0,
    0xef, 0xb0, 0x0, 0x0, 0x0, 0xb, 0xfe, 0x0,
    0x0, 0x5d, 0x50, 0x4f, 0xfb, 0x32, 0x6f, 0xf9,
    0x0, 0x9f, 0xff, 0xff, 0xfd, 0x10, 0x0, 0x5c,
    0xff, 0xd8, 0x0,

    /* U+010C "Č" */
    0x0, 0x4, 0x40, 0x0, 0x7, 0x10, 0x0, 0x1,
    0xff, 0x30, 0x8, 0xfa, 0x0, 0x0, 0x5, 0xff,
    0x38, 0xfe, 0x10, 0x0, 0x0, 0x9, 0xff, 0xff,
    0x30, 0x0, 0x0, 0x0, 0xc, 0xff, 0x70, 0x0,
    0x0, 0x0, 0x0, 0x0, 0x0, 0x0, 0x0, 0x0,
    0x0, 0x0, 0x0, 0x0, 0x0, 0x0, 0x0, 0x3a,
    0xef, 0xec, 0x70, 0x0, 0x0, 0x7f, 0xff, 0xff,
    0xff, 0xd1, 0x0, 0x4f, 0xfe, 0x85, 0x5a, 0xff,
    0xc0, 0xd, 0xff, 0x20, 0x0, 0x7, 0xff, 0x43,
    0xff, 0x70, 0x0, 0x0, 0xa, 0x30, 0x7f, 0xf3,
    0x0, 0x0, 0x0, 0x0, 0xa, 0xff, 0x10, 0x0,
    0x0, 0x0, 0x0, 0xbf, 0xf1, 0x0, 0x0, 0x0,
    0x0, 0xc, 0xff, 0x10, 0x0, 0x0, 0x0, 0x0,
    0xbf, 0xf1, 0x0, 0x0, 0x0, 0x0, 0xa, 0xff,
    0x10, 0x0, 0x0, 0x0, 0x0, 0x7f, 0xf3, 0x0,
    0x0, 0x0, 0x0, 0x3, 0xff, 0x70, 0x0, 0x0,
    0xb, 0x60, 0xd, 0xfe, 0x10, 0x0, 0x6, 0xff,
    0x60, 0x4f, 0xfe, 0x74, 0x5a, 0xff, 0xd0, 0x0,
    0x7f, 0xff, 0xff, 0xff, 0xd1, 0x0, 0x0, 0x3a,
    0xef, 0xec, 0x70, 0x0,

    /* U+010D "č" */
    0x0, 0x0, 0x0, 0x0, 0x0, 0x0, 0x7, 0xe2,
    0x0, 0xa, 0xc1, 0x0, 0x5f, 0xe2, 0xa, 0xfb,
    0x0, 0x0, 0x9f, 0xea, 0xfe, 0x10, 0x0, 0x0,
    0xcf, 0xff, 0x30, 0x0, 0x0, 0x1, 0x88, 0x50,
    0x0, 0x0, 0x0, 0x0, 0x0, 0x0, 0x0, 0x0,
    0x5c, 0xff, 0xd8, 0x0, 0x0, 0x9f, 0xff, 0xff,
    0xfc, 0x0, 0x4f, 0xfb, 0x32, 0x6f, 0xf8, 0xb,
    0xfe, 0x0, 0x0, 0x7a, 0x30, 0xef, 0xb0, 0x0,
    0x0, 0x0, 0xf, 0xfa, 0x0, 0x0, 0x0, 0x1,
    0xff, 0xa0, 0x0, 0x0, 0x0, 0xf, 0xfa, 0x0,
    0x0, 0x0, 0x0, 0xef, 0xb0, 0x0, 0x0, 0x0,
    0xb, 0xfe, 0x0, 0x0, 0x5d, 0x50, 0x4f, 0xfb,
    0x32, 0x6f, 0xf9, 0x0, 0x9f, 0xff, 0xff, 0xfd,
    0x10, 0x0, 0x5c, 0xff, 0xd8, 0x0,

    /* U+010E "Ď" */
    0x0, 0x0, 0x0, 0x0, 0x0, 0x0, 0x0, 0x0,
    0x7e, 0x20, 0x0, 0xac, 0x10, 0x0, 0x0, 0x5f,
    0xe2, 0xa, 0xfb, 0x0, 0x0, 0x0, 0x9, 0xfe,
    0xaf, 0xe1, 0x0, 0x0, 0x0, 0x0, 0xcf, 0xff,
    0x30, 0x0, 0x0, 0x0, 0x0, 0x18, 0x85, 0x0,
    0x0, 0x0, 0x0, 0x0, 0x0, 0x0, 0x0, 0x0,
    0x0, 0x1f, 0xff, 0xff, 0xfe, 0xc7, 0x0, 0x0,
    0x1f, 0xff, 0xff, 0xff, 0xff, 0xd1, 0x0, 0x1f,
    0xfb, 0x44, 0x46, 0xbf, 0xfc, 0x0, 0x1f, 0xf9,
    0x0, 0x0, 0x8, 0xff, 0x50, 0x1f, 0xf9, 0x0,
    0x0, 0x0, 0xff, 0xb0, 0x1f, 0xf9, 0x0, 0x0,
    0x0, 0xbf, 0xe0, 0x1f, 0xf9, 0x0, 0x0, 0x0,
    0xaf, 0xf1, 0x1f, 0xf9, 0x0, 0x0, 0x0, 0xaf,
    0xf2, 0x1f, 0xf9, 0x0, 0x0, 0x0, 0xaf, 0xf3,
    0x1f, 0xf9, 0x0, 0x0, 0x0, 0xaf, 0xf2, 0x1f,
    0xf9, 0x0, 0x0, 0x0, 0xaf, 0xf1, 0x1f, 0xf9,
    0x0, 0x0, 0x0, 0xcf, 0xe0, 0x1f, 0xf9, 0x0,
    0x0, 0x1, 0xff, 0xb0, 0x1f, 0xf9, 0x0, 0x0,
    0x9, 0xff, 0x50, 0x1f, 0xfb, 0x44, 0x45, 0xbf,
    0xfc, 0x0, 0x1f, 0xff, 0xff, 0xff, 0xff, 0xd1,
    0x0, 0x1f, 0xff, 0xff, 0xfe, 0xc7, 0x0, 0x0,

    /* U+010F "ď" */
    0x0, 0x0, 0x0, 0x0, 0xff, 0xa0, 0xdf, 0xc0,
    0x0, 0x0, 0x0, 0xf, 0xfa, 0xe, 0xf7, 0x0,
    0x0, 0x0, 0x0, 0xff, 0xa0, 0xef, 0x30, 0x0,
    0x0, 0x0, 0xf, 0xfa, 0xf, 0xe0, 0x0, 0x0,
    0x0, 0x0, 0xff, 0xa0, 0xd8, 0x0, 0x7, 0xdf,
    0xd7, 0xf, 0xfa, 0x0, 0x0, 0xa, 0xff, 0xff,
    0xf7, 0xff, 0xa0, 0x0, 0x4, 0xff, 0xd5, 0x25,
    0xdf, 0xfa, 0x0, 0x0, 0x9f, 0xf2, 0x0, 0x2,
    0xff, 0xa0, 0x0, 0xd, 0xfd, 0x0, 0x0, 0xf,
    0xfa, 0x0, 0x0, 0xef, 0xc0, 0x0, 0x0, 0xff,
    0xa0, 0x0, 0xf, 0xfc, 0x0, 0x0, 0xf, 0xfa,
    0x0, 0x0, 0xef, 0xc0, 0x0, 0x0, 0xff, 0xa0,
    0x0, 0xd, 0xfd, 0x0, 0x0, 0xf, 0xfa, 0x0,
    0x0, 0x9f, 0xf2, 0x0, 0x2, 0xff, 0xa0, 0x0,
    0x4, 0xff, 0xd5, 0x35, 0xaf, 0xfa, 0x0, 0x0,
    0xa, 0xff, 0xff, 0xf4, 0xff, 0xa0, 0x0, 0x0,
    0x7, 0xdf, 0xd5, 0xf, 0xfa, 0x0, 0x0,

    /* U+0110 "Đ" */
    0x0, 0xef, 0xff, 0xff, 0xfc, 0x71, 0x0, 0x0,
    0xe, 0xff, 0xff, 0xff, 0xff, 0xe2, 0x0, 0x0,
    0xef, 0xc4, 0x44, 0x5a, 0xff, 0xe0, 0x0, 0xe,
    0xfb, 0x0, 0x0, 0x6, 0xff, 0x70, 0x0, 0xef,
    0xb0, 0x0, 0x0, 0xd, 0xfd, 0x0, 0xe, 0xfb,
    0x0, 0x0, 0x0, 0x9f, 0xf1, 0x0, 0xef, 0xb0,
    0x0, 0x0, 0x8, 0xff, 0x38, 0xff, 0xff, 0xff,
    0x90, 0x0, 0x8f, 0xf4, 0x8f, 0xff, 0xff, 0xfa,
    0x0, 0x8, 0xff, 0x50, 0xe, 0xfb, 0x0, 0x0,
    0x0, 0x8f, 0xf4, 0x0, 0xef, 0xb0, 0x0, 0x0,
    0x8, 0xff, 0x30, 0xe, 0xfb, 0x0, 0x0, 0x0,
    0xaf, 0xf1, 0x0, 0xef, 0xb0, 0x0, 0x0, 0xd,
    0xfd, 0x0, 0xe, 0xfb, 0x0, 0x0, 0x6, 0xff,
    0x70, 0x0, 0xef, 0xc4, 0x44, 0x5a, 0xff, 0xe0,
    0x0, 0xe, 0xff, 0xff, 0xff, 0xff, 0xe2, 0x0,
    0x0, 0xef, 0xff, 0xff, 0xfc, 0x81, 0x0, 0x0,

    /* U+0111 "đ" */
    0x0, 0x0, 0x0, 0x0, 0xff, 0xa0, 0x0, 0x0,
    0x3, 0xff, 0xff, 0xff, 0xf1, 0x0, 0x0, 0x2a,
    0xaa, 0xff, 0xea, 0x0, 0x0, 0x0, 0x0, 0xf,
    0xfa, 0x0, 0x0, 0x0, 0x0, 0x0, 0xff, 0xa0,
    0x0, 0x7, 0xdf, 0xd7, 0xf, 0xfa, 0x0, 0xa,
    0xff, 0xff, 0xf7, 0xff, 0xa0, 0x4, 0xff, 0xd5,
    0x25, 0xdf, 0xfa, 0x0, 0x9f, 0xf2, 0x0, 0x2,
    0xff, 0xa0, 0xd, 0xfd, 0x0, 0x0, 0xf, 0xfa,
    0x0, 0xef, 0xc0, 0x0, 0x0, 0xff, 0xa0, 0xf,
    0xfc, 0x0, 0x0, 0xf, 0xfa, 0x0, 0xef, 0xc0,
    0x0, 0x0, 0xff, 0xa0, 0xd, 0xfd, 0x0, 0x0,
    0xf, 0xfa, 0x0, 0x9f, 0xf2, 0x0, 0x2, 0xff,
    0xa0, 0x4, 0xff, 0xd5, 0x35, 0xbf, 0xfa, 0x0,
    0xa, 0xff, 0xff, 0xf4, 0xff, 0xa0, 0x0, 0x7,
    0xdf, 0xd5, 0xf, 0xfa, 0x0,

    /* U+0112 "Ē" */
    0x0, 0x5f, 0xff, 0xff, 0xf3, 0x0, 0x0, 0x5f,
    0xff, 0xff, 0xf4, 0x0, 0x0, 0x0, 0x0, 0x0,
    0x0, 0x0, 0x0, 0x0, 0x0, 0x0, 0x0, 0x0,
    0x0, 0x0, 0x0, 0x0, 0x0, 0x0, 0x1f, 0xff,
    0xff, 0xff, 0xff, 0xf0, 0x1f, 0xff, 0xff, 0xff,
    0xff, 0xf0, 0x1f, 0xfb, 0x44, 0x44, 0x44, 0x40,
    0x1f, 0xf9, 0x0, 0x0, 0x0, 0x0, 0x1f, 0xf9,
    0x0, 0x0, 0x0, 0x0, 0x1f, 0xf9, 0x0, 0x0,
    0x0, 0x0, 0x1f, 0xf9, 0x0, 0x0, 0x0, 0x0,
    0x1f, 0xff, 0xff, 0xff, 0xff, 0x50, 0x1f, 0xff,
    0xff, 0xff, 0xff, 0x50, 0x1f, 0xfa, 0x44, 0x44,
    0x44, 0x10, 0x1f, 0xf9, 0x0, 0x0, 0x0, 0x0,
    0x1f, 0xf9, 0x0, 0x0, 0x0, 0x0, 0x1f, 0xf9,
    0x0, 0x0, 0x0, 0x0, 0x1f, 0xf9, 0x0, 0x0,
    0x0, 0x0, 0x1f, 0xfb, 0x44, 0x44, 0x44, 0x40,
    0x1f, 0xff, 0xff, 0xff, 0xff, 0xf0, 0x1f, 0xff,
    0xff, 0xff, 0xff, 0xf0,

    /* U+0113 "ē" */
    0x0, 0xf, 0xff, 0xff, 0xfa, 0x0, 0x0, 0xe,
    0xff, 0xff, 0xfa, 0x0, 0x0, 0x0, 0x0, 0x0,
    0x0, 0x0, 0x0, 0x0, 0x0, 0x0, 0x0, 0x0,
    0x0, 0x4, 0xbe, 0xfe, 0x91, 0x0, 0x0, 0x8f,
    0xff, 0xff, 0xfe, 0x20, 0x3, 0xff, 0xa2, 0x4,
    0xef, 0xc0, 0xa, 0xfe, 0x0, 0x0, 0x6f, 0xf3,
    0xe, 0xfa, 0x0, 0x0, 0x3f, 0xf6, 0xf, 0xfe,
    0xbb, 0xbb, 0xbf, 0xf8, 0x1f, 0xff, 0xff, 0xff,
    0xff, 0xf9, 0xf, 0xfa, 0x0, 0x0, 0x0, 0x0,
    0xe, 0xfb, 0x0, 0x0, 0x0, 0x0, 0x9, 0xff,
    0x10, 0x0, 0x9, 0x60, 0x2, 0xff, 0xc4, 0x13,
    0xaf, 0xf1, 0x0, 0x6f, 0xff, 0xff, 0xff, 0x50,
    0x0, 0x3, 0xbe, 0xfe, 0xa3, 0x0,

    /* U+0114 "Ĕ" */
    0x0, 0x2, 0x0, 0x0, 0x20, 0x0, 0x0, 0xce,
    0x0, 0x1, 0xfa, 0x0, 0x0, 0x7f, 0xa1, 0x1b,
    0xf6, 0x0, 0x0, 0xd, 0xff, 0xff, 0xb0, 0x0,
    0x0, 0x1, 0x9c, 0xc8, 0x0, 0x0, 0x0, 0x0,
    0x0, 0x0, 0x0, 0x0, 0x1f, 0xff, 0xff, 0xff,
    0xff, 0xf0, 0x1f, 0xff, 0xff, 0xff, 0xff, 0xf0,
    0x1f, 0xfb, 0x44, 0x44, 0x44, 0x40, 0x1f, 0xf9,
    0x0, 0x0, 0x0, 0x0, 0x1f, 0xf9, 0x0, 0x0,
    0x0, 0x0, 0x1f, 0xf9, 0x0, 0x0, 0x0, 0x0,
    0x1f, 0xf9, 0x0, 0x0, 0x0, 0x0, 0x1f, 0xff,
    0xff, 0xff, 0xff, 0x50, 0x1f, 0xff, 0xff, 0xff,
    0xff, 0x50, 0x1f, 0xfa, 0x44, 0x44, 0x44, 0x10,
    0x1f, 0xf9, 0x0, 0x0, 0x0, 0x0, 0x1f, 0xf9,
    0x0, 0x0, 0x0, 0x0, 0x1f, 0xf9, 0x0, 0x0,
    0x0, 0x0, 0x1f, 0xf9, 0x0, 0x0, 0x0, 0x0,
    0x1f, 0xfb, 0x44, 0x44, 0x44, 0x40, 0x1f, 0xff,
    0xff, 0xff, 0xff, 0xf0, 0x1f, 0xff, 0xff, 0xff,
    0xff, 0xf0,

    /* U+0115 "ĕ" */
    0x0, 0x1, 0x0, 0x0, 0x0, 0x0, 0x0, 0x5f,
    0x40, 0x0, 0x8e, 0x10, 0x0, 0x2f, 0xd1, 0x4,
    0xfd, 0x0, 0x0, 0x8, 0xff, 0xef, 0xf4, 0x0,
    0x0, 0x0, 0x8e, 0xfc, 0x40, 0x0, 0x0, 0x0,
    0x0, 0x0, 0x0, 0x0, 0x0, 0x0, 0x0, 0x0,
    0x0, 0x0, 0x0, 0x4, 0xbe, 0xfe, 0x91, 0x0,
    0x0, 0x8f, 0xff, 0xff, 0xfe, 0x20, 0x3, 0xff,
    0xa2, 0x4, 0xef, 0xc0, 0xa, 0xfe, 0x0, 0x0,
    0x6f, 0xf3, 0xe, 0xfa, 0x0, 0x0, 0x3f, 0xf6,
    0xf, 0xfe, 0xbb, 0xbb, 0xbf, 0xf8, 0x1f, 0xff,
    0xff, 0xff, 0xff, 0xf9, 0xf, 0xfa, 0x0, 0x0,
    0x0, 0x0, 0xe, 0xfb, 0x0, 0x0, 0x0, 0x0,
    0x9, 0xff, 0x10, 0x0, 0x9, 0x60, 0x2, 0xff,
    0xc4, 0x13, 0xaf, 0xf1, 0x0, 0x6f, 0xff, 0xff,
    0xff, 0x50, 0x0, 0x3, 0xbe, 0xfe, 0xa3, 0x0,

    /* U+0116 "Ė" */
    0x0, 0x0, 0x4e, 0xe3, 0x0, 0x0, 0x0, 0x0,
    0x9f, 0xf7, 0x0, 0x0, 0x0, 0x0, 0x4d, 0xd2,
    0x0, 0x0, 0x0, 0x0, 0x0, 0x0, 0x0, 0x0,
    0x0, 0x0, 0x0, 0x0, 0x0, 0x0, 0x1f, 0xff,
    0xff, 0xff, 0xff, 0xf0, 0x1f, 0xff, 0xff, 0xff,
    0xff, 0xf0, 0x1f, 0xfb, 0x44, 0x44, 0x44, 0x40,
    0x1f, 0xf9, 0x0, 0x0, 0x0, 0x0, 0x1f, 0xf9,
    0x0, 0x0, 0x0, 0x0, 0x1f, 0xf9, 0x0, 0x0,
    0x0, 0x0, 0x1f, 0xf9, 0x0, 0x0, 0x0, 0x0,
    0x1f, 0xff, 0xff, 0xff, 0xff, 0x50, 0x1f, 0xff,
    0xff, 0xff, 0xff, 0x50, 0x1f, 0xfa, 0x44, 0x44,
    0x44, 0x10, 0x1f, 0xf9, 0x0, 0x0, 0x0, 0x0,
    0x1f, 0xf9, 0x0, 0x0, 0x0, 0x0, 0x1f, 0xf9,
    0x0, 0x0, 0x0, 0x0, 0x1f, 0xf9, 0x0, 0x0,
    0x0, 0x0, 0x1f, 0xfb, 0x44, 0x44, 0x44, 0x40,
    0x1f, 0xff, 0xff, 0xff, 0xff, 0xf0, 0x1f, 0xff,
    0xff, 0xff, 0xff, 0xf0,

    /* U+0117 "ė" */
    0x0, 0x0, 0xc, 0xf8, 0x0, 0x0, 0x0, 0x0,
    0x2f, 0xfd, 0x0, 0x0, 0x0, 0x0, 0xb, 0xe7,
    0x0, 0x0, 0x0, 0x0, 0x0, 0x0, 0x0, 0x0,
    0x0, 0x0, 0x0, 0x0, 0x0, 0x0, 0x0, 0x4,
    0xbe, 0xfe, 0x91, 0x0, 0x0, 0x8f, 0xff, 0xff,
    0xfe, 0x20, 0x3, 0xff, 0xa2, 0x4, 0xef, 0xc0,
    0xa, 0xfe, 0x0, 0x0, 0x6f, 0xf3, 0xe, 0xfa,
    0x0, 0x0, 0x3f, 0xf6, 0xf, 0xfe, 0xbb, 0xbb,
    0xbf, 0xf8, 0x1f, 0xff, 0xff, 0xff, 0xff, 0xf9,
    0xf, 0xfa, 0x0, 0x0, 0x0, 0x0, 0xe, 0xfb,
    0x0, 0x0, 0x0, 0x0, 0x9, 0xff, 0x10, 0x0,
    0x9, 0x60, 0x2, 0xff, 0xc4, 0x13, 0xaf, 0xf1,
    0x0, 0x6f, 0xff, 0xff, 0xff, 0x50, 0x0, 0x3,
    0xbe, 0xfe, 0xa3, 0x0,

    /* U+0118 "Ę" */
    0x1f, 0xff, 0xff, 0xff, 0xff, 0xf0, 0x1f, 0xff,
    0xff, 0xff, 0xff, 0xf0, 0x1f, 0xfb, 0x44, 0x44,
    0x44, 0x40, 0x1f, 0xf9, 0x0, 0x0, 0x0, 0x0,
    0x1f, 0xf9, 0x0, 0x0, 0x0, 0x0, 0x1f, 0xf9,
    0x0, 0x0, 0x0, 0x0, 0x1f, 0xf9, 0x0, 0x0,
    0x0, 0x0, 0x1f, 0xff, 0xff, 0xff, 0xff, 0x50,
    0x1f, 0xff, 0xff, 0xff, 0xff, 0x50, 0x1f, 0xfa,
    0x44, 0x44, 0x44, 0x10, 0x1f, 0xf9, 0x0, 0x0,
    0x0, 0x0, 0x1f, 0xf9, 0x0, 0x0, 0x0, 0x0,
    0x1f, 0xf9, 0x0, 0x0, 0x0, 0x0, 0x1f, 0xf9,
    0x0, 0x0, 0x0, 0x0, 0x1f, 0xfb, 0x44, 0x44,
    0x44, 0x40, 0x1f, 0xff, 0xff, 0xff, 0xff, 0xf0,
    0x1f, 0xff, 0xff, 0xff, 0xff, 0xf0, 0x0, 0x0,
    0x0, 0x0, 0x2b, 0x50, 0x0, 0x0, 0x0, 0x6,
    0xf3, 0x0, 0x0, 0x0, 0x0, 0x2f, 0xa0, 0x0,
    0x0, 0x0, 0x0, 0x4f, 0xe8, 0xc3, 0x0, 0x0,
    0x0, 0x9, 0xef, 0xb2,

    /* U+0119 "ę" */
    0x0, 0x4, 0xbe, 0xfe, 0x91, 0x0, 0x0, 0x8f,
    0xff, 0xff, 0xfe, 0x20, 0x3, 0xff, 0xa2, 0x4,
    0xef, 0xc0, 0xa, 0xfe, 0x0, 0x0, 0x6f, 0xf3,
    0xe, 0xfa, 0x0, 0x0, 0x3f, 0xf6, 0xf, 0xfe,
    0xbb, 0xbb, 0xbf, 0xf8, 0x1f, 0xff, 0xff, 0xff,
    0xff, 0xf9, 0xf, 0xfa, 0x0, 0x0, 0x0, 0x0,
    0xe, 0xfb, 0x0, 0x0, 0x0, 0x0, 0x9, 0xff,
    0x10, 0x0, 0x9, 0x60, 0x2, 0xff, 0xc4, 0x13,
    0xaf, 0xf1, 0x0, 0x6f, 0xff, 0xff, 0xff, 0x60,
    0x0, 0x3, 0xbe, 0xff, 0xf5, 0x0, 0x0, 0x0,
    0x0, 0x5d, 0x30, 0x0, 0x0, 0x0, 0x7, 0xf4,
    0x0, 0x0, 0x0, 0x0, 0x1f, 0xc0, 0x0, 0x0,
    0x0, 0x0, 0x1f, 0xf8, 0xd5, 0x0, 0x0, 0x0,
    0x7, 0xef, 0xc2, 0x0,

    /* U+011A "Ě" */
    0x0, 0x0, 0x0, 0x0, 0x0, 0x0, 0x0, 0xac,
    0x0, 0x1, 0xd9, 0x0, 0x0, 0x9f, 0xc0, 0x1d,
    0xf8, 0x0, 0x0, 0xc, 0xfb, 0xcf, 0xb0, 0x0,
    0x0, 0x2, 0xef, 0xfe, 0x10, 0x0, 0x0, 0x0,
    0x38, 0x83, 0x0, 0x0, 0x0, 0x0, 0x0, 0x0,
    0x0, 0x0, 0x1f, 0xff, 0xff, 0xff, 0xff, 0xf0,
    0x1f, 0xff, 0xff, 0xff, 0xff, 0xf0, 0x1f, 0xfb,
    0x44, 0x44, 0x44, 0x40, 0x1f, 0xf9, 0x0, 0x0,
    0x0, 0x0, 0x1f, 0xf9, 0x0, 0x0, 0x0, 0x0,
    0x1f, 0xf9, 0x0, 0x0, 0x0, 0x0, 0x1f, 0xf9,
    0x0, 0x0, 0x0, 0x0, 0x1f, 0xff, 0xff, 0xff,
    0xff, 0x50, 0x1f, 0xff, 0xff, 0xff, 0xff, 0x50,
    0x1f, 0xfa, 0x44, 0x44, 0x44, 0x10, 0x1f, 0xf9,
    0x0, 0x0, 0x0, 0x0, 0x1f, 0xf9, 0x0, 0x0,
    0x0, 0x0, 0x1f, 0xf9, 0x0, 0x0, 0x0, 0x0,
    0x1f, 0xf9, 0x0, 0x0, 0x0, 0x0, 0x1f, 0xfb,
    0x44, 0x44, 0x44, 0x40, 0x1f, 0xff, 0xff, 0xff,
    0xff, 0xf0, 0x1f, 0xff, 0xff, 0xff, 0xff, 0xf0,

    /* U+011B "ě" */
    0x0, 0x0, 0x0, 0x0, 0x0, 0x0, 0x0, 0x5e,
    0x40, 0x0, 0x9d, 0x20, 0x0, 0x3f, 0xf3, 0x8,
    0xfd, 0x0, 0x0, 0x6, 0xff, 0x9f, 0xf2, 0x0,
    0x0, 0x0, 0xaf, 0xff, 0x50, 0x0, 0x0, 0x0,
    0x7, 0x86, 0x0, 0x0, 0x0, 0x0, 0x0, 0x0,
    0x0, 0x0, 0x0, 0x4, 0xbe, 0xfe, 0x91, 0x0,
    0x0, 0x8f, 0xff, 0xff, 0xfe, 0x20, 0x3, 0xff,
    0xa2, 0x4, 0xef, 0xc0, 0xa, 0xfe, 0x0, 0x0,
    0x6f, 0xf3, 0xe, 0xfa, 0x0, 0x0, 0x3f, 0xf6,
    0xf, 0xfe, 0xbb, 0xbb, 0xbf, 0xf8, 0x1f, 0xff,
    0xff, 0xff, 0xff, 0xf9, 0xf, 0xfa, 0x0, 0x0,
    0x0, 0x0, 0xe, 0xfb, 0x0, 0x0, 0x0, 0x0,
    0x9, 0xff, 0x10, 0x0, 0x9, 0x60, 0x2, 0xff,
    0xc4, 0x13, 0xaf, 0xf1, 0x0, 0x6f, 0xff, 0xff,
    0xff, 0x50, 0x0, 0x3, 0xbe, 0xfe, 0xa3, 0x0,

    /* U+011C "Ĝ" */
    0x0, 0x0, 0x2, 0x88, 0x30, 0x0, 0x0, 0x0,
    0x0, 0xd, 0xff, 0xe1, 0x0, 0x0, 0x0, 0x0,
    0x8f, 0xfe, 0xfa, 0x0, 0x0, 0x0, 0x3, 0xff,
    0x43, 0xff, 0x50, 0x0, 0x0, 0xd, 0xf6, 0x0,
    0x5f, 0xe0, 0x0, 0x0, 0x3, 0x70, 0x0, 0x7,
    0x30, 0x0, 0x0, 0x0, 0x0, 0x0, 0x0, 0x0,
    0x0, 0x0, 0x2, 0x9d, 0xff, 0xd9, 0x20, 0x0,
    0x0, 0x6f, 0xff, 0xff, 0xff, 0xf6, 0x0, 0x4,
    0xff, 0xf8, 0x55, 0x8e, 0xff, 0x50, 0xd, 0xfe,
    0x20, 0x0, 0x1, 0xdf, 0xc0, 0x3f, 0xf7, 0x0,
    0x0, 0x0, 0x46, 0x0, 0x7f, 0xf2, 0x0, 0x0,
    0x0, 0x0, 0x0, 0xaf, 0xf1, 0x0, 0x0, 0x0,
    0x0, 0x0, 0xbf, 0xf1, 0x0, 0x1, 0x33, 0x33,
    0x31, 0xcf, 0xf1, 0x0, 0x7, 0xff, 0xff, 0xf5,
    0xbf, 0xf1, 0x0, 0x7, 0xff, 0xff, 0xf5, 0xaf,
    0xf1, 0x0, 0x0, 0x0, 0x4f, 0xf5, 0x7f, 0xf2,
    0x0, 0x0, 0x0, 0x4f, 0xf5, 0x4f, 0xf7, 0x0,
    0x0, 0x0, 0x7f, 0xf5, 0xd, 0xfe, 0x20, 0x0,
    0x2, 0xef, 0xf5, 0x5, 0xff, 0xf8, 0x55, 0x8f,
    0xaf, 0xf5, 0x0, 0x7f, 0xff, 0xff, 0xfe, 0x2f,
    0xf5, 0x0, 0x3, 0xae, 0xfe, 0xa2, 0xf, 0xf5,

    /* U+011D "ĝ" */
    0x0, 0x0, 0x6f, 0xfc, 0x0, 0x0, 0x0, 0x0,
    0x3f, 0xff, 0xf9, 0x0, 0x0, 0x0, 0x1e, 0xf8,
    0x3f, 0xf5, 0x0, 0x0, 0xa, 0xf9, 0x0, 0x3f,
    0xf1, 0x0, 0x0, 0x17, 0x0, 0x0, 0x44, 0x0,
    0x0, 0x0, 0x0, 0x0, 0x0, 0x0, 0x0, 0x0,
    0x7, 0xdf, 0xff, 0xff, 0xfd, 0x0, 0xb, 0xff,
    0xee, 0xff, 0xdd, 0xb0, 0x5, 0xff, 0x60, 0x4,
    0xf9, 0x0, 0x0, 0x9f, 0xe0, 0x0, 0xc, 0xf8,
    0x0, 0xa, 0xfd, 0x0, 0x0, 0xbf, 0xc0, 0x0,
    0x8f, 0xf0, 0x0, 0xd, 0xfa, 0x0, 0x3, 0xff,
    0x91, 0x7, 0xff, 0x50, 0x0, 0x9, 0xff, 0xff,
    0xff, 0xa0, 0x0, 0x0, 0x1c, 0xbc, 0xca, 0x50,
    0x0, 0x0, 0x3f, 0x90, 0x0, 0x0, 0x0, 0x0,
    0x9, 0xfc, 0x44, 0x44, 0x31, 0x0, 0x0, 0x5f,
    0xff, 0xff, 0xff, 0xfc, 0x10, 0x0, 0x7f, 0xff,
    0xff, 0xff, 0xfb, 0x0, 0x9f, 0x30, 0x0, 0x1,
    0xbf, 0xf0, 0x3f, 0xe0, 0x0, 0x0, 0x6, 0xff,
    0x3, 0xff, 0x50, 0x0, 0x1, 0xcf, 0xd0, 0xc,
    0xff, 0xfd, 0xde, 0xff, 0xf4, 0x0, 0x7, 0xce,
    0xff, 0xed, 0x92, 0x0,

    /* U+011E "Ğ" */
    0x0, 0x0, 0x10, 0x0, 0x1, 0x0, 0x0, 0x0,
    0x9, 0xe0, 0x0, 0xd, 0xb0, 0x0, 0x0, 0x7,
    0xf9, 0x0, 0x8f, 0x80, 0x0, 0x0, 0x0, 0xdf,
    0xfe, 0xfd, 0x10, 0x0, 0x0, 0x0, 0x1a, 0xef,
    0xb2, 0x0, 0x0, 0x0, 0x0, 0x0, 0x0, 0x0,
    0x0, 0x0, 0x0, 0x0, 0x0, 0x0, 0x0, 0x0,
    0x0, 0x0, 0x2, 0x9d, 0xff, 0xd9, 0x20, 0x0,
    0x0, 0x6f, 0xff, 0xff, 0xff, 0xf6, 0x0, 0x4,
    0xff, 0xf8, 0x55, 0x8e, 0xff, 0x50, 0xd, 0xfe,
    0x20, 0x0, 0x1, 0xdf, 0xc0, 0x3f, 0xf7, 0x0,
    0x0, 0x0, 0x46, 0x0, 0x7f, 0xf2, 0x0, 0x0,
    0x0, 0x0, 0x0, 0xaf, 0xf1, 0x0, 0x0, 0x0,
    0x0, 0x0, 0xbf, 0xf1, 0x0, 0x1, 0x33, 0x33,
    0x31, 0xcf, 0xf1, 0x0, 0x7, 0xff, 0xff, 0xf5,
    0xbf, 0xf1, 0x0, 0x7, 0xff, 0xff, 0xf5, 0xaf,
    0xf1, 0x0, 0x0, 0x0, 0x4f, 0xf5, 0x7f, 0xf2,
    0x0, 0x0, 0x0, 0x4f, 0xf5, 0x4f, 0xf7, 0x0,
    0x0, 0x0, 0x7f, 0xf5, 0xd, 0xfe, 0x20, 0x0,
    0x2, 0xef, 0xf5, 0x5, 0xff, 0xf8, 0x55, 0x8f,
    0xaf, 0xf5, 0x0, 0x7f, 0xff, 0xff, 0xfe, 0x2f,
    0xf5, 0x0, 0x3, 0xae, 0xfe, 0xa2, 0xf, 0xf5,

    /* U+011F "ğ" */
    0x0, 0x1, 0x0, 0x0, 0x10, 0x0, 0x0, 0x7,
    0xf2, 0x0, 0xb, 0xd0, 0x0, 0x0, 0x4f, 0xb0,
    0x6, 0xfb, 0x0, 0x0, 0x0, 0xbf, 0xfe, 0xff,
    0x20, 0x0, 0x0, 0x0, 0x9e, 0xfb, 0x30, 0x0,
    0x0, 0x0, 0x0, 0x0, 0x0, 0x0, 0x0, 0x0,
    0x0, 0x0, 0x0, 0x0, 0x0, 0x0, 0x0, 0x7d,
    0xff, 0xff, 0xff, 0xd0, 0x0, 0xbf, 0xfe, 0xef,
    0xfd, 0xdb, 0x0, 0x5f, 0xf6, 0x0, 0x4f, 0x90,
    0x0, 0x9, 0xfe, 0x0, 0x0, 0xcf, 0x80, 0x0,
    0xaf, 0xd0, 0x0, 0xb, 0xfc, 0x0, 0x8, 0xff,
    0x0, 0x0, 0xdf, 0xa0, 0x0, 0x3f, 0xf9, 0x10,
    0x7f, 0xf5, 0x0, 0x0, 0x9f, 0xff, 0xff, 0xfa,
    0x0, 0x0, 0x1, 0xcb, 0xcc, 0xa5, 0x0, 0x0,
    0x3, 0xf9, 0x0, 0x0, 0x0, 0x0, 0x0, 0x9f,
    0xc4, 0x44, 0x43, 0x10, 0x0, 0x5, 0xff, 0xff,
    0xff, 0xff, 0xc1, 0x0, 0x7, 0xff, 0xff, 0xff,
    0xff, 0xb0, 0x9, 0xf3, 0x0, 0x0, 0x1b, 0xff,
    0x3, 0xfe, 0x0, 0x0, 0x0, 0x6f, 0xf0, 0x3f,
    0xf5, 0x0, 0x0, 0x1c, 0xfd, 0x0, 0xcf, 0xff,
    0xdd, 0xef, 0xff, 0x40, 0x0, 0x7c, 0xef, 0xfe,
    0xd9, 0x20, 0x0,

    /* U+0120 "Ġ" */
    0x0, 0x0, 0x3, 0xee, 0x40, 0x0, 0x0, 0x0,
    0x0, 0x7, 0xff, 0x90, 0x0, 0x0, 0x0, 0x0,
    0x2, 0xdd, 0x30, 0x0, 0x0, 0x0, 0x0, 0x0,
    0x0, 0x0, 0x0, 0x0, 0x0, 0x0, 0x0, 0x0,
    0x0, 0x0, 0x0, 0x0, 0x2, 0x9d, 0xff, 0xd9,
    0x20, 0x0, 0x0, 0x6f, 0xff, 0xff, 0xff, 0xf6,
    0x0, 0x4, 0xff, 0xf8, 0x55, 0x8e, 0xff, 0x50,
    0xd, 0xfe, 0x20, 0x0, 0x1, 0xdf, 0xc0, 0x3f,
    0xf7, 0x0, 0x0, 0x0, 0x46, 0x0, 0x7f, 0xf2,
    0x0, 0x0, 0x0, 0x0, 0x0, 0xaf, 0xf1, 0x0,
    0x0, 0x0, 0x0, 0x0, 0xbf, 0xf1, 0x0, 0x1,
    0x33, 0x33, 0x31, 0xcf, 0xf1, 0x0, 0x7, 0xff,
    0xff, 0xf5, 0xbf, 0xf1, 0x0, 0x7, 0xff, 0xff,
    0xf5, 0xaf, 0xf1, 0x0, 0x0, 0x0, 0x4f, 0xf5,
    0x7f, 0xf2, 0x0, 0x0, 0x0, 0x4f, 0xf5, 0x4f,
    0xf7, 0x0, 0x0, 0x0, 0x7f, 0xf5, 0xd, 0xfe,
    0x20, 0x0, 0x2, 0xef, 0xf5, 0x5, 0xff, 0xf8,
    0x55, 0x8f, 0xaf, 0xf5, 0x0, 0x7f, 0xff, 0xff,
    0xfe, 0x2f, 0xf5, 0x0, 0x3, 0xae, 0xfe, 0xa2,
    0xf, 0xf5,

    /* U+0121 "ġ" */
    0x0, 0x0, 0x1d, 0xf6, 0x0, 0x0, 0x0, 0x0,
    0x5, 0xff, 0xb0, 0x0, 0x0, 0x0, 0x0, 0x1c,
    0xd5, 0x0, 0x0, 0x0, 0x0, 0x0, 0x0, 0x0,
    0x0, 0x0, 0x0, 0x0, 0x0, 0x0, 0x0, 0x0,
    0x0, 0x0, 0x7d, 0xff, 0xff, 0xff, 0xd0, 0x0,
    0xbf, 0xfe, 0xef, 0xfd, 0xdb, 0x0, 0x5f, 0xf6,
    0x0, 0x4f, 0x90, 0x0, 0x9, 0xfe, 0x0, 0x0,
    0xcf, 0x80, 0x0, 0xaf, 0xd0, 0x0, 0xb, 0xfc,
    0x0, 0x8, 0xff, 0x0, 0x0, 0xdf, 0xa0, 0x0,
    0x3f, 0xf9, 0x10, 0x7f, 0xf5, 0x0, 0x0, 0x9f,
    0xff, 0xff, 0xfa, 0x0, 0x0, 0x1, 0xcb, 0xcc,
    0xa5, 0x0, 0x0, 0x3, 0xf9, 0x0, 0x0, 0x0,
    0x0, 0x0, 0x9f, 0xc4, 0x44, 0x43, 0x10, 0x0,
    0x5, 0xff, 0xff, 0xff, 0xff, 0xc1, 0x0, 0x7,
    0xff, 0xff, 0xff, 0xff, 0xb0, 0x9, 0xf3, 0x0,
    0x0, 0x1b, 0xff, 0x3, 0xfe, 0x0, 0x0, 0x0,
    0x6f, 0xf0, 0x3f, 0xf5, 0x0, 0x0, 0x1c, 0xfd,
    0x0, 0xcf, 0xff, 0xdd, 0xef, 0xff, 0x40, 0x0,
    0x7c, 0xef, 0xfe, 0xd9, 0x20, 0x0,

    /* U+0122 "Ģ" */
    0x0, 0x2, 0x9d, 0xff, 0xd9, 0x20, 0x0, 0x0,
    0x6f, 0xff, 0xff, 0xff, 0xf6, 0x0, 0x4, 0xff,
    0xf8, 0x55, 0x8e, 0xff, 0x50, 0xd, 0xfe, 0x20,
    0x0, 0x1, 0xdf, 0xc0, 0x3f, 0xf7, 0x0, 0x0,
    0x0, 0x46, 0x0, 0x7f, 0xf2, 0x0, 0x0, 0x0,
    0x0, 0x0, 0xaf, 0xf1, 0x0, 0x0, 0x0, 0x0,
    0x0, 0xbf, 0xf1, 0x0, 0x1, 0x33, 0x33, 0x31,
    0xcf, 0xf1, 0x0, 0x7, 0xff, 0xff, 0xf5, 0xbf,
    0xf1, 0x0, 0x7, 0xff, 0xff, 0xf5, 0xaf, 0xf1,
    0x0, 0x0, 0x0, 0x4f, 0xf5, 0x7f, 0xf2, 0x0,
    0x0, 0x0, 0x4f, 0xf5, 0x4f, 0xf7, 0x0, 0x0,
    0x0, 0x7f, 0xf5, 0xd, 0xfe, 0x20, 0x0, 0x2,
    0xef, 0xf5, 0x5, 0xff, 0xf8, 0x55, 0x8f, 0xaf,
    0xf5, 0x0, 0x7f, 0xff, 0xff, 0xfe, 0x2f, 0xf5,
    0x0, 0x3, 0xae, 0xfe, 0xa2, 0xf, 0xf5, 0x0,
    0x0, 0x0, 0x0, 0x0, 0x0, 0x0, 0x0, 0x0,
    0x3, 0xdd, 0x20, 0x0, 0x0, 0x0, 0x0, 0x7,
    0xff, 0x60, 0x0, 0x0, 0x0, 0x0, 0x3, 0xef,
    0x40, 0x0, 0x0, 0x0, 0x0, 0x0, 0xae, 0x0,
    0x0, 0x0, 0x0, 0x0, 0x5, 0xf5, 0x0, 0x0,
    0x0,

    /* U+0123 "ģ" */
    0x0, 0x0, 0x3, 0xf8, 0x0, 0x0, 0x0, 0x0,
    0x0, 0xdd, 0x0, 0x0, 0x0, 0x0, 0x0, 0x2f,
    0xe5, 0x0, 0x0, 0x0, 0x0, 0x4, 0xff, 0xa0,
    0x0, 0x0, 0x0, 0x0, 0x1c, 0xe5, 0x0, 0x0,
    0x0, 0x0, 0x0, 0x0, 0x0, 0x0, 0x0, 0x0,
    0x7, 0xdf, 0xff, 0xff, 0xfd, 0x0, 0xb, 0xff,
    0xee, 0xff, 0xdd, 0xb0, 0x5, 0xff, 0x60, 0x4,
    0xf9, 0x0, 0x0, 0x9f, 0xe0, 0x0, 0xc, 0xf8,
    0x0, 0xa, 0xfd, 0x0, 0x0, 0xbf, 0xc0, 0x0,
    0x8f, 0xf0, 0x0, 0xd, 0xfa, 0x0, 0x3, 0xff,
    0x91, 0x7, 0xff, 0x50, 0x0, 0x9, 0xff, 0xff,
    0xff, 0xa0, 0x0, 0x0, 0x1c, 0xbc, 0xca, 0x50,
    0x0, 0x0, 0x3f, 0x90, 0x0, 0x0, 0x0, 0x0,
    0x9, 0xfc, 0x44, 0x44, 0x31, 0x0, 0x0, 0x5f,
    0xff, 0xff, 0xff, 0xfc, 0x10, 0x0, 0x7f, 0xff,
    0xff, 0xff, 0xfb, 0x0, 0x9f, 0x30, 0x0, 0x1,
    0xbf, 0xf0, 0x3f, 0xe0, 0x0, 0x0, 0x6, 0xff,
    0x3, 0xff, 0x50, 0x0, 0x1, 0xcf, 0xd0, 0xc,
    0xff, 0xfd, 0xde, 0xff, 0xf4, 0x0, 0x7, 0xce,
    0xff, 0xed, 0x92, 0x0,

    /* U+0124 "Ĥ" */
    0x0, 0x0, 0x9, 0xff, 0xa0, 0x0, 0x0, 0x0,
    0x0, 0x5f, 0xff, 0xf7, 0x0, 0x0, 0x0, 0x2,
    0xff, 0x65, 0xff, 0x30, 0x0, 0x0, 0xc, 0xf6,
    0x0, 0x5f, 0xd0, 0x0, 0x0, 0x2, 0x60, 0x0,
    0x5, 0x30, 0x0, 0x0, 0x0, 0x0, 0x0, 0x0,
    0x0, 0x0, 0x1f, 0xf9, 0x0, 0x0, 0x0, 0x7f,
    0xf2, 0x1f, 0xf9, 0x0, 0x0, 0x0, 0x7f, 0xf2,
    0x1f, 0xf9, 0x0, 0x0, 0x0, 0x7f, 0xf2, 0x1f,
    0xf9, 0x0, 0x0, 0x0, 0x7f, 0xf2, 0x1f, 0xf9,
    0x0, 0x0, 0x0, 0x7f, 0xf2, 0x1f, 0xf9, 0x0,
    0x0, 0x0, 0x7f, 0xf2, 0x1f, 0xf9, 0x0, 0x0,
    0x0, 0x7f, 0xf2, 0x1f, 0xff, 0xff, 0xff, 0xff,
    0xff, 0xf2, 0x1f, 0xff, 0xff, 0xff, 0xff, 0xff,
    0xf2, 0x1f, 0xfa, 0x44, 0x44, 0x44, 0x9f, 0xf2,
    0x1f, 0xf9, 0x0, 0x0, 0x0, 0x7f, 0xf2, 0x1f,
    0xf9, 0x0, 0x0, 0x0, 0x7f, 0xf2, 0x1f, 0xf9,
    0x0, 0x0, 0x0, 0x7f, 0xf2, 0x1f, 0xf9, 0x0,
    0x0, 0x0, 0x7f, 0xf2, 0x1f, 0xf9, 0x0, 0x0,
    0x0, 0x7f, 0xf2, 0x1f, 0xf9, 0x0, 0x0, 0x0,
    0x7f, 0xf2, 0x1f, 0xf9, 0x0, 0x0, 0x0, 0x7f,
    0xf2,

    /* U+0125 "ĥ" */
    0x0, 0x8f, 0xfb, 0x0, 0x0, 0x0, 0x0, 0x4f,
    0xff, 0xf6, 0x0, 0x0, 0x0, 0x1e, 0xf8, 0x5f,
    0xf2, 0x0, 0x0, 0xb, 0xf9, 0x0, 0x7f, 0xd0,
    0x0, 0x0, 0x49, 0x0, 0x0, 0x85, 0x0, 0x0,
    0x0, 0x4, 0xff, 0x50, 0x0, 0x0, 0x0, 0x0,
    0x4f, 0xf5, 0x0, 0x0, 0x0, 0x0, 0x4, 0xff,
    0x50, 0x0, 0x0, 0x0, 0x0, 0x4f, 0xf5, 0x0,
    0x0, 0x0, 0x0, 0x4, 0xff, 0x50, 0x0, 0x0,
    0x0, 0x0, 0x4f, 0xf5, 0x2b, 0xfe, 0x91, 0x0,
    0x4, 0xff, 0x5e, 0xff, 0xff, 0xb0, 0x0, 0x4f,
    0xfd, 0x73, 0x4e, 0xff, 0x30, 0x4, 0xff, 0x80,
    0x0, 0x5f, 0xf6, 0x0, 0x4f, 0xf5, 0x0, 0x2,
    0xff, 0x70, 0x4, 0xff, 0x50, 0x0, 0x1f, 0xf8,
    0x0, 0x4f, 0xf5, 0x0, 0x1, 0xff, 0x80, 0x4,
    0xff, 0x50, 0x0, 0x1f, 0xf8, 0x0, 0x4f, 0xf5,
    0x0, 0x1, 0xff, 0x80, 0x4, 0xff, 0x50, 0x0,
    0x1f, 0xf8, 0x0, 0x4f, 0xf5, 0x0, 0x1, 0xff,
    0x80, 0x4, 0xff, 0x50, 0x0, 0x1f, 0xf8, 0x0,
    0x4f, 0xf5, 0x0, 0x1, 0xff, 0x80,

    /* U+0126 "Ħ" */
    0x0, 0xef, 0xb0, 0x0, 0x0, 0x5, 0xff, 0x50,
    0x0, 0xef, 0xb0, 0x0, 0x0, 0x5, 0xff, 0x50,
    0x6c, 0xff, 0xec, 0xcc, 0xcc, 0xcd, 0xff, 0xdb,
    0x8f, 0xff, 0xff, 0xff, 0xff, 0xff, 0xff, 0xff,
    0x0, 0xef, 0xb0, 0x0, 0x0, 0x5, 0xff, 0x50,
    0x0, 0xef, 0xb0, 0x0, 0x0, 0x5, 0xff, 0x50,
    0x0, 0xef, 0xb0, 0x0, 0x0, 0x5, 0xff, 0x50,
    0x0, 0xef, 0xff, 0xff, 0xff, 0xff, 0xff, 0x50,
    0x0, 0xef, 0xff, 0xff, 0xff, 0xff, 0xff, 0x50,
    0x0, 0xef, 0xc4, 0x44, 0x44, 0x47, 0xff, 0x50,
    0x0, 0xef, 0xb0, 0x0, 0x0, 0x5, 0xff, 0x50,
    0x0, 0xef, 0xb0, 0x0, 0x0, 0x5, 0xff, 0x50,
    0x0, 0xef, 0xb0, 0x0, 0x0, 0x5, 0xff, 0x50,
    0x0, 0xef, 0xb0, 0x0, 0x0, 0x5, 0xff, 0x50,
    0x0, 0xef, 0xb0, 0x0, 0x0, 0x5, 0xff, 0x50,
    0x0, 0xef, 0xb0, 0x0, 0x0, 0x5, 0xff, 0x50,
    0x0, 0xef, 0xb0, 0x0, 0x0, 0x5, 0xff, 0x50,

    /* U+0127 "ħ" */
    0x4, 0xff, 0x50, 0x0, 0x0, 0x0, 0xbf, 0xff,
    0xff, 0xf9, 0x0, 0x0, 0x7c, 0xff, 0xca, 0xa6,
    0x0, 0x0, 0x4, 0xff, 0x50, 0x0, 0x0, 0x0,
    0x4, 0xff, 0x50, 0x0, 0x0, 0x0, 0x4, 0xff,
    0x52, 0xbf, 0xe9, 0x10, 0x4, 0xff, 0x5e, 0xff,
    0xff, 0xb0, 0x4, 0xff, 0xd7, 0x34, 0xef, 0xf3,
    0x4, 0xff, 0x80, 0x0, 0x5f, 0xf6, 0x4, 0xff,
    0x50, 0x0, 0x2f, 0xf7, 0x4, 0xff, 0x50, 0x0,
    0x1f, 0xf8, 0x4, 0xff, 0x50, 0x0, 0x1f, 0xf8,
    0x4, 0xff, 0x50, 0x0, 0x1f, 0xf8, 0x4, 0xff,
    0x50, 0x0, 0x1f, 0xf8, 0x4, 0xff, 0x50, 0x0,
    0x1f, 0xf8, 0x4, 0xff, 0x50, 0x0, 0x1f, 0xf8,
    0x4, 0xff, 0x50, 0x0, 0x1f, 0xf8, 0x4, 0xff,
    0x50, 0x0, 0x1f, 0xf8,

    /* U+0128 "Ĩ" */
    0x7, 0xee, 0xa2, 0x3, 0x1, 0xff, 0xff, 0xff,
    0xf8, 0x3, 0x0, 0x6d, 0xfc, 0x20, 0x0, 0x0,
    0x0, 0x0, 0x0, 0x0, 0x0, 0x0, 0x0, 0xcf,
    0xff, 0xff, 0xf2, 0xc, 0xff, 0xff, 0xff, 0x20,
    0x1, 0xaf, 0xf1, 0x10, 0x0, 0xa, 0xff, 0x0,
    0x0, 0x0, 0xaf, 0xf0, 0x0, 0x0, 0xa, 0xff,
    0x0, 0x0, 0x0, 0xaf, 0xf0, 0x0, 0x0, 0xa,
    0xff, 0x0, 0x0, 0x0, 0xaf, 0xf0, 0x0, 0x0,
    0xa, 0xff, 0x0, 0x0, 0x0, 0xaf, 0xf0, 0x0,
    0x0, 0xa, 0xff, 0x0, 0x0, 0x0, 0xaf, 0xf0,
    0x0, 0x0, 0xa, 0xff, 0x0, 0x0, 0x1, 0xaf,
    0xf1, 0x10, 0xc, 0xff, 0xff, 0xff, 0x20, 0xcf,
    0xff, 0xff, 0xf2,

    /* U+0129 "ĩ" */
    0xa, 0xfc, 0x50, 0x50, 0x3f, 0xff, 0xff, 0xf6,
    0x3, 0x2, 0xad, 0xa0, 0x0, 0x0, 0x0, 0x0,
    0x0, 0x0, 0x0, 0x0, 0x0, 0x4f, 0xf5, 0x0,
    0x0, 0x4f, 0xf5, 0x0, 0x0, 0x4f, 0xf5, 0x0,
    0x0, 0x4f, 0xf5, 0x0, 0x0, 0x4f, 0xf5, 0x0,
    0x0, 0x4f, 0xf5, 0x0, 0x0, 0x4f, 0xf5, 0x0,
    0x0, 0x4f, 0xf5, 0x0, 0x0, 0x4f, 0xf5, 0x0,
    0x0, 0x4f, 0xf5, 0x0, 0x0, 0x4f, 0xf5, 0x0,
    0x0, 0x4f, 0xf5, 0x0, 0x0, 0x4f, 0xf5, 0x0,

    /* U+012A "Ī" */
    0x8f, 0xff, 0xff, 0xf0, 0x8f, 0xff, 0xff, 0xf0,
    0x0, 0x0, 0x0, 0x0, 0x0, 0x0, 0x0, 0x0,
    0x0, 0x0, 0x0, 0x0, 0xcf, 0xff, 0xff, 0xf2,
    0xcf, 0xff, 0xff, 0xf2, 0x1, 0xaf, 0xf1, 0x10,
    0x0, 0xaf, 0xf0, 0x0, 0x0, 0xaf, 0xf0, 0x0,
    0x0, 0xaf, 0xf0, 0x0, 0x0, 0xaf, 0xf0, 0x0,
    0x0, 0xaf, 0xf0, 0x0, 0x0, 0xaf, 0xf0, 0x0,
    0x0, 0xaf, 0xf0, 0x0, 0x0, 0xaf, 0xf0, 0x0,
    0x0, 0xaf, 0xf0, 0x0, 0x0, 0xaf, 0xf0, 0x0,
    0x0, 0xaf, 0xf0, 0x0, 0x1, 0xaf, 0xf1, 0x10,
    0xcf, 0xff, 0xff, 0xf2, 0xcf, 0xff, 0xff, 0xf2,

    /* U+012B "ī" */
    0x1f, 0xff, 0xff, 0xf4, 0x1f, 0xff, 0xff, 0xf3,
    0x0, 0x0, 0x0, 0x0, 0x0, 0x0, 0x0, 0x0,
    0x0, 0x4f, 0xf5, 0x0, 0x0, 0x4f, 0xf5, 0x0,
    0x0, 0x4f, 0xf5, 0x0, 0x0, 0x4f, 0xf5, 0x0,
    0x0, 0x4f, 0xf5, 0x0, 0x0, 0x4f, 0xf5, 0x0,
    0x0, 0x4f, 0xf5, 0x0, 0x0, 0x4f, 0xf5, 0x0,
    0x0, 0x4f, 0xf5, 0x0, 0x0, 0x4f, 0xf5, 0x0,
    0x0, 0x4f, 0xf5, 0x0, 0x0, 0x4f, 0xf5, 0x0,
    0x0, 0x4f, 0xf5, 0x0,

    /* U+012C "Ĭ" */
    0x1, 0x10, 0x0, 0x3, 0x0, 0xeb, 0x0, 0x3,
    0xf7, 0xa, 0xf7, 0x2, 0xdf, 0x20, 0x2e, 0xff,
    0xff, 0x80, 0x0, 0x2a, 0xdc, 0x60, 0x0, 0x0,
    0x0, 0x0, 0x0, 0xc, 0xff, 0xff, 0xff, 0x20,
    0xcf, 0xff, 0xff, 0xf2, 0x0, 0x1a, 0xff, 0x11,
    0x0, 0x0, 0xaf, 0xf0, 0x0, 0x0, 0xa, 0xff,
    0x0, 0x0, 0x0, 0xaf, 0xf0, 0x0, 0x0, 0xa,
    0xff, 0x0, 0x0, 0x0, 0xaf, 0xf0, 0x0, 0x0,
    0xa, 0xff, 0x0, 0x0, 0x0, 0xaf, 0xf0, 0x0,
    0x0, 0xa, 0xff, 0x0, 0x0, 0x0, 0xaf, 0xf0,
    0x0, 0x0, 0xa, 0xff, 0x0, 0x0, 0x0, 0xaf,
    0xf0, 0x0, 0x0, 0x1a, 0xff, 0x11, 0x0, 0xcf,
    0xff, 0xff, 0xf2, 0xc, 0xff, 0xff, 0xff, 0x20,

    /* U+012D "ĭ" */
    0x2, 0x0, 0x0, 0x30, 0x5f, 0x40, 0x2, 0xf7,
    0x1f, 0xd1, 0x1b, 0xf3, 0x8, 0xff, 0xff, 0xa0,
    0x0, 0x7c, 0xc8, 0x0, 0x0, 0x0, 0x0, 0x0,
    0x0, 0x4f, 0xf5, 0x0, 0x0, 0x4f, 0xf5, 0x0,
    0x0, 0x4f, 0xf5, 0x0, 0x0, 0x4f, 0xf5, 0x0,
    0x0, 0x4f, 0xf5, 0x0, 0x0, 0x4f, 0xf5, 0x0,
    0x0, 0x4f, 0xf5, 0x0, 0x0, 0x4f, 0xf5, 0x0,
    0x0, 0x4f, 0xf5, 0x0, 0x0, 0x4f, 0xf5, 0x0,
    0x0, 0x4f, 0xf5, 0x0, 0x0, 0x4f, 0xf5, 0x0,
    0x0, 0x4f, 0xf5, 0x0,

    /* U+012E "Į" */
    0xcf, 0xff, 0xff, 0xf2, 0xcf, 0xff, 0xff, 0xf2,
    0x1, 0xaf, 0xf1, 0x10, 0x0, 0xaf, 0xf0, 0x0,
    0x0, 0xaf, 0xf0, 0x0, 0x0, 0xaf, 0xf0, 0x0,
    0x0, 0xaf, 0xf0, 0x0, 0x0, 0xaf, 0xf0, 0x0,
    0x0, 0xaf, 0xf0, 0x0, 0x0, 0xaf, 0xf0, 0x0,
    0x0, 0xaf, 0xf0, 0x0, 0x0, 0xaf, 0xf0, 0x0,
    0x0, 0xaf, 0xf0, 0x0, 0x0, 0xaf, 0xf0, 0x0,
    0x1, 0xaf, 0xf1, 0x10, 0xcf, 0xff, 0xff, 0xf2,
    0xcf, 0xff, 0xff, 0xf2, 0x0, 0x0, 0x2a, 0x70,
    0x0, 0x5, 0xf4, 0x0, 0x0, 0x1f, 0xb0, 0x0,
    0x0, 0x2f, 0xf8, 0xc4, 0x0, 0x8, 0xef, 0xb2,

    /* U+012F "į" */
    0x0, 0x3e, 0xe4, 0x0, 0x8f, 0xf9, 0x0, 0x4f,
    0xf4, 0x0, 0x0, 0x0, 0x0, 0x0, 0x0, 0x0,
    0x4f, 0xf5, 0x0, 0x4f, 0xf5, 0x0, 0x4f, 0xf5,
    0x0, 0x4f, 0xf5, 0x0, 0x4f, 0xf5, 0x0, 0x4f,
    0xf5, 0x0, 0x4f, 0xf5, 0x0, 0x4f, 0xf5, 0x0,
    0x4f, 0xf5, 0x0, 0x4f, 0xf5, 0x0, 0x4f, 0xf5,
    0x0, 0x4f, 0xf5, 0x0, 0x4f, 0xf5, 0x0, 0x18,
    0x80, 0x3, 0xe6, 0x0, 0xd, 0xe0, 0x0, 0xf,
    0xf9, 0xb6, 0x5, 0xdf, 0xd4,

    /* U+0130 "İ" */
    0x0, 0x7f, 0xd1, 0x0, 0x0, 0xcf, 0xf4, 0x0,
    0x0, 0x6d, 0xc1, 0x0, 0x0, 0x0, 0x0, 0x0,
    0x0, 0x0, 0x0, 0x0, 0xcf, 0xff, 0xff, 0xf2,
    0xcf, 0xff, 0xff, 0xf2, 0x1, 0xaf, 0xf1, 0x10,
    0x0, 0xaf, 0xf0, 0x0, 0x0, 0xaf, 0xf0, 0x0,
    0x0, 0xaf, 0xf0, 0x0, 0x0, 0xaf, 0xf0, 0x0,
    0x0, 0xaf, 0xf0, 0x0, 0x0, 0xaf, 0xf0, 0x0,
    0x0, 0xaf, 0xf0, 0x0, 0x0, 0xaf, 0xf0, 0x0,
    0x0, 0xaf, 0xf0, 0x0, 0x0, 0xaf, 0xf0, 0x0,
    0x0, 0xaf, 0xf0, 0x0, 0x1, 0xaf, 0xf1, 0x10,
    0xcf, 0xff, 0xff, 0xf2, 0xcf, 0xff, 0xff, 0xf2,

    /* U+0131 "ı" */
    0x4f, 0xf5, 0x4f, 0xf5, 0x4f, 0xf5, 0x4f, 0xf5,
    0x4f, 0xf5, 0x4f, 0xf5, 0x4f, 0xf5, 0x4f, 0xf5,
    0x4f, 0xf5, 0x4f, 0xf5, 0x4f, 0xf5, 0x4f, 0xf5,
    0x4f, 0xf5,

    /* U+0132 "Ĳ" */
    0x2f, 0xf7, 0x0, 0x8f, 0xff, 0xfd, 0x2f, 0xf7,
    0x0, 0x8f, 0xff, 0xfd, 0x2f, 0xf7, 0x0, 0x12,
    0x2d, 0xfd, 0x2f, 0xf7, 0x0, 0x0, 0xd, 0xfd,
    0x2f, 0xf7, 0x0, 0x0, 0xd, 0xfd, 0x2f, 0xf7,
    0x0, 0x0, 0xd, 0xfd, 0x2f, 0xf7, 0x0, 0x0,
    0xd, 0xfd, 0x2f, 0xf7, 0x0, 0x0, 0xd, 0xfd,
    0x2f, 0xf7, 0x0, 0x0, 0xd, 0xfd, 0x2c, 0xc5,
    0x0, 0x0, 0xd, 0xfd, 0x0, 0x0, 0x0, 0x0,
    0xd, 0xfd, 0x0, 0x0, 0x0, 0x0, 0xd, 0xfd,
    0x4, 0x75, 0x0, 0x0, 0xe, 0xfc, 0xd, 0xfd,
    0x0, 0x0, 0x4f, 0xfa, 0x6, 0xff, 0xc6, 0x58,
    0xff, 0xf4, 0x0, 0xaf, 0xff, 0xff, 0xff, 0x80,
    0x0, 0x6, 0xcf, 0xfe, 0xb4, 0x0,

    /* U+0133 "ĳ" */
    0x3e, 0xe4, 0x0, 0x2e, 0xf6, 0x7f, 0xf9, 0x0,
    0x6f, 0xfb, 0x3f, 0xf4, 0x0, 0x2e, 0xf6, 0x0,
    0x0, 0x0, 0x0, 0x0, 0x0, 0x0, 0x0, 0x0,
    0x0, 0x3f, 0xf5, 0x0, 0x2f, 0xf7, 0x3f, 0xf5,
    0x0, 0x2f, 0xf7, 0x3f, 0xf5, 0x0, 0x2f, 0xf7,
    0x3f, 0xf5, 0x0, 0x2f, 0xf7, 0x3f, 0xf5, 0x0,
    0x2f, 0xf7, 0x3f, 0xf5, 0x0, 0x2f, 0xf7, 0x3f,
    0xf5, 0x0, 0x2f, 0xf7, 0x3f, 0xf5, 0x0, 0x2f,
    0xf7, 0x3f, 0xf5, 0x0, 0x2f, 0xf7, 0x3f, 0xf5,
    0x0, 0x2f, 0xf7, 0x3f, 0xf5, 0x0, 0x2f, 0xf7,
    0x3f, 0xf5, 0x0, 0x2f, 0xf7, 0x3f, 0xf5, 0x0,
    0x2f, 0xf7, 0x0, 0x0, 0x0, 0x2f, 0xf7, 0x0,
    0x0, 0x0, 0x2f, 0xf7, 0x0, 0x0, 0x1, 0x3f,
    0xf6, 0x0, 0x0, 0xf, 0xff, 0xf3, 0x0, 0x0,
    0xf, 0xfe, 0x70,

    /* U+0134 "Ĵ" */
    0x0, 0x0, 0x7, 0x86, 0x0, 0x0, 0x0, 0x8,
    0xff, 0xf5, 0x0, 0x0, 0x4, 0xff, 0xbf, 0xf1,
    0x0, 0x1, 0xef, 0x70, 0xaf, 0xc0, 0x0, 0x6f,
    0x90, 0x0, 0xcf, 0x30, 0x0, 0x50, 0x0, 0x1,
    0x40, 0x0, 0x0, 0x0, 0x0, 0x0, 0x0, 0x8,
    0xff, 0xff, 0xff, 0xf3, 0x0, 0x8f, 0xff, 0xff,
    0xff, 0x30, 0x1, 0x22, 0x22, 0x8f, 0xf3, 0x0,
    0x0, 0x0, 0x7, 0xff, 0x30, 0x0, 0x0, 0x0,
    0x7f, 0xf3, 0x0, 0x0, 0x0, 0x7, 0xff, 0x30,
    0x0, 0x0, 0x0, 0x7f, 0xf3, 0x0, 0x0, 0x0,
    0x7, 0xff, 0x30, 0x0, 0x0, 0x0, 0x7f, 0xf3,
    0x0, 0x0, 0x0, 0x7, 0xff, 0x30, 0x0, 0x0,
    0x0, 0x7f, 0xf3, 0x0, 0x0, 0x0, 0x7, 0xff,
    0x31, 0x48, 0x0, 0x0, 0x7f, 0xf3, 0x3f, 0xf5,
    0x0, 0xb, 0xff, 0x10, 0xef, 0xe7, 0x59, 0xff,
    0xd0, 0x4, 0xff, 0xff, 0xff, 0xf3, 0x0, 0x3,
    0xbe, 0xfe, 0xa2, 0x0,

    /* U+0135 "ĵ" */
    0x0, 0x8f, 0xfa, 0x0, 0x3, 0xff, 0xff, 0x60,
    0xe, 0xf6, 0x4f, 0xf2, 0x6f, 0x80, 0x6, 0xf8,
    0x3, 0x0, 0x0, 0x30, 0x0, 0x0, 0x0, 0x0,
    0x0, 0x3f, 0xf5, 0x0, 0x0, 0x3f, 0xf5, 0x0,
    0x0, 0x3f, 0xf5, 0x0, 0x0, 0x3f, 0xf5, 0x0,
    0x0, 0x3f, 0xf5, 0x0, 0x0, 0x3f, 0xf5, 0x0,
    0x0, 0x3f, 0xf5, 0x0, 0x0, 0x3f, 0xf5, 0x0,
    0x0, 0x3f, 0xf5, 0x0, 0x0, 0x3f, 0xf5, 0x0,
    0x0, 0x3f, 0xf5, 0x0, 0x0, 0x3f, 0xf5, 0x0,
    0x0, 0x3f, 0xf5, 0x0, 0x0, 0x3f, 0xf5, 0x0,
    0x0, 0x3f, 0xf5, 0x0, 0x1, 0x4f, 0xf4, 0x0,
    0xf, 0xff, 0xf1, 0x0, 0xf, 0xfd, 0x60, 0x0,

    /* U+0136 "Ķ" */
    0x1f, 0xf9, 0x0, 0x0, 0x4, 0xff, 0xb0, 0x1f,
    0xf9, 0x0, 0x0, 0x1e, 0xfe, 0x10, 0x1f, 0xf9,
    0x0, 0x0, 0xcf, 0xf3, 0x0, 0x1f, 0xf9, 0x0,
    0x8, 0xff, 0x60, 0x0, 0x1f, 0xf9, 0x0, 0x3f,
    0xfa, 0x0, 0x0, 0x1f, 0xf9, 0x1, 0xef, 0xd0,
    0x0, 0x0, 0x1f, 0xf8, 0xa, 0xff, 0x20, 0x0,
    0x0, 0x1f, 0xf7, 0x6f, 0xfc, 0x0, 0x0, 0x0,
    0x1f, 0xfa, 0xff, 0xff, 0x50, 0x0, 0x0, 0x1f,
    0xff, 0xf5, 0xef, 0xe1, 0x0, 0x0, 0x1f, 0xff,
    0x80, 0x5f, 0xf9, 0x0, 0x0, 0x1f, 0xfc, 0x0,
    0xc, 0xff, 0x30, 0x0, 0x1f, 0xf9, 0x0, 0x3,
    0xff, 0xc0, 0x0, 0x1f, 0xf9, 0x0, 0x0, 0x9f,
    0xf6, 0x0, 0x1f, 0xf9, 0x0, 0x0, 0x1f, 0xfe,
    0x10, 0x1f, 0xf9, 0x0, 0x0, 0x7, 0xff, 0x90,
    0x1f, 0xf9, 0x0, 0x0, 0x0, 0xdf, 0xf3, 0x0,
    0x0, 0x0, 0x0, 0x0, 0x0, 0x0, 0x0, 0x0,
    0x4, 0xdc, 0x10, 0x0, 0x0, 0x0, 0x0, 0x9,
    0xff, 0x40, 0x0, 0x0, 0x0, 0x0, 0x4, 0xef,
    0x20, 0x0, 0x0, 0x0, 0x0, 0x0, 0xcd, 0x0,
    0x0, 0x0, 0x0, 0x0, 0x6, 0xf3, 0x0, 0x0,
    0x0,

    /* U+0137 "ķ" */
    0x4f, 0xf5, 0x0, 0x0, 0x0, 0x0, 0x4f, 0xf5,
    0x0, 0x0, 0x0, 0x0, 0x4f, 0xf5, 0x0, 0x0,
    0x0, 0x0, 0x4f, 0xf5, 0x0, 0x0, 0x0, 0x0,
    0x4f, 0xf5, 0x0, 0x0, 0x0, 0x0, 0x4f, 0xf5,
    0x0, 0x7, 0xff, 0x80, 0x4f, 0xf5, 0x0, 0x3f,
    0xfb, 0x0, 0x4f, 0xf5, 0x1, 0xef, 0xd1, 0x0,
    0x4f, 0xf5, 0xb, 0xff, 0x30, 0x0, 0x4f, 0xf4,
    0x6f, 0xf5, 0x0, 0x0, 0x4f, 0xf5, 0xff, 0xe0,
    0x0, 0x0, 0x4f, 0xfe, 0xff, 0xf7, 0x0, 0x0,
    0x4f, 0xff, 0x6c, 0xff, 0x10, 0x0, 0x4f, 0xf9,
    0x3, 0xff, 0x90, 0x0, 0x4f, 0xf5, 0x0, 0xaf,
    0xf2, 0x0, 0x4f, 0xf5, 0x0, 0x2f, 0xfb, 0x0,
    0x4f, 0xf5, 0x0, 0x9, 0xff, 0x40, 0x4f, 0xf5,
    0x0, 0x1, 0xff, 0xd0, 0x0, 0x0, 0x0, 0x0,
    0x0, 0x0, 0x0, 0x0, 0x6e, 0xb0, 0x0, 0x0,
    0x0, 0x0, 0xbf, 0xf2, 0x0, 0x0, 0x0, 0x0,
    0x6f, 0xf0, 0x0, 0x0, 0x0, 0x0, 0xe, 0xb0,
    0x0, 0x0, 0x0, 0x0, 0x9e, 0x20, 0x0, 0x0,

    /* U+0138 "ĸ" */
    0x4f, 0xf5, 0x0, 0x7, 0xff, 0x80, 0x4f, 0xf5,
    0x0, 0x3f, 0xfb, 0x0, 0x4f, 0xf5, 0x1, 0xef,
    0xd1, 0x0, 0x4f, 0xf5, 0xb, 0xff, 0x20, 0x0,
    0x4f, 0xf4, 0x6f, 0xf5, 0x0, 0x0, 0x4f, 0xf5,
    0xff, 0xe0, 0x0, 0x0, 0x4f, 0xfe, 0xff, 0xf7,
    0x0, 0x0, 0x4f, 0xff, 0x6c, 0xff, 0x10, 0x0,
    0x4f, 0xf9, 0x3, 0xff, 0x90, 0x0, 0x4f, 0xf5,
    0x0, 0xaf, 0xf2, 0x0, 0x4f, 0xf5, 0x0, 0x2f,
    0xfb, 0x0, 0x4f, 0xf5, 0x0, 0x9, 0xff, 0x50,
    0x4f, 0xf5, 0x0, 0x1, 0xff, 0xd0,

    /* U+0139 "Ĺ" */
    0x0, 0x3, 0x0, 0x0, 0x0, 0x0, 0x6f, 0xb1,
    0x0, 0x0, 0x0, 0xdf, 0xb0, 0x0, 0x0, 0x5,
    0xff, 0x10, 0x0, 0x0, 0xc, 0xf6, 0x0, 0x0,
    0x0, 0x4, 0x80, 0x0, 0x0, 0x0, 0x0, 0x0,
    0x0, 0x0, 0x0, 0x1f, 0xf9, 0x0, 0x0, 0x0,
    0x1f, 0xf9, 0x0, 0x0, 0x0, 0x1f, 0xf9, 0x0,
    0x0, 0x0, 0x1f, 0xf9, 0x0, 0x0, 0x0, 0x1f,
    0xf9, 0x0, 0x0, 0x0, 0x1f, 0xf9, 0x0, 0x0,
    0x0, 0x1f, 0xf9, 0x0, 0x0, 0x0, 0x1f, 0xf9,
    0x0, 0x0, 0x0, 0x1f, 0xf9, 0x0, 0x0, 0x0,
    0x1f, 0xf9, 0x0, 0x0, 0x0, 0x1f, 0xf9, 0x0,
    0x0, 0x0, 0x1f, 0xf9, 0x0, 0x0, 0x0, 0x1f,
    0xf9, 0x0, 0x0, 0x0, 0x1f, 0xf9, 0x0, 0x0,
    0x0, 0x1f, 0xfb, 0x44, 0x44, 0x43, 0x1f, 0xff,
    0xff, 0xff, 0xfe, 0x1f, 0xff, 0xff, 0xff, 0xfe,

    /* U+013A "ĺ" */
    0x0, 0x0, 0x0, 0x0, 0x8d, 0x60, 0x0, 0xef,
    0xa0, 0x7, 0xfe, 0x10, 0xe, 0xf4, 0x0, 0x19,
    0x90, 0x0, 0x0, 0x0, 0x0, 0x4f, 0xf5, 0x0,
    0x4f, 0xf5, 0x0, 0x4f, 0xf5, 0x0, 0x4f, 0xf5,
    0x0, 0x4f, 0xf5, 0x0, 0x4f, 0xf5, 0x0, 0x4f,
    0xf5, 0x0, 0x4f, 0xf5, 0x0, 0x4f, 0xf5, 0x0,
    0x4f, 0xf5, 0x0, 0x4f, 0xf5, 0x0, 0x4f, 0xf5,
    0x0, 0x4f, 0xf5, 0x0, 0x4f, 0xf5, 0x0, 0x4f,
    0xf5, 0x0, 0x3f, 0xf6, 0x10, 0x1f, 0xff, 0xe0,
    0x6, 0xef, 0xe0,

    /* U+013B "Ļ" */
    0x1f, 0xf9, 0x0, 0x0, 0x0, 0x1f, 0xf9, 0x0,
    0x0, 0x0, 0x1f, 0xf9, 0x0, 0x0, 0x0, 0x1f,
    0xf9, 0x0, 0x0, 0x0, 0x1f, 0xf9, 0x0, 0x0,
    0x0, 0x1f, 0xf9, 0x0, 0x0, 0x0, 0x1f, 0xf9,
    0x0, 0x0, 0x0, 0x1f, 0xf9, 0x0, 0x0, 0x0,
    0x1f, 0xf9, 0x0, 0x0, 0x0, 0x1f, 0xf9, 0x0,
    0x0, 0x0, 0x1f, 0xf9, 0x0, 0x0, 0x0, 0x1f,
    0xf9, 0x0, 0x0, 0x0, 0x1f, 0xf9, 0x0, 0x0,
    0x0, 0x1f, 0xf9, 0x0, 0x0, 0x0, 0x1f, 0xfb,
    0x44, 0x44, 0x43, 0x1f, 0xff, 0xff, 0xff, 0xfe,
    0x1f, 0xff, 0xff, 0xff, 0xfe, 0x0, 0x0, 0x0,
    0x0, 0x0, 0x0, 0x0, 0x8e, 0xa0, 0x0, 0x0,
    0x0, 0xdf, 0xf0, 0x0, 0x0, 0x0, 0x8f, 0xe0,
    0x0, 0x0, 0x0, 0x1f, 0x90, 0x0, 0x0, 0x0,
    0xbd, 0x10, 0x0,

    /* U+013C "ļ" */
    0x4f, 0xf5, 0x4, 0xff, 0x50, 0x4f, 0xf5, 0x4,
    0xff, 0x50, 0x4f, 0xf5, 0x4, 0xff, 0x50, 0x4f,
    0xf5, 0x4, 0xff, 0x50, 0x4f, 0xf5, 0x4, 0xff,
    0x50, 0x4f, 0xf5, 0x4, 0xff, 0x50, 0x4f, 0xf5,
    0x4, 0xff, 0x50, 0x4f, 0xf5, 0x3, 0xff, 0x61,
    0x1f, 0xff, 0xe0, 0x6e, 0xfe, 0x0, 0x0, 0x0,
    0x4d, 0xc1, 0x9, 0xff, 0x40, 0x4e, 0xf2, 0x0,
    0xcd, 0x0, 0x7f, 0x30,

    /* U+013D "Ľ" */
    0x0, 0x0, 0x8, 0xff, 0x10, 0x1f, 0xf9, 0x9,
    0xfc, 0x0, 0x1f, 0xf9, 0x9, 0xf8, 0x0, 0x1f,
    0xf9, 0xa, 0xf3, 0x0, 0x1f, 0xf9, 0x9, 0xd0,
    0x0, 0x1f, 0xf9, 0x0, 0x0, 0x0, 0x1f, 0xf9,
    0x0, 0x0, 0x0, 0x1f, 0xf9, 0x0, 0x0, 0x0,
    0x1f, 0xf9, 0x0, 0x0, 0x0, 0x1f, 0xf9, 0x0,
    0x0, 0x0, 0x1f, 0xf9, 0x0, 0x0, 0x0, 0x1f,
    0xf9, 0x0, 0x0, 0x0, 0x1f, 0xf9, 0x0, 0x0,
    0x0, 0x1f, 0xf9, 0x0, 0x0, 0x0, 0x1f, 0xf9,
    0x0, 0x0, 0x0, 0x1f, 0xfb, 0x44, 0x44, 0x43,
    0x1f, 0xff, 0xff, 0xff, 0xfe, 0x1f, 0xff, 0xff,
    0xff, 0xfe,

    /* U+013E "ľ" */
    0x4f, 0xf5, 0x2f, 0xf7, 0x4f, 0xf5, 0x3f, 0xf2,
    0x4f, 0xf5, 0x3f, 0xe0, 0x4f, 0xf5, 0x4f, 0x90,
    0x4f, 0xf5, 0x4d, 0x40, 0x4f, 0xf5, 0x0, 0x0,
    0x4f, 0xf5, 0x0, 0x0, 0x4f, 0xf5, 0x0, 0x0,
    0x4f, 0xf5, 0x0, 0x0, 0x4f, 0xf5, 0x0, 0x0,
    0x4f, 0xf5, 0x0, 0x0, 0x4f, 0xf5, 0x0, 0x0,
    0x4f, 0xf5, 0x0, 0x0, 0x4f, 0xf5, 0x0, 0x0,
    0x4f, 0xf5, 0x0, 0x0, 0x3f, 0xf6, 0x10, 0x0,
    0x1f, 0xff, 0xe0, 0x0, 0x6, 0xef, 0xe0, 0x0,

    /* U+013F "Ŀ" */
    0x1f, 0xf9, 0x0, 0x0, 0x0, 0x1f, 0xf9, 0x0,
    0x0, 0x0, 0x1f, 0xf9, 0x0, 0x0, 0x0, 0x1f,
    0xf9, 0x0, 0x0, 0x0, 0x1f, 0xf9, 0x0, 0x0,
    0x0, 0x1f, 0xf9, 0x0, 0x0, 0x0, 0x1f, 0xf9,
    0x0, 0x0, 0x0, 0x1f, 0xf9, 0x0, 0x4f, 0xe3,
    0x1f, 0xf9, 0x0, 0x9f, 0xf7, 0x1f, 0xf9, 0x0,
    0x4d, 0xd2, 0x1f, 0xf9, 0x0, 0x0, 0x0, 0x1f,
    0xf9, 0x0, 0x0, 0x0, 0x1f, 0xf9, 0x0, 0x0,
    0x0, 0x1f, 0xf9, 0x0, 0x0, 0x0, 0x1f, 0xfb,
    0x44, 0x44, 0x43, 0x1f, 0xff, 0xff, 0xff, 0xfe,
    0x1f, 0xff, 0xff, 0xff, 0xfe,

    /* U+0140 "ŀ" */
    0x4f, 0xf5, 0x0, 0x0, 0x4f, 0xf5, 0x0, 0x0,
    0x4f, 0xf5, 0x0, 0x0, 0x4f, 0xf5, 0x0, 0x0,
    0x4f, 0xf5, 0x0, 0x0, 0x4f, 0xf5, 0x0, 0x0,
    0x4f, 0xf5, 0x0, 0x0, 0x4f, 0xf5, 0x0, 0x0,
    0x4f, 0xf5, 0x0, 0x0, 0x4f, 0xf5, 0xc, 0xfa,
    0x4f, 0xf5, 0x1f, 0xff, 0x4f, 0xf5, 0xa, 0xe8,
    0x4f, 0xf5, 0x0, 0x0, 0x4f, 0xf5, 0x0, 0x0,
    0x4f, 0xf5, 0x0, 0x0, 0x3f, 0xf6, 0x10, 0x0,
    0x1f, 0xff, 0xe0, 0x0, 0x6, 0xef, 0xe0, 0x0,

    /* U+0141 "Ł" */
    0x0, 0xef, 0xc0, 0x0, 0x0, 0x0, 0x0, 0xef,
    0xc0, 0x0, 0x0, 0x0, 0x0, 0xef, 0xc0, 0x0,
    0x0, 0x0, 0x0, 0xef, 0xc0, 0x0, 0x0, 0x0,
    0x0, 0xef, 0xc0, 0x0, 0x0, 0x0, 0x0, 0xef,
    0xc0, 0x0, 0x0, 0x0, 0x0, 0xef, 0xc0, 0x3,
    0x40, 0x0, 0x0, 0xef, 0xd7, 0xdf, 0x80, 0x0,
    0x1, 0xef, 0xff, 0xfc, 0x40, 0x0, 0xbf, 0xff,
    0xe7, 0x10, 0x0, 0x0, 0xfd, 0xff, 0xc0, 0x0,
    0x0, 0x0, 0x30, 0xef, 0xc0, 0x0, 0x0, 0x0,
    0x0, 0xef, 0xc0, 0x0, 0x0, 0x0, 0x0, 0xef,
    0xc0, 0x0, 0x0, 0x0, 0x0, 0xef, 0xd4, 0x44,
    0x44, 0x40, 0x0, 0xef, 0xff, 0xff, 0xff, 0xf2,
    0x0, 0xef, 0xff, 0xff, 0xff, 0xf2,

    /* U+0142 "ł" */
    0x4, 0xff, 0x50, 0x0, 0x4f, 0xf5, 0x0, 0x4,
    0xff, 0x50, 0x0, 0x4f, 0xf5, 0x0, 0x4, 0xff,
    0x50, 0x0, 0x4f, 0xf5, 0x0, 0x4, 0xff, 0x50,
    0x10, 0x4f, 0xfc, 0xe7, 0x29, 0xff, 0xff, 0x5e,
    0xff, 0xf8, 0x0, 0xa9, 0xff, 0x50, 0x0, 0x4f,
    0xf5, 0x0, 0x4, 0xff, 0x50, 0x0, 0x4f, 0xf5,
    0x0, 0x4, 0xff, 0x50, 0x0, 0x3f, 0xf6, 0x10,
    0x1, 0xff, 0xfe, 0x0, 0x6, 0xef, 0xe0,

    /* U+0143 "Ń" */
    0x0, 0x0, 0x0, 0x1, 0x20, 0x0, 0x0, 0x0,
    0x0, 0x0, 0xa, 0xf9, 0x0, 0x0, 0x0, 0x0,
    0x0, 0x1f, 0xf8, 0x0, 0x0, 0x0, 0x0, 0x0,
    0x9f, 0xc0, 0x0, 0x0, 0x0, 0x0, 0x1, 0xff,
    0x20, 0x0, 0x0, 0x0, 0x0, 0x0, 0x56, 0x0,
    0x0, 0x0, 0x0, 0x0, 0x0, 0x0, 0x0, 0x0,
    0x0, 0x1f, 0xff, 0x30, 0x0, 0x0, 0x5f, 0xf3,
    0x1f, 0xff, 0xb0, 0x0, 0x0, 0x5f, 0xf3, 0x1f,
    0xff, 0xf3, 0x0, 0x0, 0x5f, 0xf3, 0x1f, 0xfd,
    0xfc, 0x0, 0x0, 0x5f, 0xf3, 0x1f, 0xf6, 0xff,
    0x40, 0x0, 0x5f, 0xf3, 0x1f, 0xf6, 0xaf, 0xc0,
    0x0, 0x5f, 0xf3, 0x1f, 0xf7, 0x3f, 0xf4, 0x0,
    0x5f, 0xf3, 0x1f, 0xf7, 0xb, 0xfc, 0x0, 0x5f,
    0xf3, 0x1f, 0xf7, 0x3, 0xff, 0x40, 0x5f, 0xf3,
    0x1f, 0xf7, 0x0, 0xbf, 0xc0, 0x5f, 0xf3, 0x1f,
    0xf7, 0x0, 0x3f, 0xf4, 0x5f, 0xf3, 0x1f, 0xf7,
    0x0, 0xa, 0xfb, 0x4f, 0xf3, 0x1f, 0xf7, 0x0,
    0x2, 0xff, 0x5f, 0xf3, 0x1f, 0xf7, 0x0, 0x0,
    0xaf, 0xdf, 0xf3, 0x1f, 0xf7, 0x0, 0x0, 0x2f,
    0xff, 0xf3, 0x1f, 0xf7, 0x0, 0x0, 0xa, 0xff,
    0xf3, 0x1f, 0xf7, 0x0, 0x0, 0x2, 0xff, 0xf3,

    /* U+0144 "ń" */
    0x0, 0x0, 0x0, 0x30, 0x0, 0x0, 0x0, 0x0,
    0xe, 0xe4, 0x0, 0x0, 0x0, 0x7, 0xff, 0x20,
    0x0, 0x0, 0x0, 0xef, 0x70, 0x0, 0x0, 0x0,
    0x6f, 0xc0, 0x0, 0x0, 0x0, 0x1, 0x92, 0x0,
    0x0, 0x0, 0x0, 0x0, 0x0, 0x0, 0x4, 0xff,
    0x52, 0xbf, 0xe9, 0x10, 0x4f, 0xf5, 0xef, 0xff,
    0xfb, 0x4, 0xff, 0xd7, 0x34, 0xef, 0xf3, 0x4f,
    0xf8, 0x0, 0x5, 0xff, 0x64, 0xff, 0x50, 0x0,
    0x2f, 0xf7, 0x4f, 0xf5, 0x0, 0x1, 0xff, 0x84,
    0xff, 0x50, 0x0, 0x1f, 0xf8, 0x4f, 0xf5, 0x0,
    0x1, 0xff, 0x84, 0xff, 0x50, 0x0, 0x1f, 0xf8,
    0x4f, 0xf5, 0x0, 0x1, 0xff, 0x84, 0xff, 0x50,
    0x0, 0x1f, 0xf8, 0x4f, 0xf5, 0x0, 0x1, 0xff,
    0x84, 0xff, 0x50, 0x0, 0x1f, 0xf8,

    /* U+0145 "Ņ" */
    0x1f, 0xff, 0x30, 0x0, 0x0, 0x5f, 0xf3, 0x1f,
    0xff, 0xb0, 0x0, 0x0, 0x5f, 0xf3, 0x1f, 0xff,
    0xf3, 0x0, 0x0, 0x5f, 0xf3, 0x1f, 0xfd, 0xfc,
    0x0, 0x0, 0x5f, 0xf3, 0x1f, 0xf6, 0xff, 0x40,
    0x0, 0x5f, 0xf3, 0x1f, 0xf6, 0xaf, 0xc0, 0x0,
    0x5f, 0xf3, 0x1f, 0xf7, 0x3f, 0xf4, 0x0, 0x5f,
    0xf3, 0x1f, 0xf7, 0xb, 0xfc, 0x0, 0x5f, 0xf3,
    0x1f, 0xf7, 0x3, 0xff, 0x40, 0x5f, 0xf3, 0x1f,
    0xf7, 0x0, 0xbf, 0xc0, 0x5f, 0xf3, 0x1f, 0xf7,
    0x0, 0x3f, 0xf4, 0x5f, 0xf3, 0x1f, 0xf7, 0x0,
    0xa, 0xfb, 0x4f, 0xf3, 0x1f, 0xf7, 0x0, 0x2,
    0xff, 0x5f, 0xf3, 0x1f, 0xf7, 0x0, 0x0, 0xaf,
    0xdf, 0xf3, 0x1f, 0xf7, 0x0, 0x0, 0x2f, 0xff,
    0xf3, 0x1f, 0xf7, 0x0, 0x0, 0xa, 0xff, 0xf3,
    0x1f, 0xf7, 0x0, 0x0, 0x2, 0xff, 0xf3, 0x0,
    0x0, 0x0, 0x0, 0x0, 0x0, 0x0, 0x0, 0x0,
    0x2, 0xdd, 0x30, 0x0, 0x0, 0x0, 0x0, 0x6,
    0xff, 0x70, 0x0, 0x0, 0x0, 0x0, 0x2, 0xdf,
    0x60, 0x0, 0x0, 0x0, 0x0, 0x0, 0x9f, 0x10,
    0x0, 0x0, 0x0, 0x0, 0x4, 0xf6, 0x0, 0x0,
    0x0,

    /* U+0146 "ņ" */
    0x4f, 0xf5, 0x2b, 0xfe, 0x91, 0x4, 0xff, 0x5e,
    0xff, 0xff, 0xb0, 0x4f, 0xfd, 0x73, 0x4e, 0xff,
    0x34, 0xff, 0x80, 0x0, 0x5f, 0xf6, 0x4f, 0xf5,
    0x0, 0x2, 0xff, 0x74, 0xff, 0x50, 0x0, 0x1f,
    0xf8, 0x4f, 0xf5, 0x0, 0x1, 0xff, 0x84, 0xff,
    0x50, 0x0, 0x1f, 0xf8, 0x4f, 0xf5, 0x0, 0x1,
    0xff, 0x84, 0xff, 0x50, 0x0, 0x1f, 0xf8, 0x4f,
    0xf5, 0x0, 0x1, 0xff, 0x84, 0xff, 0x50, 0x0,
    0x1f, 0xf8, 0x4f, 0xf5, 0x0, 0x1, 0xff, 0x80,
    0x0, 0x0, 0x0, 0x0, 0x0, 0x0, 0x0, 0x7e,
    0xa0, 0x0, 0x0, 0x0, 0xd, 0xff, 0x10, 0x0,
    0x0, 0x0, 0x7f, 0xf0, 0x0, 0x0, 0x0, 0x0,
    0xfa, 0x0, 0x0, 0x0, 0x0, 0xae, 0x10, 0x0,
    0x0,

    /* U+0147 "Ň" */
    0x0, 0x0, 0x0, 0x0, 0x0, 0x0, 0x0, 0x0,
    0x9, 0xd1, 0x0, 0xc, 0xa0, 0x0, 0x0, 0x8,
    0xfd, 0x10, 0xcf, 0x90, 0x0, 0x0, 0x0, 0xbf,
    0xcb, 0xfc, 0x0, 0x0, 0x0, 0x0, 0x1e, 0xff,
    0xe2, 0x0, 0x0, 0x0, 0x0, 0x3, 0x88, 0x30,
    0x0, 0x0, 0x0, 0x0, 0x0, 0x0, 0x0, 0x0,
    0x0, 0x1f, 0xff, 0x30, 0x0, 0x0, 0x5f, 0xf3,
    0x1f, 0xff, 0xb0, 0x0, 0x0, 0x5f, 0xf3, 0x1f,
    0xff, 0xf3, 0x0, 0x0, 0x5f, 0xf3, 0x1f, 0xfd,
    0xfc, 0x0, 0x0, 0x5f, 0xf3, 0x1f, 0xf6, 0xff,
    0x40, 0x0, 0x5f, 0xf3, 0x1f, 0xf6, 0xaf, 0xc0,
    0x0, 0x5f, 0xf3, 0x1f, 0xf7, 0x3f, 0xf4, 0x0,
    0x5f, 0xf3, 0x1f, 0xf7, 0xb, 0xfc, 0x0, 0x5f,
    0xf3, 0x1f, 0xf7, 0x3, 0xff, 0x40, 0x5f, 0xf3,
    0x1f, 0xf7, 0x0, 0xbf, 0xc0, 0x5f, 0xf3, 0x1f,
    0xf7, 0x0, 0x3f, 0xf4, 0x5f, 0xf3, 0x1f, 0xf7,
    0x0, 0xa, 0xfb, 0x4f, 0xf3, 0x1f, 0xf7, 0x0,
    0x2, 0xff, 0x5f, 0xf3, 0x1f, 0xf7, 0x0, 0x0,
    0xaf, 0xdf, 0xf3, 0x1f, 0xf7, 0x0, 0x0, 0x2f,
    0xff, 0xf3, 0x1f, 0xf7, 0x0, 0x0, 0xa, 0xff,
    0xf3, 0x1f, 0xf7, 0x0, 0x0, 0x2, 0xff, 0xf3,

    /* U+0148 "ň" */
    0x0, 0x0, 0x0, 0x0, 0x0, 0x0, 0x1d, 0x90,
    0x0, 0x4e, 0x50, 0x0, 0xdf, 0x80, 0x3f, 0xf3,
    0x0, 0x2, 0xff, 0x9f, 0xf7, 0x0, 0x0, 0x5,
    0xff, 0xfa, 0x0, 0x0, 0x0, 0x6, 0x87, 0x0,
    0x0, 0x0, 0x0, 0x0, 0x0, 0x0, 0x4, 0xff,
    0x52, 0xbf, 0xe9, 0x10, 0x4f, 0xf5, 0xef, 0xff,
    0xfb, 0x4, 0xff, 0xd7, 0x34, 0xef, 0xf3, 0x4f,
    0xf8, 0x0, 0x5, 0xff, 0x64, 0xff, 0x50, 0x0,
    0x2f, 0xf7, 0x4f, 0xf5, 0x0, 0x1, 0xff, 0x84,
    0xff, 0x50, 0x0, 0x1f, 0xf8, 0x4f, 0xf5, 0x0,
    0x1, 0xff, 0x84, 0xff, 0x50, 0x0, 0x1f, 0xf8,
    0x4f, 0xf5, 0x0, 0x1, 0xff, 0x84, 0xff, 0x50,
    0x0, 0x1f, 0xf8, 0x4f, 0xf5, 0x0, 0x1, 0xff,
    0x84, 0xff, 0x50, 0x0, 0x1f, 0xf8,

    /* U+0149 "ŉ" */
    0x2, 0xdf, 0x90, 0x0, 0x0, 0x0, 0x0, 0x0,
    0x0, 0x0, 0x6f, 0xff, 0x0, 0x0, 0x0, 0x0,
    0x0, 0x0, 0x0, 0x3, 0xff, 0xe0, 0x0, 0x0,
    0x0, 0x0, 0x0, 0x0, 0x0, 0x5, 0xfb, 0x0,
    0x0, 0x0, 0x0, 0x0, 0x0, 0x0, 0x0, 0xbf,
    0x30, 0x0, 0x0, 0x0, 0x0, 0x0, 0x0, 0x0,
    0x6f, 0x80, 0x0, 0xa, 0xfe, 0x6, 0xdf, 0xd5,
    0x0, 0x5, 0x50, 0x0, 0x0, 0xaf, 0xe5, 0xff,
    0xff, 0xf5, 0x0, 0x0, 0x0, 0x0, 0xa, 0xff,
    0xb4, 0x38, 0xff, 0xc0, 0x0, 0x0, 0x0, 0x0,
    0xaf, 0xf2, 0x0, 0xc, 0xff, 0x0, 0x0, 0x0,
    0x0, 0xa, 0xfe, 0x0, 0x0, 0x8f, 0xf1, 0x0,
    0x0, 0x0, 0x0, 0xaf, 0xe0, 0x0, 0x8, 0xff,
    0x10, 0x0, 0x0, 0x0, 0xa, 0xfe, 0x0, 0x0,
    0x8f, 0xf1, 0x0, 0x0, 0x0, 0x0, 0xaf, 0xe0,
    0x0, 0x8, 0xff, 0x10, 0x0, 0x0, 0x0, 0xa,
    0xfe, 0x0, 0x0, 0x8f, 0xf1, 0x0, 0x0, 0x0,
    0x0, 0xaf, 0xe0, 0x0, 0x8, 0xff, 0x10, 0x0,
    0x0, 0x0, 0xa, 0xfe, 0x0, 0x0, 0x8f, 0xf1,
    0x0, 0x0, 0x0, 0x0, 0xaf, 0xe0, 0x0, 0x8,
    0xff, 0x10, 0x0, 0x0, 0x0, 0xa, 0xfe, 0x0,
    0x0, 0x8f, 0xf1,

    /* U+014A "Ŋ" */
    0x1f, 0xff, 0x30, 0x0, 0x0, 0x5f, 0xf3, 0x1f,
    0xff, 0xb0, 0x0, 0x0, 0x5f, 0xf3, 0x1f, 0xff,
    0xf3, 0x0, 0x0, 0x5f, 0xf3, 0x1f, 0xfd, 0xfc,
    0x0, 0x0, 0x5f, 0xf3, 0x1f, 0xf6, 0xff, 0x40,
    0x0, 0x5f, 0xf3, 0x1f, 0xf6, 0xaf, 0xc0, 0x0,
    0x5f, 0xf3, 0x1f, 0xf7, 0x3f, 0xf4, 0x0, 0x5f,
    0xf3, 0x1f, 0xf7, 0xb, 0xfc, 0x0, 0x5f, 0xf3,
    0x1f, 0xf7, 0x3, 0xff, 0x40, 0x5f, 0xf3, 0x1f,
    0xf7, 0x0, 0xbf, 0xc0, 0x5f, 0xf3, 0x1f, 0xf7,
    0x0, 0x3f, 0xf4, 0x5f, 0xf3, 0x1f, 0xf7, 0x0,
    0xa, 0xfb, 0x4f, 0xf3, 0x1f, 0xf7, 0x0, 0x2,
    0xff, 0x5f, 0xf3, 0x1f, 0xf7, 0x0, 0x0, 0xaf,
    0xdf, 0xf3, 0x1f, 0xf7, 0x0, 0x0, 0x2f, 0xff,
    0xf3, 0x1f, 0xf7, 0x0, 0x0, 0xa, 0xff, 0xf3,
    0x1f, 0xf7, 0x0, 0x0, 0x2, 0xff, 0xf3, 0x0,
    0x0, 0x0, 0x0, 0x0, 0x5f, 0xf3, 0x0, 0x0,
    0x0, 0x0, 0x0, 0x5f, 0xf3, 0x0, 0x0, 0x0,
    0x0, 0x1, 0x6f, 0xf2, 0x0, 0x0, 0x0, 0x0,
    0x3f, 0xff, 0xe0, 0x0, 0x0, 0x0, 0x0, 0x3f,
    0xfd, 0x40,

    /* U+014B "ŋ" */
    0x4f, 0xf5, 0x2b, 0xfe, 0x90, 0x4, 0xff, 0x5e,
    0xff, 0xff, 0xb0, 0x4f, 0xfd, 0x73, 0x4e, 0xff,
    0x34, 0xff, 0x80, 0x0, 0x5f, 0xf6, 0x4f, 0xf5,
    0x0, 0x2, 0xff, 0x74, 0xff, 0x50, 0x0, 0x1f,
    0xf8, 0x4f, 0xf5, 0x0, 0x1, 0xff, 0x84, 0xff,
    0x50, 0x0, 0x1f, 0xf8, 0x4f, 0xf5, 0x0, 0x1,
    0xff, 0x84, 0xff, 0x50, 0x0, 0x1f, 0xf8, 0x4f,
    0xf5, 0x0, 0x1, 0xff, 0x84, 0xff, 0x50, 0x0,
    0x1f, 0xf8, 0x4f, 0xf5, 0x0, 0x1, 0xff, 0x80,
    0x0, 0x0, 0x0, 0x1f, 0xf8, 0x0, 0x0, 0x0,
    0x1, 0xff, 0x80, 0x0, 0x0, 0x1, 0x2f, 0xf7,
    0x0, 0x0, 0x0, 0xef, 0xff, 0x40, 0x0, 0x0,
    0xe, 0xfe, 0x80,

    /* U+014C "Ō" */
    0x0, 0x4, 0xff, 0xff, 0xff, 0x40, 0x0, 0x0,
    0x4, 0xff, 0xff, 0xff, 0x40, 0x0, 0x0, 0x0,
    0x0, 0x0, 0x0, 0x0, 0x0, 0x0, 0x0, 0x0,
    0x0, 0x0, 0x0, 0x0, 0x0, 0x0, 0x0, 0x0,
    0x0, 0x0, 0x0, 0x0, 0x2, 0x9d, 0xff, 0xd9,
    0x20, 0x0, 0x0, 0x6f, 0xff, 0xff, 0xff, 0xf6,
    0x0, 0x4, 0xff, 0xf8, 0x55, 0x8f, 0xff, 0x40,
    0xd, 0xfe, 0x20, 0x0, 0x2, 0xef, 0xd0, 0x3f,
    0xf7, 0x0, 0x0, 0x0, 0x7f, 0xf3, 0x7f, 0xf2,
    0x0, 0x0, 0x0, 0x2f, 0xf7, 0xaf, 0xf1, 0x0,
    0x0, 0x0, 0x1f, 0xfa, 0xbf, 0xf1, 0x0, 0x0,
    0x0, 0x1f, 0xfb, 0xcf, 0xf1, 0x0, 0x0, 0x0,
    0x1f, 0xfc, 0xbf, 0xf1, 0x0, 0x0, 0x0, 0x1f,
    0xfb, 0xaf, 0xf1, 0x0, 0x0, 0x0, 0x1f, 0xfa,
    0x7f, 0xf2, 0x0, 0x0, 0x0, 0x2f, 0xf7, 0x3f,
    0xf7, 0x0, 0x0, 0x0, 0x7f, 0xf3, 0xd, 0xfe,
    0x20, 0x0, 0x2, 0xef, 0xd0, 0x4, 0xff, 0xf8,
    0x55, 0x8f, 0xff, 0x40, 0x0, 0x6f, 0xff, 0xff,
    0xff, 0xf6, 0x0, 0x0, 0x2, 0x9d, 0xff, 0xd9,
    0x20, 0x0,

    /* U+014D "ō" */
    0x0, 0xf, 0xff, 0xff, 0xfa, 0x0, 0x0, 0xe,
    0xff, 0xff, 0xfa, 0x0, 0x0, 0x0, 0x0, 0x0,
    0x0, 0x0, 0x0, 0x0, 0x0, 0x0, 0x0, 0x0,
    0x0, 0x4, 0xbe, 0xfe, 0x92, 0x0, 0x0, 0x8f,
    0xff, 0xff, 0xfe, 0x30, 0x3, 0xff, 0xb3, 0x25,
    0xef, 0xd0, 0xa, 0xfe, 0x0, 0x0, 0x5f, 0xf4,
    0xe, 0xfb, 0x0, 0x0, 0x1f, 0xf8, 0xf, 0xfa,
    0x0, 0x0, 0xf, 0xfa, 0x1f, 0xfa, 0x0, 0x0,
    0xf, 0xfb, 0xf, 0xfa, 0x0, 0x0, 0xf, 0xfa,
    0xe, 0xfb, 0x0, 0x0, 0x1f, 0xf8, 0xa, 0xfe,
    0x0, 0x0, 0x5f, 0xf4, 0x3, 0xff, 0xb3, 0x25,
    0xef, 0xd0, 0x0, 0x8f, 0xff, 0xff, 0xfe, 0x30,
    0x0, 0x4, 0xbe, 0xfe, 0x92, 0x0,

    /* U+014E "Ŏ" */
    0x0, 0x0, 0x10, 0x0, 0x1, 0x0, 0x0, 0x0,
    0xa, 0xd0, 0x0, 0xd, 0xa0, 0x0, 0x0, 0x8,
    0xf9, 0x0, 0x9f, 0x70, 0x0, 0x0, 0x0, 0xdf,
    0xee, 0xfd, 0x0, 0x0, 0x0, 0x0, 0x2b, 0xee,
    0xa1, 0x0, 0x0, 0x0, 0x0, 0x0, 0x0, 0x0,
    0x0, 0x0, 0x0, 0x0, 0x0, 0x0, 0x0, 0x0,
    0x0, 0x0, 0x2, 0x9d, 0xff, 0xd9, 0x20, 0x0,
    0x0, 0x6f, 0xff, 0xff, 0xff, 0xf6, 0x0, 0x4,
    0xff, 0xf8, 0x55, 0x8f, 0xff, 0x40, 0xd, 0xfe,
    0x20, 0x0, 0x2, 0xef, 0xd0, 0x3f, 0xf7, 0x0,
    0x0, 0x0, 0x7f, 0xf3, 0x7f, 0xf2, 0x0, 0x0,
    0x0, 0x2f, 0xf7, 0xaf, 0xf1, 0x0, 0x0, 0x0,
    0x1f, 0xfa, 0xbf, 0xf1, 0x0, 0x0, 0x0, 0x1f,
    0xfb, 0xcf, 0xf1, 0x0, 0x0, 0x0, 0x1f, 0xfc,
    0xbf, 0xf1, 0x0, 0x0, 0x0, 0x1f, 0xfb, 0xaf,
    0xf1, 0x0, 0x0, 0x0, 0x1f, 0xfa, 0x7f, 0xf2,
    0x0, 0x0, 0x0, 0x2f, 0xf7, 0x3f, 0xf7, 0x0,
    0x0, 0x0, 0x7f, 0xf3, 0xd, 0xfe, 0x20, 0x0,
    0x2, 0xef, 0xd0, 0x4, 0xff, 0xf8, 0x55, 0x8f,
    0xff, 0x40, 0x0, 0x6f, 0xff, 0xff, 0xff, 0xf6,
    0x0, 0x0, 0x2, 0x9d, 0xff, 0xd9, 0x20, 0x0,

    /* U+014F "ŏ" */
    0x0, 0x1, 0x0, 0x0, 0x0, 0x0, 0x0, 0x5f,
    0x40, 0x0, 0x8e, 0x10, 0x0, 0x2f, 0xd1, 0x4,
    0xfd, 0x0, 0x0, 0x8, 0xff, 0xef, 0xf4, 0x0,
    0x0, 0x0, 0x8e, 0xfc, 0x40, 0x0, 0x0, 0x0,
    0x0, 0x0, 0x0, 0x0, 0x0, 0x0, 0x0, 0x0,
    0x0, 0x0, 0x0, 0x4, 0xbe, 0xfe, 0x92, 0x0,
    0x0, 0x8f, 0xff, 0xff, 0xfe, 0x30, 0x3, 0xff,
    0xb3, 0x25, 0xef, 0xd0, 0xa, 0xfe, 0x0, 0x0,
    0x5f, 0xf4, 0xe, 0xfb, 0x0, 0x0, 0x1f, 0xf8,
    0xf, 0xfa, 0x0, 0x0, 0xf, 0xfa, 0x1f, 0xfa,
    0x0, 0x0, 0xf, 0xfb, 0xf, 0xfa, 0x0, 0x0,
    0xf, 0xfa, 0xe, 0xfb, 0x0, 0x0, 0x1f, 0xf8,
    0xa, 0xfe, 0x0, 0x0, 0x5f, 0xf4, 0x3, 0xff,
    0xb3, 0x25, 0xef, 0xd0, 0x0, 0x8f, 0xff, 0xff,
    0xfe, 0x30, 0x0, 0x4, 0xbe, 0xfe, 0x92, 0x0,

    /* U+0150 "Ő" */
    0x0, 0x0, 0x0, 0x0, 0x0, 0x0, 0x0, 0x0,
    0x0, 0x7, 0xc3, 0x5, 0xc5, 0x0, 0x0, 0x0,
    0xe, 0xf8, 0xd, 0xfa, 0x0, 0x0, 0x0, 0x7f,
    0xd0, 0x5f, 0xe1, 0x0, 0x0, 0x0, 0xef, 0x30,
    0xcf, 0x50, 0x0, 0x0, 0x1, 0xb8, 0x0, 0xaa,
    0x0, 0x0, 0x0, 0x0, 0x0, 0x0, 0x0, 0x0,
    0x0, 0x0, 0x2, 0x9d, 0xff, 0xd9, 0x20, 0x0,
    0x0, 0x6f, 0xff, 0xff, 0xff, 0xf6, 0x0, 0x4,
    0xff, 0xf8, 0x55, 0x8f, 0xff, 0x40, 0xd, 0xfe,
    0x20, 0x0, 0x2, 0xef, 0xd0, 0x3f, 0xf7, 0x0,
    0x0, 0x0, 0x7f, 0xf3, 0x7f, 0xf2, 0x0, 0x0,
    0x0, 0x2f, 0xf7, 0xaf, 0xf1, 0x0, 0x0, 0x0,
    0x1f, 0xfa, 0xbf, 0xf1, 0x0, 0x0, 0x0, 0x1f,
    0xfb, 0xcf, 0xf1, 0x0, 0x0, 0x0, 0x1f, 0xfc,
    0xbf, 0xf1, 0x0, 0x0, 0x0, 0x1f, 0xfb, 0xaf,
    0xf1, 0x0, 0x0, 0x0, 0x1f, 0xfa, 0x7f, 0xf2,
    0x0, 0x0, 0x0, 0x2f, 0xf7, 0x3f, 0xf7, 0x0,
    0x0, 0x0, 0x7f, 0xf3, 0xd, 0xfe, 0x20, 0x0,
    0x2, 0xef, 0xd0, 0x4, 0xff, 0xf8, 0x55, 0x8f,
    0xff, 0x40, 0x0, 0x6f, 0xff, 0xff, 0xff, 0xf6,
    0x0, 0x0, 0x2, 0x9d, 0xff, 0xd9, 0x20, 0x0,

    /* U+0151 "ő" */
    0x0, 0x0, 0x2, 0x0, 0x2, 0x0, 0x0, 0x0,
    0x4f, 0xb0, 0x2f, 0xc1, 0x0, 0x0, 0xbf, 0xb0,
    0x9f, 0xc0, 0x0, 0x3, 0xfe, 0x11, 0xff, 0x20,
    0x0, 0xb, 0xf5, 0x9, 0xf7, 0x0, 0x0, 0x4,
    0x80, 0x3, 0x90, 0x0, 0x0, 0x0, 0x0, 0x0,
    0x0, 0x0, 0x0, 0x4, 0xbe, 0xfe, 0x92, 0x0,
    0x0, 0x8f, 0xff, 0xff, 0xfe, 0x30, 0x3, 0xff,
    0xb3, 0x25, 0xef, 0xd0, 0xa, 0xfe, 0x0, 0x0,
    0x5f, 0xf4, 0xe, 0xfb, 0x0, 0x0, 0x1f, 0xf8,
    0xf, 0xfa, 0x0, 0x0, 0xf, 0xfa, 0x1f, 0xfa,
    0x0, 0x0, 0xf, 0xfb, 0xf, 0xfa, 0x0, 0x0,
    0xf, 0xfa, 0xe, 0xfb, 0x0, 0x0, 0x1f, 0xf8,
    0xa, 0xfe, 0x0, 0x0, 0x5f, 0xf4, 0x3, 0xff,
    0xb3, 0x25, 0xef, 0xd0, 0x0, 0x8f, 0xff, 0xff,
    0xfe, 0x30, 0x0, 0x4, 0xbe, 0xfe, 0x92, 0x0,

    /* U+0152 "Œ" */
    0x0, 0x1, 0x8d, 0xff, 0xff, 0xff, 0xff, 0xff,
    0xff, 0xff, 0x0, 0x5f, 0xff, 0xff, 0xff, 0xff,
    0xff, 0xff, 0xff, 0xff, 0x4, 0xff, 0xf9, 0x54,
    0x57, 0xff, 0x94, 0x44, 0x44, 0x44, 0xd, 0xff,
    0x30, 0x0, 0x2, 0xff, 0x70, 0x0, 0x0, 0x0,
    0x3f, 0xf7, 0x0, 0x0, 0x2, 0xff, 0x70, 0x0,
    0x0, 0x0, 0x7f, 0xf2, 0x0, 0x0, 0x2, 0xff,
    0x70, 0x0, 0x0, 0x0, 0xaf, 0xf1, 0x0, 0x0,
    0x2, 0xff, 0x70, 0x0, 0x0, 0x0, 0xbf, 0xf1,
    0x0, 0x0, 0x2, 0xff, 0xff, 0xff, 0xff, 0xf3,
    0xcf, 0xf1, 0x0, 0x0, 0x2, 0xff, 0xff, 0xff,
    0xff, 0xf3, 0xbf, 0xf1, 0x0, 0x0, 0x2, 0xff,
    0x94, 0x44, 0x44, 0x40, 0xaf, 0xf1, 0x0, 0x0,
    0x2, 0xff, 0x70, 0x0, 0x0, 0x0, 0x7f, 0xf2,
    0x0, 0x0, 0x2, 0xff, 0x70, 0x0, 0x0, 0x0,
    0x3f, 0xf7, 0x0, 0x0, 0x2, 0xff, 0x70, 0x0,
    0x0, 0x0, 0xd, 0xff, 0x30, 0x0, 0x2, 0xff,
    0x70, 0x0, 0x0, 0x0, 0x4, 0xff, 0xf9, 0x54,
    0x57, 0xff, 0x94, 0x44, 0x44, 0x44, 0x0, 0x5f,
    0xff, 0xff, 0xff, 0xff, 0xff, 0xff, 0xff, 0xff,
    0x0, 0x1, 0x8d, 0xff, 0xff, 0xff, 0xff, 0xff,
    0xff, 0xff,

    /* U+0153 "œ" */
    0x0, 0x4, 0xbe, 0xfd, 0x81, 0x2, 0xae, 0xfe,
    0xa2, 0x0, 0x0, 0x8f, 0xff, 0xff, 0xfd, 0x3f,
    0xff, 0xff, 0xff, 0x40, 0x3, 0xff, 0xb3, 0x25,
    0xef, 0xff, 0xc4, 0x25, 0xef, 0xe0, 0xa, 0xfe,
    0x0, 0x0, 0x5f, 0xff, 0x10, 0x0, 0x4f, 0xf4,
    0xe, 0xfb, 0x0, 0x0, 0x1f, 0xfc, 0x0, 0x0,
    0x1f, 0xf8, 0xf, 0xfa, 0x0, 0x0, 0xf, 0xfe,
    0xbb, 0xbb, 0xbf, 0xf9, 0x1f, 0xfa, 0x0, 0x0,
    0xf, 0xff, 0xff, 0xff, 0xff, 0xfa, 0xf, 0xfa,
    0x0, 0x0, 0xf, 0xfb, 0x0, 0x0, 0x0, 0x0,
    0xe, 0xfb, 0x0, 0x0, 0x1f, 0xfd, 0x0, 0x0,
    0x0, 0x0, 0xa, 0xfe, 0x0, 0x0, 0x5f, 0xff,
    0x20, 0x0, 0x9, 0xb0, 0x3, 0xff, 0xb3, 0x25,
    0xef, 0x5f, 0xd5, 0x23, 0xaf, 0xf2, 0x0, 0x8f,
    0xff, 0xff, 0xf7, 0xa, 0xff, 0xff, 0xff, 0x50,
    0x0, 0x4, 0xbe, 0xfd, 0x60, 0x0, 0x7d, 0xfe,
    0xa3, 0x0,

    /* U+0154 "Ŕ" */
    0x0, 0x0, 0x0, 0x12, 0x0, 0x0, 0x0, 0x0,
    0x0, 0x9, 0xf9, 0x0, 0x0, 0x0, 0x0, 0x1,
    0xff, 0x80, 0x0, 0x0, 0x0, 0x0, 0x8f, 0xd0,
    0x0, 0x0, 0x0, 0x0, 0x1f, 0xf3, 0x0, 0x0,
    0x0, 0x0, 0x0, 0x56, 0x0, 0x0, 0x0, 0x0,
    0x0, 0x0, 0x0, 0x0, 0x0, 0x1, 0xff, 0xff,
    0xff, 0xff, 0xb4, 0x0, 0x1f, 0xff, 0xff, 0xff,
    0xff, 0xf5, 0x1, 0xff, 0xb4, 0x44, 0x47, 0xff,
    0xe0, 0x1f, 0xf9, 0x0, 0x0, 0x9, 0xff, 0x31,
    0xff, 0x90, 0x0, 0x0, 0x7f, 0xf4, 0x1f, 0xf9,
    0x0, 0x0, 0x7, 0xff, 0x41, 0xff, 0x90, 0x0,
    0x0, 0x9f, 0xf2, 0x1f, 0xfa, 0x22, 0x22, 0x5f,
    0xfd, 0x1, 0xff, 0xff, 0xff, 0xff, 0xff, 0x40,
    0x1f, 0xff, 0xff, 0xff, 0xfc, 0x30, 0x1, 0xff,
    0x90, 0x1, 0xff, 0xa0, 0x0, 0x1f, 0xf9, 0x0,
    0xa, 0xff, 0x20, 0x1, 0xff, 0x90, 0x0, 0x3f,
    0xf9, 0x0, 0x1f, 0xf9, 0x0, 0x0, 0xcf, 0xf1,
    0x1, 0xff, 0x90, 0x0, 0x5, 0xff, 0x80, 0x1f,
    0xf9, 0x0, 0x0, 0xe, 0xfe, 0x1, 0xff, 0x90,
    0x0, 0x0, 0x7f, 0xf7,

    /* U+0155 "ŕ" */
    0x0, 0x0, 0x45, 0x0, 0x0, 0x0, 0xcf, 0xb0,
    0x0, 0x4, 0xff, 0x40, 0x0, 0xc, 0xf9, 0x0,
    0x0, 0x2f, 0xd0, 0x0, 0x0, 0x2, 0x20, 0x0,
    0x0, 0x0, 0x0, 0x0, 0x4f, 0xf5, 0x3c, 0xf4,
    0x4f, 0xf6, 0xef, 0xf4, 0x4f, 0xfc, 0xea, 0x92,
    0x4f, 0xfb, 0x0, 0x0, 0x4f, 0xf6, 0x0, 0x0,
    0x4f, 0xf5, 0x0, 0x0, 0x4f, 0xf5, 0x0, 0x0,
    0x4f, 0xf5, 0x0, 0x0, 0x4f, 0xf5, 0x0, 0x0,
    0x4f, 0xf5, 0x0, 0x0, 0x4f, 0xf5, 0x0, 0x0,
    0x4f, 0xf5, 0x0, 0x0, 0x4f, 0xf5, 0x0, 0x0,

    /* U+0156 "Ŗ" */
    0x1f, 0xff, 0xff, 0xff, 0xfb, 0x40, 0x1, 0xff,
    0xff, 0xff, 0xff, 0xff, 0x50, 0x1f, 0xfb, 0x44,
    0x44, 0x7f, 0xfe, 0x1, 0xff, 0x90, 0x0, 0x0,
    0x9f, 0xf3, 0x1f, 0xf9, 0x0, 0x0, 0x7, 0xff,
    0x41, 0xff, 0x90, 0x0, 0x0, 0x7f, 0xf4, 0x1f,
    0xf9, 0x0, 0x0, 0x9, 0xff, 0x21, 0xff, 0xa2,
    0x22, 0x25, 0xff, 0xd0, 0x1f, 0xff, 0xff, 0xff,
    0xff, 0xf4, 0x1, 0xff, 0xff, 0xff, 0xff, 0xc3,
    0x0, 0x1f, 0xf9, 0x0, 0x1f, 0xfa, 0x0, 0x1,
    0xff, 0x90, 0x0, 0xaf, 0xf2, 0x0, 0x1f, 0xf9,
    0x0, 0x3, 0xff, 0x90, 0x1, 0xff, 0x90, 0x0,
    0xc, 0xff, 0x10, 0x1f, 0xf9, 0x0, 0x0, 0x5f,
    0xf8, 0x1, 0xff, 0x90, 0x0, 0x0, 0xef, 0xe0,
    0x1f, 0xf9, 0x0, 0x0, 0x7, 0xff, 0x70, 0x0,
    0x0, 0x0, 0x0, 0x0, 0x0, 0x0, 0x0, 0xb,
    0xe6, 0x0, 0x0, 0x0, 0x0, 0x1, 0xff, 0xc0,
    0x0, 0x0, 0x0, 0x0, 0xb, 0xfa, 0x0, 0x0,
    0x0, 0x0, 0x0, 0x4f, 0x50, 0x0, 0x0, 0x0,
    0x0, 0x1d, 0xa0, 0x0, 0x0, 0x0,

    /* U+0157 "ŗ" */
    0x4f, 0xf5, 0x3c, 0xf4, 0x4f, 0xf6, 0xef, 0xf4,
    0x4f, 0xfc, 0xea, 0x92, 0x4f, 0xfb, 0x0, 0x0,
    0x4f, 0xf6, 0x0, 0x0, 0x4f, 0xf5, 0x0, 0x0,
    0x4f, 0xf5, 0x0, 0x0, 0x4f, 0xf5, 0x0, 0x0,
    0x4f, 0xf5, 0x0, 0x0, 0x4f, 0xf5, 0x0, 0x0,
    0x4f, 0xf5, 0x0, 0x0, 0x4f, 0xf5, 0x0, 0x0,
    0x4f, 0xf5, 0x0, 0x0, 0x0, 0x0, 0x0, 0x0,
    0x2d, 0xd3, 0x0, 0x0, 0x6f, 0xf7, 0x0, 0x0,
    0x2d, 0xf6, 0x0, 0x0, 0x9, 0xf1, 0x0, 0x0,
    0x4f, 0x60, 0x0, 0x0,

    /* U+0158 "Ř" */
    0x0, 0x0, 0x0, 0x0, 0x0, 0x0, 0x0, 0x8,
    0xd1, 0x0, 0xc, 0xa0, 0x0, 0x0, 0x7f, 0xd1,
    0xb, 0xfa, 0x0, 0x0, 0x0, 0xbf, 0xdb, 0xfd,
    0x0, 0x0, 0x0, 0x1, 0xdf, 0xff, 0x20, 0x0,
    0x0, 0x0, 0x2, 0x88, 0x40, 0x0, 0x0, 0x0,
    0x0, 0x0, 0x0, 0x0, 0x0, 0x1, 0xff, 0xff,
    0xff, 0xff, 0xb4, 0x0, 0x1f, 0xff, 0xff, 0xff,
    0xff, 0xf5, 0x1, 0xff, 0xb4, 0x44, 0x47, 0xff,
    0xe0, 0x1f, 0xf9, 0x0, 0x0, 0x9, 0xff, 0x31,
    0xff, 0x90, 0x0, 0x0, 0x7f, 0xf4, 0x1f, 0xf9,
    0x0, 0x0, 0x7, 0xff, 0x41, 0xff, 0x90, 0x0,
    0x0, 0x9f, 0xf2, 0x1f, 0xfa, 0x22, 0x22, 0x5f,
    0xfd, 0x1, 0xff, 0xff, 0xff, 0xff, 0xff, 0x40,
    0x1f, 0xff, 0xff, 0xff, 0xfc, 0x30, 0x1, 0xff,
    0x90, 0x1, 0xff, 0xa0, 0x0, 0x1f, 0xf9, 0x0,
    0xa, 0xff, 0x20, 0x1, 0xff, 0x90, 0x0, 0x3f,
    0xf9, 0x0, 0x1f, 0xf9, 0x0, 0x0, 0xcf, 0xf1,
    0x1, 0xff, 0x90, 0x0, 0x5, 0xff, 0x80, 0x1f,
    0xf9, 0x0, 0x0, 0xe, 0xfe, 0x1, 0xff, 0x90,
    0x0, 0x0, 0x7f, 0xf7,

    /* U+0159 "ř" */
    0x0, 0x0, 0x0, 0x0, 0x0, 0x9, 0xd1, 0x0,
    0x1d, 0x90, 0x8, 0xfc, 0x0, 0xcf, 0x80, 0x0,
    0xcf, 0xcc, 0xfc, 0x0, 0x0, 0x1e, 0xff, 0xe1,
    0x0, 0x0, 0x3, 0x88, 0x30, 0x0, 0x0, 0x0,
    0x0, 0x0, 0x0, 0x4, 0xff, 0x53, 0xcf, 0x40,
    0x4, 0xff, 0x6e, 0xff, 0x40, 0x4, 0xff, 0xce,
    0xa9, 0x20, 0x4, 0xff, 0xb0, 0x0, 0x0, 0x4,
    0xff, 0x60, 0x0, 0x0, 0x4, 0xff, 0x50, 0x0,
    0x0, 0x4, 0xff, 0x50, 0x0, 0x0, 0x4, 0xff,
    0x50, 0x0, 0x0, 0x4, 0xff, 0x50, 0x0, 0x0,
    0x4, 0xff, 0x50, 0x0, 0x0, 0x4, 0xff, 0x50,
    0x0, 0x0, 0x4, 0xff, 0x50, 0x0, 0x0, 0x4,
    0xff, 0x50, 0x0, 0x0,

    /* U+015A "Ś" */
    0x0, 0x0, 0x0, 0x0, 0x0, 0x0, 0x0, 0x0,
    0x0, 0x0, 0xca, 0x20, 0x0, 0x0, 0x0, 0x0,
    0x3f, 0xf6, 0x0, 0x0, 0x0, 0x0, 0xb, 0xfc,
    0x0, 0x0, 0x0, 0x0, 0x2, 0xff, 0x20, 0x0,
    0x0, 0x0, 0x0, 0x3c, 0x60, 0x0, 0x0, 0x0,
    0x0, 0x0, 0x0, 0x0, 0x0, 0x0, 0x0, 0x4a,
    0xef, 0xfd, 0x81, 0x0, 0x0, 0x8f, 0xff, 0xff,
    0xff, 0xf4, 0x0, 0x3f, 0xfe, 0x75, 0x59, 0xff,
    0xf1, 0x8, 0xff, 0x30, 0x0, 0x2, 0xc3, 0x0,
    0xaf, 0xf0, 0x0, 0x0, 0x0, 0x0, 0x9, 0xff,
    0x20, 0x0, 0x0, 0x0, 0x0, 0x5f, 0xfd, 0x40,
    0x0, 0x0, 0x0, 0x0, 0xaf, 0xff, 0xfb, 0x83,
    0x0, 0x0, 0x0, 0x6d, 0xff, 0xff, 0xfb, 0x10,
    0x0, 0x0, 0x2, 0x59, 0xef, 0xfc, 0x0, 0x0,
    0x0, 0x0, 0x0, 0xbf, 0xf3, 0x0, 0x0, 0x0,
    0x0, 0x4, 0xff, 0x50, 0x2, 0x0, 0x0, 0x0,
    0x4f, 0xf6, 0x6, 0xf7, 0x0, 0x0, 0x9, 0xff,
    0x30, 0xdf, 0xfc, 0x75, 0x6a, 0xff, 0xd0, 0x1,
    0xcf, 0xff, 0xff, 0xff, 0xe2, 0x0, 0x0, 0x5b,
    0xef, 0xfc, 0x81, 0x0,

    /* U+015B "ś" */
    0x0, 0x0, 0x0, 0x30, 0x0, 0x0, 0x0, 0x0,
    0x2f, 0xd3, 0x0, 0x0, 0x0, 0x9, 0xfe, 0x10,
    0x0, 0x0, 0x1, 0xff, 0x50, 0x0, 0x0, 0x0,
    0x8f, 0xa0, 0x0, 0x0, 0x0, 0x2, 0x91, 0x0,
    0x0, 0x0, 0x0, 0x0, 0x0, 0x0, 0x0, 0x2,
    0xad, 0xfe, 0xb4, 0x0, 0x3, 0xff, 0xff, 0xff,
    0xf7, 0x0, 0xbf, 0xe4, 0x2, 0x9f, 0x60, 0xd,
    0xfa, 0x0, 0x0, 0x20, 0x0, 0xcf, 0xc0, 0x0,
    0x0, 0x0, 0x6, 0xff, 0xea, 0x73, 0x0, 0x0,
    0x8, 0xff, 0xff, 0xfd, 0x20, 0x0, 0x0, 0x47,
    0xbf, 0xfc, 0x0, 0x0, 0x0, 0x0, 0x8f, 0xf1,
    0x2, 0x70, 0x0, 0x5, 0xff, 0x21, 0xef, 0xa3,
    0x3, 0xcf, 0xe0, 0x8, 0xff, 0xff, 0xff, 0xf5,
    0x0, 0x3, 0xae, 0xfe, 0xb4, 0x0,

    /* U+015C "Ŝ" */
    0x0, 0x0, 0x5, 0x88, 0x10, 0x0, 0x0, 0x0,
    0x2, 0xff, 0xfb, 0x0, 0x0, 0x0, 0x0, 0xcf,
    0xdf, 0xf5, 0x0, 0x0, 0x0, 0x7f, 0xe1, 0x6f,
    0xe1, 0x0, 0x0, 0x1f, 0xf3, 0x0, 0x9f, 0xa0,
    0x0, 0x0, 0x65, 0x0, 0x0, 0x91, 0x0, 0x0,
    0x0, 0x0, 0x0, 0x0, 0x0, 0x0, 0x0, 0x4a,
    0xef, 0xfd, 0x81, 0x0, 0x0, 0x8f, 0xff, 0xff,
    0xff, 0xf4, 0x0, 0x3f, 0xfe, 0x75, 0x59, 0xff,
    0xf1, 0x8, 0xff, 0x30, 0x0, 0x2, 0xc3, 0x0,
    0xaf, 0xf0, 0x0, 0x0, 0x0, 0x0, 0x9, 0xff,
    0x20, 0x0, 0x0, 0x0, 0x0, 0x5f, 0xfd, 0x40,
    0x0, 0x0, 0x0, 0x0, 0xaf, 0xff, 0xfb, 0x83,
    0x0, 0x0, 0x0, 0x6d, 0xff, 0xff, 0xfb, 0x10,
    0x0, 0x0, 0x2, 0x59, 0xef, 0xfc, 0x0, 0x0,
    0x0, 0x0, 0x0, 0xbf, 0xf3, 0x0, 0x0, 0x0,
    0x0, 0x4, 0xff, 0x50, 0x2, 0x0, 0x0, 0x0,
    0x4f, 0xf6, 0x6, 0xf7, 0x0, 0x0, 0x9, 0xff,
    0x30, 0xdf, 0xfc, 0x75, 0x6a, 0xff, 0xd0, 0x1,
    0xcf, 0xff, 0xff, 0xff, 0xe2, 0x0, 0x0, 0x5b,
    0xef, 0xfc, 0x81, 0x0,

    /* U+015D "ŝ" */
    0x0, 0x0, 0x68, 0x70, 0x0, 0x0, 0x0, 0x6f,
    0xff, 0x80, 0x0, 0x0, 0x2f, 0xfb, 0xff, 0x30,
    0x0, 0xc, 0xf9, 0x8, 0xfd, 0x0, 0x4, 0xfb,
    0x0, 0xa, 0xf6, 0x0, 0x4, 0x0, 0x0, 0x5,
    0x0, 0x0, 0x0, 0x0, 0x0, 0x0, 0x0, 0x2,
    0xad, 0xfe, 0xb4, 0x0, 0x3, 0xff, 0xff, 0xff,
    0xf7, 0x0, 0xbf, 0xe4, 0x2, 0x9f, 0x60, 0xd,
    0xfa, 0x0, 0x0, 0x20, 0x0, 0xcf, 0xc0, 0x0,
    0x0, 0x0, 0x6, 0xff, 0xea, 0x73, 0x0, 0x0,
    0x8, 0xff, 0xff, 0xfd, 0x20, 0x0, 0x0, 0x47,
    0xbf, 0xfc, 0x0, 0x0, 0x0, 0x0, 0x8f, 0xf1,
    0x2, 0x70, 0x0, 0x5, 0xff, 0x21, 0xef, 0xa3,
    0x3, 0xcf, 0xe0, 0x8, 0xff, 0xff, 0xff, 0xf5,
    0x0, 0x3, 0xae, 0xfe, 0xb4, 0x0,

    /* U+015E "Ş" */
    0x0, 0x3, 0xae, 0xff, 0xd9, 0x20, 0x0, 0x7,
    0xff, 0xff, 0xff, 0xff, 0x50, 0x2, 0xff, 0xe8,
    0x55, 0x8f, 0xff, 0x10, 0x7f, 0xf4, 0x0, 0x0,
    0x2d, 0x40, 0x9, 0xff, 0x10, 0x0, 0x0, 0x0,
    0x0, 0x8f, 0xf3, 0x0, 0x0, 0x0, 0x0, 0x4,
    0xff, 0xd4, 0x0, 0x0, 0x0, 0x0, 0xa, 0xff,
    0xfe, 0xb7, 0x20, 0x0, 0x0, 0x6, 0xdf, 0xff,
    0xff, 0xa1, 0x0, 0x0, 0x0, 0x26, 0xae, 0xff,
    0xc0, 0x0, 0x0, 0x0, 0x0, 0xb, 0xff, 0x30,
    0x0, 0x0, 0x0, 0x0, 0x4f, 0xf6, 0x0, 0x10,
    0x0, 0x0, 0x3, 0xff, 0x60, 0x4f, 0x70, 0x0,
    0x0, 0x8f, 0xf4, 0xd, 0xff, 0xb5, 0x34, 0x9f,
    0xfe, 0x0, 0x2d, 0xff, 0xff, 0xff, 0xff, 0x40,
    0x0, 0x6, 0xcf, 0xff, 0xea, 0x30, 0x0, 0x0,
    0x0, 0x2f, 0x20, 0x0, 0x0, 0x0, 0x0, 0x3,
    0xab, 0xf5, 0x0, 0x0, 0x0, 0x0, 0x0, 0x3f,
    0xa0, 0x0, 0x0, 0x0, 0x3e, 0x8a, 0xf8, 0x0,
    0x0, 0x0, 0x2, 0xbf, 0xfa, 0x10, 0x0,

    /* U+015F "ş" */
    0x0, 0x2a, 0xdf, 0xeb, 0x40, 0x0, 0x3f, 0xff,
    0xff, 0xff, 0x70, 0xb, 0xff, 0x40, 0x29, 0xf6,
    0x0, 0xdf, 0xa0, 0x0, 0x2, 0x0, 0xc, 0xfc,
    0x0, 0x0, 0x0, 0x0, 0x7f, 0xfe, 0x96, 0x20,
    0x0, 0x0, 0x9f, 0xff, 0xff, 0xc2, 0x0, 0x0,
    0x15, 0x8c, 0xff, 0xc0, 0x0, 0x0, 0x0, 0x8,
    0xff, 0x10, 0x16, 0x0, 0x0, 0x5f, 0xf2, 0x1e,
    0xf9, 0x10, 0x1c, 0xff, 0x0, 0x9f, 0xff, 0xff,
    0xff, 0x70, 0x0, 0x5c, 0xff, 0xfd, 0x60, 0x0,
    0x0, 0x4, 0xf0, 0x0, 0x0, 0x0, 0x0, 0x6d,
    0xbc, 0x20, 0x0, 0x0, 0x0, 0x6, 0xf7, 0x0,
    0x0, 0x5, 0xd8, 0xcf, 0x60, 0x0, 0x0, 0x3c,
    0xfe, 0x90, 0x0,

    /* U+0160 "Š" */
    0x0, 0x4, 0x30, 0x0, 0x7, 0x10, 0x0, 0x1,
    0xff, 0x30, 0x9, 0xf9, 0x0, 0x0, 0x6, 0xfe,
    0x38, 0xfd, 0x10, 0x0, 0x0, 0x9, 0xff, 0xff,
    0x30, 0x0, 0x0, 0x0, 0xd, 0xff, 0x60, 0x0,
    0x0, 0x0, 0x0, 0x0, 0x0, 0x0, 0x0, 0x0,
    0x0, 0x0, 0x0, 0x0, 0x0, 0x0, 0x0, 0x4a,
    0xef, 0xfd, 0x81, 0x0, 0x0, 0x8f, 0xff, 0xff,
    0xff, 0xf4, 0x0, 0x3f, 0xfe, 0x75, 0x59, 0xff,
    0xf1, 0x8, 0xff, 0x30, 0x0, 0x2, 0xc3, 0x0,
    0xaf, 0xf0, 0x0, 0x0, 0x0, 0x0, 0x9, 0xff,
    0x20, 0x0, 0x0, 0x0, 0x0, 0x5f, 0xfd, 0x40,
    0x0, 0x0, 0x0, 0x0, 0xaf, 0xff, 0xfb, 0x83,
    0x0, 0x0, 0x0, 0x6d, 0xff, 0xff, 0xfb, 0x10,
    0x0, 0x0, 0x2, 0x59, 0xef, 0xfc, 0x0, 0x0,
    0x0, 0x0, 0x0, 0xbf, 0xf3, 0x0, 0x0, 0x0,
    0x0, 0x4, 0xff, 0x50, 0x2, 0x0, 0x0, 0x0,
    0x4f, 0xf6, 0x6, 0xf7, 0x0, 0x0, 0x9, 0xff,
    0x30, 0xdf, 0xfc, 0x75, 0x6a, 0xff, 0xd0, 0x1,
    0xcf, 0xff, 0xff, 0xff, 0xe2, 0x0, 0x0, 0x5b,
    0xef, 0xfc, 0x81, 0x0,

    /* U+0161 "š" */
    0x0, 0x0, 0x0, 0x0, 0x0, 0x0, 0x3e, 0x70,
    0x0, 0x5e, 0x40, 0x1, 0xef, 0x60, 0x5f, 0xf2,
    0x0, 0x4, 0xff, 0x9f, 0xf5, 0x0, 0x0, 0x7,
    0xff, 0xf9, 0x0, 0x0, 0x0, 0x7, 0x87, 0x0,
    0x0, 0x0, 0x0, 0x0, 0x0, 0x0, 0x0, 0x2,
    0xad, 0xfe, 0xb4, 0x0, 0x3, 0xff, 0xff, 0xff,
    0xf7, 0x0, 0xbf, 0xe4, 0x2, 0x9f, 0x60, 0xd,
    0xfa, 0x0, 0x0, 0x20, 0x0, 0xcf, 0xc0, 0x0,
    0x0, 0x0, 0x6, 0xff, 0xea, 0x73, 0x0, 0x0,
    0x8, 0xff, 0xff, 0xfd, 0x20, 0x0, 0x0, 0x47,
    0xbf, 0xfc, 0x0, 0x0, 0x0, 0x0, 0x8f, 0xf1,
    0x2, 0x70, 0x0, 0x5, 0xff, 0x21, 0xef, 0xa3,
    0x3, 0xcf, 0xe0, 0x8, 0xff, 0xff, 0xff, 0xf5,
    0x0, 0x3, 0xae, 0xfe, 0xb4, 0x0,

    /* U+0162 "Ţ" */
    0x6f, 0xff, 0xff, 0xff, 0xff, 0xff, 0x76, 0xff,
    0xff, 0xff, 0xff, 0xff, 0xf7, 0x14, 0x44, 0x4d,
    0xfe, 0x44, 0x44, 0x20, 0x0, 0x0, 0xcf, 0xd0,
    0x0, 0x0, 0x0, 0x0, 0xc, 0xfd, 0x0, 0x0,
    0x0, 0x0, 0x0, 0xcf, 0xd0, 0x0, 0x0, 0x0,
    0x0, 0xc, 0xfd, 0x0, 0x0, 0x0, 0x0, 0x0,
    0xcf, 0xd0, 0x0, 0x0, 0x0, 0x0, 0xc, 0xfd,
    0x0, 0x0, 0x0, 0x0, 0x0, 0xcf, 0xd0, 0x0,
    0x0, 0x0, 0x0, 0xc, 0xfd, 0x0, 0x0, 0x0,
    0x0, 0x0, 0xcf, 0xd0, 0x0, 0x0, 0x0, 0x0,
    0xc, 0xfd, 0x0, 0x0, 0x0, 0x0, 0x0, 0xcf,
    0xd0, 0x0, 0x0, 0x0, 0x0, 0xc, 0xfd, 0x0,
    0x0, 0x0, 0x0, 0x0, 0xcf, 0xd0, 0x0, 0x0,
    0x0, 0x0, 0xc, 0xfd, 0x0, 0x0, 0x0, 0x0,
    0x0, 0x4f, 0x0, 0x0, 0x0, 0x0, 0x0, 0x4,
    0xac, 0xe2, 0x0, 0x0, 0x0, 0x0, 0x0, 0x5f,
    0x80, 0x0, 0x0, 0x0, 0x5e, 0x8c, 0xf6, 0x0,
    0x0, 0x0, 0x3, 0xcf, 0xe9, 0x0, 0x0,

    /* U+0163 "ţ" */
    0x0, 0x38, 0x70, 0x0, 0x0, 0x6f, 0xf0, 0x0,
    0x0, 0x6f, 0xf0, 0x0, 0x0, 0x8f, 0xf0, 0x0,
    0x6f, 0xff, 0xff, 0xf6, 0x6f, 0xff, 0xff, 0xf6,
    0x1, 0xaf, 0xf1, 0x10, 0x0, 0xaf, 0xf0, 0x0,
    0x0, 0xaf, 0xf0, 0x0, 0x0, 0xaf, 0xf0, 0x0,
    0x0, 0xaf, 0xf0, 0x0, 0x0, 0xaf, 0xf0, 0x0,
    0x0, 0xaf, 0xf0, 0x0, 0x0, 0xaf, 0xf0, 0x0,
    0x0, 0x9f, 0xf1, 0x10, 0x0, 0x7f, 0xff, 0xf3,
    0x0, 0xa, 0xff, 0xf3, 0x0, 0x0, 0xe6, 0x0,
    0x0, 0x1, 0xaa, 0xf7, 0x0, 0x0, 0x0, 0xfd,
    0x0, 0x1e, 0x99, 0xfc, 0x0, 0x1a, 0xff, 0xc2,

    /* U+0164 "Ť" */
    0x0, 0x0, 0x0, 0x0, 0x0, 0x0, 0x0, 0x3,
    0xe7, 0x0, 0x5, 0xe4, 0x0, 0x0, 0x1e, 0xf6,
    0x5, 0xff, 0x20, 0x0, 0x0, 0x4f, 0xf9, 0xff,
    0x50, 0x0, 0x0, 0x0, 0x7f, 0xff, 0x90, 0x0,
    0x0, 0x0, 0x0, 0x78, 0x70, 0x0, 0x0, 0x0,
    0x0, 0x0, 0x0, 0x0, 0x0, 0x6, 0xff, 0xff,
    0xff, 0xff, 0xff, 0xf7, 0x6f, 0xff, 0xff, 0xff,
    0xff, 0xff, 0x71, 0x44, 0x44, 0xdf, 0xe4, 0x44,
    0x42, 0x0, 0x0, 0xc, 0xfd, 0x0, 0x0, 0x0,
    0x0, 0x0, 0xcf, 0xd0, 0x0, 0x0, 0x0, 0x0,
    0xc, 0xfd, 0x0, 0x0, 0x0, 0x0, 0x0, 0xcf,
    0xd0, 0x0, 0x0, 0x0, 0x0, 0xc, 0xfd, 0x0,
    0x0, 0x0, 0x0, 0x0, 0xcf, 0xd0, 0x0, 0x0,
    0x0, 0x0, 0xc, 0xfd, 0x0, 0x0, 0x0, 0x0,
    0x0, 0xcf, 0xd0, 0x0, 0x0, 0x0, 0x0, 0xc,
    0xfd, 0x0, 0x0, 0x0, 0x0, 0x0, 0xcf, 0xd0,
    0x0, 0x0, 0x0, 0x0, 0xc, 0xfd, 0x0, 0x0,
    0x0, 0x0, 0x0, 0xcf, 0xd0, 0x0, 0x0, 0x0,
    0x0, 0xc, 0xfd, 0x0, 0x0, 0x0, 0x0, 0x0,
    0xcf, 0xd0, 0x0, 0x0,

    /* U+0165 "ť" */
    0x0, 0x0, 0x0, 0x6d, 0xd1, 0x0, 0x0, 0x0,
    0x8f, 0xe0, 0x0, 0x14, 0x30, 0x9f, 0x90, 0x0,
    0x6f, 0xf0, 0x9f, 0x50, 0x0, 0x6f, 0xf0, 0xaf,
    0x0, 0x0, 0x8f, 0xf0, 0x0, 0x0, 0x6f, 0xff,
    0xff, 0xf6, 0x0, 0x6f, 0xff, 0xff, 0xf6, 0x0,
    0x1, 0xaf, 0xf1, 0x10, 0x0, 0x0, 0xaf, 0xf0,
    0x0, 0x0, 0x0, 0xaf, 0xf0, 0x0, 0x0, 0x0,
    0xaf, 0xf0, 0x0, 0x0, 0x0, 0xaf, 0xf0, 0x0,
    0x0, 0x0, 0xaf, 0xf0, 0x0, 0x0, 0x0, 0xaf,
    0xf0, 0x0, 0x0, 0x0, 0xaf, 0xf0, 0x0, 0x0,
    0x0, 0x9f, 0xf1, 0x10, 0x0, 0x0, 0x7f, 0xff,
    0xf3, 0x0, 0x0, 0xa, 0xff, 0xf3, 0x0,

    /* U+0166 "Ŧ" */
    0x6f, 0xff, 0xff, 0xff, 0xff, 0xff, 0x76, 0xff,
    0xff, 0xff, 0xff, 0xff, 0xf7, 0x14, 0x44, 0x4d,
    0xfe, 0x44, 0x44, 0x20, 0x0, 0x0, 0xcf, 0xd0,
    0x0, 0x0, 0x0, 0x0, 0xc, 0xfd, 0x0, 0x0,
    0x0, 0x0, 0x0, 0xcf, 0xd0, 0x0, 0x0, 0x0,
    0x0, 0xc, 0xfd, 0x0, 0x0, 0x0, 0x1f, 0xff,
    0xff, 0xff, 0xff, 0x20, 0x1, 0xff, 0xff, 0xff,
    0xff, 0xf2, 0x0, 0x0, 0x0, 0xcf, 0xd0, 0x0,
    0x0, 0x0, 0x0, 0xc, 0xfd, 0x0, 0x0, 0x0,
    0x0, 0x0, 0xcf, 0xd0, 0x0, 0x0, 0x0, 0x0,
    0xc, 0xfd, 0x0, 0x0, 0x0, 0x0, 0x0, 0xcf,
    0xd0, 0x0, 0x0, 0x0, 0x0, 0xc, 0xfd, 0x0,
    0x0, 0x0, 0x0, 0x0, 0xcf, 0xd0, 0x0, 0x0,
    0x0, 0x0, 0xc, 0xfd, 0x0, 0x0, 0x0,

    /* U+0167 "ŧ" */
    0x0, 0x6f, 0xf0, 0x0, 0x0, 0x6f, 0xf0, 0x0,
    0x0, 0x8f, 0xf0, 0x0, 0x6f, 0xff, 0xff, 0xf6,
    0x6f, 0xff, 0xff, 0xf6, 0x1, 0xaf, 0xf1, 0x10,
    0x0, 0xaf, 0xf0, 0x0, 0x0, 0xaf, 0xf0, 0x0,
    0xa, 0xdf, 0xfa, 0xa0, 0xf, 0xff, 0xff, 0xf0,
    0x0, 0xaf, 0xf0, 0x0, 0x0, 0xaf, 0xf0, 0x0,
    0x0, 0xaf, 0xf0, 0x0, 0x0, 0x9f, 0xf1, 0x10,
    0x0, 0x7f, 0xff, 0xf3, 0x0, 0xb, 0xff, 0xf3,

    /* U+0168 "Ũ" */
    0x0, 0x7, 0xee, 0xa3, 0x5, 0x0, 0x0, 0x1,
    0xef, 0xff, 0xff, 0xf8, 0x0, 0x0, 0x2, 0x0,
    0x5b, 0xda, 0x10, 0x0, 0x0, 0x0, 0x0, 0x0,
    0x0, 0x0, 0x0, 0x0, 0x0, 0x0, 0x0, 0x0,
    0x3, 0xff, 0x60, 0x0, 0x0, 0xf, 0xfa, 0x3f,
    0xf6, 0x0, 0x0, 0x0, 0xff, 0xa3, 0xff, 0x60,
    0x0, 0x0, 0xf, 0xfa, 0x3f, 0xf6, 0x0, 0x0,
    0x0, 0xff, 0xa3, 0xff, 0x60, 0x0, 0x0, 0xf,
    0xfa, 0x3f, 0xf6, 0x0, 0x0, 0x0, 0xff, 0xa3,
    0xff, 0x60, 0x0, 0x0, 0xf, 0xfa, 0x3f, 0xf6,
    0x0, 0x0, 0x0, 0xff, 0xa3, 0xff, 0x60, 0x0,
    0x0, 0xf, 0xfa, 0x3f, 0xf6, 0x0, 0x0, 0x0,
    0xff, 0xa3, 0xff, 0x60, 0x0, 0x0, 0xf, 0xfa,
    0x2f, 0xf7, 0x0, 0x0, 0x0, 0xff, 0x90, 0xff,
    0x90, 0x0, 0x0, 0x2f, 0xf8, 0xd, 0xfe, 0x10,
    0x0, 0x9, 0xff, 0x40, 0x7f, 0xfd, 0x75, 0x5a,
    0xff, 0xe0, 0x0, 0xbf, 0xff, 0xff, 0xff, 0xf4,
    0x0, 0x0, 0x6c, 0xef, 0xfd, 0x92, 0x0,

    /* U+0169 "ũ" */
    0x0, 0x9f, 0xe9, 0x20, 0x50, 0x0, 0x3f, 0xff,
    0xff, 0xff, 0x40, 0x0, 0x30, 0x16, 0xcd, 0x80,
    0x0, 0x0, 0x0, 0x0, 0x0, 0x0, 0x0, 0x0,
    0x0, 0x0, 0x0, 0x6, 0xff, 0x20, 0x0, 0x3f,
    0xf6, 0x6f, 0xf2, 0x0, 0x3, 0xff, 0x66, 0xff,
    0x20, 0x0, 0x3f, 0xf6, 0x6f, 0xf2, 0x0, 0x3,
    0xff, 0x66, 0xff, 0x20, 0x0, 0x3f, 0xf6, 0x6f,
    0xf2, 0x0, 0x3, 0xff, 0x66, 0xff, 0x20, 0x0,
    0x3f, 0xf6, 0x6f, 0xf2, 0x0, 0x3, 0xff, 0x66,
    0xff, 0x30, 0x0, 0x3f, 0xf6, 0x5f, 0xf6, 0x0,
    0x7, 0xff, 0x61, 0xff, 0xe5, 0x36, 0xcf, 0xf6,
    0xa, 0xff, 0xff, 0xe4, 0xff, 0x60, 0x9, 0xef,
    0xc3, 0x3f, 0xf6,

    /* U+016A "Ū" */
    0x0, 0x8, 0xff, 0xff, 0xff, 0x0, 0x0, 0x0,
    0x9f, 0xff, 0xff, 0xf0, 0x0, 0x0, 0x0, 0x0,
    0x0, 0x0, 0x0, 0x0, 0x0, 0x0, 0x0, 0x0,
    0x0, 0x0, 0x0, 0x0, 0x0, 0x0, 0x0, 0x0,
    0x3, 0xff, 0x60, 0x0, 0x0, 0xf, 0xfa, 0x3f,
    0xf6, 0x0, 0x0, 0x0, 0xff, 0xa3, 0xff, 0x60,
    0x0, 0x0, 0xf, 0xfa, 0x3f, 0xf6, 0x0, 0x0,
    0x0, 0xff, 0xa3, 0xff, 0x60, 0x0, 0x0, 0xf,
    0xfa, 0x3f, 0xf6, 0x0, 0x0, 0x0, 0xff, 0xa3,
    0xff, 0x60, 0x0, 0x0, 0xf, 0xfa, 0x3f, 0xf6,
    0x0, 0x0, 0x0, 0xff, 0xa3, 0xff, 0x60, 0x0,
    0x0, 0xf, 0xfa, 0x3f, 0xf6, 0x0, 0x0, 0x0,
    0xff, 0xa3, 0xff, 0x60, 0x0, 0x0, 0xf, 0xfa,
    0x2f, 0xf7, 0x0, 0x0, 0x0, 0xff, 0x90, 0xff,
    0x90, 0x0, 0x0, 0x2f, 0xf8, 0xd, 0xfe, 0x10,
    0x0, 0x9, 0xff, 0x40, 0x7f, 0xfd, 0x75, 0x5a,
    0xff, 0xe0, 0x0, 0xbf, 0xff, 0xff, 0xff, 0xf4,
    0x0, 0x0, 0x6c, 0xef, 0xfd, 0x92, 0x0,

    /* U+016B "ū" */
    0x0, 0xcf, 0xff, 0xff, 0xd0, 0x0, 0xb, 0xff,
    0xff, 0xfc, 0x0, 0x0, 0x0, 0x0, 0x0, 0x0,
    0x0, 0x0, 0x0, 0x0, 0x0, 0x0, 0x6f, 0xf2,
    0x0, 0x3, 0xff, 0x66, 0xff, 0x20, 0x0, 0x3f,
    0xf6, 0x6f, 0xf2, 0x0, 0x3, 0xff, 0x66, 0xff,
    0x20, 0x0, 0x3f, 0xf6, 0x6f, 0xf2, 0x0, 0x3,
    0xff, 0x66, 0xff, 0x20, 0x0, 0x3f, 0xf6, 0x6f,
    0xf2, 0x0, 0x3, 0xff, 0x66, 0xff, 0x20, 0x0,
    0x3f, 0xf6, 0x6f, 0xf3, 0x0, 0x3, 0xff, 0x65,
    0xff, 0x60, 0x0, 0x7f, 0xf6, 0x1f, 0xfe, 0x53,
    0x6c, 0xff, 0x60, 0xaf, 0xff, 0xfe, 0x4f, 0xf6,
    0x0, 0x9e, 0xfc, 0x33, 0xff, 0x60,

    /* U+016C "Ŭ" */
    0x0, 0x0, 0x0, 0x0, 0x1, 0x0, 0x0, 0x0,
    0xd9, 0x0, 0x2, 0xf6, 0x0, 0x0, 0xc, 0xf5,
    0x1, 0xcf, 0x30, 0x0, 0x0, 0x3f, 0xfe, 0xff,
    0x90, 0x0, 0x0, 0x0, 0x4c, 0xfe, 0x80, 0x0,
    0x0, 0x0, 0x0, 0x0, 0x0, 0x0, 0x0, 0x0,
    0x0, 0x0, 0x0, 0x0, 0x0, 0x3, 0xff, 0x60,
    0x0, 0x0, 0xf, 0xfa, 0x3f, 0xf6, 0x0, 0x0,
    0x0, 0xff, 0xa3, 0xff, 0x60, 0x0, 0x0, 0xf,
    0xfa, 0x3f, 0xf6, 0x0, 0x0, 0x0, 0xff, 0xa3,
    0xff, 0x60, 0x0, 0x0, 0xf, 0xfa, 0x3f, 0xf6,
    0x0, 0x0, 0x0, 0xff, 0xa3, 0xff, 0x60, 0x0,
    0x0, 0xf, 0xfa, 0x3f, 0xf6, 0x0, 0x0, 0x0,
    0xff, 0xa3, 0xff, 0x60, 0x0, 0x0, 0xf, 0xfa,
    0x3f, 0xf6, 0x0, 0x0, 0x0, 0xff, 0xa3, 0xff,
    0x60, 0x0, 0x0, 0xf, 0xfa, 0x2f, 0xf7, 0x0,
    0x0, 0x0, 0xff, 0x90, 0xff, 0x90, 0x0, 0x0,
    0x2f, 0xf8, 0xd, 0xfe, 0x10, 0x0, 0x9, 0xff,
    0x40, 0x7f, 0xfd, 0x75, 0x5a, 0xff, 0xe0, 0x0,
    0xbf, 0xff, 0xff, 0xff, 0xf4, 0x0, 0x0, 0x6c,
    0xef, 0xfd, 0x92, 0x0,

    /* U+016D "ŭ" */
    0x0, 0x0, 0x0, 0x0, 0x10, 0x0, 0x3e, 0x60,
    0x0, 0x6f, 0x30, 0x0, 0xef, 0x20, 0x2e, 0xf1,
    0x0, 0x6, 0xff, 0xef, 0xf6, 0x0, 0x0, 0x6,
    0xdf, 0xd6, 0x0, 0x0, 0x0, 0x0, 0x0, 0x0,
    0x0, 0x0, 0x0, 0x0, 0x0, 0x0, 0x6, 0xff,
    0x20, 0x0, 0x3f, 0xf6, 0x6f, 0xf2, 0x0, 0x3,
    0xff, 0x66, 0xff, 0x20, 0x0, 0x3f, 0xf6, 0x6f,
    0xf2, 0x0, 0x3, 0xff, 0x66, 0xff, 0x20, 0x0,
    0x3f, 0xf6, 0x6f, 0xf2, 0x0, 0x3, 0xff, 0x66,
    0xff, 0x20, 0x0, 0x3f, 0xf6, 0x6f, 0xf2, 0x0,
    0x3, 0xff, 0x66, 0xff, 0x30, 0x0, 0x3f, 0xf6,
    0x5f, 0xf6, 0x0, 0x7, 0xff, 0x61, 0xff, 0xe5,
    0x36, 0xcf, 0xf6, 0xa, 0xff, 0xff, 0xe4, 0xff,
    0x60, 0x9, 0xef, 0xc3, 0x3f, 0xf6,

    /* U+016E "Ů" */
    0x0, 0x0, 0x0, 0x10, 0x0, 0x0, 0x0, 0x0,
    0x5, 0xef, 0xfa, 0x0, 0x0, 0x0, 0x2, 0xfc,
    0x58, 0xf8, 0x0, 0x0, 0x0, 0x5f, 0x60, 0xf,
    0xc0, 0x0, 0x0, 0x2, 0xfa, 0x25, 0xfa, 0x0,
    0x0, 0x0, 0x7, 0xff, 0xfd, 0x10, 0x0, 0x0,
    0x0, 0x1, 0x42, 0x0, 0x0, 0x0, 0x0, 0x0,
    0x0, 0x0, 0x0, 0x0, 0x3f, 0xf6, 0x0, 0x0,
    0x0, 0xff, 0xa3, 0xff, 0x60, 0x0, 0x0, 0xf,
    0xfa, 0x3f, 0xf6, 0x0, 0x0, 0x0, 0xff, 0xa3,
    0xff, 0x60, 0x0, 0x0, 0xf, 0xfa, 0x3f, 0xf6,
    0x0, 0x0, 0x0, 0xff, 0xa3, 0xff, 0x60, 0x0,
    0x0, 0xf, 0xfa, 0x3f, 0xf6, 0x0, 0x0, 0x0,
    0xff, 0xa3, 0xff, 0x60, 0x0, 0x0, 0xf, 0xfa,
    0x3f, 0xf6, 0x0, 0x0, 0x0, 0xff, 0xa3, 0xff,
    0x60, 0x0, 0x0, 0xf, 0xfa, 0x3f, 0xf6, 0x0,
    0x0, 0x0, 0xff, 0xa2, 0xff, 0x70, 0x0, 0x0,
    0xf, 0xf9, 0xf, 0xf9, 0x0, 0x0, 0x2, 0xff,
    0x80, 0xdf, 0xe1, 0x0, 0x0, 0x9f, 0xf4, 0x7,
    0xff, 0xd7, 0x55, 0xaf, 0xfe, 0x0, 0xb, 0xff,
    0xff, 0xff, 0xff, 0x40, 0x0, 0x6, 0xce, 0xff,
    0xd9, 0x20, 0x0,

    /* U+016F "ů" */
    0x0, 0x0, 0x0, 0x0, 0x0, 0x0, 0x0, 0x5e,
    0xfe, 0x60, 0x0, 0x0, 0x2f, 0xb5, 0xaf, 0x30,
    0x0, 0x7, 0xf3, 0x2, 0xf8, 0x0, 0x0, 0x8f,
    0x30, 0x2f, 0x80, 0x0, 0x4, 0xf9, 0x28, 0xf5,
    0x0, 0x0, 0x8, 0xff, 0xf9, 0x0, 0x0, 0x0,
    0x1, 0x42, 0x0, 0x0, 0x6f, 0xf2, 0x0, 0x3,
    0xff, 0x66, 0xff, 0x20, 0x0, 0x3f, 0xf6, 0x6f,
    0xf2, 0x0, 0x3, 0xff, 0x66, 0xff, 0x20, 0x0,
    0x3f, 0xf6, 0x6f, 0xf2, 0x0, 0x3, 0xff, 0x66,
    0xff, 0x20, 0x0, 0x3f, 0xf6, 0x6f, 0xf2, 0x0,
    0x3, 0xff, 0x66, 0xff, 0x20, 0x0, 0x3f, 0xf6,
    0x6f, 0xf3, 0x0, 0x3, 0xff, 0x65, 0xff, 0x60,
    0x0, 0x7f, 0xf6, 0x1f, 0xfe, 0x53, 0x6c, 0xff,
    0x60, 0xaf, 0xff, 0xfe, 0x4f, 0xf6, 0x0, 0x9e,
    0xfc, 0x33, 0xff, 0x60,

    /* U+0170 "Ű" */
    0x0, 0x0, 0x2, 0x0, 0x2, 0x0, 0x0, 0x0,
    0x0, 0xee, 0x40, 0xce, 0x50, 0x0, 0x0, 0x6f,
    0xf1, 0x4f, 0xf3, 0x0, 0x0, 0xd, 0xf6, 0xb,
    0xf8, 0x0, 0x0, 0x5, 0xfb, 0x3, 0xfd, 0x0,
    0x0, 0x0, 0x18, 0x10, 0x18, 0x30, 0x0, 0x0,
    0x0, 0x0, 0x0, 0x0, 0x0, 0x3, 0xff, 0x60,
    0x0, 0x0, 0xf, 0xfa, 0x3f, 0xf6, 0x0, 0x0,
    0x0, 0xff, 0xa3, 0xff, 0x60, 0x0, 0x0, 0xf,
    0xfa, 0x3f, 0xf6, 0x0, 0x0, 0x0, 0xff, 0xa3,
    0xff, 0x60, 0x0, 0x0, 0xf, 0xfa, 0x3f, 0xf6,
    0x0, 0x0, 0x0, 0xff, 0xa3, 0xff, 0x60, 0x0,
    0x0, 0xf, 0xfa, 0x3f, 0xf6, 0x0, 0x0, 0x0,
    0xff, 0xa3, 0xff, 0x60, 0x0, 0x0, 0xf, 0xfa,
    0x3f, 0xf6, 0x0, 0x0, 0x0, 0xff, 0xa3, 0xff,
    0x60, 0x0, 0x0, 0xf, 0xfa, 0x2f, 0xf7, 0x0,
    0x0, 0x0, 0xff, 0x90, 0xff, 0x90, 0x0, 0x0,
    0x2f, 0xf8, 0xd, 0xfe, 0x10, 0x0, 0x9, 0xff,
    0x40, 0x7f, 0xfd, 0x75, 0x5a, 0xff, 0xe0, 0x0,
    0xbf, 0xff, 0xff, 0xff, 0xf4, 0x0, 0x0, 0x6c,
    0xef, 0xfd, 0x92, 0x0,

    /* U+0171 "ű" */
    0x0, 0x0, 0x71, 0x0, 0x62, 0x0, 0x0, 0x3f,
    0xf2, 0x2f, 0xf4, 0x0, 0xb, 0xfa, 0x9, 0xfc,
    0x0, 0x3, 0xfe, 0x11, 0xff, 0x20, 0x0, 0x9f,
    0x50, 0x7f, 0x70, 0x0, 0x0, 0x40, 0x0, 0x40,
    0x0, 0x0, 0x0, 0x0, 0x0, 0x0, 0x6, 0xff,
    0x20, 0x0, 0x3f, 0xf6, 0x6f, 0xf2, 0x0, 0x3,
    0xff, 0x66, 0xff, 0x20, 0x0, 0x3f, 0xf6, 0x6f,
    0xf2, 0x0, 0x3, 0xff, 0x66, 0xff, 0x20, 0x0,
    0x3f, 0xf6, 0x6f, 0xf2, 0x0, 0x3, 0xff, 0x66,
    0xff, 0x20, 0x0, 0x3f, 0xf6, 0x6f, 0xf2, 0x0,
    0x3, 0xff, 0x66, 0xff, 0x30, 0x0, 0x3f, 0xf6,
    0x5f, 0xf6, 0x0, 0x7, 0xff, 0x61, 0xff, 0xe5,
    0x36, 0xcf, 0xf6, 0xa, 0xff, 0xff, 0xe4, 0xff,
    0x60, 0x9, 0xef, 0xc3, 0x3f, 0xf6,

    /* U+0172 "Ų" */
    0x3f, 0xf6, 0x0, 0x0, 0x0, 0xff, 0xa3, 0xff,
    0x60, 0x0, 0x0, 0xf, 0xfa, 0x3f, 0xf6, 0x0,
    0x0, 0x0, 0xff, 0xa3, 0xff, 0x60, 0x0, 0x0,
    0xf, 0xfa, 0x3f, 0xf6, 0x0, 0x0, 0x0, 0xff,
    0xa3, 0xff, 0x60, 0x0, 0x0, 0xf, 0xfa, 0x3f,
    0xf6, 0x0, 0x0, 0x0, 0xff, 0xa3, 0xff, 0x60,
    0x0, 0x0, 0xf, 0xfa, 0x3f, 0xf6, 0x0, 0x0,
    0x0, 0xff, 0xa3, 0xff, 0x60, 0x0, 0x0, 0xf,
    0xfa, 0x3f, 0xf6, 0x0, 0x0, 0x0, 0xff, 0xa2,
    0xff, 0x70, 0x0, 0x0, 0xf, 0xf9, 0xf, 0xf9,
    0x0, 0x0, 0x2, 0xff, 0x80, 0xdf, 0xe1, 0x0,
    0x0, 0x9f, 0xf4, 0x7, 0xff, 0xd7, 0x55, 0xaf,
    0xfd, 0x0, 0xb, 0xff, 0xff, 0xff, 0xff, 0x40,
    0x0, 0x6, 0xce, 0xff, 0xdf, 0x60, 0x0, 0x0,
    0x0, 0x0, 0x3d, 0x50, 0x0, 0x0, 0x0, 0x0,
    0x4f, 0x60, 0x0, 0x0, 0x0, 0x0, 0xe, 0xe0,
    0x0, 0x0, 0x0, 0x0, 0x0, 0xff, 0x9c, 0x70,
    0x0, 0x0, 0x0, 0x5, 0xdf, 0xd4, 0x0,

    /* U+0173 "ų" */
    0x6f, 0xf2, 0x0, 0x3, 0xff, 0x66, 0xff, 0x20,
    0x0, 0x3f, 0xf6, 0x6f, 0xf2, 0x0, 0x3, 0xff,
    0x66, 0xff, 0x20, 0x0, 0x3f, 0xf6, 0x6f, 0xf2,
    0x0, 0x3, 0xff, 0x66, 0xff, 0x20, 0x0, 0x3f,
    0xf6, 0x6f, 0xf2, 0x0, 0x3, 0xff, 0x66, 0xff,
    0x20, 0x0, 0x3f, 0xf6, 0x6f, 0xf3, 0x0, 0x3,
    0xff, 0x65, 0xff, 0x60, 0x0, 0x7f, 0xf6, 0x1f,
    0xfe, 0x53, 0x6c, 0xff, 0x60, 0xaf, 0xff, 0xfe,
    0x4f, 0xf6, 0x0, 0x9e, 0xfc, 0x33, 0xff, 0x60,
    0x0, 0x0, 0x0, 0x7, 0x90, 0x0, 0x0, 0x0,
    0x2d, 0x70, 0x0, 0x0, 0x0, 0xc, 0xf0, 0x0,
    0x0, 0x0, 0x0, 0xef, 0x9b, 0x80, 0x0, 0x0,
    0x5, 0xdf, 0xd4,

    /* U+0174 "Ŵ" */
    0x0, 0x0, 0x0, 0x0, 0x2f, 0xff, 0x20, 0x0,
    0x0, 0x0, 0x0, 0x0, 0x0, 0x0, 0xd, 0xff,
    0xfd, 0x0, 0x0, 0x0, 0x0, 0x0, 0x0, 0x0,
    0xa, 0xfc, 0x1c, 0xfa, 0x0, 0x0, 0x0, 0x0,
    0x0, 0x0, 0x5, 0xfd, 0x10, 0x1d, 0xf5, 0x0,
    0x0, 0x0, 0x0, 0x0, 0x0, 0x7, 0x10, 0x0,
    0x17, 0x0, 0x0, 0x0, 0x0, 0x0, 0x0, 0x0,
    0x0, 0x0, 0x0, 0x0, 0x0, 0x0, 0x0, 0x5f,
    0xf5, 0x0, 0x0, 0x3f, 0xff, 0x40, 0x0, 0x4,
    0xff, 0x52, 0xff, 0x80, 0x0, 0x6, 0xff, 0xf7,
    0x0, 0x0, 0x7f, 0xf1, 0xe, 0xfb, 0x0, 0x0,
    0x9f, 0xdf, 0xb0, 0x0, 0xa, 0xfe, 0x0, 0xbf,
    0xf0, 0x0, 0xd, 0xf7, 0xfe, 0x0, 0x0, 0xdf,
    0xa0, 0x7, 0xff, 0x20, 0x0, 0xff, 0x2f, 0xf1,
    0x0, 0xf, 0xf7, 0x0, 0x4f, 0xf5, 0x0, 0x4f,
    0xf0, 0xff, 0x50, 0x4, 0xff, 0x30, 0x0, 0xff,
    0x80, 0x7, 0xfc, 0xc, 0xf8, 0x0, 0x7f, 0xf0,
    0x0, 0xd, 0xfb, 0x0, 0xaf, 0x90, 0x9f, 0xc0,
    0xa, 0xfc, 0x0, 0x0, 0x9f, 0xe0, 0xe, 0xf5,
    0x6, 0xff, 0x0, 0xdf, 0x80, 0x0, 0x6, 0xff,
    0x21, 0xff, 0x20, 0x2f, 0xf3, 0xf, 0xf5, 0x0,
    0x0, 0x2f, 0xf5, 0x4f, 0xe0, 0x0, 0xff, 0x63,
    0xff, 0x10, 0x0, 0x0, 0xff, 0x77, 0xfa, 0x0,
    0xb, 0xf8, 0x5f, 0xd0, 0x0, 0x0, 0xb, 0xf9,
    0x9f, 0x70, 0x0, 0x8f, 0xa8, 0xfa, 0x0, 0x0,
    0x0, 0x8f, 0xbb, 0xf3, 0x0, 0x4, 0xfd, 0xaf,
    0x60, 0x0, 0x0, 0x4, 0xff, 0xff, 0x0, 0x0,
    0x1f, 0xff, 0xf2, 0x0, 0x0, 0x0, 0x1f, 0xff,
    0xc0, 0x0, 0x0, 0xdf, 0xff, 0x0, 0x0, 0x0,
    0x0, 0xdf, 0xf9, 0x0, 0x0, 0xa, 0xff, 0xb0,
    0x0, 0x0,

    /* U+0175 "ŵ" */
    0x0, 0x0, 0x0, 0x9, 0xff, 0xb0, 0x0, 0x0,
    0x0, 0x0, 0x0, 0x0, 0x6f, 0xff, 0xf8, 0x0,
    0x0, 0x0, 0x0, 0x0, 0x3, 0xff, 0x53, 0xef,
    0x50, 0x0, 0x0, 0x0, 0x0, 0xb, 0xf5, 0x0,
    0x3e, 0xd0, 0x0, 0x0, 0x0, 0x0, 0x0, 0x30,
    0x0, 0x2, 0x10, 0x0, 0x0, 0x0, 0x0, 0x0,
    0x0, 0x0, 0x0, 0x0, 0x0, 0x0, 0x5f, 0xf2,
    0x0, 0x5, 0xff, 0x90, 0x0, 0xe, 0xf7, 0x1f,
    0xf5, 0x0, 0x9, 0xff, 0xc0, 0x0, 0x1f, 0xf3,
    0xd, 0xf8, 0x0, 0xd, 0xed, 0xf0, 0x0, 0x5f,
    0xf0, 0xa, 0xfc, 0x0, 0x1f, 0xb9, 0xf4, 0x0,
    0x8f, 0xc0, 0x6, 0xff, 0x0, 0x5f, 0x96, 0xf8,
    0x0, 0xcf, 0x80, 0x2, 0xff, 0x30, 0x8f, 0x64,
    0xfc, 0x0, 0xff, 0x40, 0x0, 0xef, 0x60, 0xcf,
    0x31, 0xff, 0x3, 0xff, 0x0, 0x0, 0xaf, 0x80,
    0xff, 0x0, 0xdf, 0x25, 0xfc, 0x0, 0x0, 0x6f,
    0xb2, 0xfc, 0x0, 0xaf, 0x68, 0xf8, 0x0, 0x0,
    0x3f, 0xe5, 0xf8, 0x0, 0x6f, 0x9b, 0xf4, 0x0,
    0x0, 0xf, 0xfa, 0xf4, 0x0, 0x2f, 0xde, 0xf1,
    0x0, 0x0, 0xb, 0xff, 0xf0, 0x0, 0xe, 0xff,
    0xd0, 0x0, 0x0, 0x7, 0xff, 0xc0, 0x0, 0xa,
    0xff, 0x90, 0x0,

    /* U+0176 "Ŷ" */
    0x0, 0x0, 0xa, 0xff, 0x90, 0x0, 0x0, 0x0,
    0x0, 0x7f, 0xff, 0xf5, 0x0, 0x0, 0x0, 0x3,
    0xff, 0x56, 0xff, 0x20, 0x0, 0x0, 0xd, 0xf5,
    0x0, 0x6f, 0xc0, 0x0, 0x0, 0x3, 0x50, 0x0,
    0x6, 0x20, 0x0, 0x0, 0x0, 0x0, 0x0, 0x0,
    0x0, 0x0, 0x8f, 0xf6, 0x0, 0x0, 0x0, 0x8f,
    0xf5, 0x1f, 0xfd, 0x0, 0x0, 0x1, 0xff, 0xd0,
    0x8, 0xff, 0x50, 0x0, 0x7, 0xff, 0x50, 0x0,
    0xef, 0xd0, 0x0, 0xe, 0xfc, 0x0, 0x0, 0x7f,
    0xf5, 0x0, 0x6f, 0xf4, 0x0, 0x0, 0xe, 0xfc,
    0x0, 0xef, 0xc0, 0x0, 0x0, 0x6, 0xff, 0x45,
    0xff, 0x40, 0x0, 0x0, 0x0, 0xef, 0xcd, 0xfc,
    0x0, 0x0, 0x0, 0x0, 0x6f, 0xff, 0xf3, 0x0,
    0x0, 0x0, 0x0, 0xd, 0xff, 0xb0, 0x0, 0x0,
    0x0, 0x0, 0x7, 0xff, 0x40, 0x0, 0x0, 0x0,
    0x0, 0x6, 0xff, 0x40, 0x0, 0x0, 0x0, 0x0,
    0x6, 0xff, 0x40, 0x0, 0x0, 0x0, 0x0, 0x6,
    0xff, 0x40, 0x0, 0x0, 0x0, 0x0, 0x6, 0xff,
    0x40, 0x0, 0x0, 0x0, 0x0, 0x6, 0xff, 0x40,
    0x0, 0x0, 0x0, 0x0, 0x6, 0xff, 0x40, 0x0,
    0x0,

    /* U+0177 "ŷ" */
    0x0, 0x0, 0xbf, 0xf8, 0x0, 0x0, 0x0, 0x8,
    0xff, 0xff, 0x50, 0x0, 0x0, 0x5f, 0xe3, 0x5f,
    0xf3, 0x0, 0x0, 0xde, 0x30, 0x5, 0xfb, 0x0,
    0x0, 0x12, 0x0, 0x0, 0x30, 0x0, 0x0, 0x0,
    0x0, 0x0, 0x0, 0x0, 0x9f, 0xf1, 0x0, 0x0,
    0x4f, 0xf3, 0x4f, 0xf5, 0x0, 0x0, 0x9f, 0xe0,
    0xe, 0xf9, 0x0, 0x0, 0xdf, 0x90, 0x9, 0xfe,
    0x0, 0x2, 0xff, 0x40, 0x4, 0xff, 0x20, 0x6,
    0xff, 0x0, 0x0, 0xff, 0x70, 0xb, 0xfa, 0x0,
    0x0, 0xaf, 0xb0, 0xf, 0xf5, 0x0, 0x0, 0x5f,
    0xf0, 0x3f, 0xf0, 0x0, 0x0, 0x1f, 0xf3, 0x7f,
    0xb0, 0x0, 0x0, 0xb, 0xf7, 0xaf, 0x60, 0x0,
    0x0, 0x6, 0xfb, 0xef, 0x10, 0x0, 0x0, 0x1,
    0xff, 0xfc, 0x0, 0x0, 0x0, 0x0, 0xcf, 0xf7,
    0x0, 0x0, 0x0, 0x0, 0x8f, 0xf2, 0x0, 0x0,
    0x0, 0x0, 0x9f, 0xd0, 0x0, 0x0, 0x0, 0x11,
    0xef, 0x80, 0x0, 0x0, 0x5, 0xff, 0xff, 0x20,
    0x0, 0x0, 0x5, 0xff, 0xe6, 0x0, 0x0, 0x0,

    /* U+0178 "Ÿ" */
    0x0, 0x8, 0xfd, 0x1, 0xdf, 0x70, 0x0, 0x0,
    0xd, 0xff, 0x34, 0xff, 0xb0, 0x0, 0x0, 0x7,
    0xeb, 0x1, 0xcd, 0x60, 0x0, 0x0, 0x0, 0x0,
    0x0, 0x0, 0x0, 0x0, 0x0, 0x0, 0x0, 0x0,
    0x0, 0x0, 0x0, 0x8f, 0xf6, 0x0, 0x0, 0x0,
    0x8f, 0xf5, 0x1f, 0xfd, 0x0, 0x0, 0x1, 0xff,
    0xd0, 0x8, 0xff, 0x50, 0x0, 0x7, 0xff, 0x50,
    0x0, 0xef, 0xd0, 0x0, 0xe, 0xfc, 0x0, 0x0,
    0x7f, 0xf5, 0x0, 0x6f, 0xf4, 0x0, 0x0, 0xe,
    0xfc, 0x0, 0xef, 0xc0, 0x0, 0x0, 0x6, 0xff,
    0x45, 0xff, 0x40, 0x0, 0x0, 0x0, 0xef, 0xcd,
    0xfc, 0x0, 0x0, 0x0, 0x0, 0x6f, 0xff, 0xf3,
    0x0, 0x0, 0x0, 0x0, 0xd, 0xff, 0xb0, 0x0,
    0x0, 0x0, 0x0, 0x7, 0xff, 0x40, 0x0, 0x0,
    0x0, 0x0, 0x6, 0xff, 0x40, 0x0, 0x0, 0x0,
    0x0, 0x6, 0xff, 0x40, 0x0, 0x0, 0x0, 0x0,
    0x6, 0xff, 0x40, 0x0, 0x0, 0x0, 0x0, 0x6,
    0xff, 0x40, 0x0, 0x0, 0x0, 0x0, 0x6, 0xff,
    0x40, 0x0, 0x0, 0x0, 0x0, 0x6, 0xff, 0x40,
    0x0, 0x0,

    /* U+0179 "Ź" */
    0x0, 0x0, 0x0, 0x3, 0x0, 0x0, 0x0, 0x0,
    0x0, 0x0, 0xee, 0x50, 0x0, 0x0, 0x0, 0x0,
    0x6f, 0xf3, 0x0, 0x0, 0x0, 0x0, 0xd, 0xf8,
    0x0, 0x0, 0x0, 0x0, 0x5, 0xfd, 0x0, 0x0,
    0x0, 0x0, 0x0, 0x18, 0x30, 0x0, 0x0, 0x0,
    0x0, 0x0, 0x0, 0x0, 0x0, 0x0, 0xcf, 0xff,
    0xff, 0xff, 0xff, 0xf3, 0xc, 0xff, 0xff, 0xff,
    0xff, 0xff, 0x30, 0x34, 0x44, 0x44, 0x45, 0xff,
    0xf1, 0x0, 0x0, 0x0, 0x0, 0x9f, 0xf6, 0x0,
    0x0, 0x0, 0x0, 0x4f, 0xfb, 0x0, 0x0, 0x0,
    0x0, 0x1e, 0xff, 0x20, 0x0, 0x0, 0x0, 0xa,
    0xff, 0x60, 0x0, 0x0, 0x0, 0x4, 0xff, 0xb0,
    0x0, 0x0, 0x0, 0x1, 0xef, 0xf1, 0x0, 0x0,
    0x0, 0x0, 0xaf, 0xf6, 0x0, 0x0, 0x0, 0x0,
    0x5f, 0xfb, 0x0, 0x0, 0x0, 0x0, 0x1e, 0xfe,
    0x10, 0x0, 0x0, 0x0, 0xa, 0xff, 0x50, 0x0,
    0x0, 0x0, 0x5, 0xff, 0xa0, 0x0, 0x0, 0x0,
    0x1, 0xef, 0xf5, 0x44, 0x44, 0x44, 0x42, 0x2f,
    0xff, 0xff, 0xff, 0xff, 0xff, 0x82, 0xff, 0xff,
    0xff, 0xff, 0xff, 0xf8,

    /* U+017A "ź" */
    0x0, 0x0, 0x0, 0x82, 0x0, 0x0, 0x0, 0x0,
    0x4f, 0xf4, 0x0, 0x0, 0x0, 0xc, 0xfc, 0x0,
    0x0, 0x0, 0x3, 0xff, 0x20, 0x0, 0x0, 0x0,
    0x9f, 0x70, 0x0, 0x0, 0x0, 0x0, 0x40, 0x0,
    0x0, 0x0, 0x0, 0x0, 0x0, 0x0, 0x0, 0xff,
    0xff, 0xff, 0xff, 0xf0, 0xf, 0xff, 0xff, 0xff,
    0xff, 0x0, 0x11, 0x11, 0x15, 0xff, 0xa0, 0x0,
    0x0, 0x0, 0xef, 0xe1, 0x0, 0x0, 0x0, 0xaf,
    0xf4, 0x0, 0x0, 0x0, 0x5f, 0xf8, 0x0, 0x0,
    0x0, 0x1e, 0xfd, 0x0, 0x0, 0x0, 0xb, 0xff,
    0x20, 0x0, 0x0, 0x6, 0xff, 0x70, 0x0, 0x0,
    0x2, 0xff, 0xb0, 0x0, 0x0, 0x0, 0xcf, 0xf3,
    0x11, 0x11, 0x10, 0x2f, 0xff, 0xff, 0xff, 0xff,
    0x32, 0xff, 0xff, 0xff, 0xff, 0xf3,

    /* U+017B "Ż" */
    0x0, 0x0, 0x7, 0xfd, 0x10, 0x0, 0x0, 0x0,
    0x0, 0xcf, 0xf4, 0x0, 0x0, 0x0, 0x0, 0x6,
    0xdc, 0x10, 0x0, 0x0, 0x0, 0x0, 0x0, 0x0,
    0x0, 0x0, 0x0, 0x0, 0x0, 0x0, 0x0, 0x0,
    0x0, 0xcf, 0xff, 0xff, 0xff, 0xff, 0xf3, 0xc,
    0xff, 0xff, 0xff, 0xff, 0xff, 0x30, 0x34, 0x44,
    0x44, 0x45, 0xff, 0xf1, 0x0, 0x0, 0x0, 0x0,
    0x9f, 0xf6, 0x0, 0x0, 0x0, 0x0, 0x4f, 0xfb,
    0x0, 0x0, 0x0, 0x0, 0x1e, 0xff, 0x20, 0x0,
    0x0, 0x0, 0xa, 0xff, 0x60, 0x0, 0x0, 0x0,
    0x4, 0xff, 0xb0, 0x0, 0x0, 0x0, 0x1, 0xef,
    0xf1, 0x0, 0x0, 0x0, 0x0, 0xaf, 0xf6, 0x0,
    0x0, 0x0, 0x0, 0x5f, 0xfb, 0x0, 0x0, 0x0,
    0x0, 0x1e, 0xfe, 0x10, 0x0, 0x0, 0x0, 0xa,
    0xff, 0x50, 0x0, 0x0, 0x0, 0x5, 0xff, 0xa0,
    0x0, 0x0, 0x0, 0x1, 0xef, 0xf5, 0x44, 0x44,
    0x44, 0x42, 0x2f, 0xff, 0xff, 0xff, 0xff, 0xff,
    0x82, 0xff, 0xff, 0xff, 0xff, 0xff, 0xf8,

    /* U+017C "ż" */
    0x0, 0x0, 0xaf, 0xb0, 0x0, 0x0, 0x0, 0xf,
    0xff, 0x0, 0x0, 0x0, 0x0, 0x9e, 0xa0, 0x0,
    0x0, 0x0, 0x0, 0x0, 0x0, 0x0, 0x0, 0x0,
    0x0, 0x0, 0x0, 0x0, 0xff, 0xff, 0xff, 0xff,
    0xf0, 0xf, 0xff, 0xff, 0xff, 0xff, 0x0, 0x11,
    0x11, 0x15, 0xff, 0xa0, 0x0, 0x0, 0x0, 0xef,
    0xe1, 0x0, 0x0, 0x0, 0xaf, 0xf4, 0x0, 0x0,
    0x0, 0x5f, 0xf8, 0x0, 0x0, 0x0, 0x1e, 0xfd,
    0x0, 0x0, 0x0, 0xb, 0xff, 0x20, 0x0, 0x0,
    0x6, 0xff, 0x70, 0x0, 0x0, 0x2, 0xff, 0xb0,
    0x0, 0x0, 0x0, 0xcf, 0xf3, 0x11, 0x11, 0x10,
    0x2f, 0xff, 0xff, 0xff, 0xff, 0x32, 0xff, 0xff,
    0xff, 0xff, 0xf3,

    /* U+2014 "—" */
    0x3, 0x33, 0x33, 0x33, 0x33, 0x33, 0x33, 0x33,
    0x23, 0xff, 0xff, 0xff, 0xff, 0xff, 0xff, 0xff,
    0xfc, 0x3f, 0xff, 0xff, 0xff, 0xff, 0xff, 0xff,
    0xff, 0xc0,

    /* U+2192 "→" */
    0x0, 0x0, 0x0, 0x0, 0x0, 0x0, 0x0, 0x0,
    0x0, 0x0, 0x0, 0x0, 0x0, 0x0, 0x3, 0xe5,
    0x0, 0x0, 0x0, 0x0, 0x0, 0x0, 0x0, 0x9,
    0xff, 0x50, 0x0, 0x0, 0x0, 0x0, 0x0, 0x0,
    0x0, 0x9f, 0xf5, 0x0, 0x0, 0x0, 0x0, 0x0,
    0x0, 0x0, 0x5, 0xff, 0x50, 0xcf, 0xff, 0xff,
    0xff, 0xff, 0xff, 0xdc, 0xdf, 0xf5, 0xdf, 0xff,
    0xff, 0xff, 0xff, 0xff, 0xff, 0xff, 0xf8, 0x23,
    0x33, 0x33, 0x33, 0x33, 0x32, 0x12, 0xdf, 0x80,
    0x0, 0x0, 0x0, 0x0, 0x0, 0x0, 0x5f, 0xf8,
    0x0, 0x0, 0x0, 0x0, 0x0, 0x0, 0x6, 0xff,
    0x80, 0x0, 0x0, 0x0, 0x0, 0x0, 0x0, 0x6,
    0xf8, 0x0, 0x0, 0x0, 0x0, 0x0, 0x0, 0x0,
    0x0, 0x30, 0x0, 0x0
};


/*---------------------
 *  GLYPH DESCRIPTION
 *--------------------*/

static const lv_font_fmt_txt_glyph_dsc_t glyph_dsc[] = {
    {.bitmap_index = 0, .adv_w = 0, .box_w = 0, .box_h = 0, .ofs_x = 0, .ofs_y = 0} /* id = 0 reserved */,
    {.bitmap_index = 0, .adv_w = 85, .box_w = 0, .box_h = 0, .ofs_x = 0, .ofs_y = 0},
    {.bitmap_index = 0, .adv_w = 109, .box_w = 5, .box_h = 17, .ofs_x = 1, .ofs_y = 0},
    {.bitmap_index = 43, .adv_w = 164, .box_w = 8, .box_h = 8, .ofs_x = 1, .ofs_y = 10},
    {.bitmap_index = 75, .adv_w = 242, .box_w = 15, .box_h = 17, .ofs_x = 0, .ofs_y = 0},
    {.bitmap_index = 203, .adv_w = 215, .box_w = 13, .box_h = 22, .ofs_x = 0, .ofs_y = -2},
    {.bitmap_index = 346, .adv_w = 343, .box_w = 20, .box_h = 17, .ofs_x = 1, .ofs_y = 0},
    {.bitmap_index = 516, .adv_w = 255, .box_w = 15, .box_h = 17, .ofs_x = 1, .ofs_y = 0},
    {.bitmap_index = 644, .adv_w = 92, .box_w = 4, .box_h = 8, .ofs_x = 1, .ofs_y = 10},
    {.bitmap_index = 660, .adv_w = 121, .box_w = 7, .box_h = 22, .ofs_x = 1, .ofs_y = -4},
    {.bitmap_index = 737, .adv_w = 121, .box_w = 8, .box_h = 22, .ofs_x = -1, .ofs_y = -4},
    {.bitmap_index = 825, .adv_w = 190, .box_w = 12, .box_h = 10, .ofs_x = 0, .ofs_y = 8},
    {.bitmap_index = 885, .adv_w = 216, .box_w = 12, .box_h = 11, .ofs_x = 1, .ofs_y = 2},
    {.bitmap_index = 951, .adv_w = 105, .box_w = 5, .box_h = 7, .ofs_x = 0, .ofs_y = -3},
    {.bitmap_index = 969, .adv_w = 144, .box_w = 7, .box_h = 3, .ofs_x = 1, .ofs_y = 6},
    {.bitmap_index = 980, .adv_w = 106, .box_w = 5, .box_h = 4, .ofs_x = 1, .ofs_y = 0},
    {.bitmap_index = 990, .adv_w = 152, .box_w = 9, .box_h = 22, .ofs_x = 0, .ofs_y = -4},
    {.bitmap_index = 1089, .adv_w = 216, .box_w = 12, .box_h = 17, .ofs_x = 1, .ofs_y = 0},
    {.bitmap_index = 1191, .adv_w = 216, .box_w = 12, .box_h = 17, .ofs_x = 1, .ofs_y = 0},
    {.bitmap_index = 1293, .adv_w = 216, .box_w = 12, .box_h = 17, .ofs_x = 1, .ofs_y = 0},
    {.bitmap_index = 1395, .adv_w = 216, .box_w = 12, .box_h = 17, .ofs_x = 0, .ofs_y = 0},
    {.bitmap_index = 1497, .adv_w = 216, .box_w = 13, .box_h = 17, .ofs_x = 0, .ofs_y = 0},
    {.bitmap_index = 1608, .adv_w = 216, .box_w = 12, .box_h = 17, .ofs_x = 1, .ofs_y = 0},
    {.bitmap_index = 1710, .adv_w = 216, .box_w = 12, .box_h = 17, .ofs_x = 1, .ofs_y = 0},
    {.bitmap_index = 1812, .adv_w = 216, .box_w = 12, .box_h = 17, .ofs_x = 1, .ofs_y = 0},
    {.bitmap_index = 1914, .adv_w = 216, .box_w = 12, .box_h = 17, .ofs_x = 1, .ofs_y = 0},
    {.bitmap_index = 2016, .adv_w = 216, .box_w = 12, .box_h = 17, .ofs_x = 1, .ofs_y = 0},
    {.bitmap_index = 2118, .adv_w = 111, .box_w = 5, .box_h = 13, .ofs_x = 1, .ofs_y = 0},
    {.bitmap_index = 2151, .adv_w = 111, .box_w = 5, .box_h = 16, .ofs_x = 1, .ofs_y = -3},
    {.bitmap_index = 2191, .adv_w = 216, .box_w = 10, .box_h = 16, .ofs_x = 2, .ofs_y = -1},
    {.bitmap_index = 2271, .adv_w = 216, .box_w = 12, .box_h = 7, .ofs_x = 1, .ofs_y = 4},
    {.bitmap_index = 2313, .adv_w = 216, .box_w = 10, .box_h = 16, .ofs_x = 2, .ofs_y = -1},
    {.bitmap_index = 2393, .adv_w = 176, .box_w = 11, .box_h = 17, .ofs_x = 0, .ofs_y = 0},
    {.bitmap_index = 2487, .adv_w = 323, .box_w = 18, .box_h = 20, .ofs_x = 1, .ofs_y = -3},
    {.bitmap_index = 2667, .adv_w = 238, .box_w = 15, .box_h = 17, .ofs_x = 0, .ofs_y = 0},
    {.bitmap_index = 2795, .adv_w = 238, .box_w = 13, .box_h = 17, .ofs_x = 1, .ofs_y = 0},
    {.bitmap_index = 2906, .adv_w = 229, .box_w = 13, .box_h = 17, .ofs_x = 1, .ofs_y = 0},
    {.bitmap_index = 3017, .adv_w = 247, .box_w = 14, .box_h = 17, .ofs_x = 1, .ofs_y = 0},
    {.bitmap_index = 3136, .adv_w = 214, .box_w = 12, .box_h = 17, .ofs_x = 1, .ofs_y = 0},
    {.bitmap_index = 3238, .adv_w = 206, .box_w = 11, .box_h = 17, .ofs_x = 1, .ofs_y = 0},
    {.bitmap_index = 3332, .adv_w = 254, .box_w = 14, .box_h = 17, .ofs_x = 1, .ofs_y = 0},
    {.bitmap_index = 3451, .adv_w = 258, .box_w = 14, .box_h = 17, .ofs_x = 1, .ofs_y = 0},
    {.bitmap_index = 3570, .adv_w = 151, .box_w = 8, .box_h = 17, .ofs_x = 1, .ofs_y = 0},
    {.bitmap_index = 3638, .adv_w = 192, .box_w = 11, .box_h = 17, .ofs_x = 0, .ofs_y = 0},
    {.bitmap_index = 3732, .adv_w = 239, .box_w = 14, .box_h = 17, .ofs_x = 1, .ofs_y = 0},
    {.bitmap_index = 3851, .adv_w = 186, .box_w = 10, .box_h = 17, .ofs_x = 1, .ofs_y = 0},
    {.bitmap_index = 3936, .adv_w = 294, .box_w = 16, .box_h = 17, .ofs_x = 1, .ofs_y = 0},
    {.bitmap_index = 4072, .adv_w = 258, .box_w = 14, .box_h = 17, .ofs_x = 1, .ofs_y = 0},
    {.bitmap_index = 4191, .adv_w = 256, .box_w = 14, .box_h = 17, .ofs_x = 1, .ofs_y = 0},
    {.bitmap_index = 4310, .adv_w = 227, .box_w = 13, .box_h = 17, .ofs_x = 1, .ofs_y = 0},
    {.bitmap_index = 4421, .adv_w = 256, .box_w = 14, .box_h = 22, .ofs_x = 1, .ofs_y = -5},
    {.bitmap_index = 4575, .adv_w = 237, .box_w = 13, .box_h = 17, .ofs_x = 1, .ofs_y = 0},
    {.bitmap_index = 4686, .adv_w = 215, .box_w = 13, .box_h = 17, .ofs_x = 0, .ofs_y = 0},
    {.bitmap_index = 4797, .adv_w = 208, .box_w = 13, .box_h = 17, .ofs_x = 0, .ofs_y = 0},
    {.bitmap_index = 4908, .adv_w = 248, .box_w = 13, .box_h = 17, .ofs_x = 1, .ofs_y = 0},
    {.bitmap_index = 5019, .adv_w = 228, .box_w = 14, .box_h = 17, .ofs_x = 0, .ofs_y = 0},
    {.bitmap_index = 5138, .adv_w = 336, .box_w = 21, .box_h = 17, .ofs_x = 0, .ofs_y = 0},
    {.bitmap_index = 5317, .adv_w = 231, .box_w = 14, .box_h = 17, .ofs_x = 0, .ofs_y = 0},
    {.bitmap_index = 5436, .adv_w = 221, .box_w = 14, .box_h = 17, .ofs_x = 0, .ofs_y = 0},
    {.bitmap_index = 5555, .adv_w = 214, .box_w = 13, .box_h = 17, .ofs_x = 0, .ofs_y = 0},
    {.bitmap_index = 5666, .adv_w = 117, .box_w = 6, .box_h = 22, .ofs_x = 1, .ofs_y = -4},
    {.bitmap_index = 5732, .adv_w = 152, .box_w = 10, .box_h = 22, .ofs_x = 0, .ofs_y = -4},
    {.bitmap_index = 5842, .adv_w = 117, .box_w = 5, .box_h = 22, .ofs_x = 1, .ofs_y = -4},
    {.bitmap_index = 5897, .adv_w = 216, .box_w = 13, .box_h = 11, .ofs_x = 0, .ofs_y = 7},
    {.bitmap_index = 5969, .adv_w = 202, .box_w = 12, .box_h = 3, .ofs_x = 0, .ofs_y = -4},
    {.bitmap_index = 5987, .adv_w = 216, .box_w = 6, .box_h = 6, .ofs_x = 3, .ofs_y = 14},
    {.bitmap_index = 6005, .adv_w = 199, .box_w = 12, .box_h = 13, .ofs_x = 0, .ofs_y = 0},
    {.bitmap_index = 6083, .adv_w = 214, .box_w = 12, .box_h = 18, .ofs_x = 1, .ofs_y = 0},
    {.bitmap_index = 6191, .adv_w = 184, .box_w = 11, .box_h = 13, .ofs_x = 0, .ofs_y = 0},
    {.bitmap_index = 6263, .adv_w = 214, .box_w = 11, .box_h = 18, .ofs_x = 1, .ofs_y = 0},
    {.bitmap_index = 6362, .adv_w = 200, .box_w = 12, .box_h = 13, .ofs_x = 0, .ofs_y = 0},
    {.bitmap_index = 6440, .adv_w = 126, .box_w = 8, .box_h = 18, .ofs_x = 0, .ofs_y = 0},
    {.bitmap_index = 6512, .adv_w = 194, .box_w = 13, .box_h = 20, .ofs_x = 0, .ofs_y = -5},
    {.bitmap_index = 6642, .adv_w = 210, .box_w = 11, .box_h = 18, .ofs_x = 1, .ofs_y = 0},
    {.bitmap_index = 6741, .adv_w = 98, .box_w = 4, .box_h = 18, .ofs_x = 1, .ofs_y = 0},
    {.bitmap_index = 6777, .adv_w = 98, .box_w = 6, .box_h = 23, .ofs_x = -1, .ofs_y = -5},
    {.bitmap_index = 6846, .adv_w = 199, .box_w = 12, .box_h = 18, .ofs_x = 1, .ofs_y = 0},
    {.bitmap_index = 6954, .adv_w = 104, .box_w = 5, .box_h = 18, .ofs_x = 1, .ofs_y = 0},
    {.bitmap_index = 6999, .adv_w = 318, .box_w = 18, .box_h = 13, .ofs_x = 1, .ofs_y = 0},
    {.bitmap_index = 7116, .adv_w = 210, .box_w = 11, .box_h = 13, .ofs_x = 1, .ofs_y = 0},
    {.bitmap_index = 7188, .adv_w = 202, .box_w = 12, .box_h = 13, .ofs_x = 0, .ofs_y = 0},
    {.bitmap_index = 7266, .adv_w = 214, .box_w = 12, .box_h = 18, .ofs_x = 1, .ofs_y = -5},
    {.bitmap_index = 7374, .adv_w = 214, .box_w = 11, .box_h = 18, .ofs_x = 1, .ofs_y = -5},
    {.bitmap_index = 7473, .adv_w = 139, .box_w = 8, .box_h = 13, .ofs_x = 1, .ofs_y = 0},
    {.bitmap_index = 7525, .adv_w = 178, .box_w = 11, .box_h = 13, .ofs_x = 0, .ofs_y = 0},
    {.bitmap_index = 7597, .adv_w = 131, .box_w = 8, .box_h = 16, .ofs_x = 0, .ofs_y = 0},
    {.bitmap_index = 7661, .adv_w = 210, .box_w = 11, .box_h = 13, .ofs_x = 1, .ofs_y = 0},
    {.bitmap_index = 7733, .adv_w = 186, .box_w = 12, .box_h = 13, .ofs_x = 0, .ofs_y = 0},
    {.bitmap_index = 7811, .adv_w = 289, .box_w = 18, .box_h = 13, .ofs_x = 0, .ofs_y = 0},
    {.bitmap_index = 7928, .adv_w = 191, .box_w = 12, .box_h = 13, .ofs_x = 0, .ofs_y = 0},
    {.bitmap_index = 8006, .adv_w = 188, .box_w = 12, .box_h = 18, .ofs_x = 0, .ofs_y = -5},
    {.bitmap_index = 8114, .adv_w = 176, .box_w = 11, .box_h = 13, .ofs_x = 0, .ofs_y = 0},
    {.bitmap_index = 8186, .adv_w = 129, .box_w = 7, .box_h = 22, .ofs_x = 0, .ofs_y = -4},
    {.bitmap_index = 8263, .adv_w = 129, .box_w = 4, .box_h = 22, .ofs_x = 2, .ofs_y = -4},
    {.bitmap_index = 8307, .adv_w = 129, .box_w = 7, .box_h = 22, .ofs_x = 1, .ofs_y = -4},
    {.bitmap_index = 8384, .adv_w = 216, .box_w = 12, .box_h = 4, .ofs_x = 1, .ofs_y = 6},
    {.bitmap_index = 8408, .adv_w = 169, .box_w = 9, .box_h = 8, .ofs_x = 1, .ofs_y = 9},
    {.bitmap_index = 8444, .adv_w = 123, .box_w = 4, .box_h = 4, .ofs_x = 2, .ofs_y = 6},
    {.bitmap_index = 8452, .adv_w = 238, .box_w = 15, .box_h = 22, .ofs_x = 0, .ofs_y = 0},
    {.bitmap_index = 8617, .adv_w = 256, .box_w = 14, .box_h = 22, .ofs_x = 1, .ofs_y = 0},
    {.bitmap_index = 8771, .adv_w = 248, .box_w = 13, .box_h = 22, .ofs_x = 1, .ofs_y = 0},
    {.bitmap_index = 8914, .adv_w = 240, .box_w = 15, .box_h = 18, .ofs_x = 0, .ofs_y = 0},
    {.bitmap_index = 9049, .adv_w = 199, .box_w = 12, .box_h = 18, .ofs_x = 0, .ofs_y = 0},
    {.bitmap_index = 9157, .adv_w = 202, .box_w = 12, .box_h = 18, .ofs_x = 0, .ofs_y = 0},
    {.bitmap_index = 9265, .adv_w = 210, .box_w = 11, .box_h = 18, .ofs_x = 1, .ofs_y = 0},
    {.bitmap_index = 9364, .adv_w = 238, .box_w = 15, .box_h = 22, .ofs_x = 0, .ofs_y = -5},
    {.bitmap_index = 9529, .adv_w = 199, .box_w = 13, .box_h = 18, .ofs_x = 0, .ofs_y = -5},
    {.bitmap_index = 9646, .adv_w = 229, .box_w = 13, .box_h = 24, .ofs_x = 1, .ofs_y = 0},
    {.bitmap_index = 9802, .adv_w = 184, .box_w = 11, .box_h = 20, .ofs_x = 0, .ofs_y = 0},
    {.bitmap_index = 9912, .adv_w = 229, .box_w = 13, .box_h = 24, .ofs_x = 1, .ofs_y = 0},
    {.bitmap_index = 10068, .adv_w = 184, .box_w = 11, .box_h = 20, .ofs_x = 0, .ofs_y = 0},
    {.bitmap_index = 10178, .adv_w = 229, .box_w = 13, .box_h = 22, .ofs_x = 1, .ofs_y = 0},
    {.bitmap_index = 10321, .adv_w = 184, .box_w = 11, .box_h = 18, .ofs_x = 0, .ofs_y = 0},
    {.bitmap_index = 10420, .adv_w = 229, .box_w = 13, .box_h = 24, .ofs_x = 1, .ofs_y = 0},
    {.bitmap_index = 10576, .adv_w = 184, .box_w = 11, .box_h = 20, .ofs_x = 0, .ofs_y = 0},
    {.bitmap_index = 10686, .adv_w = 247, .box_w = 14, .box_h = 24, .ofs_x = 1, .ofs_y = 0},
    {.bitmap_index = 10854, .adv_w = 225, .box_w = 15, .box_h = 18, .ofs_x = 1, .ofs_y = 0},
    {.bitmap_index = 10989, .adv_w = 249, .box_w = 15, .box_h = 17, .ofs_x = 0, .ofs_y = 0},
    {.bitmap_index = 11117, .adv_w = 214, .box_w = 13, .box_h = 18, .ofs_x = 1, .ofs_y = 0},
    {.bitmap_index = 11234, .adv_w = 214, .box_w = 12, .box_h = 22, .ofs_x = 1, .ofs_y = 0},
    {.bitmap_index = 11366, .adv_w = 200, .box_w = 12, .box_h = 17, .ofs_x = 0, .ofs_y = 0},
    {.bitmap_index = 11468, .adv_w = 214, .box_w = 12, .box_h = 23, .ofs_x = 1, .ofs_y = 0},
    {.bitmap_index = 11606, .adv_w = 200, .box_w = 12, .box_h = 20, .ofs_x = 0, .ofs_y = 0},
    {.bitmap_index = 11726, .adv_w = 214, .box_w = 12, .box_h = 22, .ofs_x = 1, .ofs_y = 0},
    {.bitmap_index = 11858, .adv_w = 200, .box_w = 12, .box_h = 18, .ofs_x = 0, .ofs_y = 0},
    {.bitmap_index = 11966, .adv_w = 214, .box_w = 12, .box_h = 22, .ofs_x = 1, .ofs_y = -5},
    {.bitmap_index = 12098, .adv_w = 200, .box_w = 12, .box_h = 18, .ofs_x = 0, .ofs_y = -5},
    {.bitmap_index = 12206, .adv_w = 214, .box_w = 12, .box_h = 24, .ofs_x = 1, .ofs_y = 0},
    {.bitmap_index = 12350, .adv_w = 200, .box_w = 12, .box_h = 20, .ofs_x = 0, .ofs_y = 0},
    {.bitmap_index = 12470, .adv_w = 254, .box_w = 14, .box_h = 24, .ofs_x = 1, .ofs_y = 0},
    {.bitmap_index = 12638, .adv_w = 197, .box_w = 13, .box_h = 24, .ofs_x = 0, .ofs_y = -5},
    {.bitmap_index = 12794, .adv_w = 254, .box_w = 14, .box_h = 24, .ofs_x = 1, .ofs_y = 0},
    {.bitmap_index = 12962, .adv_w = 197, .box_w = 13, .box_h = 25, .ofs_x = 0, .ofs_y = -5},
    {.bitmap_index = 13125, .adv_w = 254, .box_w = 14, .box_h = 22, .ofs_x = 1, .ofs_y = 0},
    {.bitmap_index = 13279, .adv_w = 197, .box_w = 13, .box_h = 23, .ofs_x = 0, .ofs_y = -5},
    {.bitmap_index = 13429, .adv_w = 254, .box_w = 14, .box_h = 23, .ofs_x = 1, .ofs_y = -6},
    {.bitmap_index = 13590, .adv_w = 197, .box_w = 13, .box_h = 24, .ofs_x = 0, .ofs_y = -5},
    {.bitmap_index = 13746, .adv_w = 258, .box_w = 14, .box_h = 23, .ofs_x = 1, .ofs_y = 0},
    {.bitmap_index = 13907, .adv_w = 210, .box_w = 13, .box_h = 23, .ofs_x = -1, .ofs_y = 0},
    {.bitmap_index = 14057, .adv_w = 262, .box_w = 16, .box_h = 17, .ofs_x = 0, .ofs_y = 0},
    {.bitmap_index = 14193, .adv_w = 210, .box_w = 12, .box_h = 18, .ofs_x = 0, .ofs_y = 0},
    {.bitmap_index = 14301, .adv_w = 151, .box_w = 9, .box_h = 22, .ofs_x = 0, .ofs_y = 0},
    {.bitmap_index = 14400, .adv_w = 97, .box_w = 8, .box_h = 18, .ofs_x = -1, .ofs_y = 0},
    {.bitmap_index = 14472, .adv_w = 151, .box_w = 8, .box_h = 22, .ofs_x = 1, .ofs_y = 0},
    {.bitmap_index = 14560, .adv_w = 97, .box_w = 8, .box_h = 17, .ofs_x = -1, .ofs_y = 0},
    {.bitmap_index = 14628, .adv_w = 151, .box_w = 9, .box_h = 23, .ofs_x = 0, .ofs_y = 0},
    {.bitmap_index = 14732, .adv_w = 97, .box_w = 8, .box_h = 19, .ofs_x = -1, .ofs_y = 0},
    {.bitmap_index = 14808, .adv_w = 151, .box_w = 8, .box_h = 22, .ofs_x = 1, .ofs_y = -5},
    {.bitmap_index = 14896, .adv_w = 97, .box_w = 6, .box_h = 23, .ofs_x = -1, .ofs_y = -5},
    {.bitmap_index = 14965, .adv_w = 151, .box_w = 8, .box_h = 22, .ofs_x = 1, .ofs_y = 0},
    {.bitmap_index = 15053, .adv_w = 97, .box_w = 4, .box_h = 13, .ofs_x = 1, .ofs_y = 0},
    {.bitmap_index = 15079, .adv_w = 234, .box_w = 12, .box_h = 17, .ofs_x = 1, .ofs_y = 0},
    {.bitmap_index = 15181, .adv_w = 196, .box_w = 10, .box_h = 23, .ofs_x = 1, .ofs_y = -5},
    {.bitmap_index = 15296, .adv_w = 192, .box_w = 11, .box_h = 24, .ofs_x = 0, .ofs_y = 0},
    {.bitmap_index = 15428, .adv_w = 98, .box_w = 8, .box_h = 24, .ofs_x = -1, .ofs_y = -5},
    {.bitmap_index = 15524, .adv_w = 239, .box_w = 14, .box_h = 23, .ofs_x = 1, .ofs_y = -6},
    {.bitmap_index = 15685, .adv_w = 199, .box_w = 12, .box_h = 24, .ofs_x = 1, .ofs_y = -6},
    {.bitmap_index = 15829, .adv_w = 199, .box_w = 12, .box_h = 13, .ofs_x = 1, .ofs_y = 0},
    {.bitmap_index = 15907, .adv_w = 186, .box_w = 10, .box_h = 24, .ofs_x = 1, .ofs_y = 0},
    {.bitmap_index = 16027, .adv_w = 104, .box_w = 6, .box_h = 25, .ofs_x = 1, .ofs_y = 0},
    {.bitmap_index = 16102, .adv_w = 186, .box_w = 10, .box_h = 23, .ofs_x = 1, .ofs_y = -6},
    {.bitmap_index = 16217, .adv_w = 104, .box_w = 5, .box_h = 24, .ofs_x = 1, .ofs_y = -6},
    {.bitmap_index = 16277, .adv_w = 186, .box_w = 10, .box_h = 18, .ofs_x = 1, .ofs_y = 0},
    {.bitmap_index = 16367, .adv_w = 110, .box_w = 8, .box_h = 18, .ofs_x = 1, .ofs_y = 0},
    {.bitmap_index = 16439, .adv_w = 186, .box_w = 10, .box_h = 17, .ofs_x = 1, .ofs_y = 0},
    {.bitmap_index = 16524, .adv_w = 143, .box_w = 8, .box_h = 18, .ofs_x = 1, .ofs_y = 0},
    {.bitmap_index = 16596, .adv_w = 189, .box_w = 12, .box_h = 17, .ofs_x = 0, .ofs_y = 0},
    {.bitmap_index = 16698, .adv_w = 107, .box_w = 7, .box_h = 18, .ofs_x = 0, .ofs_y = 0},
    {.bitmap_index = 16761, .adv_w = 258, .box_w = 14, .box_h = 24, .ofs_x = 1, .ofs_y = 0},
    {.bitmap_index = 16929, .adv_w = 210, .box_w = 11, .box_h = 20, .ofs_x = 1, .ofs_y = 0},
    {.bitmap_index = 17039, .adv_w = 258, .box_w = 14, .box_h = 23, .ofs_x = 1, .ofs_y = -6},
    {.bitmap_index = 17200, .adv_w = 210, .box_w = 11, .box_h = 19, .ofs_x = 1, .ofs_y = -6},
    {.bitmap_index = 17305, .adv_w = 258, .box_w = 14, .box_h = 24, .ofs_x = 1, .ofs_y = 0},
    {.bitmap_index = 17473, .adv_w = 210, .box_w = 11, .box_h = 20, .ofs_x = 1, .ofs_y = 0},
    {.bitmap_index = 17583, .adv_w = 315, .box_w = 19, .box_h = 18, .ofs_x = 0, .ofs_y = 0},
    {.bitmap_index = 17754, .adv_w = 258, .box_w = 14, .box_h = 22, .ofs_x = 1, .ofs_y = -5},
    {.bitmap_index = 17908, .adv_w = 210, .box_w = 11, .box_h = 18, .ofs_x = 1, .ofs_y = -5},
    {.bitmap_index = 18007, .adv_w = 256, .box_w = 14, .box_h = 22, .ofs_x = 1, .ofs_y = 0},
    {.bitmap_index = 18161, .adv_w = 202, .box_w = 12, .box_h = 17, .ofs_x = 0, .ofs_y = 0},
    {.bitmap_index = 18263, .adv_w = 256, .box_w = 14, .box_h = 24, .ofs_x = 1, .ofs_y = 0},
    {.bitmap_index = 18431, .adv_w = 202, .box_w = 12, .box_h = 20, .ofs_x = 0, .ofs_y = 0},
    {.bitmap_index = 18551, .adv_w = 256, .box_w = 14, .box_h = 24, .ofs_x = 1, .ofs_y = 0},
    {.bitmap_index = 18719, .adv_w = 202, .box_w = 12, .box_h = 20, .ofs_x = 0, .ofs_y = 0},
    {.bitmap_index = 18839, .adv_w = 357, .box_w = 20, .box_h = 17, .ofs_x = 1, .ofs_y = 0},
    {.bitmap_index = 19009, .adv_w = 330, .box_w = 20, .box_h = 13, .ofs_x = 0, .ofs_y = 0},
    {.bitmap_index = 19139, .adv_w = 237, .box_w = 13, .box_h = 24, .ofs_x = 1, .ofs_y = 0},
    {.bitmap_index = 19295, .adv_w = 139, .box_w = 8, .box_h = 20, .ofs_x = 1, .ofs_y = 0},
    {.bitmap_index = 19375, .adv_w = 237, .box_w = 13, .box_h = 23, .ofs_x = 1, .ofs_y = -6},
    {.bitmap_index = 19525, .adv_w = 139, .box_w = 8, .box_h = 19, .ofs_x = 1, .ofs_y = -6},
    {.bitmap_index = 19601, .adv_w = 237, .box_w = 13, .box_h = 24, .ofs_x = 1, .ofs_y = 0},
    {.bitmap_index = 19757, .adv_w = 139, .box_w = 10, .box_h = 20, .ofs_x = 0, .ofs_y = 0},
    {.bitmap_index = 19857, .adv_w = 215, .box_w = 13, .box_h = 24, .ofs_x = 0, .ofs_y = 0},
    {.bitmap_index = 20013, .adv_w = 178, .box_w = 11, .box_h = 20, .ofs_x = 0, .ofs_y = 0},
    {.bitmap_index = 20123, .adv_w = 215, .box_w = 13, .box_h = 24, .ofs_x = 0, .ofs_y = 0},
    {.bitmap_index = 20279, .adv_w = 178, .box_w = 11, .box_h = 20, .ofs_x = 0, .ofs_y = 0},
    {.bitmap_index = 20389, .adv_w = 217, .box_w = 13, .box_h = 22, .ofs_x = 0, .ofs_y = -5},
    {.bitmap_index = 20532, .adv_w = 178, .box_w = 11, .box_h = 18, .ofs_x = 0, .ofs_y = -5},
    {.bitmap_index = 20631, .adv_w = 215, .box_w = 13, .box_h = 24, .ofs_x = 0, .ofs_y = 0},
    {.bitmap_index = 20787, .adv_w = 178, .box_w = 11, .box_h = 20, .ofs_x = 0, .ofs_y = 0},
    {.bitmap_index = 20897, .adv_w = 208, .box_w = 13, .box_h = 22, .ofs_x = 0, .ofs_y = -5},
    {.bitmap_index = 21040, .adv_w = 131, .box_w = 8, .box_h = 22, .ofs_x = 0, .ofs_y = -5},
    {.bitmap_index = 21128, .adv_w = 208, .box_w = 13, .box_h = 24, .ofs_x = 0, .ofs_y = 0},
    {.bitmap_index = 21284, .adv_w = 131, .box_w = 10, .box_h = 19, .ofs_x = 0, .ofs_y = 0},
    {.bitmap_index = 21379, .adv_w = 210, .box_w = 13, .box_h = 17, .ofs_x = 0, .ofs_y = 0},
    {.bitmap_index = 21490, .adv_w = 135, .box_w = 8, .box_h = 16, .ofs_x = 0, .ofs_y = 0},
    {.bitmap_index = 21554, .adv_w = 248, .box_w = 13, .box_h = 22, .ofs_x = 1, .ofs_y = 0},
    {.bitmap_index = 21697, .adv_w = 210, .box_w = 11, .box_h = 18, .ofs_x = 1, .ofs_y = 0},
    {.bitmap_index = 21796, .adv_w = 248, .box_w = 13, .box_h = 22, .ofs_x = 1, .ofs_y = 0},
    {.bitmap_index = 21939, .adv_w = 210, .box_w = 11, .box_h = 17, .ofs_x = 1, .ofs_y = 0},
    {.bitmap_index = 22033, .adv_w = 248, .box_w = 13, .box_h = 24, .ofs_x = 1, .ofs_y = 0},
    {.bitmap_index = 22189, .adv_w = 210, .box_w = 11, .box_h = 20, .ofs_x = 1, .ofs_y = 0},
    {.bitmap_index = 22299, .adv_w = 248, .box_w = 13, .box_h = 25, .ofs_x = 1, .ofs_y = 0},
    {.bitmap_index = 22462, .adv_w = 210, .box_w = 11, .box_h = 21, .ofs_x = 1, .ofs_y = 0},
    {.bitmap_index = 22578, .adv_w = 248, .box_w = 13, .box_h = 24, .ofs_x = 1, .ofs_y = 0},
    {.bitmap_index = 22734, .adv_w = 210, .box_w = 11, .box_h = 20, .ofs_x = 1, .ofs_y = 0},
    {.bitmap_index = 22844, .adv_w = 248, .box_w = 13, .box_h = 22, .ofs_x = 1, .ofs_y = -5},
    {.bitmap_index = 22987, .adv_w = 210, .box_w = 11, .box_h = 18, .ofs_x = 1, .ofs_y = -5},
    {.bitmap_index = 23086, .adv_w = 336, .box_w = 21, .box_h = 23, .ofs_x = 0, .ofs_y = 0},
    {.bitmap_index = 23328, .adv_w = 289, .box_w = 18, .box_h = 19, .ofs_x = 0, .ofs_y = 0},
    {.bitmap_index = 23499, .adv_w = 221, .box_w = 14, .box_h = 23, .ofs_x = 0, .ofs_y = 0},
    {.bitmap_index = 23660, .adv_w = 188, .box_w = 12, .box_h = 24, .ofs_x = 0, .ofs_y = -5},
    {.bitmap_index = 23804, .adv_w = 221, .box_w = 14, .box_h = 22, .ofs_x = 0, .ofs_y = 0},
    {.bitmap_index = 23958, .adv_w = 214, .box_w = 13, .box_h = 24, .ofs_x = 0, .ofs_y = 0},
    {.bitmap_index = 24114, .adv_w = 176, .box_w = 11, .box_h = 20, .ofs_x = 0, .ofs_y = 0},
    {.bitmap_index = 24224, .adv_w = 214, .box_w = 13, .box_h = 22, .ofs_x = 0, .ofs_y = 0},
    {.bitmap_index = 24367, .adv_w = 176, .box_w = 11, .box_h = 18, .ofs_x = 0, .ofs_y = 0},
    {.bitmap_index = 24466, .adv_w = 281, .box_w = 17, .box_h = 3, .ofs_x = 0, .ofs_y = 6},
    {.bitmap_index = 24492, .adv_w = 319, .box_w = 18, .box_h = 12, .ofs_x = 1, .ofs_y = 3}
};

/*---------------------
 *  CHARACTER MAPPING
 *--------------------*/

static const uint16_t unicode_list_1[] = {
    0x0, 0x7, 0x14, 0x26, 0x2c, 0x2f, 0x34, 0x46,
    0x4c
};

static const uint16_t unicode_list_3[] = {
    0x0, 0x17e
};

/*Collect the unicode lists and glyph_id offsets*/
static const lv_font_fmt_txt_cmap_t cmaps[] =
{
    {
        .range_start = 32, .range_length = 95, .glyph_id_start = 1,
        .unicode_list = NULL, .glyph_id_ofs_list = NULL, .list_length = 0, .type = LV_FONT_FMT_TXT_CMAP_FORMAT0_TINY
    },
    {
        .range_start = 176, .range_length = 77, .glyph_id_start = 96,
        .unicode_list = unicode_list_1, .glyph_id_ofs_list = NULL, .list_length = 9, .type = LV_FONT_FMT_TXT_CMAP_SPARSE_TINY
    },
    {
        .range_start = 260, .range_length = 121, .glyph_id_start = 105,
        .unicode_list = NULL, .glyph_id_ofs_list = NULL, .list_length = 0, .type = LV_FONT_FMT_TXT_CMAP_FORMAT0_TINY
    },
    {
        .range_start = 8212, .range_length = 383, .glyph_id_start = 226,
        .unicode_list = unicode_list_3, .glyph_id_ofs_list = NULL, .list_length = 2, .type = LV_FONT_FMT_TXT_CMAP_SPARSE_TINY
    }
};

/*-----------------
 *    KERNING
 *----------------*/


/*Map glyph_ids to kern left classes*/
static const uint8_t kern_left_class_mapping[] =
{
    0, 0, 0, 0, 0, 0, 1, 0,
    0, 0, 0, 0, 0, 0, 0, 0,
    0, 0, 0, 0, 0, 0, 0, 0,
    0, 0, 0, 0, 0, 0, 0, 0,
    0, 0, 2, 3, 4, 5, 6, 7,
    8, 0, 9, 10, 11, 12, 0, 0,
    13, 14, 13, 15, 16, 17, 18, 19,
    20, 21, 22, 23, 0, 0, 0, 0,
    0, 0, 24, 25, 26, 0, 27, 28,
    29, 30, 31, 32, 33, 34, 30, 30,
    35, 25, 36, 37, 38, 39, 40, 41,
    42, 43, 44, 45, 0, 0, 0, 0,
    0, 0, 2, 13, 18, 46, 24, 35,
    40, 47, 48, 4, 26, 4, 26, 4,
    26, 4, 26, 5, 49, 5, 0, 6,
    27, 6, 27, 6, 27, 50, 27, 6,
    27, 8, 29, 8, 29, 8, 29, 8,
    29, 0, 30, 0, 30, 9, 51, 9,
    52, 9, 53, 54, 31, 9, 36, 18,
    32, 10, 55, 11, 33, 33, 12, 34,
    12, 34, 12, 56, 0, 0, 12, 57,
    0, 30, 0, 30, 0, 30, 30, 0,
    30, 13, 35, 13, 35, 13, 35, 6,
    27, 15, 37, 15, 37, 15, 37, 16,
    38, 16, 38, 16, 38, 16, 38, 17,
    39, 17, 58, 17, 39, 18, 40, 18,
    40, 18, 40, 18, 40, 18, 40, 18,
    40, 20, 42, 22, 44, 22, 23, 45,
    23, 45, 0, 0
};

/*Map glyph_ids to kern right classes*/
static const uint8_t kern_right_class_mapping[] =
{
    0, 0, 1, 2, 0, 0, 0, 3,
    2, 0, 4, 2, 0, 5, 6, 5,
    7, 0, 0, 0, 0, 0, 0, 0,
    0, 0, 0, 8, 8, 0, 0, 0,
    9, 10, 11, 0, 12, 0, 0, 0,
    12, 0, 13, 14, 0, 0, 0, 0,
    12, 0, 12, 0, 15, 16, 17, 18,
    19, 20, 21, 22, 0, 0, 23, 0,
    24, 0, 25, 26, 27, 28, 27, 29,
    30, 26, 31, 32, 26, 33, 34, 34,
    27, 35, 28, 34, 36, 37, 38, 39,
    40, 41, 42, 43, 0, 0, 23, 0,
    0, 0, 11, 12, 17, 29, 25, 27,
    38, 11, 25, 12, 27, 12, 27, 12,
    27, 12, 27, 0, 28, 0, 28, 0,
    27, 0, 27, 0, 27, 0, 27, 0,
    27, 12, 30, 12, 30, 12, 30, 12,
    30, 0, 26, 0, 26, 13, 44, 13,
    45, 13, 46, 13, 31, 13, 34, 17,
    31, 14, 47, 0, 26, 34, 0, 33,
    0, 33, 0, 33, 0, 33, 0, 48,
    0, 34, 0, 34, 0, 34, 0, 0,
    34, 12, 27, 12, 27, 12, 27, 12,
    27, 0, 34, 0, 34, 0, 34, 15,
    36, 15, 36, 15, 36, 15, 36, 16,
    37, 16, 37, 16, 37, 17, 38, 17,
    38, 17, 38, 17, 38, 17, 38, 17,
    38, 19, 40, 21, 42, 21, 22, 43,
    22, 43, 6, 0
};

/*Kern values between classes*/
static const int8_t kern_class_values[] =
{
    0, -24, 0, 0, 0, 0, 0, 0,
    0, 0, 0, 0, 0, 0, 0, 0,
    0, 0, 0, 0, 0, 0, 0, 0,
    0, 0, 0, 0, 0, 0, 0, 0,
    0, 0, 0, 0, 0, 0, 0, 0,
    0, 0, 0, 0, 0, 0, 0, 0,
    0, -20, -2, 0, 8, -7, 2, 0,
    -18, -4, 3, -7, 0, 3, 0, -23,
    -6, -20, -10, 3, -25, 0, 0, 7,
    1, 0, 0, -2, 0, 0, 0, 0,
    0, 0, 0, 0, -5, 0, -10, -7,
    2, -6, 4, 0, 0, 0, 0, 0,
    0, 0, 0, 0, -7, 0, -8, 0,
    0, 0, -1, 0, 0, 0, 0, -7,
    0, -7, -2, -6, -8, 0, 0, -24,
    0, 0, 0, 0, -1, -1, 0, 0,
    0, 0, 0, 0, -1, 0, -1, 0,
    -4, -2, 0, 0, 0, 0, 0, 0,
    0, 2, -3, 0, -2, -6, -4, 0,
    0, -4, -3, -4, 0, 0, 0, -1,
    0, 0, 1, -6, -3, 0, 0, -19,
    0, 0, 0, 0, 0, -1, 0, 0,
    0, 0, 0, 0, 0, 0, 1, 0,
    0, 0, 0, 0, 0, 0, 0, 0,
    0, -4, 0, 0, -17, 6, -14, 0,
    0, 0, -13, 0, 0, -2, 0, -11,
    0, -9, -6, -10, -12, -6, 0, -18,
    0, 0, 0, 0, 0, 0, 0, 0,
    0, 0, 0, 0, 0, 0, 0, 0,
    0, 0, 0, 0, 0, 0, 0, 0,
    0, 0, -5, 0, 0, 0, 0, 0,
    0, -4, 0, 0, 0, -5, 0, 0,
    0, -2, 0, 0, -1, 0, 0, 0,
    0, 0, -4, -4, 0, -2, 0, 0,
    0, 0, 0, 0, 0, 0, 0, 0,
    0, 0, 0, 0, 0, 0, 0, 0,
    0, 2, -15, 6, -39, 0, -26, 0,
    2, -10, -26, -9, 0, -19, 0, 0,
    0, 0, 0, 0, 0, 0, 0, -54,
    -15, 0, -12, -12, -2, -16, 0, -4,
    0, -10, -10, -9, -4, -9, -6, -5,
    -14, -6, -7, 12, 12, 12, 12, 0,
    0, -4, 0, 0, 0, 1, 2, 0,
    0, 0, 0, 0, 0, -2, 0, -11,
    0, -8, -4, -3, -14, 0, 0, 0,
    0, 0, 0, 0, 0, 0, 0, 0,
    0, 0, 0, 0, 0, 0, 0, 0,
    0, 0, 0, 0, 0, 0, 0, 0,
    0, 0, -2, 0, 0, -13, 0, 0,
    0, -7, 0, 0, 0, 0, 0, -1,
    0, 0, 0, 0, 0, 0, 0, 2,
    0, 0, -2, -2, 0, 0, 0, 0,
    0, 0, 0, -1, 0, 0, -1, 0,
    0, -1, 0, 8, 8, 8, 8, 0,
    0, 0, 0, 0, -12, 0, -11, 0,
    0, 0, -7, 0, 0, -2, 0, 0,
    0, 0, 0, -6, 0, 0, 0, -31,
    0, 0, 0, 0, 0, 0, 0, 0,
    0, 0, 0, 0, 0, 0, 0, 0,
    0, 0, 0, 0, 0, 0, 0, 0,
    0, 0, -10, 4, 4, -22, 2, 0,
    0, -11, 2, -12, 0, -4, -3, -9,
    0, -7, -3, 0, -5, 2, 0, 0,
    -3, 0, -8, -9, -7, -2, 0, 0,
    -2, -4, -4, 0, -9, -6, -6, -6,
    -3, -6, 4, 8, 4, 4, 0, -2,
    0, 0, 0, 0, 0, 0, 0, 2,
    0, 0, 0, 0, 0, 0, 0, 0,
    0, 0, 0, 0, 0, 0, 0, 0,
    0, 0, 0, 0, 0, 0, 0, 0,
    0, 0, 0, 0, 0, 0, 0, 0,
    0, 0, 0, 0, 0, 0, 0, 0,
    0, -4, -1, 0, -18, 6, -14, 0,
    -1, 0, -8, 0, 0, -3, 0, -9,
    0, -9, -7, -10, -14, -4, 0, -38,
    0, 0, 0, 0, 0, 0, 0, 0,
    0, 0, 0, 0, 0, 0, 0, 0,
    0, 0, 0, 0, 0, 0, 0, 0,
    0, 6, -11, 0, -43, 0, -29, 0,
    4, -2, -25, 0, 0, -18, 0, 0,
    0, 0, 0, -9, -4, -9, 0, -58,
    -4, 0, -7, -7, 3, -10, 0, 0,
    0, -4, -5, -4, 3, 0, 4, 2,
    0, 4, 1, 0, 0, 0, 0, 0,
    0, 0, -11, 0, -3, -7, -6, 0,
    0, -9, 0, -2, 0, -5, 0, -6,
    -4, -6, -3, 0, -10, 0, 0, 1,
    -4, 0, -3, -3, 0, -6, 0, 0,
    0, 0, 0, 0, 0, 0, 0, 0,
    0, -1, 0, 0, 0, 0, 0, 0,
    0, 0, -3, 0, -3, 5, -10, 0,
    0, 0, 0, 0, 0, 1, -3, -5,
    0, -2, -2, 0, -4, 0, 0, -20,
    0, 0, 0, 0, 0, 0, 0, 0,
    0, 0, 0, 0, 0, 0, 0, 0,
    0, 0, 0, 0, 0, 0, 0, 0,
    0, 0, 0, 0, 0, 0, 0, -16,
    0, 0, 0, 0, 0, 0, 0, 0,
    0, 0, 0, 0, 0, 0, 0, 0,
    0, 0, 0, 0, 0, 0, 0, 0,
    0, 0, 0, 0, 0, 0, 0, 0,
    0, 0, 0, 0, 0, 0, 0, 0,
    0, 0, -3, 0, -14, 0, -14, 0,
    0, 0, -6, 0, 0, -1, 0, 0,
    0, 0, 0, 0, 0, 0, 0, -26,
    0, 0, 0, 0, 0, 0, 0, 0,
    0, 0, 0, 0, 0, 0, 0, 0,
    0, 0, 0, 0, 0, 0, 0, 0,
    0, 0, 0, 0, 0, 0, 0, -10,
    0, 0, 0, 0, 0, 0, 0, 0,
    0, 0, 0, 0, 0, 0, 0, 0,
    0, 0, 0, 0, 0, 0, 0, 0,
    0, 0, 0, 0, 0, 0, 0, 0,
    0, 0, 0, 0, 0, 0, 0, 0,
    0, 0, 0, 0, 0, 0, 0, -3,
    0, 0, 0, 0, 0, 0, 0, 0,
    0, 0, 0, 0, 0, 0, 0, 0,
    0, 0, 0, 0, 0, 0, 0, 0,
    0, 0, 0, 0, 0, 0, 0, 0,
    0, 0, 0, 0, 0, 0, 0, 0,
    0, 0, 0, 0, 0, 0, 0, -5,
    0, 0, 0, 0, 0, 0, 0, 0,
    0, 0, 0, 0, 0, 0, 0, 0,
    0, 0, 0, 0, 0, 0, 0, 0,
    0, 0, 0, 0, 0, 0, 0, 0,
    0, 0, 0, 0, 0, 0, 0, 0,
    0, 0, 0, 0, 0, 0, 0, -18,
    0, 0, 0, 0, 0, 0, 0, 0,
    0, 0, 0, 0, 0, 0, 0, 0,
    0, 0, 0, 0, 0, 0, 0, 0,
    0, 0, 0, 0, 0, 0, 0, 0,
    0, 0, 0, 0, 0, 0, 0, 0,
    0, 3, -4, 3, 10, -17, 2, 0,
    0, -7, 0, -6, 0, -2, 0, 0,
    0, -2, -1, 0, -2, 0, 0, 7,
    0, 0, -2, -2, 0, 0, 0, 0,
    0, 0, 0, 0, -1, -1, 0, 0,
    0, -2, 4, 10, 10, 10, 9, 0,
    0, -10, 0, 0, 4, -2, 10, 0,
    0, 0, 6, 0, 0, 4, 0, -27,
    0, -14, -4, 2, -21, 4, 0, 4,
    0, 0, 0, 0, 0, 0, 0, 0,
    0, 0, 0, 0, -2, 0, -4, -2,
    1, -2, 2, 0, 0, 0, 0, 0,
    0, -8, 0, 0, -7, 4, 1, 0,
    0, 0, 0, 0, -2, 1, 0, -27,
    0, -13, -8, -7, -22, -1, 0, -20,
    0, 0, 0, 0, -1, 0, 0, 0,
    0, 0, 0, 0, -1, 0, -2, -1,
    -5, -3, -3, 0, 0, 0, 0, 0,
    0, 0, 0, 0, 0, 0, 2, 0,
    0, 0, 4, 0, 0, 3, 1, -18,
    0, -10, -3, 0, -16, 2, 0, -12,
    0, 0, -2, -1, 0, -1, 0, 0,
    0, 0, 0, 0, 0, 0, 0, 0,
    0, 0, 0, 0, 0, 0, 0, 0,
    0, -9, 0, 0, -7, 4, 1, 0,
    0, 0, 0, 0, -2, 0, -4, -22,
    0, -13, -7, -7, -22, -2, 0, -22,
    0, 0, 0, 0, 0, 0, 0, 0,
    0, 0, 0, 0, 0, 0, 0, -2,
    -4, -2, -2, 0, 0, 0, 0, 0,
    1, 12, -4, 11, -18, -2, -8, 0,
    11, 0, -5, 6, 0, -8, 2, 12,
    0, 12, 11, 6, 11, 0, 6, -22,
    0, 0, -2, -2, 0, -3, 4, 0,
    0, 0, 0, 0, 1, 0, 5, 0,
    0, 4, 0, 22, 18, 20, 20, 0,
    0, 2, -1, 10, 2, -1, 13, 0,
    0, -1, 8, 1, 0, -2, 0, 0,
    0, -2, 1, 3, -4, 5, 4, 21,
    0, 0, -2, -2, 0, 4, 0, 9,
    0, 0, 0, 0, 0, -2, 0, 1,
    0, 2, 1, 0, 0, 0, 9, 0,
    0, -7, 0, 0, 0, 0, 2, 0,
    0, 0, 0, 0, 0, 0, 0, -22,
    0, -13, -9, 0, -21, 0, 0, 0,
    0, 0, 0, 0, 0, 0, 0, 0,
    0, 0, 0, 0, 0, 0, -4, -2,
    0, -4, 0, 0, 0, 0, 0, 0,
    0, 0, 0, 0, 0, 0, 0, 0,
    0, 0, 0, 0, 0, -3, 0, 0,
    0, 0, 0, 0, -6, 0, 0, 0,
    0, 0, 0, 0, 0, 0, 0, 0,
    0, 0, 0, 0, 0, 0, 0, 0,
    0, 0, 0, 0, 0, 0, 0, 0,
    0, 0, 0, 0, 0, 0, 0, 0,
    0, 0, 0, 0, 0, 0, 0, -5,
    0, -9, -4, 0, -2, 0, 0, 0,
    0, 0, 0, 0, 0, 0, 0, 0,
    0, 0, 0, 0, 0, 0, 0, 0,
    0, 0, 0, 0, 0, 0, 0, 0,
    0, 0, -5, 0, 1, -18, 1, 0,
    0, -4, 6, -4, 0, 2, -2, -10,
    0, -6, -2, 1, -16, 6, 0, 10,
    -1, 0, -3, -2, 0, -2, 0, 0,
    0, 0, 0, -3, -3, -4, -4, -3,
    0, -3, 2, 0, 0, 0, 0, 0,
    0, 0, 0, 0, 3, -5, 1, 0,
    0, 0, 9, 0, 0, 5, 0, -6,
    0, -2, 1, 6, -6, 6, 0, 10,
    0, 0, 0, 0, 0, 0, 0, 0,
    -4, 0, 0, 0, -2, 0, -2, -1,
    0, -2, 1, 0, 0, 0, 0, -4,
    0, -9, -2, 0, -7, 4, 0, 0,
    0, 0, 0, 0, -2, 0, 0, -23,
    0, -13, -8, -7, -22, -3, 0, -23,
    0, 0, 0, 0, -2, 0, 0, 0,
    0, 0, 0, 0, -2, 0, -3, -3,
    -6, -3, -1, 0, 0, 0, 0, 0,
    0, 0, 0, 0, 0, 0, 0, 0,
    0, 0, 0, 0, 0, 0, 0, -5,
    0, -9, -4, 0, -13, 0, 0, 0,
    0, 0, 0, 0, 0, 0, 0, 0,
    0, 0, 0, 0, 0, 0, 0, 0,
    0, 0, 0, 0, 0, 0, 0, 0,
    0, 12, -8, 0, -31, -2, -10, 0,
    0, 0, -14, 4, 0, -7, 2, -3,
    0, 2, 4, -6, -6, -4, 0, -30,
    -3, 0, -1, -1, 4, -5, 0, 1,
    0, 0, 0, 0, 4, 0, 5, 4,
    0, 5, 2, 0, 0, 0, 1, 0,
    0, -4, -1, 0, -3, -2, 1, 0,
    0, 0, 0, 0, 0, 0, 0, -22,
    0, -12, -1, -7, -18, 0, 0, -16,
    0, 0, 0, 0, 1, -1, 0, 0,
    0, 0, 0, -3, -1, 0, -4, -4,
    -4, -4, -2, 0, 0, 0, 0, 0,
    0, 1, -3, 0, 1, -6, 0, 0,
    1, -1, 5, 0, 0, 2, 1, -10,
    0, 0, 1, 1, -7, 1, 1, 8,
    0, 0, -1, -1, -2, -2, 0, 0,
    0, 0, 0, 0, -3, 0, 1, 0,
    0, 1, 1, 0, 0, 0, 0, 0,
    0, 0, 0, 0, 0, 0, 0, 0,
    0, 0, 0, 0, 0, 0, 0, -18,
    0, -9, -2, 0, -18, 0, 0, 0,
    0, 0, 0, 0, 0, 0, 0, 0,
    0, 0, 0, 0, 0, 0, 0, 0,
    0, 0, 0, 0, 0, 0, 0, 0,
    0, 11, -6, 0, -24, -1, -4, 0,
    0, 0, -10, 0, -1, -6, 0, -9,
    0, -4, 0, -1, -6, 0, 0, -26,
    -4, 0, -3, -3, 3, -5, 0, 0,
    0, 0, 0, 0, 1, 0, 0, 0,
    0, 0, 0, 0, 0, 0, 0, 0,
    0, 9, -8, 0, -18, -1, 0, 0,
    0, -2, -6, 0, 0, -7, 0, -15,
    0, -4, -2, 0, -12, 0, 0, -16,
    -4, 0, -3, -3, 1, -6, 0, 0,
    0, 0, 0, -1, 1, 0, 0, 0,
    0, 0, 1, 0, 0, 0, 0, 0,
    0, 2, -10, 0, 0, -14, 0, 0,
    0, -6, 2, 0, 0, 0, 0, -16,
    0, -4, -3, 1, -10, 0, 0, 8,
    0, 0, -6, -6, 0, 0, 0, 0,
    0, 0, 0, -2, 0, 0, 0, 0,
    0, 0, 0, 0, 0, 0, 0, 0,
    0, 9, -11, 0, -26, -1, -5, 0,
    0, -3, -12, 0, -1, -9, 0, -11,
    0, -4, 0, 0, -2, 0, 0, -30,
    -6, 0, -4, -4, 3, -10, 0, 0,
    0, 0, 0, -2, 1, 0, 0, 0,
    0, 0, 0, 0, 0, 0, 0, 0,
    0, 4, -3, 0, 6, -8, 2, 0,
    0, -2, 5, 0, 0, 2, 0, -14,
    0, -3, 0, 5, -7, 2, 0, 6,
    0, 0, -3, -3, 0, 0, 0, 0,
    0, 0, 0, 0, 0, 0, 1, 1,
    0, 1, 0, 0, 0, 0, 0, 0,
    0, -6, 0, 0, 1, -2, 0, 0,
    -5, 0, 3, -1, -1, 4, -3, -12,
    -2, -7, -5, 0, -12, 3, 0, -20,
    3, 0, 1, 1, -1, 3, 0, 0,
    0, 0, 0, 0, -3, 0, -3, -4,
    0, -3, 0, 0, 0, 0, 0, 0,
    0, -20, -2, 18, 8, -7, 2, 0,
    -18, -4, 3, -7, 0, 3, 0, -23,
    -6, -20, -10, 3, -25, 0, 4, 7,
    1, 0, 0, -2, 0, 0, 0, 0,
    0, 0, 0, 0, -5, 0, -10, -7,
    2, -6, 4, 0, 0, 0, 0, 0,
    0, -10, 0, 15, 4, -2, 10, 0,
    0, 0, 6, 0, 0, 4, 0, -27,
    0, -14, -4, 2, -21, 4, 0, 4,
    0, 0, 0, 0, 0, 0, 0, 8,
    0, 0, 0, 0, -2, 0, -4, -2,
    1, -2, 2, 0, 0, 0, 8, 0,
    18, 25, 13, 38, -12, -9, 0, 0,
    26, 0, 0, 0, 0, 0, 0, 0,
    0, 0, 0, 0, 0, 0, 26, -16,
    0, 18, -4, -4, 16, -5, 18, 17,
    18, 0, 0, -3, 16, 0, 16, 12,
    0, 16, 6, 18, 18, 18, 17, 18,
    0, 0, -5, 7, 0, 0, 0, 0,
    0, -4, 0, 0, 0, -5, 0, 0,
    0, -2, 0, 0, -1, 0, 0, 0,
    0, 0, -4, -4, 0, -2, 0, 0,
    0, 0, 0, 0, 0, 0, 0, 0,
    0, 0, 0, 0, 0, 0, 0, 0,
    0, 0, 0, 0, 0, 0, 0, 0,
    0, 0, 0, 0, 0, -3, 0, 13,
    0, 13, 13, 0, 13, 0, 0, 0,
    0, 0, 0, 0, 0, 0, 0, 0,
    0, 0, 0, 0, 0, 0, 0, 0,
    0, 0, 0, 0, 0, 0, 0, 0,
    0, 0, 0, 0, 0, 0, 0, 0,
    0, 0, 0, 0, 0, -3, 0, 0,
    0, 4, 0, 0, 8, 0, 0, 0,
    0, 0, 0, 0, 0, 0, 0, 0,
    0, 0, 0, 0, 0, 0, 0, 0,
    0, 0, 0, 0, 0, 0, 0, 0,
    0, 0, 0, 0, 0, 0, 0, 0,
    0, 0, 0, 0, 0, -3, 0, 6,
    0, 13, 4, 0, 13, 0, 0, 0,
    0, 0, 0, 0, 0, 0, 0, 0,
    0, 0, 0, 0, 0, 0, 0, 0,
    0, 0, 0, 0, 0, 0, 0, 0,
    0, 0, -2, 9, 0, -13, 0, 0,
    0, -7, 0, 0, 0, 0, 0, -1,
    0, 0, 0, 0, 0, 0, 0, 2,
    0, 0, -2, -2, 0, 0, 0, 0,
    0, 0, 0, -1, 0, 0, -1, 0,
    0, -1, 0, 8, 8, 8, 8, 0,
    0, 0, 0, 0, 0, 0, 0, 0,
    0, 0, 0, 0, 0, 0, 0, -5,
    0, 6, 9, 0, 7, 0, 0, 0,
    0, 0, 0, 0, 0, 0, 0, 0,
    0, 0, 0, 0, 0, 0, 0, 0,
    0, 0, 0, 0, 0, 0, 0, 0,
    18, 25, 13, 38, -3, -8, 0, 0,
    26, 0, 0, 0, 0, 0, 0, 0,
    0, 0, 0, 0, 0, 0, 26, -16,
    0, 18, -4, -4, 16, -5, 18, 17,
    18, 0, 0, -3, 16, 0, 16, 12,
    0, 16, 6, 18, 18, 18, 17, 18,
    0, 0, 0, 0, 3, -5, 1, 0,
    0, 0, 9, 0, 0, 5, 0, -6,
    0, -2, 1, 6, -6, 6, 0, 10,
    0, 0, 0, 0, 0, 0, 0, 0,
    -4, 0, 0, 0, -2, 0, -2, -1,
    0, -2, 1, 0, 0, 0, 0, 10,
    9, 16, -3, 29, 1, -6, 0, 0,
    13, -1, 5, 0, 0, 2, 1, -10,
    0, 0, 1, 1, -7, 1, 13, 8,
    0, 8, -1, -1, 0, -2, 8, 8,
    8, 0, 0, 0, -2, 0, 1, 0,
    0, 1, 1, 8, 8, 8, 8, 8
};


/*Collect the kern class' data in one place*/
static const lv_font_fmt_txt_kern_classes_t kern_classes =
{
    .class_pair_values   = kern_class_values,
    .left_class_mapping  = kern_left_class_mapping,
    .right_class_mapping = kern_right_class_mapping,
    .left_class_cnt      = 58,
    .right_class_cnt     = 48,
};

/*--------------------
 *  ALL CUSTOM DATA
 *--------------------*/

#if LVGL_VERSION_MAJOR == 8
/*Store all the custom data of the font*/
static  lv_font_fmt_txt_glyph_cache_t cache;
#endif

#if LVGL_VERSION_MAJOR >= 8
static const lv_font_fmt_txt_dsc_t font_dsc = {
#else
static lv_font_fmt_txt_dsc_t font_dsc = {
#endif
    .glyph_bitmap = glyph_bitmap,
    .glyph_dsc = glyph_dsc,
    .cmaps = cmaps,
    .kern_dsc = &kern_classes,
    .kern_scale = 16,
    .cmap_num = 4,
    .bpp = 4,
    .kern_classes = 1,
    .bitmap_format = 0,
#if LVGL_VERSION_MAJOR == 8
    .cache = &cache
#endif
};



/*-----------------
 *  PUBLIC FONT
 *----------------*/

/*Initialize a public general font descriptor*/
#if LVGL_VERSION_MAJOR >= 8
const lv_font_t plex_sans_cond_25 = {
#else
lv_font_t plex_sans_cond_25 = {
#endif
    .get_glyph_dsc = lv_font_get_glyph_dsc_fmt_txt,    /*Function pointer to get glyph's data*/
    .get_glyph_bitmap = lv_font_get_bitmap_fmt_txt,    /*Function pointer to get glyph's bitmap*/
    .line_height = 31,          /*The maximum line height required by the font*/
    .base_line = 6,             /*Baseline measured from the bottom of the line*/
#if !(LVGL_VERSION_MAJOR == 6 && LVGL_VERSION_MINOR == 0)
    .subpx = LV_FONT_SUBPX_NONE,
#endif
#if LV_VERSION_CHECK(7, 4, 0) || LVGL_VERSION_MAJOR >= 8
    .underline_position = -2,
    .underline_thickness = 2,
#endif
#if LV_VERSION_CHECK(9, 3, 0)
    .static_bitmap = 1,   /*Uncompressed const bitmaps: use in place, no copy*/
#endif
    .dsc = &font_dsc,          /*The custom font data. Will be accessed by `get_glyph_bitmap/dsc` */
#if LV_VERSION_CHECK(8, 2, 0) || LVGL_VERSION_MAJOR >= 9
    .fallback = NULL,
#endif
    .user_data = NULL,
};



#endif /*#if PLEX_SANS_COND_25*/

