/*******************************************************************************
 * Size: 34 px
 * Bpp: 4
 * Opts: --font /Users/monsjovis/repositories/esp-flight-monitor/tools/fonts/IBMPlexSansCondensed-Medium.ttf --format lvgl --bpp 4 --size 34 --lv-font-name plex_sans_cond_34 -o /Users/monsjovis/repositories/esp-flight-monitor/main/ui/fonts/plex_sans_cond_34.c -r 0x20-0x7F -r 0xC4,0xD6,0xDC,0xE4,0xF6,0xFC,0xDF -r 0xB0,0xB7 -r 0x2192,0x2014 -r 0x0104-0x017C
 ******************************************************************************/

#ifdef LV_LVGL_H_INCLUDE_SIMPLE
#include "lvgl.h"
#else
#include "lvgl/lvgl.h"
#endif

#ifndef PLEX_SANS_COND_34
#define PLEX_SANS_COND_34 1
#endif

#if PLEX_SANS_COND_34

/*-----------------
 *    BITMAPS
 *----------------*/

/*Store the image of the glyphs*/
static LV_ATTRIBUTE_LARGE_CONST const uint8_t glyph_bitmap[] = {
    /* U+0020 " " */

    /* U+0021 "!" */
    0x4f, 0xfa, 0x0, 0x3f, 0xf9, 0xae, 0x1, 0x78,
    0x80, 0x42, 0x60, 0x11, 0x88, 0x4, 0xc0, 0x40,
    0x2, 0x1, 0x0, 0x8, 0x30, 0x8, 0x0, 0x80,
    0xc0, 0x1e, 0xc, 0x0, 0x20, 0x20, 0x3, 0x7,
    0x0, 0xf, 0xdc, 0x3, 0xe8, 0xb9, 0x29, 0x74,
    0x6f, 0x20, 0x8, 0x84, 0x2, 0x18, 0x30, 0x2b,

    /* U+0022 "\"" */
    0xaf, 0xf3, 0x80, 0x23, 0xfd, 0x40, 0x1f, 0xff,
    0xf0, 0xf, 0xfb, 0xc0, 0x6,

    /* U+0023 "#" */
    0x0, 0xf6, 0xfc, 0x0, 0x69, 0xfc, 0x0, 0xfe,
    0x20, 0xd0, 0xc, 0x40, 0xa0, 0x1f, 0x88, 0x0,
    0xe0, 0x19, 0x43, 0x80, 0x3f, 0x38, 0x0, 0x80,
    0x21, 0x10, 0x18, 0x7, 0xed, 0x2, 0x0, 0xc4,
    0x0, 0x50, 0xf, 0xc4, 0xc, 0x1, 0x94, 0x0,
    0x20, 0x1a, 0xbf, 0xe5, 0x4, 0xff, 0xd2, 0x0,
    0xff, 0x98, 0x3, 0xff, 0x91, 0x79, 0x8b, 0x0,
    0x56, 0x66, 0x10, 0x6c, 0xc9, 0xc0, 0x4c, 0xc0,
    0x12, 0x19, 0xe1, 0xc, 0x33, 0x84, 0x3, 0x10,
    0x8, 0x80, 0x22, 0x0, 0x38, 0x7, 0xef, 0x2,
    0x0, 0xce, 0x0, 0x20, 0xf, 0xc4, 0xc, 0x1,
    0x88, 0x4, 0x3, 0xf9, 0x43, 0x40, 0x37, 0x2,
    0x80, 0x7f, 0x8, 0x10, 0x6, 0x50, 0x20, 0xe,
    0xff, 0xc0, 0xa, 0xff, 0xc6, 0xd, 0xff, 0x8,
    0x7, 0xff, 0x23, 0x73, 0xc, 0x3, 0x99, 0xa4,
    0x1, 0x79, 0x90, 0x81, 0x19, 0xc0, 0xa6, 0x7c,
    0x0, 0x43, 0x38, 0x3, 0x98, 0x8, 0x3, 0x68,
    0x10, 0x7, 0xf1, 0x7, 0x0, 0x62, 0x6, 0x0,
    0xfc, 0x22, 0x3, 0x0, 0xcc, 0x6, 0x1, 0xf8,
    0x80, 0xc, 0x1, 0x8c, 0x38, 0x3, 0xf3, 0x0,
    0x8, 0x2, 0x10, 0x1, 0x0, 0x78,

    /* U+0024 "$" */
    0x0, 0xf8, 0x88, 0x20, 0x1f, 0xfc, 0x1d, 0xd8,
    0x3, 0xff, 0xa0, 0x60, 0x1, 0x20, 0xf, 0xc5,
    0x5f, 0x80, 0x2, 0xde, 0x81, 0x0, 0xcb, 0xaa,
    0x1, 0xe1, 0x7f, 0x40, 0x1, 0x50, 0x4, 0x62,
    0x6, 0x60, 0x0, 0xd9, 0x84, 0x0, 0x59, 0x83,
    0x4, 0xcc, 0x10, 0x8, 0x81, 0x0, 0xe, 0x60,
    0x1c, 0x78, 0xbe, 0x40, 0x20, 0xc, 0x0, 0xf8,
    0x68, 0x40, 0x38, 0x40, 0x3f, 0xf8, 0x2, 0x0,
    0xe0, 0xf, 0xfe, 0x3, 0x80, 0x12, 0x44, 0x3,
    0xfd, 0x2, 0x0, 0x6e, 0x20, 0x10, 0xf, 0x87,
    0x44, 0x3, 0x9b, 0xa4, 0x80, 0x38, 0xfa, 0x8,
    0x3, 0xb, 0x6c, 0x80, 0x79, 0xf7, 0x42, 0x1,
    0xcd, 0x80, 0x1f, 0x11, 0x83, 0xd1, 0x0, 0xd,
    0x80, 0x3f, 0xcb, 0x82, 0x0, 0xa0, 0xf, 0xf8,
    0x58, 0x0, 0x40, 0x1f, 0xfc, 0xd, 0x0, 0x8,
    0x1, 0x0, 0x3f, 0x88, 0x0, 0x41, 0x17, 0x0,
    0x1f, 0xac, 0x0, 0xec, 0xe0, 0xf6, 0x60, 0x18,
    0x68, 0xc0, 0x1e, 0xc6, 0x0, 0x4c, 0xd2, 0x6,
    0xe5, 0x0, 0x1a, 0x86, 0x30, 0x4, 0x40, 0x1,
    0x0, 0x8f, 0x40, 0x29, 0xd6, 0x20, 0xe, 0x3a,
    0xc1, 0x0, 0xc5, 0x3b, 0xc0, 0x3, 0xfc, 0x50,
    0xf, 0xe1, 0x0, 0xff, 0xe6, 0x80,

    /* U+0025 "%" */
    0x0, 0x9f, 0x7f, 0xd8, 0xc0, 0x1f, 0xed, 0xff,
    0x20, 0x7, 0xb2, 0x8, 0x0, 0x73, 0x60, 0x1f,
    0xa0, 0x81, 0x50, 0x3, 0x9c, 0xc1, 0x33, 0x8,
    0x8, 0xc0, 0x1e, 0x27, 0x1, 0xb0, 0xf, 0x50,
    0x2, 0x8c, 0xd4, 0x0, 0xa0, 0xf, 0x70, 0x2,
    0x4, 0x3, 0x84, 0x80, 0x84, 0x0, 0x20, 0x3,
    0x0, 0xe6, 0x30, 0x36, 0x0, 0xf1, 0x80, 0x7c,
    0x20, 0x1, 0x0, 0x86, 0x0, 0x1c, 0x1, 0xf0,
    0x80, 0x7f, 0x8c, 0x2, 0x81, 0x7, 0x20, 0xf,
    0x84, 0x3, 0xfc, 0x60, 0x3, 0x60, 0x18, 0x0,
    0xfc, 0x60, 0x1f, 0xe1, 0x0, 0x70, 0x2, 0x80,
    0x3f, 0x84, 0x80, 0x84, 0x0, 0x22, 0x3, 0x0,
    0x39, 0x2, 0x20, 0x3, 0xfd, 0x40, 0xb, 0x33,
    0x50, 0x2, 0x80, 0x60, 0x1, 0x40, 0x10, 0x88,
    0x3, 0xce, 0x60, 0xb9, 0x84, 0x4, 0x60, 0xa0,
    0x4, 0x8, 0x3f, 0x75, 0xf4, 0x20, 0x1b, 0x20,
    0x80, 0x7, 0x16, 0xa, 0x80, 0x4e, 0x17, 0x2,
    0x1, 0x2f, 0x88, 0x6, 0x7d, 0xff, 0x63, 0x80,
    0x2c, 0x1, 0xc0, 0xa8, 0x7, 0xbd, 0x0, 0x36,
    0x1, 0xff, 0x40, 0x83, 0x18, 0x70, 0x3, 0xc8,
    0x5c, 0x81, 0x40, 0x3f, 0xc4, 0xe0, 0x30, 0x0,
    0x50, 0x1, 0x0, 0x4c, 0x0, 0x30, 0xf, 0xee,
    0x0, 0x58, 0x80, 0x4, 0x0, 0x20, 0x1e, 0x60,
    0xf, 0xcc, 0x60, 0x8a, 0x1, 0xff, 0xc9, 0x18,
    0x0, 0x48, 0x7, 0xff, 0x2a, 0xc4, 0x1c, 0x80,
    0x31, 0x0, 0x4, 0x3, 0xcc, 0x1, 0xe4, 0x50,
    0x28, 0x0, 0xe7, 0x0, 0x28, 0x4, 0xa0, 0x3,
    0x0, 0xf4, 0x80, 0x24, 0x3, 0xdc, 0x0, 0x94,
    0x29, 0x10, 0x60, 0xf, 0x39, 0x2, 0xa0, 0x7,
    0x91, 0x80, 0xaf, 0x58, 0xa, 0x0, 0x38, 0xa0,
    0x1, 0x60, 0x1f, 0xa6, 0x46, 0x0, 0x27, 0xc1,
    0x0,

    /* U+0026 "&" */
    0x0, 0xe7, 0xce, 0xfe, 0xb6, 0x0, 0xff, 0xe0,
    0x17, 0x41, 0x88, 0xa, 0x4e, 0x0, 0x7f, 0xdc,
    0x20, 0x1, 0x31, 0x0, 0x1d, 0x0, 0x7f, 0x19,
    0x80, 0xf, 0xd9, 0xca, 0x0, 0x51, 0x0, 0xfc,
    0xa0, 0x14, 0x0, 0x52, 0x1, 0x10, 0x7, 0xff,
    0x10, 0x80, 0x3f, 0xf8, 0xa, 0x1, 0x10, 0x4,
    0xa0, 0x11, 0x0, 0x7e, 0x31, 0x0, 0x58, 0x5,
    0x0, 0x5, 0x10, 0xf, 0xe9, 0x0, 0x32, 0x4,
    0x98, 0xc, 0x0, 0x7f, 0x9c, 0x80, 0x17, 0xac,
    0x0, 0xd2, 0x0, 0xff, 0xbc, 0x2, 0x20, 0x3d,
    0x30, 0xf, 0xf8, 0x64, 0x3, 0xb8, 0x80, 0x7,
    0xff, 0xa0, 0x2, 0x2f, 0x40, 0xe, 0xe0, 0x9,
    0x80, 0x3e, 0x1c, 0x10, 0x3e, 0x80, 0x1, 0xc8,
    0x0, 0xc0, 0x2, 0x2f, 0x0, 0x48, 0x80, 0x34,
    0x5d, 0x40, 0xc, 0xc0, 0xc0, 0x5, 0xf3, 0x80,
    0x18, 0x0, 0xc2, 0x0, 0xa3, 0x0, 0x49, 0xa0,
    0x1, 0x0, 0x30, 0x80, 0x38, 0x3, 0x68, 0x80,
    0x34, 0x40, 0xc4, 0x2, 0x10, 0xf, 0xc3, 0xa0,
    0x1, 0x0, 0x50, 0x6, 0x10, 0xb, 0x80, 0x38,
    0xe4, 0x3, 0x20, 0x7, 0x8, 0x1, 0xc4, 0x3,
    0x88, 0x3, 0x48, 0x7, 0x38, 0x0, 0x74, 0xc0,
    0x2, 0xf6, 0xac, 0x0, 0x47, 0x0, 0xd0, 0x20,
    0x3, 0xcf, 0xf7, 0x40, 0x4c, 0x88, 0x1, 0x8,
    0x1, 0xe, 0x88, 0x7, 0xd0, 0x61, 0xc0, 0x15,
    0x8, 0x4, 0x7e, 0xe6, 0x0, 0x15, 0xc7, 0x0,
    0x1c, 0x0, 0x7, 0x40,

    /* U+0027 "'" */
    0xaf, 0xf3, 0x80, 0x7f, 0xf6, 0x0,

    /* U+0028 "(" */
    0x0, 0xf2, 0xb3, 0x8, 0x3, 0xa2, 0xa6, 0x88,
    0x3, 0x2b, 0x80, 0xe8, 0x6, 0x1b, 0x0, 0x50,
    0x80, 0x68, 0x10, 0x54, 0x0, 0xc2, 0xc0, 0x8,
    0x0, 0xe9, 0x0, 0x29, 0x0, 0x73, 0x0, 0x38,
    0x3, 0x8c, 0x40, 0x50, 0x3, 0x90, 0x0, 0x80,
    0x1e, 0xd0, 0x6, 0x80, 0x79, 0xc0, 0x6, 0x1,
    0xe2, 0x0, 0x38, 0x7, 0xf0, 0x80, 0x70, 0x80,
    0x7f, 0x18, 0x7, 0xff, 0x1c, 0xc0, 0x3f, 0x84,
    0x3, 0xfc, 0x20, 0x1, 0x0, 0xf1, 0x0, 0x18,
    0x3, 0xca, 0x0, 0xd0, 0xf, 0x60, 0x1, 0x0,
    0x3c, 0x80, 0x3, 0x10, 0xe, 0x13, 0x0, 0x38,
    0x7, 0xa4, 0x1, 0x60, 0x1e, 0x51, 0x2, 0x50,
    0xf, 0x40, 0x2, 0x0, 0x3c, 0xc6, 0x5, 0x0,
    0x1e, 0xd1, 0x7, 0x40, 0xe, 0x1d, 0x0, 0x59,
    0x0,

    /* U+0029 ")" */
    0x5, 0x66, 0x8, 0x7, 0xb2, 0x65, 0xa0, 0x1e,
    0x93, 0x3, 0xa0, 0xf, 0x68, 0x82, 0xa8, 0x3,
    0x86, 0x0, 0x10, 0x1, 0xe6, 0x20, 0x26, 0x0,
    0xf4, 0x0, 0x2c, 0x3, 0xca, 0x0, 0x22, 0x0,
    0x79, 0x40, 0x14, 0x1, 0xec, 0x0, 0x20, 0x7,
    0x90, 0x0, 0x60, 0x1e, 0x20, 0x8, 0x80, 0x3c,
    0x20, 0x6, 0x0, 0xf1, 0x80, 0x4, 0x3, 0xf8,
    0xc0, 0x3f, 0x84, 0x3, 0xff, 0x8e, 0x20, 0x1f,
    0xc6, 0x1, 0xe3, 0x0, 0x30, 0x7, 0x84, 0x0,
    0x40, 0x1c, 0x60, 0x1, 0x10, 0x7, 0x20, 0x1,
    0x0, 0x3d, 0x60, 0xc, 0x0, 0xe2, 0x30, 0x3,
    0x80, 0x75, 0x0, 0x14, 0x40, 0x30, 0xb8, 0x2,
    0x40, 0x3a, 0x0, 0xa, 0x60, 0x18, 0xd8, 0x1,
    0x0, 0x18, 0x74, 0x1, 0x44, 0x1, 0xb4, 0x42,
    0x14, 0x3, 0x0,

    /* U+002A "*" */
    0x0, 0xf3, 0xff, 0xa8, 0x3, 0xff, 0x80, 0x40,
    0x2, 0x0, 0xff, 0xe0, 0x30, 0x3, 0x80, 0x3e,
    0x26, 0x0, 0x88, 0x0, 0x40, 0x12, 0xa0, 0x2,
    0xa7, 0x9c, 0x44, 0x0, 0x60, 0x6d, 0xae, 0x0,
    0x28, 0xc, 0x74, 0x80, 0x2f, 0xa4, 0x81, 0x40,
    0x14, 0xa4, 0x0, 0x60, 0x3, 0x8, 0xa, 0x38,
    0x83, 0xd6, 0xf5, 0x90, 0x5, 0x7d, 0xcb, 0x81,
    0x0, 0xc2, 0x44, 0x0, 0xb0, 0x40, 0x3f, 0x2c,
    0x83, 0x48, 0x3b, 0x80, 0x3e, 0x4a, 0x1, 0x86,
    0x20, 0x86, 0x0, 0xe2, 0xb0, 0x4, 0x88, 0x48,
    0x2, 0x50, 0x3, 0x14, 0x81, 0x38, 0x1, 0x10,
    0x10, 0x80, 0x1c, 0xdb, 0xc0, 0x1a, 0x71, 0xc0,
    0x20,

    /* U+002B "+" */
    0x0, 0xf3, 0x7f, 0xb0, 0x3, 0xff, 0xfe, 0x1,
    0xff, 0xc0, 0xff, 0xe9, 0x0, 0x1f, 0xff, 0x30,
    0x7, 0xff, 0x14, 0xcf, 0x88, 0x2, 0x33, 0xe2,
    0xc, 0xce, 0xb0, 0x1, 0xe6, 0x72, 0x0, 0x7f,
    0xfe, 0x95, 0x99, 0x40, 0x1e,

    /* U+002C "," */
    0x0, 0xf9, 0x37, 0xf4, 0xc2, 0x8, 0xa, 0x0,
    0x80, 0x27, 0x5, 0x0, 0x9c, 0x29, 0x40, 0x6,
    0x3, 0xa0, 0xa, 0x0, 0x48, 0x29, 0x4, 0x88,
    0xac, 0x19, 0x81, 0xa2, 0x0,

    /* U+002D "-" */
    0x18, 0x8f, 0xc6, 0x67, 0x7f, 0xca, 0x1, 0xff,
    0xc8,

    /* U+002E "." */
    0x19, 0xb8, 0x1b, 0x64, 0x7b, 0x70, 0x9, 0xc4,
    0x2, 0x6f, 0x20, 0x28,

    /* U+002F "/" */
    0x0, 0xfc, 0xdf, 0xe9, 0x0, 0xfd, 0x80, 0xd,
    0x0, 0xfc, 0x80, 0x4, 0x0, 0xf8, 0xc4, 0x10,
    0x3, 0xf5, 0x80, 0x30, 0x3, 0xf2, 0x0, 0x14,
    0x3, 0xe1, 0x30, 0x22, 0x0, 0x7c, 0xe0, 0x4,
    0x0, 0xfd, 0x80, 0xd, 0x0, 0xfc, 0x80, 0x4,
    0x0, 0xf8, 0xc4, 0x10, 0x3, 0xf5, 0x80, 0x30,
    0x3, 0xf2, 0x0, 0x14, 0x3, 0xe1, 0x30, 0x22,
    0x0, 0x7c, 0xe0, 0x4, 0x0, 0xfd, 0x80, 0xd,
    0x0, 0xfc, 0x80, 0x4, 0x0, 0xf8, 0xc4, 0x10,
    0x3, 0xf5, 0x80, 0x30, 0x3, 0xf2, 0x0, 0x14,
    0x3, 0xe1, 0x30, 0x22, 0x0, 0x7c, 0x80, 0x4,
    0x0, 0xfd, 0xe0, 0xd, 0x0, 0xfc, 0x80, 0x4,
    0x0, 0xf8, 0xc4, 0x10, 0x3, 0xf5, 0x80, 0x30,
    0x3, 0xf2, 0x0, 0x14, 0x3, 0xe1, 0x30, 0x22,
    0x0, 0x7c, 0x80, 0x4, 0x0, 0xfd, 0xe0, 0xd,
    0x0, 0xfc,

    /* U+0030 "0" */
    0x0, 0xc5, 0x3b, 0xdf, 0xd4, 0xa0, 0x1f, 0x3e,
    0xb1, 0x8, 0xa, 0xd5, 0x88, 0x6, 0x68, 0x0,
    0xfc, 0x9a, 0x1, 0xc, 0x80, 0x6, 0x77, 0xac,
    0xc0, 0x6, 0xc0, 0x9, 0x0, 0xb5, 0x88, 0x53,
    0x8, 0x1, 0x60, 0x5, 0x0, 0x21, 0x80, 0x75,
    0x80, 0x8, 0x82, 0x40, 0xc, 0x0, 0xf2, 0x0,
    0x48, 0x40, 0x11, 0x0, 0x78, 0x80, 0x2f, 0x60,
    0x8, 0x40, 0x3f, 0xc4, 0x40, 0xf, 0xfe, 0x13,
    0x80, 0x7f, 0xf0, 0xc7, 0xc0, 0x3f, 0xfa, 0x7e,
    0x1, 0xff, 0xd2, 0x12, 0x0, 0xff, 0xe1, 0x3b,
    0x0, 0x42, 0x1, 0xfe, 0x22, 0x0, 0x44, 0x1,
    0xe2, 0x0, 0xbc, 0x48, 0x1, 0x80, 0x1e, 0x40,
    0x9, 0x1, 0x40, 0x8, 0x60, 0x1d, 0x60, 0x2,
    0x20, 0x48, 0x5, 0xac, 0x42, 0x98, 0x40, 0xb,
    0x0, 0xc, 0x0, 0x6, 0x77, 0xac, 0xc0, 0x6,
    0xc0, 0x13, 0xb8, 0x3, 0xf1, 0xe8, 0x7, 0x46,
    0x31, 0x0, 0x5, 0x2b, 0x4, 0x0,

    /* U+0031 "1" */
    0x0, 0xc3, 0xdf, 0xfb, 0x0, 0x3f, 0xb0, 0x40,
    0x3f, 0xf8, 0x36, 0x40, 0x1, 0x0, 0xff, 0x52,
    0x0, 0x2d, 0x40, 0x3f, 0xa1, 0x40, 0x14, 0x80,
    0x1f, 0xc6, 0xe0, 0x8, 0x50, 0xf, 0xf1, 0xd0,
    0x3b, 0x80, 0x3f, 0xf8, 0xb, 0xb0, 0x1, 0xff,
    0xc2, 0x20, 0xf, 0xff, 0xf8, 0x7, 0xff, 0xfc,
    0x3, 0xff, 0xba, 0x23, 0xce, 0x0, 0x11, 0xf0,
    0x37, 0x77, 0x18, 0x0, 0xbb, 0xb7, 0x80, 0x7f,
    0xf5, 0x0,

    /* U+0032 "2" */
    0x0, 0xc7, 0x3b, 0xfe, 0xeb, 0x60, 0xf, 0xab,
    0x18, 0x80, 0x2, 0x93, 0xa4, 0x1, 0xad, 0x40,
    0x3f, 0x17, 0x80, 0x4c, 0x80, 0x2, 0x9d, 0xc8,
    0x0, 0x89, 0x80, 0x10, 0x0, 0x2d, 0x62, 0x37,
    0xa0, 0xb, 0x40, 0x54, 0x1, 0x20, 0x1c, 0xa0,
    0x12, 0x80, 0xde, 0xc2, 0x0, 0x78, 0x80, 0x2,
    0x1, 0x13, 0x80, 0x7f, 0x84, 0x3, 0xff, 0x80,
    0x40, 0x2, 0x0, 0xff, 0x8c, 0x2, 0x50, 0xf,
    0xfa, 0x40, 0x2b, 0x0, 0xff, 0x2a, 0x80, 0xc,
    0x40, 0x1f, 0xc7, 0x40, 0x2, 0x90, 0xf, 0xe2,
    0xd0, 0xb, 0xc0, 0x3f, 0x8b, 0x4, 0x1, 0x84,
    0x1, 0xf8, 0xb0, 0x40, 0x16, 0x60, 0x1f, 0x8b,
    0x4, 0x1, 0x68, 0x1, 0xf8, 0xb0, 0x40, 0x14,
    0x80, 0x1f, 0x8b, 0x4, 0x1, 0x4a, 0x1, 0xf8,
    0x7c, 0x40, 0x14, 0xa0, 0x1f, 0xd8, 0x40, 0x9,
    0x41, 0x1f, 0xc0, 0x2, 0x0, 0xa7, 0xbb, 0xfa,
    0x40, 0x3f, 0xfa, 0x80,

    /* U+0033 "3" */
    0x0, 0xe5, 0xbd, 0xff, 0x6d, 0x20, 0x7, 0xc7,
    0xb4, 0x84, 0x0, 0x25, 0xba, 0x0, 0xe4, 0xc2,
    0x0, 0xfc, 0xb4, 0x1, 0xd, 0x0, 0x4f, 0x9b,
    0x8c, 0x1, 0x29, 0x0, 0x6, 0x40, 0x72, 0xc,
    0x8e, 0x58, 0x2, 0x40, 0x9, 0xea, 0xcc, 0x3,
    0xb4, 0x2, 0xe0, 0xc, 0xaa, 0x0, 0xf3, 0x80,
    0x7f, 0xf1, 0x1c, 0x2, 0xd0, 0xf, 0xfe, 0x7,
    0x80, 0x48, 0x1, 0xfc, 0x27, 0x68, 0x0, 0xa1,
    0x0, 0xf1, 0x7f, 0xbb, 0x10, 0xa, 0x94, 0x3,
    0xff, 0x82, 0xb8, 0xa0, 0x1f, 0xfc, 0x25, 0xeb,
    0x10, 0xf, 0x8b, 0xfe, 0xd7, 0x0, 0x26, 0x0,
    0x7f, 0xc5, 0x12, 0x0, 0x28, 0x0, 0xff, 0xe0,
    0x30, 0x4, 0xa0, 0x1f, 0xfc, 0x12, 0x0, 0x10,
    0x7, 0xff, 0x21, 0x74, 0x40, 0x3e, 0x20, 0x0,
    0x80, 0x26, 0x8a, 0x80, 0x3c, 0xc0, 0x12, 0x0,
    0xc, 0x0, 0x9a, 0xa4, 0x27, 0x12, 0x1, 0x48,
    0x2, 0x8c, 0x0, 0x55, 0xbd, 0x8e, 0x1, 0x39,
    0x80, 0x58, 0xc0, 0x1f, 0xd1, 0x0, 0xe, 0x9c,
    0x62, 0x0, 0x9, 0xbe, 0xb8, 0x4,

    /* U+0034 "4" */
    0x0, 0xfd, 0xbf, 0xf9, 0x40, 0x3f, 0xcc, 0x40,
    0x1f, 0xfc, 0x38, 0x0, 0xff, 0xe1, 0xb8, 0x83,
    0x0, 0x7f, 0xf0, 0x64, 0xa, 0xc0, 0x3f, 0xf8,
    0x10, 0x21, 0x0, 0x1f, 0xfc, 0x1, 0x70, 0x25,
    0x0, 0xff, 0xe0, 0x48, 0x2, 0x0, 0x3f, 0xf8,
    0x2, 0xe0, 0x4a, 0x1, 0xff, 0xc0, 0x80, 0x4,
    0x0, 0x7f, 0xf0, 0x9, 0x80, 0x94, 0x3, 0xff,
    0x81, 0x0, 0x8, 0x0, 0xff, 0xe0, 0x1a, 0x81,
    0x28, 0x7, 0xff, 0x2, 0x0, 0x10, 0x1, 0xff,
    0xc0, 0x34, 0x2, 0x50, 0xf, 0xfe, 0x7, 0x80,
    0x20, 0x3, 0xff, 0x82, 0x60, 0xb, 0xee, 0xec,
    0x0, 0xaf, 0xb8, 0x60, 0x10, 0x8f, 0xc0, 0x10,
    0x8c, 0x1, 0xff, 0xc6, 0xff, 0xfe, 0xd0, 0xa,
    0xbf, 0xc6, 0x1, 0xff, 0xf8,

    /* U+0035 "5" */
    0x0, 0x5f, 0xff, 0xfd, 0x20, 0x13, 0x80, 0x7f,
    0xf0, 0xc4, 0x3, 0xff, 0x86, 0x60, 0xc, 0xee,
    0xfd, 0x20, 0x10, 0x80, 0x8, 0x47, 0xf0, 0x7,
    0xc2, 0x1, 0xff, 0x8, 0x7, 0xff, 0xc, 0xc0,
    0x4, 0x1, 0xff, 0xc0, 0x10, 0x0, 0x80, 0x7f,
    0xf0, 0x1c, 0x0, 0xe0, 0x55, 0xdf, 0xd6, 0xa0,
    0x18, 0x40, 0x2, 0x58, 0xa2, 0x2, 0x95, 0x60,
    0x1e, 0x38, 0x10, 0xf, 0x24, 0x80, 0xc, 0x0,
    0xee, 0xae, 0xfc, 0x50, 0x9, 0x88, 0x15, 0x91,
    0x71, 0x44, 0xe, 0x90, 0x2, 0x50, 0x39, 0xbb,
    0x8, 0x7, 0x40, 0x5, 0xa0, 0x1f, 0xf1, 0x0,
    0x4c, 0x1, 0xff, 0x8, 0x7, 0xff, 0xc, 0x40,
    0x27, 0x0, 0x2e, 0x0, 0x7c, 0xa0, 0x11, 0x84,
    0xd1, 0xd8, 0x7, 0xa0, 0x2, 0xc0, 0x30, 0x2,
    0x6b, 0x19, 0x2e, 0x18, 0x0, 0x90, 0x2c, 0x80,
    0x5, 0x39, 0xb4, 0x60, 0x17, 0x0, 0x7, 0x54,
    0x3, 0xf0, 0xd9, 0x80, 0x6a, 0xb6, 0x20, 0x0,
    0xa4, 0xf2, 0x0, 0x0,

    /* U+0036 "6" */
    0x0, 0xf9, 0x7f, 0xf4, 0x0, 0x7f, 0x45, 0x0,
    0x55, 0x0, 0x1f, 0x9d, 0xc0, 0x15, 0xa8, 0x7,
    0xe5, 0x80, 0xb, 0x10, 0x3, 0xf0, 0xd8, 0x5,
    0x66, 0x1, 0xfd, 0x62, 0x0, 0x84, 0x0, 0xfe,
    0x45, 0x0, 0x23, 0x80, 0x7f, 0xbc, 0x2, 0x90,
    0xf, 0xf1, 0x20, 0x1, 0x88, 0x3, 0xfd, 0x40,
    0x15, 0x8c, 0x6f, 0xf5, 0xb0, 0x6, 0x50, 0x1,
    0x7, 0xb9, 0x0, 0xa4, 0xe0, 0x80, 0x8, 0x0,
    0x9c, 0x20, 0x1e, 0x3b, 0x3, 0x0, 0x90, 0x6b,
    0xbf, 0x58, 0x2, 0x53, 0x60, 0x8, 0xb1, 0x44,
    0xa, 0x5c, 0x2, 0xb3, 0x0, 0x98, 0x40, 0x3a,
    0x40, 0x24, 0x30, 0xb, 0x80, 0x3c, 0x20, 0x10,
    0x80, 0x61, 0x0, 0xf8, 0x40, 0x27, 0x0, 0x84,
    0x3, 0xe1, 0x0, 0x9, 0x0, 0x5c, 0x1, 0xe1,
    0x0, 0x98, 0x14, 0x0, 0xc2, 0x1, 0xd2, 0x1,
    0x78, 0x48, 0x5, 0x8a, 0x20, 0x52, 0xe0, 0x1,
    0x50, 0x36, 0x0, 0x15, 0x77, 0xeb, 0x0, 0x54,
    0x1, 0x4b, 0x0, 0x7f, 0x52, 0x0, 0x69, 0xc6,
    0x20, 0x0, 0x9c, 0x72, 0x80, 0x0,

    /* U+0037 "7" */
    0x2f, 0xff, 0xfe, 0x13, 0x80, 0x7f, 0xf6, 0x3b,
    0xbe, 0xa0, 0x8, 0x80, 0x30, 0x8f, 0xde, 0x1,
    0x28, 0x7, 0xfc, 0xa0, 0x5, 0x0, 0xff, 0x94,
    0x2, 0xe0, 0x29, 0x98, 0x3, 0xdc, 0x0, 0x14,
    0x0, 0x33, 0x40, 0x1c, 0x28, 0x0, 0x70, 0xf,
    0xf9, 0x80, 0x2a, 0x0, 0xff, 0xa8, 0x0, 0x46,
    0x1, 0xfe, 0x32, 0x0, 0x50, 0x7, 0xfd, 0x40,
    0x12, 0x80, 0x7f, 0xce, 0x0, 0x32, 0x0, 0xff,
    0x20, 0x80, 0x28, 0x3, 0xfe, 0xe0, 0x9, 0xc0,
    0x3f, 0xc2, 0xa0, 0x4, 0x10, 0xf, 0xf3, 0x80,
    0x5c, 0x1, 0xff, 0x50, 0x4, 0xa0, 0x1f, 0xe2,
    0x30, 0x2, 0x80, 0x7f, 0xd4, 0x1, 0x70, 0x7,
    0xfc, 0xa0, 0x1, 0x40, 0xf, 0xf1, 0x90, 0x1,
    0x80, 0x3f, 0xea, 0x0, 0xac, 0x3, 0xe0,

    /* U+0038 "8" */
    0x0, 0xcd, 0x7d, 0xfe, 0xec, 0x82, 0x0, 0xe2,
    0xd9, 0x41, 0x0, 0x9, 0xbe, 0xb0, 0x6, 0xc2,
    0x0, 0xfe, 0x94, 0x0, 0x38, 0x80, 0xe, 0xff,
    0xda, 0xc0, 0x14, 0x0, 0x30, 0x2, 0xd4, 0x0,
    0x14, 0xa0, 0x0, 0xc4, 0x18, 0x0, 0x82, 0x1,
    0xda, 0x1, 0x18, 0x6, 0x10, 0xf, 0x10, 0x7,
    0x38, 0x0, 0x40, 0x3c, 0x40, 0x11, 0x7, 0x80,
    0x10, 0x40, 0x3b, 0x40, 0xa, 0x0, 0x55, 0x0,
    0x31, 0x4, 0xe, 0x90, 0x6, 0x0, 0x2a, 0x71,
    0x2b, 0xef, 0xc5, 0x4, 0xc2, 0x0, 0xd1, 0x20,
    0x1e, 0x49, 0x20, 0xc, 0xdf, 0x0, 0x10, 0x80,
    0x13, 0x68, 0x2, 0x69, 0x0, 0x2e, 0xff, 0x7c,
    0x0, 0x17, 0x0, 0x12, 0x0, 0x4a, 0x20, 0x9,
    0xe4, 0x0, 0x6a, 0x80, 0x16, 0x80, 0x79, 0x80,
    0x2f, 0x30, 0x8, 0x80, 0x3e, 0x10, 0x3, 0x0,
    0x7f, 0xf0, 0xc4, 0x40, 0x11, 0x0, 0x7c, 0x20,
    0x6, 0x40, 0xa, 0x80, 0x3c, 0xe0, 0x11, 0x91,
    0x80, 0xf, 0xc, 0x0, 0x51, 0x0, 0xa, 0x83,
    0xc0, 0x23, 0xcf, 0xf6, 0xb8, 0x4, 0xe4, 0x7,
    0x82, 0x1, 0xfd, 0x10, 0x0, 0x8f, 0xa5, 0x4,
    0x0, 0x26, 0xfa, 0xe0, 0x0,

    /* U+0039 "9" */
    0x0, 0xcb, 0x5b, 0xfe, 0xea, 0x50, 0xf, 0xe,
    0x52, 0x90, 0x0, 0x56, 0xb0, 0x40, 0x36, 0x18,
    0x7, 0xe3, 0xc0, 0xa, 0x48, 0x0, 0x77, 0xdf,
    0x8a, 0x0, 0x29, 0x0, 0x30, 0x0, 0xb1, 0x4,
    0xe, 0x90, 0x0, 0xc0, 0x80, 0x15, 0x0, 0x7b,
    0xc0, 0x25, 0x30, 0x8, 0xc0, 0x3c, 0xa0, 0x16,
    0xf8, 0x7, 0xf8, 0x40, 0x22, 0xf0, 0xf, 0xf0,
    0x80, 0x42, 0x20, 0x8, 0xc0, 0x3c, 0xa0, 0x19,
    0x40, 0x2a, 0x0, 0xf7, 0x0, 0x42, 0x64, 0x0,
    0x2c, 0x40, 0x1, 0xd3, 0x80, 0x46, 0x10, 0x1,
    0x1d, 0xff, 0xb1, 0x60, 0x2, 0xf0, 0x58, 0x0,
    0xfa, 0x48, 0x2, 0x40, 0x3, 0xe2, 0x88, 0xa,
    0x63, 0x50, 0x0, 0x88, 0x1, 0x1d, 0x77, 0xf5,
    0x9a, 0x10, 0x1, 0x40, 0x3f, 0xe8, 0x0, 0xa4,
    0x3, 0xfc, 0xc6, 0x0, 0x61, 0x0, 0xfe, 0x29,
    0x0, 0xa0, 0x3, 0xf8, 0x7c, 0x2, 0x91, 0x0,
    0xfe, 0xd2, 0x0, 0x2b, 0x0, 0x7e, 0x1c, 0x30,
    0x1, 0xd0, 0x7, 0xe2, 0xc3, 0x0, 0x1e, 0x80,
    0x7e, 0x4c, 0x20, 0x2, 0xe0, 0x80, 0x70,

    /* U+003A ":" */
    0x1b, 0xfe, 0x60, 0x94, 0x1, 0x90, 0x10, 0xc,
    0x3c, 0x1, 0x8, 0x9e, 0x11, 0xb0, 0x0, 0xf7,
    0x24, 0x1, 0xff, 0xe0, 0x7b, 0x92, 0x7, 0x84,
    0x6c, 0xe, 0x0, 0x84, 0x60, 0xc, 0x32, 0x60,
    0x32, 0x0,

    /* U+003B ";" */
    0x1, 0xbf, 0xe6, 0x0, 0x4a, 0x0, 0xc8, 0x0,
    0x40, 0x30, 0x87, 0x0, 0x42, 0x20, 0x78, 0x46,
    0xc0, 0x9, 0xee, 0x48, 0x3, 0xff, 0xce, 0x39,
    0xfc, 0xa0, 0x9, 0x30, 0x1b, 0x0, 0x10, 0x4,
    0x20, 0xd, 0x0, 0x84, 0x0, 0xee, 0x0, 0x10,
    0x5, 0x60, 0xa, 0x0, 0xa0, 0x5, 0x80, 0xa,
    0x81, 0x40, 0x3, 0xa0, 0x94, 0x0, 0x1f, 0xf9,
    0x80, 0x20,

    /* U+003C "<" */
    0x0, 0xff, 0xe0, 0x90, 0x7, 0xfc, 0x7a, 0xa0,
    0x1f, 0xe8, 0xc2, 0x0, 0xfe, 0x3d, 0x70, 0xf,
    0xf4, 0x61, 0x0, 0xd, 0x40, 0x38, 0xf5, 0xc0,
    0x28, 0xc2, 0x0, 0xcf, 0x84, 0x0, 0x3d, 0x70,
    0xc, 0x59, 0x0, 0x14, 0x61, 0x0, 0x67, 0xd3,
    0x0, 0x26, 0xb8, 0x7, 0xc, 0x0, 0x53, 0x64,
    0x1, 0xfe, 0x76, 0x0, 0xff, 0xe0, 0x3d, 0x8,
    0x7, 0xc3, 0x84, 0x0, 0x5f, 0x50, 0xf, 0x8f,
    0x5c, 0x0, 0x35, 0x62, 0x1, 0xf4, 0x61, 0x0,
    0x13, 0xd8, 0x3, 0xe3, 0xd6, 0x0, 0xc, 0xd8,
    0x80, 0x7d, 0x36, 0x20, 0x4, 0xe4, 0x0, 0xf9,
    0x39, 0x80, 0x23, 0x0, 0xfe, 0x9b, 0x10, 0xf,
    0xfe, 0x2, 0x7a, 0x80, 0x7f, 0xf0, 0x6, 0x98,

    /* U+003D "=" */
    0xc, 0xcf, 0xfe, 0x12, 0x1, 0x9f, 0xff, 0x8,
    0x80, 0x3f, 0xf8, 0xbf, 0xff, 0xfc, 0x26, 0x0,
    0xff, 0xf2, 0xe6, 0x7f, 0xf0, 0x90, 0xc, 0xff,
    0xf8, 0x44, 0x1, 0xff, 0xc4,

    /* U+003E ">" */
    0x2, 0x0, 0xff, 0xe0, 0xe, 0xb8, 0x7, 0xff,
    0x6, 0x30, 0x80, 0x3f, 0xf8, 0x7, 0xac, 0x1,
    0xf8, 0x58, 0x2, 0x9b, 0x10, 0xf, 0xa7, 0x8,
    0x0, 0x9c, 0xc0, 0x1f, 0x1e, 0xb8, 0x5, 0x36,
    0x20, 0x1f, 0x46, 0x10, 0x1, 0x3d, 0x40, 0x3e,
    0x3d, 0x70, 0x0, 0xd5, 0x4, 0x3, 0xe8, 0xc2,
    0x0, 0x2b, 0x0, 0x7e, 0x3f, 0x0, 0xff, 0xe0,
    0x36, 0x80, 0x7f, 0x8b, 0x24, 0x2, 0x87, 0x0,
    0xe7, 0xd3, 0x0, 0x1e, 0xb8, 0x6, 0x2c, 0x80,
    0xa, 0x30, 0x80, 0x33, 0xe9, 0x80, 0xb, 0x5c,
    0x3, 0xb2, 0x0, 0x27, 0xd2, 0x0, 0xe1, 0x30,
    0x1, 0x64, 0x0, 0x7f, 0x9f, 0x4c, 0x3, 0xf8,
    0xb2, 0x0, 0x3f, 0xc3, 0xa6, 0x1, 0xff, 0x0,

    /* U+003F "?" */
    0x0, 0xcf, 0x9f, 0xee, 0xb6, 0x0, 0xe3, 0xe8,
    0x30, 0x0, 0xa4, 0xe9, 0x0, 0x7, 0x44, 0x3,
    0xe2, 0xf0, 0x5, 0x88, 0x1, 0xb3, 0x68, 0x40,
    0x4, 0xc4, 0xa0, 0x7, 0x93, 0x25, 0xd0, 0xb,
    0x40, 0xc0, 0x60, 0x3, 0x19, 0x0, 0x14, 0xb3,
    0x68, 0x3, 0xcc, 0x0, 0x10, 0x1, 0x20, 0x7,
    0x9c, 0x0, 0x20, 0x1f, 0xe3, 0x0, 0x28, 0x7,
    0xf4, 0x80, 0x5c, 0x1, 0xe1, 0x5b, 0x60, 0x1,
    0xa8, 0x7, 0x6f, 0x52, 0x0, 0xb, 0x40, 0x3f,
    0xc2, 0xfa, 0x20, 0x1f, 0xcd, 0xd0, 0x1, 0xff,
    0x8, 0x7, 0xff, 0x32, 0xe2, 0x16, 0x1, 0xfe,
    0x67, 0x71, 0x80, 0x7f, 0xf3, 0x1e, 0xe8, 0xc0,
    0x3f, 0x9a, 0x11, 0x70, 0x3, 0xfb, 0xc0, 0x31,
    0x0, 0x7e, 0xe0, 0xc, 0x60, 0x1f, 0x99, 0x0,
    0x60, 0x40, 0x30,

    /* U+0040 "@" */
    0x0, 0xfc, 0x71, 0x9b, 0xfe, 0xec, 0x94, 0x0,
    0xff, 0xe0, 0xa6, 0xe3, 0x99, 0x0, 0x4, 0xda,
    0xf9, 0x80, 0x3f, 0xd5, 0x64, 0xb, 0x59, 0xdc,
    0xc9, 0x50, 0x19, 0xb1, 0x0, 0xfa, 0xd4, 0x1b,
    0xa9, 0x4c, 0x44, 0x6d, 0x5c, 0xa0, 0x98, 0x1,
    0xe9, 0x40, 0x99, 0x8, 0x7, 0xe1, 0xa8, 0x2,
    0xa0, 0xc, 0x8c, 0x10, 0xc0, 0x1f, 0xfc, 0x7,
    0x70, 0x29, 0x80, 0x50, 0x6, 0xe0, 0x13, 0xef,
    0xea, 0x85, 0x5d, 0x80, 0x10, 0x21, 0x0, 0x3,
    0x30, 0x40, 0x5, 0x50, 0x40, 0x54, 0x89, 0x80,
    0x29, 0x4, 0x10, 0xa0, 0x14, 0x0, 0x2a, 0x80,
    0x8, 0xe9, 0xe2, 0x1, 0xca, 0x0, 0x40, 0x50,
    0x40, 0xa, 0x40, 0x11, 0x71, 0x78, 0x1, 0xe2,
    0x0, 0x68, 0x18, 0x68, 0x4, 0x60, 0x7, 0x0,
    0x9c, 0x3, 0xe2, 0x2, 0x20, 0x0, 0x40, 0x4,
    0x0, 0x20, 0xe, 0x10, 0xf, 0xc2, 0x20, 0x1,
    0x80, 0x18, 0x3, 0xff, 0x8c, 0xe0, 0x1f, 0xfc,
    0xc7, 0x0, 0xe7, 0x0, 0xff, 0xe1, 0x98, 0x10,
    0x80, 0xc, 0x0, 0x40, 0x3, 0x0, 0xe1, 0x0,
    0xe1, 0x10, 0x79, 0x80, 0x4, 0x0, 0x24, 0x2,
    0x80, 0x12, 0x0, 0x79, 0xc0, 0xe, 0x22, 0xd,
    0x0, 0xa8, 0x1, 0x6e, 0x8f, 0x42, 0x0, 0x70,
    0x48, 0x5, 0x10, 0x40, 0x40, 0x9, 0xc8, 0x1,
    0x17, 0x9, 0x20, 0x8, 0xfb, 0x11, 0x58, 0x3,
    0xc0, 0x50, 0x2, 0xc4, 0x0, 0x8e, 0xdd, 0x80,
    0x32, 0x78, 0x80, 0x14, 0x43, 0xc0, 0x21, 0xbe,
    0xcd, 0xc1, 0x9, 0xec, 0xc7, 0x58, 0x80, 0x69,
    0x4, 0x60, 0xc, 0x26, 0x40, 0x18, 0x4c, 0xc2,
    0x1, 0xe7, 0x30, 0x95, 0x0, 0xff, 0xe4, 0xe9,
    0x5, 0x40, 0x7, 0xff, 0x20, 0x70, 0xc1, 0xfa,
    0x50, 0x40, 0x3f, 0xf8, 0xa3, 0x92, 0x22, 0x6b,
    0xef, 0xff, 0xa8, 0x3, 0xfe, 0x6e, 0xa5, 0x20,
    0xf, 0xfe, 0x52, 0xd6, 0xff, 0xbb, 0xbd, 0x40,
    0x1c,

    /* U+0041 "A" */
    0x0, 0xf9, 0x7f, 0xf4, 0x0, 0x7f, 0xf0, 0xbc,
    0x3, 0x28, 0x7, 0xff, 0x9, 0x0, 0x31, 0x10,
    0x3, 0xff, 0x80, 0x62, 0x4, 0x80, 0x5, 0x0,
    0xff, 0xe0, 0x58, 0x1, 0x30, 0x1, 0x80, 0x1f,
    0xfc, 0x5, 0x0, 0x61, 0x80, 0x10, 0x3, 0xfe,
    0x12, 0x0, 0x3a, 0x80, 0x4a, 0x1, 0xfe, 0x70,
    0x0, 0x90, 0x90, 0x3, 0xc0, 0x3f, 0xda, 0x0,
    0x40, 0x2, 0x0, 0x10, 0x3, 0xfc, 0x80, 0xc,
    0x0, 0x68, 0x0, 0x4c, 0x3, 0xf2, 0x0, 0x48,
    0x0, 0x40, 0xa, 0xc0, 0x3f, 0x68, 0x0, 0x48,
    0x2, 0x40, 0x2, 0x80, 0x7e, 0x70, 0x3, 0x80,
    0x6c, 0x0, 0x11, 0x0, 0x3c, 0x42, 0x0, 0xc0,
    0xc, 0x80, 0x12, 0x0, 0x79, 0x40, 0x24, 0x0,
    0xc6, 0x20, 0xd, 0x0, 0xf5, 0x80, 0x5d, 0xff,
    0xc2, 0x0, 0x40, 0xe, 0x13, 0x0, 0xff, 0xe0,
    0xa8, 0x6, 0x40, 0xf, 0xfe, 0x16, 0x0, 0x6f,
    0x0, 0xf, 0xff, 0xe3, 0x0, 0x38, 0x6, 0x40,
    0x3, 0x80, 0x7e, 0xb0, 0x0, 0x98, 0x1, 0x4,
    0x1, 0x80, 0x1f, 0x94, 0x2, 0xb0, 0x6, 0x0,
    0x4a, 0x1, 0xf8, 0x88, 0x0, 0x40, 0x2, 0x80,
    0x10, 0x3, 0xfc, 0xa0, 0x3, 0x12, 0x20, 0x3,
    0x40, 0x3f, 0xd6, 0x1, 0x38,

    /* U+0042 "B" */
    0x6f, 0xff, 0xf7, 0x51, 0x0, 0x7f, 0xf0, 0x85,
    0x75, 0x40, 0x3f, 0xf8, 0x94, 0x20, 0x1d, 0x5b,
    0xbd, 0x44, 0x1, 0x30, 0x7, 0x31, 0x17, 0x2f,
    0x0, 0x58, 0x1, 0xff, 0xc0, 0x30, 0x9, 0xc0,
    0x3f, 0xfa, 0xac, 0x1, 0xff, 0xc0, 0x20, 0xb,
    0x0, 0x3f, 0xe2, 0xe0, 0x1, 0x30, 0x7, 0x67,
    0xff, 0x69, 0x82, 0xe0, 0x7, 0xff, 0x9, 0xe4,
    0x40, 0x3f, 0xf8, 0x4f, 0x96, 0x1, 0xeb, 0xee,
    0xed, 0x90, 0x2, 0x50, 0x7, 0x38, 0x8f, 0x13,
    0x38, 0x1, 0x48, 0x3, 0xff, 0x81, 0x80, 0x12,
    0x80, 0x7f, 0xf0, 0x1c, 0x2, 0xe0, 0xf, 0xfe,
    0x8b, 0x80, 0x42, 0x1, 0xff, 0xc0, 0xc0, 0xb,
    0x0, 0x33, 0x11, 0x71, 0xbb, 0x80, 0x2, 0x80,
    0x1a, 0xb7, 0x7b, 0x20, 0x2, 0x90, 0xf, 0xfe,
    0x1a, 0x38, 0x7, 0xff, 0x4, 0xe6, 0xc0, 0x0,

    /* U+0043 "C" */
    0x0, 0xe1, 0x7c, 0xef, 0xf6, 0xc9, 0x80, 0x7e,
    0x7e, 0x83, 0x10, 0x1, 0x36, 0x50, 0x7, 0xa6,
    0x0, 0x3f, 0x96, 0xc0, 0x32, 0xb0, 0x4, 0xd7,
    0xb7, 0x2, 0x0, 0x48, 0x0, 0xac, 0x2, 0xc9,
    0x42, 0x47, 0xf2, 0x0, 0x38, 0x82, 0x88, 0x2,
    0x4c, 0x3, 0x87, 0x80, 0xa, 0x0, 0xf0, 0x0,
    0xb0, 0x7, 0xc6, 0xfb, 0x42, 0x8, 0x0, 0x50,
    0xf, 0xe8, 0x20, 0x0, 0x88, 0x0, 0x40, 0x1f,
    0xfc, 0x12, 0x0, 0x84, 0x3, 0xff, 0x82, 0xe0,
    0x1f, 0xff, 0xb7, 0x0, 0xff, 0xe2, 0x90, 0x4,
    0x20, 0x1f, 0xfc, 0x11, 0x10, 0x0, 0x80, 0x3f,
    0xf8, 0x48, 0x0, 0x50, 0xf, 0xea, 0x70, 0xb,
    0xc0, 0x2, 0xc0, 0x1f, 0x12, 0xc7, 0x18, 0x28,
    0x80, 0x24, 0xc0, 0x3d, 0xc0, 0x1, 0x10, 0x2,
    0xc0, 0x2c, 0x94, 0x24, 0x7e, 0x30, 0x3, 0x90,
    0x1, 0x58, 0x2, 0x6b, 0xdb, 0x81, 0x0, 0x24,
    0x0, 0x69, 0x80, 0xf, 0xe6, 0xb0, 0xf, 0x3e,
    0xb9, 0x88, 0x0, 0x9b, 0x24, 0x2,

    /* U+0044 "D" */
    0x6f, 0xff, 0xdd, 0x90, 0x40, 0x1f, 0xfc, 0x21,
    0x37, 0xd8, 0x0, 0xff, 0xe2, 0xbd, 0x0, 0x7d,
    0x5b, 0xba, 0xdc, 0x2, 0x56, 0x0, 0xf3, 0x11,
    0x64, 0x8d, 0x10, 0x4, 0x0, 0x7f, 0xf0, 0x4a,
    0xc0, 0x2, 0xa0, 0x1f, 0xfc, 0x15, 0x10, 0x7,
    0x80, 0x7f, 0xf0, 0x94, 0x0, 0x80, 0x1f, 0xfc,
    0x22, 0x0, 0x8, 0x80, 0x3f, 0xf8, 0xa6, 0x1,
    0xff, 0xc5, 0x10, 0xf, 0xfe, 0x2b, 0x80, 0x7f,
    0xf5, 0xdc, 0x3, 0xff, 0x8a, 0x20, 0x1f, 0xfc,
    0x53, 0x0, 0xff, 0xe0, 0x90, 0x0, 0x44, 0x1,
    0xff, 0xc1, 0x50, 0x2, 0x0, 0x7f, 0xf0, 0x54,
    0x40, 0x1e, 0x1, 0xff, 0xc0, 0x2b, 0x0, 0xa,
    0x80, 0x73, 0x11, 0x64, 0x8d, 0x10, 0x4, 0x0,
    0x7a, 0xb7, 0x75, 0xb8, 0x4, 0xac, 0x1, 0xff,
    0xc3, 0x7a, 0x0, 0xff, 0xe0, 0x9, 0xbe, 0xc0,
    0x6,

    /* U+0045 "E" */
    0x6f, 0xff, 0xfe, 0xb, 0x0, 0x7f, 0xf5, 0xab,
    0x77, 0xf9, 0x80, 0x33, 0x11, 0x7f, 0x0, 0x7f,
    0xff, 0xc0, 0x3b, 0x3f, 0xff, 0x30, 0x7, 0xff,
    0x5e, 0xfb, 0xbf, 0x30, 0x7, 0x38, 0x8f, 0xe0,
    0xf, 0xff, 0xf8, 0x7, 0x98, 0x8b, 0xf8, 0x3,
    0xab, 0x77, 0xf9, 0x80, 0x3f, 0xfa, 0x40,

    /* U+0046 "F" */
    0x6f, 0xff, 0xfe, 0x8, 0x7, 0xff, 0x5e, 0xb7,
    0x7f, 0x80, 0x39, 0x88, 0xbf, 0x80, 0x3f, 0xff,
    0xe0, 0x1d, 0x9f, 0xff, 0x70, 0x7, 0xff, 0x62,
    0xfb, 0xbe, 0xf0, 0xf, 0x38, 0x8f, 0xe0, 0xf,
    0xff, 0xf8, 0x7, 0xff, 0xc8,

    /* U+0047 "G" */
    0x0, 0xe1, 0x7b, 0xef, 0xf7, 0x5b, 0x0, 0x7f,
    0x37, 0x42, 0x8, 0x0, 0x52, 0x79, 0x0, 0x3d,
    0x12, 0x1, 0xfc, 0x36, 0xa0, 0x19, 0x1c, 0x2,
    0x5a, 0xcb, 0x93, 0x0, 0xa8, 0xc0, 0x2a, 0x0,
    0xae, 0x94, 0xd1, 0xb2, 0x40, 0x2f, 0x0, 0x20,
    0x80, 0x21, 0x0, 0x3c, 0xce, 0x3, 0x40, 0xe,
    0x0, 0x9c, 0x3, 0xf4, 0xc7, 0x30, 0x1, 0x0,
    0x8, 0x1, 0xfc, 0x2e, 0x1, 0x8, 0x80, 0x4,
    0x1, 0xff, 0xc2, 0x20, 0x8, 0x40, 0x3f, 0xf8,
    0x4e, 0x1, 0xff, 0xd0, 0x6f, 0xff, 0x9c, 0x3,
    0xff, 0xb4, 0xe0, 0x1f, 0xcd, 0xdd, 0x80, 0x31,
    0x0, 0x42, 0x1, 0xe1, 0x1c, 0x1, 0x84, 0x40,
    0x2, 0x0, 0xff, 0xe1, 0xa0, 0x1, 0x0, 0x3f,
    0x8c, 0x3, 0xbc, 0x2, 0x70, 0xf, 0xd4, 0x1,
    0xca, 0x20, 0x8, 0x40, 0xf, 0x33, 0x0, 0x3d,
    0x60, 0x15, 0xd2, 0x99, 0x9b, 0x24, 0xd0, 0x3,
    0x95, 0x80, 0x25, 0xac, 0xc4, 0x98, 0x48, 0x7,
    0xd2, 0xe0, 0x1f, 0x9d, 0x40, 0x3f, 0x46, 0xb9,
    0x0, 0x5, 0x2e, 0x0, 0x38,

    /* U+0048 "H" */
    0x6f, 0xf8, 0xc0, 0x3f, 0x2f, 0xfc, 0x80, 0x1f,
    0xff, 0xf0, 0xf, 0xff, 0xf8, 0x7, 0xff, 0x13,
    0x3f, 0xff, 0x50, 0x7, 0xff, 0x82, 0xfb, 0xbf,
    0x48, 0x7, 0xe7, 0x11, 0xfc, 0x60, 0x1f, 0xff,
    0xf0, 0xf, 0xff, 0xf8, 0x7, 0xff, 0x10,

    /* U+0049 "I" */
    0x4f, 0xff, 0xe1, 0x0, 0xff, 0xe0, 0x8, 0xc0,
    0x10, 0x8c, 0x9, 0xdc, 0x80, 0xb, 0x7b, 0x82,
    0x1, 0xff, 0xff, 0x0, 0xff, 0xff, 0x80, 0x7f,
    0xf6, 0x53, 0xb9, 0x0, 0x16, 0xf7, 0x4, 0x4,
    0x60, 0x8, 0x46, 0x0, 0xff, 0xe0, 0x0,

    /* U+004A "J" */
    0x0, 0xab, 0xff, 0xfb, 0x80, 0x3f, 0xfa, 0x75,
    0xff, 0xe4, 0x0, 0xff, 0xff, 0x80, 0x7f, 0xff,
    0xc0, 0x3f, 0xfb, 0x24, 0xa0, 0x1f, 0xc6, 0x3d,
    0xb4, 0xa0, 0x1c, 0xc0, 0x10, 0x80, 0x52, 0x1,
    0x8c, 0x80, 0xe, 0xc, 0x0, 0x3b, 0x53, 0x6d,
    0x0, 0xbc, 0x24, 0x40, 0x9, 0x59, 0x22, 0x0,
    0x35, 0x1, 0xd1, 0x0, 0xf8, 0xf4, 0x2, 0x3f,
    0x73, 0x0, 0xa, 0x4e, 0x8, 0x0,

    /* U+004B "K" */
    0x6f, 0xf8, 0xc0, 0x3e, 0x4f, 0xfb, 0x0, 0x3f,
    0xf8, 0x3, 0x40, 0x17, 0x0, 0x7f, 0xf0, 0x2c,
    0x40, 0x14, 0x40, 0x1f, 0xf2, 0xa8, 0x0, 0xaa,
    0x0, 0xff, 0x86, 0x80, 0x5, 0x40, 0x1f, 0xfc,
    0xd, 0x0, 0xb8, 0x3, 0xff, 0x80, 0xe6, 0x0,
    0x83, 0x0, 0xff, 0x8a, 0x0, 0x8, 0xe0, 0x1f,
    0xfc, 0xe, 0x0, 0xd, 0x0, 0x7f, 0x84, 0x20,
    0xc0, 0x14, 0x20, 0x1f, 0xe3, 0x33, 0x80, 0x9,
    0x0, 0x3f, 0xf8, 0x1c, 0x1, 0x12, 0x80, 0x7f,
    0xd6, 0x40, 0x1a, 0xc0, 0x3f, 0xe5, 0x5, 0x80,
    0x0, 0xc0, 0x7, 0xfc, 0x54, 0xe4, 0x0, 0x72,
    0x0, 0xff, 0x78, 0x2, 0x40, 0x29, 0x0, 0xfe,
    0xa2, 0x0, 0x22, 0x0, 0x8, 0x80, 0xf, 0xcc,
    0x1, 0xa0, 0x2, 0x90, 0xf, 0xfe, 0x9, 0xb0,
    0x0, 0x9c, 0x3, 0xff, 0x83, 0x0, 0x14, 0x8,
    0x7, 0xff, 0x0, 0x60, 0x2, 0xb0, 0xf, 0xfe,
    0xb, 0x88, 0x1, 0x50, 0x3, 0xff, 0x83, 0x60,
    0x14, 0x80, 0x7f, 0xf0, 0x54, 0xc0, 0x4, 0xe0,

    /* U+004C "L" */
    0x6f, 0xf8, 0xc0, 0x3f, 0xff, 0xe0, 0x1f, 0xff,
    0xf0, 0xf, 0xff, 0xf8, 0x7, 0xff, 0x59, 0x88,
    0xbe, 0x10, 0xd, 0x5b, 0xbf, 0x60, 0x7, 0xff,
    0x38,

    /* U+004D "M" */
    0x6f, 0xfc, 0x20, 0x1f, 0xc3, 0xff, 0x98, 0x3,
    0xa4, 0x3, 0xfa, 0x40, 0x3f, 0xce, 0x20, 0x1f,
    0x98, 0x3, 0xfe, 0x60, 0xf, 0x9c, 0x40, 0x3f,
    0xe9, 0x0, 0xfa, 0x40, 0x3f, 0x85, 0x80, 0x58,
    0x3, 0x94, 0x41, 0x84, 0x3, 0xeb, 0x0, 0x58,
    0x7, 0x48, 0x2, 0xc4, 0x3, 0xc2, 0x48, 0x4,
    0x80, 0x12, 0x18, 0x21, 0x0, 0x7f, 0x70, 0x3,
    0xc0, 0x2f, 0x0, 0x70, 0x7, 0xf0, 0xa8, 0x82,
    0x8, 0xa, 0x0, 0xa8, 0x80, 0x7f, 0xa0, 0x0,
    0xc0, 0xe0, 0x9, 0x0, 0xff, 0xe0, 0x30, 0x85,
    0x85, 0x0, 0xb8, 0x7, 0xff, 0x6, 0x40, 0xd0,
    0xc2, 0x40, 0x3f, 0xf8, 0x4c, 0x0, 0xb0, 0x3,
    0x0, 0x7f, 0xf0, 0x85, 0x80, 0x27, 0x10, 0xf,
    0xfe, 0x1c, 0x0, 0x52, 0x1, 0xff, 0xc4, 0x15,
    0x6, 0x10, 0xf, 0xfe, 0x2c, 0x5, 0x80, 0x7f,
    0xf1, 0x8a, 0x88, 0x3, 0xff, 0x8e, 0xa0, 0x1f,
    0xff, 0xf0, 0xf, 0xfe, 0x38,

    /* U+004E "N" */
    0x6f, 0xfc, 0x20, 0x1f, 0x17, 0xfc, 0xa0, 0x1c,
    0xc0, 0x1f, 0xfc, 0x59, 0x0, 0xff, 0xe2, 0x8b,
    0x80, 0x7f, 0xf1, 0x64, 0x3, 0xff, 0x84, 0x4c,
    0x2, 0xe0, 0x1f, 0xfc, 0x13, 0xb0, 0x4, 0x80,
    0x7f, 0xf0, 0x44, 0x8c, 0x5, 0x80, 0x3f, 0xf8,
    0x52, 0x0, 0x80, 0xf, 0xfe, 0x8, 0xa8, 0x80,
    0xb0, 0x7, 0xff, 0xa, 0x40, 0x10, 0x1, 0xff,
    0xc2, 0x71, 0x1, 0x60, 0xf, 0xfe, 0x14, 0x80,
    0x2c, 0x3, 0xff, 0x84, 0xe0, 0x2, 0x50, 0xf,
    0xfe, 0x13, 0x80, 0x20, 0x3, 0xff, 0x85, 0x20,
    0x2, 0x43, 0x0, 0xff, 0xe0, 0xb, 0x80, 0x38,
    0x40, 0x3f, 0xf8, 0x32, 0x0, 0x51, 0x0, 0xff,
    0xe0, 0x8b, 0x80, 0x24, 0x40, 0x3f, 0xf8, 0x32,
    0x0, 0x71, 0x0, 0xff, 0xe0, 0x8b, 0x0, 0x7f,
    0xf1, 0x60, 0x3, 0xff, 0x8a, 0x2c, 0x1, 0xff,
    0xc5, 0xb0, 0xe,

    /* U+004F "O" */
    0x0, 0xe1, 0x7b, 0xef, 0xf6, 0xd2, 0x80, 0x7f,
    0x9b, 0xa1, 0x4, 0x0, 0x4b, 0x5a, 0x80, 0x1f,
    0x44, 0x80, 0x7f, 0x15, 0xa0, 0x7, 0x23, 0x80,
    0x4b, 0x59, 0x89, 0x30, 0xa, 0xc4, 0x3, 0x50,
    0x5, 0x74, 0xa6, 0x66, 0xc7, 0x0, 0xac, 0x2,
    0x41, 0x0, 0x42, 0x0, 0x7a, 0x10, 0x0, 0xa2,
    0x0, 0xe0, 0x9, 0xc0, 0x3f, 0x40, 0x4, 0xe0,
    0x4, 0x0, 0x20, 0x7, 0xf1, 0x80, 0x58, 0x2,
    0x20, 0x1, 0x0, 0x7f, 0x88, 0x0, 0xe0, 0x40,
    0x10, 0x80, 0x7f, 0x84, 0x0, 0x40, 0xe0, 0x1f,
    0xfd, 0xa1, 0x0, 0xff, 0xed, 0x8b, 0x80, 0x7f,
    0xf1, 0xc8, 0x2, 0x10, 0xf, 0xf0, 0x80, 0x8,
    0x4, 0x40, 0x2, 0x0, 0xff, 0x10, 0x1, 0xc0,
    0x8, 0x0, 0x40, 0xf, 0xe3, 0x0, 0xb0, 0x1,
    0xc0, 0x13, 0x80, 0x7e, 0x80, 0x9, 0xc0, 0x8,
    0x20, 0x8, 0x40, 0xf, 0x3a, 0x0, 0x14, 0x40,
    0x2a, 0x0, 0xae, 0x94, 0xcc, 0xd9, 0x0, 0x15,
    0x80, 0x64, 0x70, 0x9, 0x6b, 0x31, 0x26, 0x1,
    0x50, 0x80, 0x74, 0x48, 0x7, 0xf1, 0x5a, 0x80,
    0x7c, 0xdd, 0x8, 0x20, 0x2, 0x59, 0xd4, 0x0,
    0xc0,

    /* U+0050 "P" */
    0x6f, 0xff, 0xf6, 0xc8, 0x80, 0x7f, 0xf0, 0x89,
    0xb9, 0x0, 0x3f, 0xf8, 0x96, 0x20, 0x1d, 0x59,
    0x9d, 0x46, 0x1, 0x48, 0x7, 0x31, 0x9f, 0x2e,
    0x88, 0x1, 0x40, 0x3f, 0xf8, 0x2, 0x40, 0x2,
    0x0, 0xff, 0xe0, 0xb8, 0x4, 0x20, 0x1f, 0xfc,
    0x43, 0x0, 0xff, 0xe2, 0x18, 0x7, 0xff, 0x1,
    0x40, 0x2, 0x20, 0xf, 0xf0, 0xc8, 0x80, 0x1c,
    0x3, 0xb3, 0xff, 0xb9, 0x80, 0x2b, 0x0, 0xff,
    0xe1, 0xc9, 0x0, 0x7f, 0xf0, 0x4e, 0xd8, 0x3,
    0xd5, 0x99, 0xdb, 0xf8, 0x80, 0x1f, 0x31, 0x9f,
    0x10, 0x7, 0xff, 0xfc, 0x3, 0xff, 0xee,

    /* U+0051 "Q" */
    0x0, 0xe1, 0x6b, 0xef, 0xf6, 0xd2, 0x80, 0x7f,
    0x9b, 0xe5, 0x4, 0x0, 0x4b, 0x5a, 0x60, 0x1f,
    0x3c, 0x88, 0x7, 0xe2, 0xc4, 0x0, 0xe3, 0x80,
    0x9, 0x2b, 0x31, 0x26, 0x1, 0x50, 0x80, 0x6e,
    0x0, 0xaa, 0xd4, 0xcc, 0xd8, 0xe0, 0x1, 0x80,
    0x9, 0x8, 0x0, 0xea, 0x1, 0xe8, 0x40, 0x3,
    0x0, 0x5a, 0x1, 0x40, 0x7, 0xef, 0x0, 0x98,
    0x0, 0x80, 0x4, 0x0, 0xfe, 0x40, 0xb, 0xc0,
    0x4, 0x0, 0x20, 0xf, 0xf1, 0x0, 0x14, 0x8,
    0x2, 0x10, 0xf, 0xf0, 0x80, 0xc, 0x4, 0x3,
    0xff, 0x8e, 0xe0, 0x1f, 0xfc, 0x71, 0x0, 0xff,
    0xe3, 0x8, 0x80, 0x3f, 0xf8, 0xc2, 0xe0, 0x1f,
    0xfc, 0x71, 0x0, 0x84, 0x3, 0xff, 0x82, 0x20,
    0x40, 0x11, 0x80, 0x7f, 0x88, 0x0, 0xa0, 0x3,
    0x0, 0x38, 0x7, 0xf0, 0x88, 0x0, 0x60, 0xb,
    0x0, 0x11, 0x80, 0x7e, 0x60, 0xa, 0xc0, 0xa,
    0x1, 0x78, 0x7, 0xc3, 0x20, 0x2, 0x30, 0x1,
    0x28, 0x0, 0xec, 0x80, 0x32, 0x60, 0x80, 0x20,
    0x3, 0x58, 0x80, 0x13, 0x72, 0xaf, 0x6c, 0x80,
    0x8, 0xa0, 0x18, 0x70, 0x80, 0x23, 0x54, 0x20,
    0x9, 0x2c, 0x3, 0xc5, 0x8c, 0x1, 0xf0, 0xcd,
    0x80, 0x7e, 0x19, 0xfb, 0x30, 0x1, 0x67, 0x30,
    0x7, 0xff, 0x1, 0x18, 0x0, 0x26, 0x1, 0xff,
    0xd7, 0x20, 0x1, 0xff, 0xc0, 0x1f, 0xfc, 0x1a,
    0x0, 0xff, 0xe3, 0x95, 0x98, 0x7, 0xf0,

    /* U+0052 "R" */
    0x6f, 0xff, 0xf6, 0xc8, 0x80, 0x7f, 0xf0, 0x89,
    0xb9, 0x0, 0x3f, 0xf8, 0x96, 0x20, 0x1d, 0x5b,
    0xbd, 0x68, 0x1, 0x48, 0x7, 0x31, 0x17, 0x25,
    0x88, 0x1, 0x40, 0x3f, 0xf8, 0x2a, 0x0, 0x20,
    0xf, 0xfe, 0x28, 0x80, 0x7f, 0xf1, 0xc, 0x3,
    0xff, 0x88, 0x40, 0x1f, 0xfc, 0x5, 0x0, 0x8,
    0x7, 0xfc, 0x32, 0x20, 0x7, 0x0, 0xec, 0xff,
    0xee, 0x60, 0xa, 0x0, 0x3f, 0xf8, 0x76, 0x20,
    0x1f, 0xfc, 0x16, 0xd4, 0x0, 0xf6, 0x7f, 0xd4,
    0x1, 0x79, 0x0, 0x7f, 0xca, 0x20, 0xb, 0x0,
    0xff, 0xe0, 0xb0, 0x0, 0x90, 0x3, 0xff, 0x81,
    0x20, 0x17, 0x80, 0x7f, 0xf0, 0x5, 0x40, 0x8,
    0x40, 0x1f, 0xfc, 0xe, 0x0, 0xac, 0x3, 0xff,
    0x80, 0x84, 0x0, 0x61, 0x0, 0xff, 0xe0, 0x50,
    0x4, 0xc0, 0x1f, 0xfc, 0x6, 0x0, 0xa4, 0x3,
    0xff, 0x80, 0x2c, 0x0, 0x15,

    /* U+0053 "S" */
    0x0, 0xc9, 0x5b, 0xfe, 0xec, 0x82, 0x0, 0xe2,
    0xcb, 0x52, 0x0, 0x9, 0xbe, 0xc8, 0x4, 0x38,
    0x60, 0x1f, 0xcd, 0x60, 0x8, 0x10, 0x1, 0x4e,
    0x6d, 0xb8, 0x80, 0x11, 0x81, 0xc0, 0x5, 0xac,
    0x64, 0x91, 0xe6, 0xe, 0xc2, 0x20, 0x2, 0x80,
    0x78, 0x76, 0xa0, 0xc, 0x2, 0xe0, 0xf, 0x85,
    0x40, 0x3d, 0xe0, 0x1f, 0xf1, 0x0, 0x4c, 0x40,
    0x1f, 0xf3, 0x0, 0x5b, 0x6, 0x1, 0xfd, 0x2,
    0x1, 0x3e, 0x7d, 0xb9, 0x80, 0x70, 0xf9, 0x80,
    0x72, 0x46, 0x60, 0xc0, 0x30, 0xe5, 0xa8, 0x7,
    0x8f, 0x18, 0x3, 0x92, 0xbf, 0x25, 0x40, 0x34,
    0x90, 0x7, 0xc6, 0xd5, 0xc8, 0x1, 0x50, 0x7,
    0xf8, 0x68, 0x2, 0x40, 0xf, 0xf8, 0x4c, 0x0,
    0x20, 0x1f, 0xfc, 0x7, 0x0, 0xc5, 0xa4, 0x1,
    0xf9, 0x40, 0xc, 0x9a, 0x58, 0x80, 0x1e, 0x61,
    0x0, 0x1e, 0x0, 0x6, 0xec, 0xa6, 0x49, 0x52,
    0x1, 0x4c, 0x28, 0x4, 0x95, 0x9b, 0x6a, 0x1,
    0x40, 0x85, 0x48, 0x7, 0xfa, 0x5c, 0x2, 0x6e,
    0x94, 0x20, 0x0, 0xa4, 0x73, 0x0, 0x0,

    /* U+0054 "T" */
    0x3f, 0xff, 0xfe, 0x20, 0x7, 0xff, 0x58, 0xf7,
    0x7c, 0x20, 0x4, 0xdd, 0xf0, 0x11, 0x78, 0x2,
    0x12, 0x2f, 0x0, 0x7f, 0xff, 0xc0, 0x3f, 0xff,
    0xe0, 0x1f, 0xff, 0xf0, 0xf, 0xff, 0xf8, 0x7,
    0xff, 0x2c,

    /* U+0055 "U" */
    0x9f, 0xf8, 0x3, 0xfb, 0xfe, 0x90, 0xf, 0xff,
    0xf8, 0x7, 0xff, 0xfc, 0x3, 0xff, 0xfe, 0x1,
    0xff, 0xc1, 0x10, 0xf, 0xfe, 0x18, 0x80, 0x61,
    0x0, 0xf8, 0x40, 0x37, 0x0, 0x44, 0x1, 0xf1,
    0x0, 0x5c, 0xa0, 0x15, 0x80, 0x7d, 0x60, 0x12,
    0x98, 0x80, 0x18, 0x80, 0x38, 0x9c, 0x0, 0x26,
    0xc, 0x0, 0x1c, 0x84, 0x34, 0x8c, 0x0, 0x9c,
    0x1, 0x2, 0x0, 0x17, 0xbc, 0xb7, 0x10, 0x0,
    0xc0, 0x5, 0x84, 0x1, 0xfc, 0x58, 0x20, 0x11,
    0x6d, 0x29, 0x0, 0x44, 0xb5, 0xa4, 0x0,

    /* U+0056 "V" */
    0x4f, 0xf9, 0xc0, 0x3f, 0xdf, 0xf5, 0xa0, 0x5,
    0x80, 0x1f, 0xc8, 0x1, 0x68, 0x20, 0x1, 0x0,
    0x3f, 0xb4, 0x2, 0x70, 0xc0, 0x9, 0x0, 0x3f,
    0x20, 0x0, 0x84, 0x14, 0x2, 0xd0, 0xf, 0x84,
    0x80, 0xa, 0x0, 0x22, 0x0, 0x10, 0x3, 0xe7,
    0x0, 0xb0, 0x2, 0x40, 0x1, 0x8, 0x7, 0xb0,
    0x2, 0x40, 0xb, 0x40, 0x27, 0x0, 0xf2, 0x0,
    0x14, 0x3, 0x20, 0x5, 0x80, 0x1c, 0x62, 0x0,
    0xc0, 0xe, 0x40, 0x2, 0x80, 0x72, 0x0, 0x4e,
    0x1, 0xda, 0x1, 0x18, 0x6, 0xb0, 0x1, 0x88,
    0x7, 0x38, 0x5, 0x60, 0x10, 0x98, 0x1, 0x0,
    0x3c, 0x24, 0x0, 0x40, 0x9, 0x0, 0x2b, 0x0,
    0xf9, 0x40, 0x6, 0x20, 0xc, 0x0, 0x9, 0x80,
    0x7d, 0x60, 0x12, 0x0, 0x10, 0x0, 0x80, 0x1f,
    0x8c, 0x40, 0x18, 0x2, 0x40, 0xf, 0x0, 0xfe,
    0x40, 0x2, 0x82, 0x80, 0x48, 0x1, 0xfd, 0x80,
    0x3, 0x3, 0x0, 0x18, 0x80, 0x7f, 0x38, 0x4,
    0x3a, 0x0, 0xb0, 0xf, 0xf0, 0x98, 0x1, 0x5c,
    0x0, 0x80, 0x1f, 0xf2, 0x0, 0x34, 0x80, 0x4c,
    0x3, 0xfe, 0xb0, 0x3, 0x0, 0x10, 0x3, 0xff,
    0x80, 0x62, 0x1, 0xbc, 0x3, 0xff, 0x82, 0x80,
    0x19, 0x0, 0x3c,

    /* U+0057 "W" */
    0x2f, 0xfa, 0x0, 0x3e, 0xff, 0xd4, 0x1, 0xf6,
    0xff, 0xac, 0x84, 0x0, 0x60, 0x1e, 0x20, 0xc,
    0xe0, 0x1f, 0x10, 0x3, 0x1, 0x40, 0xa, 0x1,
    0xe7, 0x0, 0xc4, 0x1, 0xe3, 0x0, 0x8c, 0xc,
    0x0, 0x22, 0x0, 0xec, 0x0, 0x10, 0x1, 0x0,
    0x39, 0x40, 0x24, 0xc, 0x0, 0x94, 0x3, 0x94,
    0x1, 0x60, 0x3, 0x0, 0xef, 0x0, 0x10, 0x1,
    0x40, 0x23, 0x0, 0xe3, 0x2, 0x20, 0x3, 0x40,
    0x39, 0x40, 0x8, 0x0, 0x11, 0x0, 0x34, 0x3,
    0x18, 0x1, 0x98, 0x0, 0x70, 0xe, 0x30, 0x7,
    0x80, 0x48, 0x0, 0x70, 0xc, 0xa0, 0x3, 0x20,
    0x1, 0x8, 0x4, 0x40, 0x12, 0x0, 0x5a, 0x0,
    0x20, 0xd, 0xe0, 0xe, 0x2, 0x0, 0x28, 0x4,
    0xe0, 0x11, 0x0, 0x46, 0x1, 0x18, 0x4, 0xa0,
    0x2, 0x6, 0x0, 0x18, 0x5, 0xa0, 0x3, 0x0,
    0xc8, 0x1, 0x28, 0x4, 0x60, 0x4, 0xc, 0x0,
    0x60, 0x4, 0x60, 0x4, 0x0, 0xe2, 0x0, 0x78,
    0x0, 0xc0, 0x4, 0x0, 0x30, 0x2, 0x80, 0x4a,
    0x0, 0xd0, 0xe, 0x70, 0x2, 0x80, 0x14, 0x0,
    0x80, 0x5, 0x0, 0x8, 0x80, 0x44, 0x0, 0x40,
    0xe, 0xc0, 0x1, 0x80, 0x30, 0x1, 0xe0, 0x1,
    0x20, 0x2, 0x82, 0x80, 0x4, 0x40, 0x1c, 0xa0,
    0x11, 0x3, 0x80, 0x10, 0x2, 0x70, 0x6, 0x1,
    0x80, 0x10, 0x3, 0xc6, 0x1, 0x38, 0x10, 0x0,
    0x80, 0x2d, 0x0, 0x10, 0x68, 0x3, 0x40, 0x3e,
    0x30, 0x1, 0x8, 0x1, 0x0, 0x31, 0x80, 0x18,
    0x18, 0x0, 0x80, 0x1f, 0x28, 0x3, 0x88, 0x0,
    0x60, 0x19, 0x0, 0x4, 0x4, 0x0, 0x30, 0xf,
    0xbc, 0x0, 0x4a, 0x0, 0xc0, 0xe, 0x20, 0x11,
    0x80, 0xc0, 0x3f, 0x20, 0x1, 0xb8, 0x0, 0xa0,
    0x1c, 0xe0, 0x7, 0x0, 0x28, 0x7, 0xe2, 0x0,
    0x13, 0x0, 0x88, 0x3, 0xb0, 0x1, 0x0, 0xc,
    0x0, 0xfe, 0x40, 0x0, 0x82, 0x0, 0x79, 0x40,
    0x2, 0x0, 0x70, 0xf, 0xe3, 0x0, 0xda, 0x1,
    0xe3, 0x0, 0xc2, 0x40, 0x1f, 0xda, 0x1, 0x90,
    0x3, 0xe3, 0x0, 0x94, 0x3, 0x80,

    /* U+0058 "X" */
    0xc, 0xff, 0x98, 0x3, 0xf3, 0x7f, 0xce, 0x0,
    0x80, 0xa, 0x0, 0x3f, 0x40, 0x0, 0x5c, 0x0,
    0x88, 0x0, 0xb, 0x0, 0x79, 0xc4, 0x1, 0x60,
    0x1a, 0x40, 0x28, 0x0, 0xf4, 0x80, 0xd, 0x40,
    0x31, 0x30, 0x0, 0x58, 0x3, 0x40, 0x80, 0x3c,
    0x3, 0xd0, 0x1, 0x40, 0x4, 0x2e, 0x0, 0x53,
    0x0, 0xf0, 0xc0, 0x0, 0x5c, 0x1, 0x0, 0x14,
    0x0, 0x7e, 0x71, 0x0, 0x48, 0xb, 0x0, 0x1c,
    0x80, 0x3f, 0xa0, 0x0, 0x2f, 0x0, 0x1, 0x90,
    0xf, 0xf3, 0x10, 0x2, 0x18, 0x1, 0x22, 0x1,
    0xff, 0x48, 0x7, 0x13, 0x80, 0x7f, 0xf0, 0x11,
    0x0, 0x1a, 0x0, 0x3f, 0xf8, 0x4e, 0x1, 0x88,
    0x3, 0xff, 0x82, 0xc6, 0x1, 0xa0, 0x40, 0x3f,
    0xf8, 0x10, 0x0, 0x10, 0xa, 0x0, 0x3f, 0xe8,
    0x10, 0x6, 0x20, 0x1, 0x8c, 0x3, 0xf8, 0x9c,
    0x0, 0xc5, 0x0, 0x17, 0x80, 0x7f, 0x40, 0x5,
    0x0, 0x6a, 0x0, 0x35, 0x0, 0xf8, 0xd4, 0x1,
    0x2, 0x0, 0x80, 0xa, 0x0, 0x3e, 0xf0, 0x0,
    0xb8, 0x4, 0x4c, 0x0, 0x27, 0x0, 0xe6, 0x30,
    0x4, 0x0, 0x74, 0x0, 0x50, 0x20, 0x1a, 0x0,
    0x4, 0xc0, 0x1c, 0x30, 0x1, 0x40, 0x5, 0x2,
    0x0, 0x80, 0xf, 0x9c, 0x40, 0xc, 0x60, 0x4e,
    0x0, 0x25, 0x0, 0xfd, 0x0, 0x17, 0x80,

    /* U+0059 "Y" */
    0x7f, 0xfa, 0x0, 0x3f, 0xab, 0xfe, 0x47, 0x10,
    0x3, 0x80, 0x7e, 0x25, 0x0, 0x1a, 0x3, 0x0,
    0x4e, 0x1, 0xf5, 0x80, 0x50, 0x0, 0x90, 0xa,
    0x40, 0x3e, 0x60, 0x1, 0xa0, 0x0, 0x5c, 0x0,
    0x2a, 0x1, 0xce, 0x1, 0x48, 0x6, 0x90, 0xa,
    0x40, 0x3a, 0x40, 0x4, 0xa0, 0x18, 0x5c, 0x0,
    0x66, 0x0, 0x94, 0x40, 0x10, 0x1, 0xe9, 0x0,
    0xa0, 0x2, 0x90, 0x1, 0x28, 0x7, 0x85, 0xc0,
    0x8, 0x40, 0x66, 0x0, 0x40, 0x7, 0xe9, 0x0,
    0xac, 0x24, 0x0, 0x4a, 0x1, 0xf8, 0x5c, 0x0,
    0xc6, 0xa0, 0x8, 0x0, 0xff, 0x48, 0x5, 0x80,
    0x2, 0x50, 0xf, 0xf0, 0xb8, 0x7, 0x58, 0x7,
    0xff, 0x2, 0x40, 0x31, 0x30, 0x7, 0xff, 0x0,
    0x58, 0x2, 0xb0, 0xf, 0xfe, 0x17, 0x80, 0x4a,
    0x1, 0xff, 0xff, 0x0, 0xff, 0xff, 0x80, 0x7f,
    0x0,

    /* U+005A "Z" */
    0x4f, 0xff, 0xfe, 0x15, 0x0, 0x7f, 0xf5, 0x13,
    0x77, 0xfc, 0x60, 0x16, 0x1, 0x17, 0xf3, 0x98,
    0x0, 0xd8, 0x3, 0xf8, 0x6c, 0x2, 0xe0, 0xf,
    0xf4, 0x8, 0x2, 0x8, 0x3, 0xf9, 0x18, 0x0,
    0x4e, 0x1, 0xfe, 0x90, 0xb, 0x80, 0x3f, 0xd0,
    0x40, 0x7, 0x30, 0xf, 0xe3, 0x70, 0x1, 0x40,
    0x7, 0xfb, 0x80, 0x29, 0x0, 0xff, 0x39, 0x0,
    0x15, 0x0, 0x3f, 0x8a, 0x0, 0x3, 0x60, 0x1f,
    0xee, 0x0, 0xac, 0x40, 0x3f, 0x98, 0xc0, 0x8,
    0xa0, 0x1f, 0xc3, 0x20, 0x15, 0x0, 0x7f, 0xa8,
    0x2, 0x91, 0x0, 0xfe, 0x54, 0x0, 0x1b, 0x0,
    0x7f, 0xd, 0x80, 0x5c, 0x1, 0xfe, 0xb1, 0x0,
    0x30, 0x11, 0x7f, 0x9c, 0x2, 0x6d, 0xdf, 0xf8,
    0x3, 0xff, 0xa8,

    /* U+005B "[" */
    0x38, 0x8e, 0x25, 0x77, 0xe6, 0x0, 0xff, 0x2f,
    0xf9, 0x0, 0x3f, 0xff, 0xe0, 0x1f, 0xff, 0xf0,
    0xf, 0xfe, 0x4b, 0xc4, 0x8, 0x2, 0x27, 0x73,
    0x0, 0x7c,

    /* U+005C "\\" */
    0xaf, 0xf2, 0x0, 0x7e, 0xc0, 0x6, 0x80, 0x7e,
    0x70, 0x2, 0x0, 0x7e, 0x12, 0x2, 0x20, 0x7,
    0xe5, 0x0, 0x20, 0x7, 0xeb, 0x0, 0x68, 0x7,
    0xe3, 0x0, 0x20, 0x7, 0xf2, 0x80, 0x10, 0x3,
    0xf6, 0x0, 0x34, 0x3, 0xf3, 0x80, 0x10, 0x3,
    0xf0, 0x90, 0x11, 0x0, 0x3f, 0x28, 0x1, 0x0,
    0x3f, 0x58, 0x3, 0x40, 0x3f, 0x18, 0x1, 0x0,
    0x3f, 0x94, 0x0, 0x80, 0x1f, 0xb0, 0x1, 0xa0,
    0x1f, 0x9c, 0x0, 0x80, 0x1f, 0x84, 0xc0, 0x88,
    0x1, 0xf9, 0x0, 0x8, 0x1, 0xfa, 0xc0, 0x1a,
    0x1, 0xf8, 0xc4, 0x10, 0x3, 0xf9, 0x0, 0x8,
    0x1, 0xfb, 0x0, 0x1a, 0x1, 0xf9, 0xc0, 0x8,
    0x1, 0xf8, 0x4c, 0x8, 0x80, 0x1f, 0x90, 0x0,
    0x80, 0x1f, 0xac, 0x1, 0xa0, 0x1f, 0x8c, 0x41,
    0x0, 0x3f, 0x90, 0x0, 0x80, 0x1f, 0xb0, 0x1,
    0xa0,

    /* U+005D "]" */
    0x28, 0x8e, 0x27, 0x7f, 0x80, 0x3e, 0x5f, 0xf2,
    0x0, 0x7f, 0xff, 0xc0, 0x3f, 0xff, 0xe0, 0x1f,
    0xfc, 0x92, 0x88, 0x30, 0x4, 0xef, 0x10, 0x7,
    0xf8,

    /* U+005E "^" */
    0x0, 0xf2, 0xbb, 0xc0, 0x1f, 0xfc, 0x1, 0xa8,
    0x89, 0x80, 0x3f, 0xe9, 0x0, 0xd0, 0x1, 0xfe,
    0x17, 0x0, 0xc2, 0xc0, 0x1f, 0xd2, 0x0, 0x58,
    0x0, 0x40, 0x7, 0xe1, 0x70, 0x4, 0x38, 0x80,
    0xb0, 0x7, 0xd2, 0x0, 0x42, 0x9, 0x0, 0x40,
    0x7, 0x85, 0xc0, 0x10, 0x0, 0x71, 0x1, 0x60,
    0xe, 0x90, 0x2, 0x18, 0x5, 0x20, 0x8, 0x0,
    0xc2, 0xe0, 0x8, 0x0, 0xce, 0x20, 0x2c, 0x1,
    0x48, 0x0, 0xcc, 0x1, 0xcc, 0x0, 0x80, 0x0,
    0xb8, 0x2, 0x0, 0x3d, 0x20, 0x1, 0x60, 0x90,
    0x1, 0xa0, 0x7, 0x85, 0xc0, 0x10, 0x11, 0x1,
    0x80, 0xf, 0xd2, 0x2d, 0x80, 0x7, 0xe4, 0x0,
    0xfc, 0x3d, 0x24, 0x0,

    /* U+005F "_" */
    0x0, 0xff, 0xe2, 0x8f, 0xff, 0xff, 0xd, 0x0,
    0x3f, 0xfa, 0xc0,

    /* U+0060 "`" */
    0x1, 0x94, 0x0, 0x3f, 0x34, 0x0, 0x4, 0x0,
    0x66, 0x6, 0x40, 0x4, 0x0, 0x28, 0x41, 0x8,
    0x6, 0xc0, 0x10, 0x0, 0x54, 0x1d, 0x0, 0xab,
    0x9c,

    /* U+0061 "a" */
    0x0, 0x8a, 0x77, 0xfd, 0xb4, 0x80, 0x1e, 0x7d,
    0x62, 0x0, 0x12, 0xdc, 0x80, 0x68, 0x80, 0x7,
    0xe6, 0x60, 0x4, 0xc0, 0x7, 0xef, 0xf5, 0x0,
    0x50, 0x1, 0x79, 0xcc, 0x8, 0x1, 0x60, 0x0,
    0x24, 0x0, 0x1c, 0x60, 0xe, 0x30, 0x9, 0x80,
    0x3f, 0xce, 0x1, 0xfc, 0x26, 0x8a, 0xa4, 0x0,
    0x84, 0x2, 0x5c, 0xec, 0xba, 0xa4, 0x0, 0x7a,
    0x28, 0xc0, 0x3f, 0xe4, 0x70, 0x2, 0x67, 0xfd,
    0x80, 0x1d, 0xa0, 0x1, 0xb3, 0x0, 0xfe, 0x50,
    0x1, 0x0, 0x7f, 0xf0, 0x84, 0x3, 0xac, 0x3,
    0x98, 0x0, 0x4a, 0x1, 0x33, 0x80, 0x77, 0x80,
    0x55, 0xb7, 0xd3, 0x21, 0x0, 0x5e, 0xaa, 0x0,
    0x44, 0x82, 0x6c, 0xa0, 0x1, 0x20, 0xb9, 0x30,
    0x1, 0x46, 0x4, 0xa0, 0x4,

    /* U+0062 "b" */
    0xaf, 0xf7, 0x0, 0x7f, 0xff, 0xc0, 0x3f, 0xfa,
    0x91, 0xbf, 0xd6, 0x80, 0x1f, 0xb1, 0xc8, 0x5,
    0x2e, 0x0, 0x3c, 0xe6, 0x1, 0xe7, 0x50, 0xc,
    0x33, 0x2e, 0xfd, 0x60, 0xa, 0x0, 0x3a, 0x98,
    0x40, 0xa5, 0x40, 0x4, 0x60, 0x10, 0xa0, 0x7,
    0x40, 0x4, 0x80, 0x1f, 0xe2, 0x0, 0xb8, 0x3,
    0xfe, 0x10, 0x1, 0x0, 0x7f, 0xf0, 0x9c, 0x3,
    0xff, 0xa2, 0xe0, 0x1f, 0xf0, 0x80, 0x4, 0x3,
    0xfc, 0x40, 0x16, 0x80, 0x42, 0x80, 0x1d, 0x0,
    0x12, 0x0, 0x69, 0x61, 0x2, 0x95, 0x0, 0x11,
    0x80, 0x43, 0x73, 0xdf, 0xac, 0x1, 0x40, 0x7,
    0x32, 0x0, 0x79, 0xd4, 0x3, 0xd7, 0x4, 0x2,
    0x97, 0x0, 0x0,

    /* U+0063 "c" */
    0x0, 0xcf, 0x9d, 0xfd, 0x8c, 0x1, 0xc7, 0xd0,
    0x62, 0x2, 0x73, 0x82, 0x0, 0x2c, 0x10, 0xf,
    0x8f, 0x40, 0x12, 0x1, 0x4f, 0xfd, 0x0, 0x3,
    0x51, 0x40, 0x3, 0xb0, 0x4, 0xec, 0x6, 0x2e,
    0x1, 0x50, 0x7, 0x5d, 0xb1, 0x38, 0x2, 0x20,
    0xe, 0x24, 0x0, 0x10, 0x7, 0xff, 0x4, 0x40,
    0x3f, 0xf9, 0xe2, 0x1, 0xff, 0xc1, 0x30, 0xf,
    0xfe, 0xf, 0x80, 0x44, 0x1, 0xe7, 0x10, 0x70,
    0x9, 0x40, 0x39, 0xa3, 0xd8, 0x50, 0x1, 0xc,
    0x1, 0x34, 0x80, 0x80, 0x24, 0x2, 0x9f, 0xef,
    0x90, 0x1, 0x30, 0x16, 0x8, 0x4, 0x20, 0x11,
    0xe0, 0x4, 0x7d, 0x6, 0x20, 0x27, 0x38, 0x20,

    /* U+0064 "d" */
    0x0, 0xff, 0xaf, 0xfd, 0xa0, 0x1f, 0xff, 0xf0,
    0xf, 0xfe, 0x31, 0x57, 0x7f, 0x48, 0x80, 0x7c,
    0xba, 0xa2, 0x2, 0xde, 0x40, 0x1c, 0x54, 0x1,
    0xe1, 0x80, 0xe, 0x80, 0x9, 0x33, 0xfa, 0x9d,
    0x0, 0x32, 0x80, 0xa, 0xcc, 0x5, 0x70, 0x3,
    0x20, 0x5, 0x0, 0x1c, 0x26, 0x1, 0x18, 0x4,
    0xe0, 0x1e, 0x70, 0xb, 0xc0, 0x23, 0x0, 0xff,
    0x8, 0x7, 0xff, 0x44, 0x40, 0x3f, 0xf8, 0x5e,
    0x1, 0x18, 0x7, 0xf8, 0xc0, 0x27, 0x0, 0xf3,
    0x80, 0x48, 0x1, 0x48, 0x7, 0x9, 0x80, 0x65,
    0x0, 0x1d, 0x98, 0xa, 0xe0, 0x7, 0x40, 0x4,
    0x99, 0xfd, 0x48, 0x80, 0xc, 0x54, 0x1, 0xe2,
    0x80, 0xf, 0x2e, 0x28, 0x80, 0xb6, 0x8, 0x6,

    /* U+0065 "e" */
    0x0, 0xcd, 0x7d, 0xfd, 0x8e, 0x1, 0xe2, 0xd9,
    0x41, 0x1, 0x38, 0xe3, 0x0, 0x87, 0x8, 0x0,
    0x26, 0x20, 0x1, 0xd1, 0x0, 0x40, 0x80, 0x2b,
    0xb3, 0xac, 0x0, 0x36, 0x2, 0xc0, 0x8, 0x50,
    0x9, 0x20, 0x0, 0xa2, 0x80, 0x13, 0x0, 0x73,
    0x0, 0x49, 0xa0, 0x10, 0x80, 0x70, 0x80, 0x5a,
    0x40, 0x12, 0xaf, 0xc0, 0x11, 0x8, 0x5, 0x55,
    0xf0, 0x4, 0x20, 0x1f, 0xfc, 0x31, 0x0, 0xbf,
    0xff, 0xd6, 0x40, 0x1f, 0xfc, 0x2c, 0x0, 0x88,
    0x3, 0xe2, 0x0, 0x20, 0x5, 0x60, 0x1e, 0x6d,
    0x60, 0x3, 0x80, 0x1a, 0x4, 0x0, 0x31, 0x21,
    0x24, 0x10, 0x40, 0x7, 0xee, 0x7f, 0x38, 0x1,
    0xc8, 0x1, 0x86, 0x1, 0x8, 0x6, 0x88, 0x0,
    0x43, 0x94, 0xa2, 0x2, 0x6f, 0xae, 0x0,

    /* U+0066 "f" */
    0x0, 0xc9, 0x9f, 0xf8, 0x3, 0x1d, 0x98, 0x7,
    0xea, 0x0, 0x84, 0x60, 0xc, 0x40, 0x4, 0xee,
    0x80, 0x33, 0x80, 0x7f, 0xf4, 0x4f, 0xfc, 0x60,
    0x4, 0xff, 0x80, 0x3f, 0xf8, 0x22, 0x20, 0xc,
    0x23, 0x1, 0xf7, 0xc, 0x0, 0x9d, 0xd0, 0x7,
    0xff, 0xfc, 0x3, 0xff, 0xfe, 0x1, 0xc0,

    /* U+0067 "g" */
    0x0, 0xff, 0x8a, 0xb3, 0x60, 0x3, 0xff, 0x81,
    0x2a, 0x64, 0x40, 0xf, 0xfe, 0x3, 0x0, 0x7f,
    0x14, 0xef, 0xfe, 0x29, 0xff, 0x50, 0x6, 0x6d,
    0x62, 0x0, 0xeb, 0x20, 0xe, 0x49, 0x0, 0xa,
    0xba, 0x0, 0xb, 0x80, 0x3b, 0xc0, 0x5, 0xd5,
    0x17, 0x40, 0x3, 0x40, 0xc, 0x80, 0xb, 0x0,
    0xca, 0x40, 0xc, 0x0, 0x84, 0x2, 0x20, 0xe,
    0x60, 0x1, 0x0, 0x7f, 0xf2, 0x4, 0x2, 0x20,
    0xe, 0x50, 0x1, 0x0, 0x64, 0x0, 0x58, 0x80,
    0x4c, 0x20, 0xb, 0x0, 0xd0, 0x0, 0x2f, 0xa9,
    0xc9, 0x0, 0x19, 0x80, 0x31, 0xc8, 0x0, 0x55,
    0x8c, 0x0, 0x5a, 0x1, 0xe6, 0x70, 0x20, 0x0,
    0xa4, 0xe8, 0x80, 0x71, 0xf3, 0x76, 0xff, 0xba,
    0xd8, 0x3, 0xed, 0x15, 0x10, 0xf, 0xfe, 0x0,
    0x88, 0x15, 0x8, 0x47, 0x80, 0x3c, 0x22, 0x1,
    0xbd, 0xee, 0xef, 0xc5, 0x0, 0xd6, 0x1, 0xfe,
    0x3a, 0x70, 0x9, 0x64, 0x3, 0xfe, 0x81, 0x1,
    0xc9, 0x97, 0xff, 0xb5, 0x80, 0x24, 0xa, 0x31,
    0x60, 0xf, 0x14, 0x88, 0x0, 0xc1, 0x0, 0x40,
    0x3f, 0x84, 0x3, 0xe6, 0x0, 0xf9, 0xc0, 0x24,
    0x5, 0x0, 0x4e, 0x4c, 0xea, 0xd8, 0x0, 0x21,
    0x5, 0x98, 0x0, 0xd9, 0xb2, 0x90, 0x1, 0x6c,
    0x0, 0x39, 0x4c, 0x62, 0x1, 0x9, 0xbe, 0x50,
    0x0,

    /* U+0068 "h" */
    0xaf, 0xf7, 0x0, 0x7f, 0xff, 0xc0, 0x3f, 0xf9,
    0xaf, 0xbf, 0xd4, 0x40, 0x1f, 0x54, 0x10, 0xa,
    0xe9, 0x80, 0x72, 0xa8, 0x3, 0xdc, 0x1, 0x86,
    0x27, 0xbe, 0xc4, 0x0, 0x48, 0x1, 0xa1, 0x84,
    0x12, 0xc0, 0x23, 0x0, 0xca, 0x1, 0x94, 0x2,
    0xe0, 0x8, 0x40, 0x3c, 0x20, 0x3, 0x0, 0xff,
    0x18, 0x7, 0xff, 0xfc, 0x3, 0xff, 0xf0,

    /* U+0069 "i" */
    0x6e, 0xfa, 0x8, 0x10, 0x53, 0x0, 0xe6, 0x0,
    0x19, 0xa3, 0xb7, 0x0, 0x2, 0x40, 0x1f, 0x4f,
    0xfb, 0x80, 0x3f, 0xff, 0xe0, 0x1f, 0xf0,

    /* U+006A "j" */
    0x0, 0x9b, 0xbe, 0x80, 0x34, 0x8, 0x29, 0x80,
    0x7f, 0xcc, 0x0, 0x33, 0x0, 0x51, 0xdb, 0x80,
    0x1c, 0x24, 0x1, 0xff, 0xc1, 0x9f, 0xf7, 0x0,
    0x7f, 0xff, 0xc0, 0x3f, 0xff, 0xe0, 0x1f, 0xfc,
    0x8e, 0xe3, 0x0, 0x8, 0x4, 0x60, 0xa, 0x40,
    0x38, 0xa5, 0x40,

    /* U+006B "k" */
    0xaf, 0xf7, 0x0, 0x7f, 0xff, 0xc0, 0x3f, 0xfa,
    0xe7, 0xff, 0x60, 0x7, 0xf0, 0xe8, 0x0, 0x74,
    0x3, 0xfa, 0x84, 0x1, 0x42, 0x1, 0xf9, 0xd0,
    0x1, 0x8, 0x1, 0xf8, 0xe0, 0x0, 0x8e, 0x1,
    0xe3, 0x0, 0x70, 0x0, 0x68, 0x3, 0xe1, 0x9,
    0x20, 0x6, 0x88, 0x7, 0xce, 0x6c, 0x0, 0x43,
    0x0, 0xfc, 0xfc, 0x1, 0x21, 0x80, 0x7e, 0x32,
    0x1, 0x0, 0x78, 0x7, 0xfa, 0xe4, 0x0, 0x6a,
    0x1, 0xfa, 0x11, 0xc4, 0x1, 0x0, 0x1f, 0xb,
    0x80, 0x20, 0x0, 0x4e, 0x1, 0xfe, 0x62, 0x0,
    0x40, 0x80, 0x7f, 0xa0, 0x2, 0x80, 0xf, 0xf2,
    0x98, 0x1, 0x88, 0x3, 0xfd, 0x0, 0x14, 0x80,
    0x7f, 0x91, 0x0, 0x4, 0x40,

    /* U+006C "l" */
    0xaf, 0xf7, 0x0, 0x7f, 0xff, 0xc0, 0x3f, 0xfc,
    0x66, 0x1, 0xc2, 0x0, 0x1e, 0xdb, 0x0, 0x84,
    0x8e, 0x8c, 0x2,

    /* U+006D "m" */
    0xaf, 0xf7, 0x0, 0x1f, 0x7f, 0x64, 0x40, 0x26,
    0xce, 0xfc, 0x50, 0xf, 0xae, 0x8, 0x9, 0xb0,
    0x42, 0xa4, 0xc4, 0xe, 0x9c, 0x3, 0x95, 0x0,
    0x38, 0xa5, 0x14, 0x3, 0xd0, 0x40, 0x10, 0xc4,
    0xf7, 0x20, 0x2, 0x7a, 0x4d, 0xfc, 0x30, 0x9,
    0x40, 0x34, 0x30, 0x89, 0xd8, 0x2, 0x2b, 0x20,
    0x3d, 0x0, 0xb0, 0x3, 0x28, 0x6, 0xd0, 0xa,
    0xc0, 0x30, 0x98, 0x1, 0xc0, 0x21, 0x0, 0xe6,
    0x0, 0x84, 0x3, 0x98, 0x0, 0x20, 0x1f, 0xff,
    0xf0, 0xf, 0xff, 0xf8, 0x7, 0xff, 0xfc, 0x3,
    0xff, 0xa0,

    /* U+006E "n" */
    0xaf, 0xf7, 0x0, 0x1f, 0x7f, 0xa8, 0x80, 0x3e,
    0xa8, 0x20, 0x15, 0xd3, 0x0, 0xe5, 0x50, 0x7,
    0xb8, 0x3, 0xc, 0x4f, 0x7d, 0x88, 0x0, 0x90,
    0x3, 0x43, 0x8, 0x25, 0x80, 0x46, 0x1, 0x94,
    0x3, 0x28, 0x5, 0xc0, 0x10, 0x80, 0x78, 0x40,
    0x6, 0x1, 0xfe, 0x30, 0xf, 0xff, 0xf8, 0x7,
    0xff, 0xe0,

    /* U+006F "o" */
    0x0, 0xcd, 0x7d, 0xfd, 0x8e, 0x20, 0x1c, 0x5b,
    0x28, 0x20, 0x27, 0x1e, 0x80, 0x10, 0xe1, 0x0,
    0x7c, 0x36, 0x60, 0x8, 0x10, 0x4, 0x77, 0xfa,
    0x80, 0x2e, 0x1, 0x60, 0x3, 0xb8, 0x40, 0xb,
    0x40, 0x2, 0x44, 0x0, 0x54, 0x1, 0xca, 0x20,
    0xc, 0xd0, 0x8, 0x80, 0x3c, 0x40, 0x4, 0x20,
    0xf, 0xfe, 0x8, 0x88, 0x3, 0xff, 0x82, 0x60,
    0x1f, 0xfc, 0x31, 0x0, 0xff, 0xe0, 0x99, 0x0,
    0x7f, 0xf0, 0x47, 0x40, 0x22, 0x0, 0xf1, 0x0,
    0x11, 0x0, 0x15, 0x0, 0x72, 0x88, 0x3, 0x5,
    0x40, 0xe, 0xe0, 0x9, 0x6c, 0x0, 0x48, 0x16,
    0x20, 0x8, 0xfe, 0xfa, 0x10, 0x7, 0x0, 0x7,
    0x8, 0x2, 0x10, 0xd, 0x66, 0x1, 0x16, 0xca,
    0x8, 0x9, 0xbf, 0x20, 0x0,

    /* U+0070 "p" */
    0xaf, 0xf7, 0x0, 0x1f, 0x7f, 0xad, 0x0, 0x3f,
    0x5c, 0x10, 0xa, 0x5b, 0x80, 0x79, 0x90, 0x3,
    0xd0, 0xa0, 0x18, 0x6e, 0x7b, 0xf5, 0x80, 0x28,
    0x0, 0xe9, 0x61, 0x2, 0x95, 0x0, 0x11, 0x80,
    0x42, 0x80, 0x1d, 0x0, 0x12, 0x0, 0x7f, 0x88,
    0x2, 0xe0, 0xf, 0xf8, 0x40, 0x4, 0x1, 0xff,
    0xc2, 0x70, 0xf, 0xfe, 0x8b, 0x80, 0x7f, 0xc2,
    0x0, 0x20, 0xf, 0xf1, 0x0, 0x5c, 0x1, 0xa,
    0x0, 0x74, 0x0, 0x48, 0x1, 0xa9, 0x84, 0xa,
    0x54, 0x0, 0x46, 0x1, 0xc, 0xcb, 0xbf, 0x58,
    0x2, 0x80, 0xe, 0x73, 0x0, 0xf3, 0xa8, 0x7,
    0xb1, 0xc8, 0x5, 0x2e, 0x0, 0x3f, 0x46, 0xff,
    0x5a, 0x0, 0x7f, 0xff, 0xc0, 0x3f, 0xf8, 0xc0,

    /* U+0071 "q" */
    0x0, 0x8a, 0xbb, 0xf6, 0x44, 0x2f, 0xfd, 0xa0,
    0x5, 0xd5, 0x10, 0x26, 0xc1, 0x0, 0xe2, 0xa0,
    0xf, 0x14, 0x0, 0x74, 0x0, 0x49, 0x9f, 0xd4,
    0x88, 0x0, 0xca, 0x0, 0x2b, 0x30, 0x15, 0xc0,
    0xc, 0x80, 0x14, 0x0, 0x70, 0x98, 0x4, 0x60,
    0x13, 0x80, 0x79, 0xc0, 0x2f, 0x0, 0x8c, 0x3,
    0xfc, 0x20, 0x1f, 0xfd, 0x11, 0x0, 0xff, 0xe1,
    0x78, 0x4, 0x60, 0x1f, 0xe3, 0x0, 0x9c, 0x3,
    0xce, 0x1, 0x20, 0x5, 0x20, 0x1c, 0x26, 0x1,
    0x94, 0x0, 0x76, 0x60, 0x2b, 0x80, 0x1d, 0x0,
    0x12, 0x67, 0xf5, 0x3a, 0x0, 0x62, 0xa0, 0xf,
    0xc, 0x0, 0x79, 0x75, 0x44, 0x5, 0xbc, 0x80,
    0x3e, 0x2a, 0xef, 0xe9, 0x10, 0xf, 0xff, 0xf8,
    0x7, 0xff, 0x20,

    /* U+0072 "r" */
    0xaf, 0xf7, 0x0, 0x23, 0x7c, 0xc0, 0x3b, 0x1c,
    0x80, 0x3c, 0xa6, 0x1, 0xf0, 0xc0, 0x23, 0x30,
    0x80, 0x33, 0x7d, 0xcc, 0x84, 0x3, 0x50, 0x7,
    0xe1, 0x10, 0x7, 0xff, 0xfc, 0x3, 0xff, 0xb8,

    /* U+0073 "s" */
    0x0, 0xcf, 0x9d, 0xfd, 0x8e, 0x20, 0x18, 0xba,
    0xc, 0x40, 0x4e, 0x3d, 0x0, 0x2f, 0x10, 0x8,
    0x84, 0x0, 0x36, 0x80, 0x64, 0x0, 0x7f, 0xde,
    0xc3, 0x5, 0x40, 0x50, 0xa, 0x0, 0x23, 0xc8,
    0xa0, 0x0, 0x80, 0x7f, 0x38, 0x4, 0x40, 0x13,
    0x0, 0x7f, 0x28, 0x5, 0x3b, 0x2c, 0x40, 0x1e,
    0xa0, 0x8, 0x9a, 0x77, 0x9c, 0x3, 0x2e, 0xa8,
    0x7, 0xc, 0x60, 0x6, 0x2a, 0xfc, 0x96, 0x10,
    0x1, 0xb8, 0x7, 0x8d, 0xa7, 0xc4, 0x1, 0x80,
    0x1f, 0xc2, 0xe0, 0x6, 0x0, 0x56, 0x0, 0x78,
    0xc0, 0xc, 0x16, 0xa7, 0xa8, 0x1, 0x2a, 0x80,
    0x6, 0x1a, 0x0, 0x2b, 0xfd, 0xea, 0x0, 0xa4,
    0x1a, 0x84, 0x2, 0x21, 0x0, 0xd, 0x88, 0x1,
    0x7e, 0xc, 0x40, 0x6, 0xfe, 0x80,

    /* U+0074 "t" */
    0x0, 0x8e, 0x20, 0xa0, 0x1f, 0x23, 0xbb, 0x80,
    0x3f, 0xfa, 0x38, 0x1, 0xf1, 0xff, 0x90, 0x0,
    0x9f, 0xf0, 0x7, 0xff, 0x4, 0x44, 0x1, 0x84,
    0x60, 0x3e, 0xe1, 0x80, 0x13, 0xba, 0x0, 0xff,
    0xff, 0x80, 0x7f, 0xf9, 0x98, 0x0, 0x9d, 0xcb,
    0x0, 0xde, 0x1, 0x8, 0x9c, 0x3, 0x2c, 0x10,
    0x7, 0x0,

    /* U+0075 "u" */
    0xdf, 0xf5, 0x0, 0x7b, 0xfe, 0x70, 0xf, 0xff,
    0xf8, 0x7, 0xff, 0xe0, 0x40, 0x3f, 0xc2, 0x0,
    0x60, 0xe, 0x20, 0xc, 0xc0, 0x2, 0x20, 0x6,
    0xa0, 0xd, 0xa0, 0x17, 0x98, 0xc, 0x28, 0x6,
    0x60, 0x8, 0xb3, 0xf9, 0xf8, 0x3, 0xc, 0x80,
    0x79, 0xcc, 0x3, 0x9a, 0xd0, 0x0, 0x75, 0x0,
    0x1c,

    /* U+0076 "v" */
    0x7f, 0xf8, 0x3, 0xe2, 0xff, 0x91, 0x40, 0x25,
    0x0, 0xf2, 0x0, 0x48, 0x42, 0x0, 0xc0, 0xf,
    0x68, 0x1, 0x0, 0xe, 0x0, 0x40, 0xf, 0x20,
    0x3, 0x40, 0x1a, 0x0, 0x22, 0x0, 0x63, 0x0,
    0x9c, 0x0, 0x80, 0x12, 0x0, 0x6b, 0x0, 0x18,
    0x80, 0x48, 0x0, 0xd0, 0xc, 0x80, 0x4, 0x0,
    0xda, 0x0, 0x40, 0x8, 0x4c, 0x1, 0x60, 0x19,
    0xc0, 0x23, 0x0, 0x20, 0x0, 0x4c, 0x3, 0x9,
    0x80, 0x2c, 0x1, 0x80, 0x7, 0x0, 0xf2, 0x0,
    0xc, 0x0, 0x80, 0xc, 0x0, 0xf5, 0x80, 0x10,
    0x0, 0x40, 0x5, 0x0, 0xf1, 0x88, 0x0, 0xd0,
    0x0, 0x80, 0x1f, 0x9c, 0x0, 0xa6, 0x0, 0xd0,
    0xf, 0xd8, 0x0, 0xcc, 0x0, 0x10, 0x3, 0xf2,
    0x80, 0x15, 0x0, 0x88, 0x1, 0xfc, 0x80, 0x19,
    0x40, 0x3f, 0xda, 0x1, 0xac, 0x3, 0x80,

    /* U+0077 "w" */
    0x2f, 0xf8, 0xc0, 0x3a, 0x7f, 0xe5, 0x0, 0xe6,
    0xff, 0x69, 0x8, 0x1, 0x40, 0x39, 0x40, 0x2c,
    0x0, 0xec, 0x0, 0x20, 0x28, 0x3, 0x0, 0x38,
    0xc0, 0x25, 0x0, 0xe7, 0x0, 0x60, 0x60, 0x1,
    0xc0, 0x32, 0x0, 0x14, 0xc, 0x3, 0x9, 0x0,
    0x10, 0x10, 0x0, 0x40, 0x18, 0xc0, 0x1c, 0x0,
    0x40, 0x9, 0x40, 0x4, 0x20, 0x60, 0x12, 0x0,
    0x58, 0x6, 0xa0, 0xc, 0x0, 0xb0, 0x0, 0xe0,
    0x12, 0x0, 0xc, 0x2, 0x40, 0x51, 0x0, 0x18,
    0x4, 0x60, 0xc, 0x0, 0x8c, 0x1, 0x80, 0x3,
    0x0, 0x70, 0x18, 0x20, 0x4, 0xa0, 0x4, 0x0,
    0xb0, 0x0, 0xa0, 0x5, 0x0, 0x18, 0x28, 0x0,
    0xc0, 0x84, 0x4, 0x80, 0x24, 0x0, 0x8, 0x3,
    0xc0, 0xa, 0x1e, 0x0, 0x50, 0x60, 0x2, 0x80,
    0x71, 0x80, 0xc, 0x14, 0x8, 0x41, 0x40, 0x1e,
    0x6, 0x0, 0xc0, 0xe, 0x50, 0x2, 0x81, 0x82,
    0x0, 0xc, 0x0, 0xa1, 0xa0, 0x4, 0x0, 0xec,
    0x0, 0x71, 0x80, 0x30, 0x2, 0x40, 0x30, 0x60,
    0x1, 0x80, 0x72, 0x0, 0xd, 0x40, 0xe, 0x1,
    0x60, 0x0, 0x8c, 0x10, 0x3, 0xc2, 0x40, 0xb8,
    0x2, 0x40, 0x11, 0x80, 0x28, 0x0, 0x60, 0x1f,
    0x20, 0xa, 0x82, 0x0, 0x64, 0x0, 0x38, 0x3,
    0x0, 0x3e, 0xf0, 0xd, 0x80, 0x1c, 0x60, 0x19,
    0x0, 0x3e, 0x40, 0xc, 0xa0, 0x1c, 0x80, 0x11,
    0x80, 0x60,

    /* U+0078 "x" */
    0x1f, 0xfb, 0x40, 0x3c, 0xdf, 0xf2, 0xc, 0x0,
    0x9, 0x40, 0x3a, 0x0, 0x8, 0x80, 0x72, 0x0,
    0x40, 0x6, 0x71, 0x0, 0x48, 0x5, 0x20, 0x2,
    0x60, 0xa, 0x40, 0xc, 0x40, 0x12, 0x20, 0x1,
    0x0, 0x7, 0x10, 0x18, 0x0, 0xe9, 0x0, 0xb,
    0xc, 0x0, 0x20, 0x40, 0x38, 0x9c, 0x1, 0x16,
    0x0, 0x26, 0x0, 0xfa, 0x4, 0x5, 0x40, 0x12,
    0x1, 0xfd, 0x0, 0x19, 0x10, 0x1, 0xfc, 0xe0,
    0x1b, 0x40, 0x3f, 0xd6, 0x1, 0xa0, 0x40, 0x3f,
    0x22, 0x80, 0x61, 0x80, 0xf, 0xd4, 0x0, 0x69,
    0x0, 0x32, 0x0, 0x7a, 0x44, 0x6, 0x18, 0xc0,
    0x12, 0x1, 0xc6, 0xc0, 0xb, 0x10, 0xf0, 0x1,
    0x40, 0x6, 0xe0, 0x1, 0xa8, 0x0, 0xd8, 0x0,
    0xe6, 0x0, 0x72, 0x0, 0x70, 0x6, 0x81, 0x0,
    0x78, 0x14, 0x0, 0x1c, 0x80, 0x30, 0xc0, 0x0,
    0xdc,

    /* U+0079 "y" */
    0x7f, 0xf8, 0x40, 0x3c, 0x3f, 0xf2, 0xa8, 0x2,
    0x40, 0xf, 0x38, 0x4, 0xa4, 0x40, 0x7, 0x80,
    0x7b, 0x0, 0x8, 0x0, 0x50, 0x2, 0x0, 0x79,
    0x0, 0x1a, 0x0, 0xb0, 0x0, 0x98, 0x6, 0x31,
    0x0, 0x38, 0x0, 0xc4, 0x0, 0x80, 0x19, 0x0,
    0x6, 0x20, 0x12, 0x0, 0x2c, 0x3, 0x58, 0x2,
    0xc0, 0x37, 0x80, 0xc, 0x3, 0x18, 0x1, 0x40,
    0x32, 0x80, 0x48, 0x0, 0x40, 0x0, 0x90, 0x7,
    0x20, 0x3, 0x40, 0x1a, 0x0, 0x70, 0xf, 0x68,
    0x1, 0x40, 0xa, 0x0, 0xd0, 0xf, 0x38, 0x0,
    0xc0, 0x6, 0x2, 0x80, 0x1e, 0x13, 0x0, 0x22,
    0x0, 0x8, 0x1, 0xfa, 0xc0, 0x6, 0x60, 0x7,
    0x80, 0x7e, 0x50, 0x6, 0x60, 0x0, 0xa0, 0x1f,
    0x88, 0x80, 0x88, 0x4, 0x0, 0xff, 0x28, 0x6,
    0xd0, 0xf, 0xf5, 0x80, 0x67, 0x0, 0xff, 0x18,
    0x80, 0xc, 0x40, 0x3f, 0xe3, 0x0, 0x58, 0x7,
    0xfc, 0x44, 0x0, 0x28, 0x7, 0xfc, 0x80, 0x2,
    0x20, 0x7, 0xea, 0xee, 0x48, 0x1, 0x40, 0x3f,
    0x98, 0x44, 0x0, 0x19, 0x0, 0xff, 0xe0, 0x9e,
    0x88, 0x7, 0xc0,

    /* U+007A "z" */
    0x9f, 0xff, 0xfa, 0x80, 0x3f, 0xf8, 0x22, 0x3f,
    0xc0, 0x11, 0xc7, 0x77, 0xc4, 0x1, 0x58, 0x7,
    0xd0, 0x60, 0x9, 0x20, 0xf, 0x1b, 0x80, 0x11,
    0x80, 0x3e, 0xe0, 0x0, 0xd0, 0x7, 0xd0, 0x40,
    0xb, 0x10, 0xf, 0x1b, 0x80, 0x15, 0x40, 0x1f,
    0x70, 0x0, 0x6c, 0x3, 0xe9, 0x20, 0x5, 0x8,
    0x7, 0x91, 0x80, 0xc, 0x80, 0x1e, 0x1a, 0x0,
    0x14, 0x80, 0x7d, 0x62, 0x0, 0xe0, 0xf, 0x95,
    0x40, 0x7, 0x30, 0xf, 0xa0, 0x2, 0x6e, 0xef,
    0xb0, 0xc0, 0x21, 0x1f, 0xc4, 0x1, 0xff, 0xc1,

    /* U+007B "{" */
    0x0, 0xc2, 0xf1, 0x11, 0x0, 0x43, 0xf0, 0xef,
    0x30, 0x4, 0xa2, 0x1, 0xf8, 0x40, 0xb, 0xfe,
    0x40, 0xf, 0xff, 0xe9, 0x80, 0x7f, 0x60, 0x0,
    0x80, 0x30, 0xc2, 0x80, 0x2c, 0x2, 0x5e, 0x70,
    0x1a, 0x30, 0xe, 0x2a, 0xe5, 0x0, 0xf1, 0x56,
    0xa0, 0x6, 0x5d, 0x60, 0x2b, 0x20, 0xc, 0x52,
    0xa0, 0xa, 0x0, 0xf6, 0x0, 0x8, 0x3, 0xc6,
    0x1, 0xff, 0xff, 0x0, 0xf9, 0xe2, 0x4, 0x1,
    0x38, 0x0, 0x9d, 0xcc, 0x1, 0x14, 0x8, 0x6,

    /* U+007C "|" */
    0x56, 0x5a, 0x9a, 0x0, 0xff, 0xff, 0x80, 0x7f,
    0xf0, 0x0,

    /* U+007D "}" */
    0x28, 0x89, 0x84, 0x3, 0x3b, 0xe9, 0xf0, 0xf,
    0xe1, 0x30, 0x9, 0x7f, 0xc8, 0x0, 0x60, 0xf,
    0xff, 0xf8, 0x7, 0xfc, 0x40, 0xc, 0x0, 0xf6,
    0x80, 0x19, 0xc4, 0x3, 0x24, 0x88, 0x47, 0x20,
    0x6, 0x6e, 0xa1, 0x0, 0xf2, 0x75, 0x8, 0x7,
    0x15, 0x88, 0x36, 0xa0, 0x5, 0x60, 0x5, 0x92,
    0x0, 0xc4, 0x0, 0xf0, 0xf, 0xff, 0xf8, 0x7,
    0xe2, 0x88, 0x30, 0x0, 0x40, 0x27, 0x78, 0x80,
    0xc, 0x1, 0xf0, 0xc1, 0x0, 0x40,

    /* U+007E "~" */
    0x1, 0x9e, 0xfe, 0xb5, 0x0, 0xfc, 0x3e, 0xc2,
    0x2, 0x95, 0xce, 0x20, 0x3, 0x60, 0x13, 0x0,
    0x10, 0x4, 0x31, 0xdb, 0xac, 0x93, 0xe, 0x9f,
    0xdf, 0xa3, 0x0, 0x88, 0x80, 0x5, 0x3, 0x60,
    0x9, 0x73, 0xc, 0x20, 0x29, 0x6c,

    /* U+00B0 "°" */
    0x0, 0xc4, 0xcc, 0x40, 0xf, 0x16, 0x6c, 0xca,
    0xf9, 0x80, 0x22, 0xd3, 0x0, 0xc3, 0x2e, 0x0,
    0xe0, 0x3, 0xef, 0x50, 0x84, 0x11, 0xc, 0x16,
    0x8, 0x56, 0xc0, 0x14, 0xe0, 0xf, 0x0, 0xca,
    0x0, 0x33, 0x0, 0x4, 0x3, 0xe7, 0x20, 0x1,
    0x80, 0x61, 0x0, 0x32, 0x80, 0x24, 0x40, 0x28,
    0x0, 0x78, 0xb8, 0xf, 0xc4, 0x31, 0x80, 0x94,
    0x21, 0x0, 0x5d, 0xc6, 0x3, 0xe0, 0x15, 0xd1,
    0x80, 0x9, 0xfc, 0x80,

    /* U+00B7 "·" */
    0x3, 0xab, 0x70, 0x6, 0xaa, 0x43, 0x8, 0x80,
    0x2f, 0x10, 0xd, 0xc1, 0x22, 0x8, 0xc0,

    /* U+00C4 "Ä" */
    0x0, 0xff, 0xe6, 0xbf, 0xfa, 0x40, 0xb, 0xdf,
    0x60, 0x1f, 0xe8, 0x0, 0x30, 0x84, 0x88, 0x22,
    0x0, 0x3f, 0xfa, 0x30, 0x20, 0xc2, 0x12, 0x20,
    0x88, 0x0, 0xfe, 0x7e, 0xf9, 0x0, 0x2f, 0x7d,
    0x80, 0x7f, 0xf5, 0x17, 0xff, 0x40, 0x7, 0xff,
    0xb, 0xc0, 0x32, 0x80, 0x7f, 0xf0, 0x90, 0x3,
    0x11, 0x0, 0x3f, 0xf8, 0x6, 0x20, 0x48, 0x0,
    0x50, 0xf, 0xfe, 0x5, 0x80, 0x13, 0x0, 0x18,
    0x1, 0xff, 0xc0, 0x50, 0x6, 0x18, 0x1, 0x0,
    0x3f, 0xe1, 0x20, 0x3, 0xa8, 0x4, 0xa0, 0x1f,
    0xe7, 0x0, 0x9, 0x9, 0x0, 0x3c, 0x3, 0xfd,
    0xa0, 0x4, 0x0, 0x20, 0x1, 0x0, 0x3f, 0xc8,
    0x0, 0xc0, 0x6, 0x80, 0x4, 0xc0, 0x3f, 0x20,
    0x4, 0x80, 0x4, 0x0, 0xac, 0x3, 0xf6, 0x80,
    0x4, 0x80, 0x24, 0x0, 0x28, 0x7, 0xe7, 0x0,
    0x38, 0x6, 0xc0, 0x1, 0x10, 0x3, 0xc4, 0x20,
    0xc, 0x0, 0xc8, 0x1, 0x20, 0x7, 0x94, 0x2,
    0x40, 0xc, 0x62, 0x0, 0xd0, 0xf, 0x58, 0x5,
    0xdf, 0xfc, 0x20, 0x4, 0x0, 0xe1, 0x30, 0xf,
    0xfe, 0xa, 0x80, 0x64, 0x0, 0xff, 0xe1, 0x60,
    0x6, 0xf0, 0x0, 0xff, 0xfe, 0x30, 0x3, 0x80,
    0x64, 0x0, 0x38, 0x7, 0xeb, 0x0, 0x9, 0x80,
    0x10, 0x40, 0x18, 0x1, 0xf9, 0x40, 0x2b, 0x0,
    0x60, 0x4, 0xa0, 0x1f, 0x88, 0x80, 0x4, 0x0,
    0x28, 0x1, 0x0, 0x3f, 0xca, 0x0, 0x31, 0x22,
    0x0, 0x34, 0x3, 0xfd, 0x60, 0x13, 0x80,

    /* U+00D6 "Ö" */
    0x0, 0xeb, 0xfe, 0x50, 0x4, 0x7f, 0x38, 0x7,
    0xf1, 0xa0, 0xc, 0x0, 0x1c, 0x6, 0x0, 0x3f,
    0xfa, 0x26, 0x80, 0x30, 0x0, 0x60, 0x3, 0x80,
    0x7f, 0xaf, 0xf9, 0x40, 0x13, 0xfe, 0x80, 0xf,
    0xff, 0x30, 0xbd, 0xf7, 0xfb, 0x69, 0x40, 0x3f,
    0xcd, 0xd0, 0x82, 0x0, 0x25, 0xad, 0x40, 0xf,
    0xa2, 0x40, 0x3f, 0x8a, 0xd0, 0x3, 0x91, 0xc0,
    0x25, 0xac, 0xc4, 0x98, 0x5, 0x62, 0x1, 0xa8,
    0x2, 0xba, 0x53, 0x33, 0x63, 0x80, 0x56, 0x1,
    0x20, 0x80, 0x21, 0x0, 0x3d, 0x8, 0x0, 0x51,
    0x0, 0x70, 0x4, 0xe0, 0x1f, 0xa0, 0x2, 0x70,
    0x2, 0x0, 0x10, 0x3, 0xf8, 0xc0, 0x2c, 0x1,
    0x10, 0x0, 0x80, 0x3f, 0xc4, 0x0, 0x70, 0x20,
    0x8, 0x40, 0x3f, 0xc2, 0x0, 0x20, 0x70, 0xf,
    0xfe, 0xd0, 0x80, 0x7f, 0xf6, 0xc5, 0xc0, 0x3f,
    0xf8, 0xe4, 0x1, 0x8, 0x7, 0xf8, 0x40, 0x4,
    0x2, 0x20, 0x1, 0x0, 0x7f, 0x88, 0x0, 0xe0,
    0x4, 0x0, 0x20, 0x7, 0xf1, 0x80, 0x58, 0x0,
    0xe0, 0x9, 0xc0, 0x3f, 0x40, 0x4, 0xe0, 0x4,
    0x10, 0x4, 0x20, 0x7, 0x9d, 0x0, 0xa, 0x20,
    0x15, 0x0, 0x57, 0x4a, 0x66, 0x6c, 0x80, 0xa,
    0xc0, 0x32, 0x38, 0x4, 0xb5, 0x98, 0x93, 0x0,
    0xa8, 0x40, 0x3a, 0x24, 0x3, 0xf8, 0xad, 0x40,
    0x3e, 0x6e, 0x84, 0x10, 0x1, 0x2c, 0xea, 0x0,
    0x60,

    /* U+00DC "Ü" */
    0x0, 0x8f, 0x7f, 0x4, 0x7, 0x3f, 0x4c, 0x3,
    0xd4, 0x40, 0x6c, 0xe, 0x60, 0x52, 0x1, 0xff,
    0xcb, 0xa1, 0x2, 0x60, 0x72, 0x1, 0x90, 0xf,
    0x1f, 0x7e, 0x88, 0xe, 0xff, 0x18, 0x7, 0xff,
    0x66, 0x7f, 0xe0, 0xf, 0xef, 0xfa, 0x40, 0x3f,
    0xff, 0xe0, 0x1f, 0xff, 0xf0, 0xf, 0xff, 0xf8,
    0x7, 0xff, 0x4, 0x40, 0x3f, 0xf8, 0x62, 0x1,
    0x84, 0x3, 0xe1, 0x0, 0xdc, 0x1, 0x10, 0x7,
    0xc4, 0x1, 0x72, 0x80, 0x56, 0x1, 0xf5, 0x80,
    0x4a, 0x62, 0x0, 0x62, 0x0, 0xe2, 0x70, 0x0,
    0x98, 0x30, 0x0, 0x72, 0x10, 0xd2, 0x30, 0x2,
    0x70, 0x4, 0x8, 0x0, 0x5e, 0xf2, 0xdc, 0x40,
    0x3, 0x0, 0x16, 0x10, 0x7, 0xf1, 0x60, 0x80,
    0x45, 0xb4, 0xa4, 0x1, 0x12, 0xd6, 0x90, 0x0,

    /* U+00DF "ß" */
    0x0, 0xf2, 0x56, 0xff, 0xbb, 0x20, 0x80, 0x3f,
    0xd7, 0x65, 0x20, 0x0, 0x9b, 0xeb, 0x80, 0x7e,
    0xa4, 0x0, 0xc2, 0x1, 0xa1, 0x40, 0x3c, 0x6a,
    0x0, 0x2b, 0xfe, 0xfc, 0x20, 0x5, 0x80, 0x7a,
    0x80, 0x2e, 0x40, 0x8, 0xfc, 0x0, 0x28, 0x1,
    0xc4, 0x0, 0x23, 0x0, 0xe2, 0x20, 0x0, 0xc0,
    0x39, 0xc0, 0xc, 0x1, 0xf0, 0x80, 0x3c, 0x0,
    0x7f, 0xe3, 0x0, 0xf9, 0x73, 0xcc, 0x3, 0xff,
    0x87, 0x14, 0x60, 0x1f, 0x84, 0x40, 0x1e, 0x37,
    0x0, 0x1c, 0x4c, 0xac, 0x0, 0x7d, 0xc3, 0x0,
    0xeb, 0x0, 0x16, 0x3b, 0x30, 0xc0, 0x3f, 0xe2,
    0x0, 0x38, 0x7, 0xff, 0x10, 0xc0, 0xc, 0x1,
    0xff, 0xc4, 0xf0, 0x1, 0xc8, 0x80, 0x7f, 0xf0,
    0x98, 0x40, 0xd, 0xd4, 0x60, 0x1f, 0xfc, 0x1d,
    0x10, 0x9, 0x72, 0xc4, 0x3, 0xfe, 0x3e, 0x82,
    0x0, 0x93, 0x0, 0x3f, 0xf8, 0x2f, 0xb8, 0x60,
    0x2, 0x50, 0xf, 0xfe, 0x11, 0xe0, 0x80, 0x30,
    0x3, 0xff, 0x88, 0xe0, 0x3, 0x0, 0xff, 0x30,
    0x7, 0x10, 0x0, 0xc0, 0x3f, 0xe, 0x4d, 0x8,
    0x0, 0xd0, 0x1, 0x80, 0x1f, 0x9c, 0xc1, 0x7b,
    0x75, 0x80, 0x1, 0x50, 0xf, 0xcc, 0xe0, 0x11,
    0x10, 0x0, 0x3a, 0x1, 0xfe, 0x8c, 0x62, 0x0,
    0x13, 0xf9, 0x80,

    /* U+00E4 "ä" */
    0x0, 0x4f, 0xf3, 0x80, 0x1b, 0xbe, 0x40, 0x30,
    0xb0, 0xc, 0x0, 0x20, 0x41, 0x88, 0x3, 0xff,
    0x8c, 0x2c, 0x0, 0x80, 0x4, 0x88, 0x29, 0x0,
    0x69, 0xff, 0x38, 0x1, 0xfb, 0xe8, 0x3, 0xff,
    0xb0, 0x53, 0xbf, 0xed, 0xa4, 0x0, 0xf3, 0xeb,
    0x10, 0x0, 0x96, 0xe4, 0x3, 0x44, 0x0, 0x3f,
    0x33, 0x0, 0x26, 0x0, 0x3f, 0x7f, 0xa8, 0x2,
    0x80, 0xb, 0xce, 0x60, 0x40, 0xb, 0x0, 0x1,
    0x20, 0x0, 0xe3, 0x0, 0x71, 0x80, 0x4c, 0x1,
    0xfe, 0x70, 0xf, 0xe1, 0x34, 0x55, 0x20, 0x4,
    0x20, 0x12, 0xe7, 0x65, 0xd5, 0x20, 0x3, 0xd1,
    0x46, 0x1, 0xff, 0x23, 0x80, 0x13, 0x3f, 0xec,
    0x0, 0xed, 0x0, 0xd, 0x98, 0x7, 0xf2, 0x80,
    0x8, 0x3, 0xff, 0x84, 0x20, 0x1d, 0x60, 0x1c,
    0xc0, 0x2, 0x50, 0x9, 0x9c, 0x3, 0xbc, 0x2,
    0xad, 0xbe, 0x99, 0x8, 0x2, 0xf5, 0x50, 0x2,
    0x24, 0x13, 0x65, 0x0, 0x9, 0x5, 0xc9, 0x80,
    0xa, 0x30, 0x25, 0x0, 0x20,

    /* U+00F6 "ö" */
    0x0, 0x16, 0x7e, 0x90, 0x2, 0xff, 0x90, 0x3,
    0x29, 0x81, 0x58, 0x22, 0x0, 0x60, 0x3, 0xff,
    0x8e, 0xa4, 0x5, 0x60, 0x88, 0x1, 0x90, 0xc,
    0x5b, 0xfa, 0x40, 0xb, 0xfe, 0x50, 0xf, 0xfe,
    0xc3, 0x5f, 0x7f, 0x63, 0x88, 0x7, 0x16, 0xca,
    0x8, 0x9, 0xc7, 0xa0, 0x4, 0x38, 0x40, 0x1f,
    0xd, 0x98, 0x2, 0x4, 0x1, 0x1d, 0xfe, 0xa0,
    0xb, 0x80, 0x58, 0x0, 0xee, 0x10, 0x2, 0xd0,
    0x0, 0x91, 0x0, 0x15, 0x0, 0x72, 0x88, 0x3,
    0x34, 0x2, 0x20, 0xf, 0x10, 0x1, 0x8, 0x3,
    0xff, 0x82, 0x22, 0x0, 0xff, 0xe0, 0x98, 0x7,
    0xff, 0xc, 0x40, 0x3f, 0xf8, 0x26, 0x40, 0x1f,
    0xfc, 0x11, 0xd0, 0x8, 0x80, 0x3c, 0x40, 0x4,
    0x40, 0x5, 0x40, 0x1c, 0xa2, 0x0, 0xc1, 0x50,
    0x3, 0xb8, 0x2, 0x5b, 0x0, 0x12, 0x5, 0x88,
    0x2, 0x3f, 0xbe, 0x84, 0x1, 0xc0, 0x1, 0xc2,
    0x0, 0x84, 0x3, 0x59, 0x80, 0x45, 0xb2, 0x82,
    0x2, 0x6f, 0xc8, 0x0,

    /* U+00FC "ü" */
    0x0, 0x5f, 0xf2, 0x80, 0x23, 0xf9, 0xc0, 0x24,
    0x40, 0xc, 0x0, 0xb8, 0xc, 0x0, 0x7f, 0xf1,
    0x51, 0x0, 0x30, 0x2, 0xc0, 0x7, 0x0, 0xd7,
    0xfc, 0xa0, 0x9, 0xff, 0x40, 0x7, 0xff, 0x4b,
    0x7f, 0xd4, 0x1, 0xef, 0xf9, 0xc0, 0x3f, 0xff,
    0xe0, 0x1f, 0xff, 0x81, 0x0, 0xff, 0x8, 0x1,
    0x80, 0x38, 0x80, 0x33, 0x0, 0x8, 0x80, 0x1a,
    0x80, 0x36, 0x80, 0x5e, 0x60, 0x30, 0xa0, 0x19,
    0x80, 0x22, 0xcf, 0xe7, 0xe0, 0xc, 0x32, 0x1,
    0xe7, 0x30, 0xe, 0x6b, 0x40, 0x1, 0xd4, 0x0,
    0x70,

    /* U+0104 "Ą" */
    0x0, 0xf9, 0x7f, 0xf4, 0x0, 0x7f, 0xf0, 0xfc,
    0x3, 0x28, 0x7, 0xff, 0xd, 0x0, 0x31, 0x10,
    0x3, 0xff, 0x82, 0x62, 0x6, 0x80, 0x5, 0x0,
    0xff, 0xe0, 0xd8, 0x1, 0x30, 0x1, 0x80, 0x1f,
    0xfc, 0x15, 0x0, 0x6a, 0x0, 0x10, 0x3, 0xff,
    0x80, 0x24, 0x0, 0x43, 0x0, 0x94, 0x3, 0xfe,
    0x70, 0x1, 0x8, 0x20, 0x3, 0xc0, 0x3f, 0xed,
    0x0, 0x28, 0x3, 0x0, 0x8, 0x1, 0xff, 0x20,
    0x3, 0x0, 0xa, 0x0, 0x13, 0x0, 0xfe, 0x40,
    0x9, 0x0, 0x4, 0x40, 0x5, 0x80, 0x7f, 0x68,
    0x1, 0x0, 0x32, 0x80, 0x14, 0x3, 0xf9, 0xc0,
    0x1a, 0x1, 0xb0, 0x0, 0x44, 0x0, 0xf8, 0x84,
    0x0, 0x80, 0x19, 0x4, 0x0, 0x80, 0x1f, 0x28,
    0x5, 0xbf, 0xfc, 0x20, 0xd, 0x0, 0xfa, 0xc0,
    0x3f, 0xf8, 0x8, 0x1, 0xe1, 0x30, 0xf, 0xfe,
    0xa, 0x80, 0x72, 0x0, 0x5f, 0xff, 0x8c, 0x1,
    0x80, 0x1d, 0xe0, 0x4, 0x0, 0xfc, 0x80, 0x7,
    0x0, 0xe4, 0x0, 0x68, 0x7, 0xec, 0x0, 0x9,
    0x80, 0x48, 0x20, 0x4, 0x0, 0xfc, 0x80, 0x15,
    0x80, 0x58, 0x0, 0x12, 0x0, 0xfe, 0x40, 0x2,
    0x0, 0x4a, 0x0, 0x40, 0xf, 0xf6, 0x0, 0xc,
    0x40, 0x88, 0x0, 0xc0, 0xf, 0xf2, 0x0, 0x4e,
    0x5, 0xff, 0x30, 0x7, 0xf8, 0xf9, 0x51, 0xc0,
    0x3f, 0xf8, 0x8f, 0xc5, 0x62, 0x1, 0xff, 0xc3,
    0x98, 0x58, 0x0, 0xff, 0xe2, 0x1b, 0x7, 0x0,
    0x7f, 0xf1, 0x58, 0x0, 0x62, 0xe8, 0x1, 0xff,
    0xc2, 0x70, 0x4, 0x74, 0x58, 0x80, 0x7f, 0xf0,
    0x4a, 0xcc, 0x0, 0x98, 0x20,

    /* U+0105 "ą" */
    0x0, 0x8a, 0x77, 0xfd, 0xb4, 0x80, 0x1f, 0x3e,
    0xb1, 0x0, 0x9, 0x6e, 0x80, 0x3a, 0x20, 0x1,
    0xf9, 0x5c, 0x3, 0x30, 0x1, 0xfb, 0xfd, 0x40,
    0x14, 0x80, 0x6f, 0x39, 0x81, 0x0, 0x2c, 0x0,
    0x4, 0x80, 0x21, 0xc6, 0x0, 0xe3, 0x0, 0x98,
    0x3, 0xfe, 0x70, 0x8, 0x40, 0x3c, 0x26, 0x8a,
    0xa4, 0x0, 0xfc, 0xb9, 0xd9, 0x75, 0x48, 0x0,
    0xfa, 0x28, 0xc0, 0x3f, 0xf8, 0x8, 0xe0, 0x4,
    0xcf, 0xfb, 0x0, 0x3d, 0xa0, 0x1, 0xb3, 0x0,
    0xff, 0x28, 0x0, 0x80, 0x3f, 0xf8, 0x62, 0x1,
    0xd6, 0x1, 0xe6, 0x0, 0x12, 0x80, 0x4c, 0xa0,
    0x11, 0x20, 0x78, 0x5, 0x5b, 0x7d, 0x32, 0x10,
    0x4, 0x58, 0x2a, 0x0, 0x44, 0x82, 0xa8, 0xe0,
    0x1e, 0xb9, 0x30, 0x1, 0xcd, 0x4, 0x28, 0x80,
    0x73, 0x67, 0xfb, 0x18, 0x0, 0x30, 0x83, 0x40,
    0x1f, 0xf2, 0xeb, 0xfa, 0x80, 0x7f, 0x96, 0x83,
    0xc4, 0x3, 0xfe, 0x80, 0x52, 0x0, 0xff, 0xe0,
    0x18, 0x38, 0xa5, 0x0, 0x7f, 0x90, 0xb, 0xad,
    0x5c, 0x3, 0xfa, 0xd8, 0x40, 0xa1, 0xc0,

    /* U+0106 "Ć" */
    0x0, 0xff, 0x19, 0x0, 0x7f, 0xf1, 0x3f, 0x64,
    0x40, 0x3f, 0xf8, 0x26, 0x60, 0x67, 0x0, 0xff,
    0xe0, 0xc0, 0x0, 0xd8, 0x3, 0xff, 0x80, 0x48,
    0x0, 0xe0, 0xf, 0xfe, 0xc, 0x0, 0x20, 0x80,
    0x3f, 0xf8, 0x28, 0x6, 0xe0, 0x1f, 0xfc, 0x2e,
    0x8e, 0x0, 0xff, 0xe2, 0x39, 0x0, 0x7f, 0xf0,
    0x5, 0xf3, 0xbf, 0xdb, 0x26, 0x1, 0xf9, 0xfa,
    0xc, 0x40, 0x4, 0xd9, 0x40, 0x1e, 0x98, 0x0,
    0xfe, 0x5b, 0x0, 0xca, 0xc0, 0x13, 0x5e, 0xdc,
    0x8, 0x1, 0x20, 0x2, 0xb0, 0xb, 0x25, 0x9,
    0x1f, 0xc8, 0x0, 0xe2, 0xa, 0x20, 0x9, 0x30,
    0xe, 0x1e, 0x0, 0x28, 0x3, 0xc0, 0x2, 0xc0,
    0x1f, 0x1b, 0xed, 0x8, 0x20, 0x1, 0x40, 0x3f,
    0xa0, 0x80, 0x2, 0x20, 0x1, 0x0, 0x7f, 0xf0,
    0x48, 0x2, 0x10, 0xf, 0xfe, 0xb, 0x80, 0x7f,
    0xfe, 0xdc, 0x3, 0xff, 0x8a, 0x40, 0x10, 0x80,
    0x7f, 0xf0, 0x44, 0x40, 0x2, 0x0, 0xff, 0xe1,
    0x20, 0x1, 0x40, 0x3f, 0xa9, 0xc0, 0x2f, 0x0,
    0xb, 0x0, 0x7c, 0x4b, 0x1c, 0x60, 0xa2, 0x0,
    0x93, 0x0, 0xf7, 0x0, 0x4, 0x40, 0xb, 0x0,
    0xb2, 0x50, 0x91, 0xf8, 0xc0, 0xe, 0x40, 0x5,
    0x60, 0x9, 0xaf, 0x6e, 0x4, 0x0, 0x90, 0x1,
    0xa6, 0x0, 0x3f, 0x9a, 0xc0, 0x3c, 0xfa, 0xe6,
    0x20, 0x2, 0x6c, 0x90, 0x8,

    /* U+0107 "ć" */
    0x0, 0xfd, 0x2a, 0x1, 0xff, 0x13, 0x56, 0x98,
    0x7, 0xf4, 0x0, 0xc, 0x80, 0x3f, 0xa, 0x80,
    0x2c, 0x40, 0x3f, 0x48, 0x1, 0x54, 0x1, 0xf8,
    0x5c, 0x6, 0xc0, 0x3f, 0xc8, 0x14, 0x20, 0x1f,
    0xc3, 0x7a, 0x80, 0x1f, 0xfc, 0x2, 0x0, 0xff,
    0x3e, 0x77, 0xf6, 0x30, 0x7, 0x1f, 0x41, 0x88,
    0x9, 0xce, 0x8, 0x0, 0xb0, 0x40, 0x3e, 0x3d,
    0x0, 0x48, 0x5, 0x3f, 0xf4, 0x0, 0xd, 0x45,
    0x0, 0xe, 0xc0, 0x13, 0xb0, 0x18, 0xb8, 0x5,
    0x40, 0x1d, 0x76, 0xc4, 0xe0, 0x8, 0x80, 0x38,
    0x90, 0x0, 0x40, 0x1f, 0xfc, 0x11, 0x0, 0xff,
    0xe7, 0x88, 0x7, 0xff, 0x4, 0xc0, 0x3f, 0xf8,
    0x3e, 0x1, 0x10, 0x7, 0x9c, 0x41, 0xc0, 0x25,
    0x0, 0xe6, 0x8f, 0x61, 0x40, 0x4, 0x30, 0x4,
    0xd2, 0x2, 0x0, 0x90, 0xa, 0x7f, 0xbe, 0x40,
    0x4, 0xc0, 0x58, 0x20, 0x10, 0x80, 0x47, 0x80,
    0x11, 0xf4, 0x18, 0x80, 0x9c, 0xe0, 0x80,

    /* U+0108 "Ĉ" */
    0x0, 0xf8, 0x62, 0x24, 0x0, 0xff, 0xe0, 0xeb,
    0xbd, 0x42, 0x1, 0xff, 0x39, 0x80, 0x43, 0x40,
    0x1f, 0xe3, 0x80, 0x4, 0x8, 0x23, 0x80, 0x7f,
    0x70, 0x2, 0x1f, 0x40, 0x10, 0x40, 0x1f, 0x49,
    0x3, 0x38, 0x1d, 0x0, 0x3c, 0x3, 0xec, 0x4,
    0x90, 0x9, 0x60, 0x14, 0x3, 0xe5, 0xdb, 0x0,
    0xe7, 0xc8, 0x0, 0xfc, 0x40, 0x1f, 0x18, 0x7,
    0xf0, 0xbe, 0x77, 0xfb, 0x64, 0xc0, 0x3f, 0x3f,
    0x41, 0x88, 0x0, 0x9b, 0x28, 0x3, 0xd3, 0x0,
    0x1f, 0xcb, 0x60, 0x19, 0x58, 0x2, 0x6b, 0xdb,
    0x81, 0x0, 0x24, 0x0, 0x56, 0x1, 0x64, 0xa1,
    0x23, 0xf9, 0x0, 0x1c, 0x41, 0x44, 0x1, 0x26,
    0x1, 0xc3, 0xc0, 0x5, 0x0, 0x78, 0x0, 0x58,
    0x3, 0xe3, 0x7d, 0xa1, 0x4, 0x0, 0x28, 0x7,
    0xf4, 0x10, 0x0, 0x44, 0x0, 0x20, 0xf, 0xfe,
    0x9, 0x0, 0x42, 0x1, 0xff, 0xc1, 0x70, 0xf,
    0xff, 0xdb, 0x80, 0x7f, 0xf1, 0x48, 0x2, 0x10,
    0xf, 0xfe, 0x8, 0x88, 0x0, 0x40, 0x1f, 0xfc,
    0x24, 0x0, 0x28, 0x7, 0xf5, 0x38, 0x5, 0xe0,
    0x1, 0x60, 0xf, 0x89, 0x63, 0x8c, 0x14, 0x40,
    0x12, 0x60, 0x1e, 0xe0, 0x0, 0x88, 0x1, 0x60,
    0x16, 0x4a, 0x12, 0x3f, 0x18, 0x1, 0xc8, 0x0,
    0xac, 0x1, 0x35, 0xed, 0xc0, 0x80, 0x12, 0x0,
    0x34, 0xc0, 0x7, 0xf3, 0x58, 0x7, 0x9f, 0x5c,
    0xc4, 0x0, 0x4d, 0x92, 0x1, 0x0,

    /* U+0109 "ĉ" */
    0x0, 0xe3, 0x88, 0x88, 0x3, 0xf0, 0xeb, 0xbd,
    0xe0, 0x1f, 0xa8, 0x40, 0x22, 0x90, 0xf, 0x3a,
    0x0, 0xd0, 0x1, 0x94, 0x3, 0x1c, 0x0, 0xe2,
    0xd8, 0x2, 0x88, 0x2, 0xe0, 0x6, 0x90, 0x25,
    0x0, 0x24, 0x2, 0xe1, 0xb3, 0x0, 0x96, 0x4a,
    0x40, 0x23, 0xe4, 0x0, 0xe6, 0xd2, 0x0, 0xff,
    0xe3, 0xbe, 0x77, 0xf6, 0x30, 0x7, 0x1f, 0x41,
    0x88, 0x9, 0xce, 0x8, 0x0, 0xb0, 0x40, 0x3e,
    0x3d, 0x0, 0x48, 0x5, 0x3f, 0xf4, 0x0, 0xd,
    0x45, 0x0, 0xe, 0xc0, 0x13, 0xb0, 0x18, 0xb8,
    0x5, 0x40, 0x1d, 0x76, 0xc4, 0xe0, 0x8, 0x80,
    0x38, 0x90, 0x0, 0x40, 0x1f, 0xfc, 0x11, 0x0,
    0xff, 0xe7, 0x88, 0x7, 0xff, 0x4, 0xc0, 0x3f,
    0xf8, 0x3e, 0x1, 0x10, 0x7, 0x9c, 0x41, 0xc0,
    0x25, 0x0, 0xe6, 0x8f, 0x61, 0x40, 0x4, 0x30,
    0x4, 0xd2, 0x2, 0x0, 0x90, 0xa, 0x7f, 0xbe,
    0x40, 0x4, 0xc0, 0x58, 0x20, 0x10, 0x80, 0x47,
    0x80, 0x11, 0xf4, 0x18, 0x80, 0x9c, 0xe0, 0x80,

    /* U+010A "Ċ" */
    0x0, 0xf8, 0x73, 0xf4, 0xc0, 0x3f, 0xf8, 0x2e,
    0x60, 0x52, 0x1, 0xff, 0xd3, 0x73, 0x1, 0xe0,
    0xf, 0xfe, 0x8, 0xe7, 0xf2, 0x0, 0x7f, 0xf8,
    0xc5, 0xf3, 0xbf, 0xdb, 0x26, 0x1, 0xf9, 0xfa,
    0xc, 0x40, 0x4, 0xd9, 0x40, 0x1e, 0x98, 0x0,
    0xfe, 0x5b, 0x0, 0xca, 0xc0, 0x13, 0x5e, 0xdc,
    0x8, 0x1, 0x20, 0x2, 0xb0, 0xb, 0x25, 0x9,
    0x1f, 0xc8, 0x0, 0xe2, 0xa, 0x20, 0x9, 0x30,
    0xe, 0x1e, 0x0, 0x28, 0x3, 0xc0, 0x2, 0xc0,
    0x1f, 0x1b, 0xed, 0x8, 0x20, 0x1, 0x40, 0x3f,
    0xa0, 0x80, 0x2, 0x20, 0x1, 0x0, 0x7f, 0xf0,
    0x48, 0x2, 0x10, 0xf, 0xfe, 0xb, 0x80, 0x7f,
    0xfe, 0xdc, 0x3, 0xff, 0x8a, 0x40, 0x10, 0x80,
    0x7f, 0xf0, 0x44, 0x40, 0x2, 0x0, 0xff, 0xe1,
    0x20, 0x1, 0x40, 0x3f, 0xa9, 0xc0, 0x2f, 0x0,
    0xb, 0x0, 0x7c, 0x4b, 0x1c, 0x60, 0xa2, 0x0,
    0x93, 0x0, 0xf7, 0x0, 0x4, 0x40, 0xb, 0x0,
    0xb2, 0x50, 0x91, 0xf8, 0xc0, 0xe, 0x40, 0x5,
    0x60, 0x9, 0xaf, 0x6e, 0x4, 0x0, 0x90, 0x1,
    0xa6, 0x0, 0x3f, 0x9a, 0xc0, 0x3c, 0xfa, 0xe6,
    0x20, 0x2, 0x6c, 0x90, 0x8,

    /* U+010B "ċ" */
    0x0, 0xe3, 0xdf, 0xc1, 0x0, 0xfe, 0xa2, 0x3,
    0x60, 0xf, 0xfe, 0x5d, 0x10, 0x1b, 0x0, 0x7f,
    0x1e, 0xfe, 0x8, 0x7, 0xff, 0x61, 0xf3, 0xbf,
    0xb1, 0x80, 0x38, 0xfa, 0xc, 0x40, 0x4e, 0x70,
    0x40, 0x5, 0x82, 0x1, 0xf1, 0xe8, 0x2, 0x40,
    0x29, 0xff, 0xa0, 0x0, 0x6a, 0x28, 0x0, 0x76,
    0x0, 0x9d, 0x80, 0xc5, 0xc0, 0x2a, 0x0, 0xeb,
    0xb6, 0x27, 0x0, 0x44, 0x1, 0xc4, 0x80, 0x2,
    0x0, 0xff, 0xe0, 0x88, 0x7, 0xff, 0x3c, 0x40,
    0x3f, 0xf8, 0x26, 0x1, 0xff, 0xc1, 0xf0, 0x8,
    0x80, 0x3c, 0xe2, 0xe, 0x1, 0x28, 0x7, 0x34,
    0x7b, 0xa, 0x0, 0x21, 0x80, 0x26, 0x90, 0x10,
    0x4, 0x80, 0x53, 0xfd, 0xf2, 0x0, 0x26, 0x2,
    0xc1, 0x0, 0x84, 0x2, 0x3c, 0x0, 0x8f, 0xa0,
    0xc4, 0x4, 0xe7, 0x4, 0x0,

    /* U+010C "Č" */
    0x0, 0xe3, 0x10, 0xf, 0x20, 0x7, 0xe6, 0xcd,
    0x0, 0xe8, 0xba, 0x0, 0xf8, 0x40, 0xec, 0x2,
    0x77, 0x0, 0x80, 0x7c, 0xe8, 0x9, 0x60, 0xd0,
    0x3, 0x40, 0x1f, 0xa8, 0x41, 0x32, 0x40, 0x1a,
    0x20, 0x1f, 0x87, 0x40, 0x6, 0x0, 0x83, 0x0,
    0xff, 0x1c, 0x0, 0x48, 0xe0, 0x1f, 0xfc, 0x7,
    0xff, 0xac, 0x3, 0xff, 0xa2, 0x2f, 0x9d, 0xfe,
    0xd9, 0x30, 0xf, 0xcf, 0xd0, 0x62, 0x0, 0x26,
    0xca, 0x0, 0xf4, 0xc0, 0x7, 0xf2, 0xd8, 0x6,
    0x56, 0x0, 0x9a, 0xf6, 0xe0, 0x40, 0x9, 0x0,
    0x15, 0x80, 0x59, 0x28, 0x48, 0xfe, 0x40, 0x7,
    0x10, 0x51, 0x0, 0x49, 0x80, 0x70, 0xf0, 0x1,
    0x40, 0x1e, 0x0, 0x16, 0x0, 0xf8, 0xdf, 0x68,
    0x41, 0x0, 0xa, 0x1, 0xfd, 0x4, 0x0, 0x11,
    0x0, 0x8, 0x3, 0xff, 0x82, 0x40, 0x10, 0x80,
    0x7f, 0xf0, 0x5c, 0x3, 0xff, 0xf6, 0xe0, 0x1f,
    0xfc, 0x52, 0x0, 0x84, 0x3, 0xff, 0x82, 0x22,
    0x0, 0x10, 0x7, 0xff, 0x9, 0x0, 0xa, 0x1,
    0xfd, 0x4e, 0x1, 0x78, 0x0, 0x58, 0x3, 0xe2,
    0x58, 0xe3, 0x5, 0x10, 0x4, 0x98, 0x7, 0xb8,
    0x0, 0x22, 0x0, 0x58, 0x5, 0x92, 0x84, 0x8f,
    0xc6, 0x0, 0x72, 0x0, 0x2b, 0x0, 0x4d, 0x7b,
    0x70, 0x20, 0x4, 0x80, 0xd, 0x30, 0x1, 0xfc,
    0xd6, 0x1, 0xe7, 0xd7, 0x31, 0x0, 0x13, 0x64,
    0x80, 0x40,

    /* U+010D "č" */
    0x0, 0x16, 0x18, 0x7, 0x25, 0x88, 0x5, 0xe7,
    0xa4, 0x1, 0x25, 0xa5, 0x0, 0x52, 0x3, 0x84,
    0x7, 0x60, 0x9, 0x0, 0x91, 0xc0, 0x7d, 0x34,
    0x1, 0x24, 0x1, 0xa0, 0xc0, 0xac, 0x41, 0x58,
    0x3, 0xda, 0x20, 0x11, 0x50, 0x7, 0xc3, 0xae,
    0xf7, 0x80, 0x7f, 0x1c, 0x44, 0x40, 0x1f, 0xfc,
    0xa7, 0xce, 0xfe, 0xc6, 0x0, 0xe3, 0xe8, 0x31,
    0x1, 0x39, 0xc1, 0x0, 0x16, 0x8, 0x7, 0xc7,
    0xa0, 0x9, 0x0, 0xa7, 0xfe, 0x80, 0x1, 0xa8,
    0xa0, 0x1, 0xd8, 0x2, 0x76, 0x3, 0x17, 0x0,
    0xa8, 0x3, 0xae, 0xd8, 0x9c, 0x1, 0x10, 0x7,
    0x12, 0x0, 0x8, 0x3, 0xff, 0x82, 0x20, 0x1f,
    0xfc, 0xf1, 0x0, 0xff, 0xe0, 0x98, 0x7, 0xff,
    0x7, 0xc0, 0x22, 0x0, 0xf3, 0x88, 0x38, 0x4,
    0xa0, 0x1c, 0xd1, 0xec, 0x28, 0x0, 0x86, 0x0,
    0x9a, 0x40, 0x40, 0x12, 0x1, 0x4f, 0xf7, 0xc8,
    0x0, 0x98, 0xb, 0x4, 0x2, 0x10, 0x8, 0xf0,
    0x2, 0x3e, 0x83, 0x10, 0x13, 0x9c, 0x10,

    /* U+010E "Ď" */
    0x0, 0xa6, 0x0, 0x38, 0x71, 0x0, 0x3e, 0x86,
    0x77, 0x0, 0x6d, 0x3b, 0x10, 0xf, 0x41, 0x4,
    0x30, 0x3, 0xc, 0x20, 0x40, 0x3e, 0xe0, 0x4,
    0xad, 0x98, 0x23, 0x80, 0x7e, 0x39, 0x0, 0x52,
    0x0, 0xd0, 0x7, 0xf9, 0x94, 0x3, 0x68, 0x80,
    0x7f, 0xd5, 0xe, 0xea, 0x30, 0xf, 0xfe, 0xb,
    0xc4, 0x14, 0x3, 0xf3, 0x7f, 0xfe, 0xec, 0x82,
    0x0, 0xff, 0xe1, 0x9, 0xbe, 0xc0, 0x7, 0xff,
    0x15, 0xe8, 0x3, 0xea, 0xdd, 0xd6, 0xe0, 0x12,
    0xb0, 0x7, 0x98, 0x8b, 0x24, 0x68, 0x80, 0x20,
    0x3, 0xff, 0x82, 0x56, 0x0, 0x15, 0x0, 0xff,
    0xe0, 0xa8, 0x80, 0x3c, 0x3, 0xff, 0x84, 0xa0,
    0x4, 0x0, 0xff, 0xe1, 0x10, 0x0, 0x44, 0x1,
    0xff, 0xc5, 0x30, 0xf, 0xfe, 0x28, 0x80, 0x7f,
    0xf1, 0x5c, 0x3, 0xff, 0xae, 0xe0, 0x1f, 0xfc,
    0x51, 0x0, 0xff, 0xe2, 0x98, 0x7, 0xff, 0x4,
    0x80, 0x2, 0x20, 0xf, 0xfe, 0xa, 0x80, 0x10,
    0x3, 0xff, 0x82, 0xa2, 0x0, 0xf0, 0xf, 0xfe,
    0x1, 0x58, 0x0, 0x54, 0x3, 0x98, 0x8b, 0x24,
    0x68, 0x80, 0x20, 0x3, 0xd5, 0xbb, 0xad, 0xc0,
    0x25, 0x60, 0xf, 0xfe, 0x1b, 0xd0, 0x7, 0xff,
    0x0, 0x4d, 0xf6, 0x0, 0x30,

    /* U+010F "ď" */
    0x0, 0xff, 0xaf, 0xfd, 0xa0, 0x3f, 0xf3, 0x80,
    0x7f, 0xf1, 0xc, 0x2, 0x40, 0xf, 0xfe, 0x38,
    0x98, 0x7, 0xff, 0x10, 0x40, 0x8, 0x1, 0xff,
    0xc5, 0x70, 0x6, 0x0, 0x7f, 0xf2, 0x1c, 0x3,
    0xff, 0x8a, 0xe8, 0xc2, 0x1, 0x8a, 0xbb, 0xfa,
    0x44, 0x3, 0xc7, 0x72, 0x1, 0x97, 0x54, 0x40,
    0x5b, 0xc8, 0x3, 0xfe, 0x2a, 0x0, 0xf0, 0xc0,
    0x7, 0xfd, 0x0, 0x12, 0x67, 0xf5, 0x3a, 0x0,
    0x7f, 0x94, 0x0, 0x56, 0x60, 0x2b, 0x80, 0x1f,
    0xe4, 0x0, 0xa0, 0x3, 0x84, 0xc0, 0x3f, 0x8c,
    0x2, 0x70, 0xf, 0x38, 0x7, 0xf7, 0x80, 0x46,
    0x1, 0xff, 0xc4, 0x10, 0xf, 0xfe, 0xe8, 0x80,
    0x7f, 0xf2, 0x3c, 0x2, 0x30, 0xf, 0xfe, 0x21,
    0x80, 0x4e, 0x1, 0xe7, 0x0, 0xfe, 0x40, 0xa,
    0x40, 0x38, 0x4c, 0x3, 0xfc, 0xa0, 0x3, 0xb3,
    0x1, 0x5c, 0x0, 0xff, 0xa0, 0x2, 0x4c, 0xfe,
    0xa4, 0x40, 0x7, 0xf8, 0xa8, 0x3, 0xc5, 0x0,
    0x1f, 0xfc, 0x5, 0xc5, 0x10, 0x16, 0xc1, 0x0,
    0xff, 0x0,

    /* U+0110 "Đ" */
    0x0, 0x17, 0xff, 0xee, 0xd9, 0x30, 0xf, 0xfe,
    0x20, 0x93, 0x65, 0x0, 0x7f, 0xf1, 0xd7, 0x0,
    0x3f, 0x9f, 0x77, 0x64, 0x8, 0x0, 0xe4, 0x3,
    0xf7, 0x11, 0x63, 0x7f, 0x20, 0x3, 0x10, 0x7,
    0xff, 0x8, 0x7c, 0x2, 0xa0, 0xf, 0xfe, 0x19,
    0x20, 0x1, 0x80, 0x3f, 0xf8, 0x86, 0x0, 0x11,
    0x0, 0x7f, 0xf0, 0xf8, 0x2, 0x50, 0xf, 0xfe,
    0x19, 0x80, 0x44, 0x97, 0xc0, 0x15, 0xde, 0x40,
    0xf, 0xc2, 0x48, 0x60, 0x11, 0x22, 0x44, 0x1,
    0xff, 0xd1, 0x6f, 0xd0, 0xa, 0x7f, 0xe6, 0x0,
    0xff, 0xe8, 0x8, 0x7, 0xff, 0xc, 0xc0, 0x22,
    0x0, 0xff, 0xe1, 0xf0, 0x4, 0xa0, 0x1f, 0xfc,
    0x33, 0x0, 0x8, 0x80, 0x3f, 0xf8, 0x44, 0x80,
    0x6, 0x0, 0xff, 0xe1, 0xf, 0x80, 0x54, 0x1,
    0xf7, 0x11, 0x63, 0x7f, 0x20, 0x3, 0x10, 0x7,
    0xcf, 0xbb, 0xb2, 0x4, 0x0, 0x72, 0x1, 0xff,
    0xc5, 0x5c, 0x0, 0xff, 0xe1, 0x9, 0x36, 0x50,
    0x6,

    /* U+0111 "đ" */
    0x0, 0xff, 0xaf, 0xfd, 0xa0, 0x1f, 0xc8, 0x99,
    0xc0, 0x24, 0x30, 0xf, 0x15, 0xde, 0x30, 0x1,
    0x5f, 0x80, 0x7f, 0xf2, 0xcb, 0xff, 0x20, 0x0,
    0xbf, 0x0, 0x3f, 0xfb, 0x25, 0x5d, 0xfd, 0x22,
    0x1, 0xfc, 0xba, 0xa2, 0x2, 0xde, 0x40, 0x1f,
    0x15, 0x0, 0x78, 0x60, 0x3, 0xe8, 0x0, 0x93,
    0x3f, 0xa9, 0x10, 0x1, 0xe5, 0x0, 0x15, 0x98,
    0xa, 0xe0, 0x7, 0x90, 0x2, 0x80, 0xe, 0x23,
    0x0, 0xe3, 0x0, 0x9c, 0x3, 0xce, 0x1, 0xde,
    0x1, 0x18, 0x7, 0xff, 0x0, 0x40, 0x3f, 0xfa,
    0xa2, 0x1, 0xff, 0xc4, 0xf0, 0x8, 0xc0, 0x3f,
    0xf8, 0x6, 0x1, 0x38, 0x7, 0x9c, 0x3, 0x90,
    0x2, 0x90, 0xe, 0x23, 0x0, 0xf2, 0x80, 0xe,
    0xcc, 0x5, 0x7c, 0x3, 0xe8, 0x0, 0x93, 0x3f,
    0xa9, 0x10, 0x1, 0xe2, 0xa0, 0xf, 0x14, 0x0,
    0x7e, 0x5c, 0x51, 0x1, 0x6c, 0x10, 0xf, 0x0,

    /* U+0112 "Ē" */
    0x0, 0xae, 0xff, 0x50, 0x7, 0x91, 0x3f, 0x28,
    0x7, 0xff, 0x27, 0xff, 0xf8, 0x3, 0xff, 0xaa,
    0xdf, 0xff, 0xfc, 0x16, 0x0, 0xff, 0xeb, 0x56,
    0xef, 0xf3, 0x0, 0x66, 0x22, 0xfe, 0x0, 0xff,
    0xff, 0x80, 0x76, 0x7f, 0xfe, 0x60, 0xf, 0xfe,
    0xbd, 0xf7, 0x7e, 0x60, 0xe, 0x71, 0x1f, 0xc0,
    0x1f, 0xff, 0xf0, 0xf, 0x31, 0x17, 0xf0, 0x7,
    0x56, 0xef, 0xf3, 0x0, 0x7f, 0xf4, 0x80,

    /* U+0113 "ē" */
    0x0, 0xa6, 0xef, 0xf0, 0x80, 0x72, 0x27, 0xf1,
    0x80, 0x7f, 0xf2, 0x37, 0xff, 0xf1, 0x0, 0x7f,
    0xf9, 0xda, 0xfb, 0xfb, 0x1c, 0x3, 0xc5, 0xb2,
    0x82, 0x2, 0x71, 0xc6, 0x1, 0xe, 0x10, 0x0,
    0x4c, 0x40, 0x3, 0xa2, 0x0, 0x81, 0x0, 0x57,
    0x67, 0x58, 0x0, 0x6c, 0x5, 0x80, 0x10, 0xa0,
    0x12, 0x40, 0x1, 0x45, 0x0, 0x26, 0x0, 0xe6,
    0x0, 0x93, 0x40, 0x21, 0x0, 0xe1, 0x0, 0xb4,
    0x80, 0x25, 0x5f, 0x80, 0x22, 0x10, 0xa, 0xab,
    0xe0, 0x8, 0x40, 0x3f, 0xf8, 0x62, 0x1, 0x7f,
    0xff, 0xac, 0x80, 0x3f, 0xf8, 0x58, 0x1, 0x10,
    0x7, 0xc4, 0x0, 0x40, 0xa, 0xc0, 0x3c, 0xda,
    0xc0, 0x7, 0x0, 0x34, 0x8, 0x0, 0x62, 0x42,
    0x48, 0x20, 0x80, 0xf, 0xdc, 0xfe, 0x70, 0x3,
    0x90, 0x3, 0xc, 0x2, 0x10, 0xd, 0x10, 0x0,
    0x87, 0x29, 0x44, 0x4, 0xdf, 0x5c, 0x0,

    /* U+0114 "Ĕ" */
    0x0, 0x84, 0x3, 0xc2, 0x1, 0xe7, 0xe7, 0x0,
    0xe8, 0xe6, 0x0, 0xdc, 0x10, 0x20, 0x11, 0x30,
    0x88, 0x3, 0x58, 0x3, 0x4c, 0xf, 0xc0, 0xc,
    0x1, 0x89, 0x80, 0xf3, 0xf0, 0x82, 0x4, 0x3,
    0xa5, 0x40, 0x39, 0xdc, 0x1, 0xf5, 0x64, 0x3c,
    0xec, 0x0, 0x7f, 0x1b, 0xc3, 0x10, 0x7, 0x37,
    0xff, 0xff, 0x5, 0x80, 0x3f, 0xfa, 0xd5, 0xbb,
    0xfc, 0xc0, 0x19, 0x88, 0xbf, 0x80, 0x3f, 0xff,
    0xe0, 0x1d, 0x9f, 0xff, 0x98, 0x3, 0xff, 0xaf,
    0x7d, 0xdf, 0x98, 0x3, 0x9c, 0x47, 0xf0, 0x7,
    0xff, 0xfc, 0x3, 0xcc, 0x45, 0xfc, 0x1, 0xd5,
    0xbb, 0xfc, 0xc0, 0x1f, 0xfd, 0x20,

    /* U+0115 "ĕ" */
    0x0, 0xc2, 0x1, 0xe1, 0x0, 0xe5, 0xeb, 0x0,
    0xe6, 0xe8, 0x0, 0xc6, 0x2a, 0x60, 0x1a, 0x0,
    0x80, 0x33, 0x8, 0x6a, 0x1, 0x58, 0x84, 0x80,
    0x74, 0x0, 0xdf, 0xea, 0x2, 0x98, 0x7, 0x33,
    0x80, 0x72, 0x50, 0x7, 0xd1, 0xb2, 0xf1, 0x76,
    0x0, 0xfe, 0x26, 0x87, 0x40, 0xf, 0xfe, 0x63,
    0x5f, 0x7f, 0x63, 0x80, 0x78, 0xb6, 0x50, 0x40,
    0x4e, 0x38, 0xc0, 0x21, 0xc2, 0x0, 0x9, 0x88,
    0x0, 0x74, 0x40, 0x10, 0x20, 0xa, 0xec, 0xeb,
    0x0, 0xd, 0x80, 0xb0, 0x2, 0x14, 0x2, 0x48,
    0x0, 0x28, 0xa0, 0x4, 0xc0, 0x1c, 0xc0, 0x12,
    0x68, 0x4, 0x20, 0x1c, 0x20, 0x16, 0x90, 0x4,
    0xab, 0xf0, 0x4, 0x42, 0x1, 0x55, 0x7c, 0x1,
    0x8, 0x7, 0xff, 0xc, 0x40, 0x2f, 0xff, 0xf5,
    0x90, 0x7, 0xff, 0xb, 0x0, 0x22, 0x0, 0xf8,
    0x80, 0x8, 0x1, 0x58, 0x7, 0x9b, 0x58, 0x0,
    0xe0, 0x6, 0x81, 0x0, 0xc, 0x48, 0x49, 0x4,
    0x10, 0x1, 0xfb, 0x9f, 0xce, 0x0, 0x72, 0x0,
    0x61, 0x80, 0x42, 0x1, 0xa2, 0x0, 0x10, 0xe5,
    0x28, 0x80, 0x9b, 0xeb, 0x80, 0x0,

    /* U+0116 "Ė" */
    0x0, 0xff, 0xe4, 0x1e, 0xfe, 0x90, 0x7, 0xfa,
    0x88, 0x9, 0x40, 0x3f, 0xf9, 0xb4, 0x40, 0x6a,
    0x1, 0xfe, 0x3d, 0xfc, 0x20, 0xf, 0xfe, 0x43,
    0x7f, 0xff, 0xf0, 0x58, 0x3, 0xff, 0xad, 0x5b,
    0xbf, 0xcc, 0x1, 0x98, 0x8b, 0xf8, 0x3, 0xff,
    0xfe, 0x1, 0xd9, 0xff, 0xf9, 0x80, 0x3f, 0xfa,
    0xf7, 0xdd, 0xf9, 0x80, 0x39, 0xc4, 0x7f, 0x0,
    0x7f, 0xff, 0xc0, 0x3c, 0xc4, 0x5f, 0xc0, 0x1d,
    0x5b, 0xbf, 0xcc, 0x1, 0xff, 0xd2,

    /* U+0117 "ė" */
    0x0, 0xe1, 0xcf, 0xd3, 0x0, 0xff, 0x39, 0x81,
    0x48, 0x7, 0xff, 0x35, 0xcc, 0x6, 0x40, 0x3f,
    0xc3, 0x9f, 0xc6, 0x1, 0xff, 0xdb, 0x6b, 0xef,
    0xec, 0x70, 0xf, 0x16, 0xca, 0x8, 0x9, 0xc7,
    0x18, 0x4, 0x38, 0x40, 0x1, 0x31, 0x0, 0xe,
    0x88, 0x2, 0x4, 0x1, 0x5d, 0x9d, 0x60, 0x1,
    0xb0, 0x16, 0x0, 0x42, 0x80, 0x49, 0x0, 0x5,
    0x14, 0x0, 0x98, 0x3, 0x98, 0x2, 0x4d, 0x0,
    0x84, 0x3, 0x84, 0x2, 0xd2, 0x0, 0x95, 0x7e,
    0x0, 0x88, 0x40, 0x2a, 0xaf, 0x80, 0x21, 0x0,
    0xff, 0xe1, 0x88, 0x5, 0xff, 0xfe, 0xb2, 0x0,
    0xff, 0xe1, 0x60, 0x4, 0x40, 0x1f, 0x10, 0x1,
    0x0, 0x2b, 0x0, 0xf3, 0x6b, 0x0, 0x1c, 0x0,
    0xd0, 0x20, 0x1, 0x89, 0x9, 0x20, 0x82, 0x0,
    0x3f, 0x73, 0xf9, 0xc0, 0xe, 0x40, 0xc, 0x30,
    0x8, 0x40, 0x34, 0x40, 0x2, 0x1c, 0xa5, 0x10,
    0x13, 0x7d, 0x70, 0x0,

    /* U+0118 "Ę" */
    0x6f, 0xff, 0xfe, 0xb, 0x0, 0x7f, 0xf6, 0x6b,
    0x77, 0xf9, 0x80, 0x39, 0x88, 0xbf, 0x80, 0x3f,
    0xff, 0xe0, 0x1f, 0xf6, 0x7f, 0xfe, 0x60, 0xf,
    0xfe, 0xd5, 0xf7, 0x7e, 0x60, 0xf, 0x38, 0x8f,
    0xe0, 0xf, 0xff, 0xf8, 0x7, 0xff, 0x1, 0x88,
    0xbf, 0x80, 0x3d, 0x5b, 0xbf, 0xcc, 0x1, 0xff,
    0xd5, 0x6f, 0xff, 0xf6, 0x1b, 0x30, 0x3, 0xfe,
    0x9c, 0xa9, 0x0, 0xff, 0xad, 0xa1, 0x80, 0x3f,
    0xe5, 0x40, 0x60, 0xf, 0xfe, 0x6, 0x80, 0x10,
    0xa0, 0xc0, 0x3f, 0xb0, 0x1, 0x5a, 0xfc, 0x1,
    0xfc, 0x92, 0x40, 0x2b, 0xe0,

    /* U+0119 "ę" */
    0x0, 0xcd, 0x7d, 0xfd, 0x8e, 0x1, 0xe2, 0xd9,
    0x41, 0x1, 0x38, 0xe3, 0x0, 0x87, 0x8, 0x0,
    0x26, 0x20, 0x1, 0xd1, 0x0, 0x40, 0x80, 0x2b,
    0xb3, 0xac, 0x0, 0x36, 0x2, 0xc0, 0x8, 0x50,
    0x9, 0x20, 0x0, 0xa2, 0x80, 0x13, 0x0, 0x73,
    0x0, 0x49, 0xa0, 0x10, 0x80, 0x70, 0x80, 0x5a,
    0x40, 0x12, 0xaf, 0xc0, 0x11, 0x8, 0x5, 0x55,
    0xf0, 0x4, 0x20, 0x1f, 0xfc, 0x31, 0x0, 0xbf,
    0xff, 0xd6, 0x40, 0x1f, 0xfc, 0x2c, 0x0, 0x88,
    0x3, 0xe2, 0x0, 0x20, 0x5, 0x60, 0x1e, 0x6d,
    0x60, 0x3, 0x80, 0x1a, 0x4, 0x0, 0x31, 0x21,
    0x24, 0x10, 0x40, 0x7, 0xee, 0x7f, 0x38, 0x1,
    0xc8, 0x1, 0x86, 0x1, 0x8, 0x6, 0x68, 0x0,
    0x87, 0x29, 0x44, 0x4, 0x1, 0x12, 0x1, 0xe5,
    0xae, 0xf9, 0x19, 0x70, 0xf, 0xe1, 0xd8, 0x83,
    0x0, 0x7f, 0xb0, 0x99, 0x80, 0x1f, 0xe4, 0x20,
    0xb0, 0xf, 0xf8, 0x80, 0x8, 0x30, 0x80, 0x1f,
    0x90, 0x1, 0x3c, 0xf4, 0x1, 0xf8, 0xac, 0xc0,
    0x9, 0xa0, 0x10,

    /* U+011A "Ě" */
    0x0, 0x16, 0x18, 0x7, 0x25, 0x88, 0x6, 0xf3,
    0xd2, 0x0, 0x8e, 0xd3, 0x40, 0x34, 0x80, 0xe1,
    0x1, 0xe0, 0x3, 0xc0, 0x32, 0x38, 0xe, 0x26,
    0x80, 0x24, 0xc0, 0x3a, 0x10, 0x6, 0xc4, 0x15,
    0x80, 0x3e, 0xa1, 0x0, 0x8a, 0x80, 0x3f, 0xe,
    0xbb, 0xde, 0x1, 0xfe, 0x38, 0x88, 0x80, 0x39,
    0xbf, 0xff, 0xf8, 0x2c, 0x1, 0xff, 0xd6, 0xad,
    0xdf, 0xe6, 0x0, 0xcc, 0x45, 0xfc, 0x1, 0xff,
    0xff, 0x0, 0xec, 0xff, 0xfc, 0xc0, 0x1f, 0xfd,
    0x7b, 0xee, 0xfc, 0xc0, 0x1c, 0xe2, 0x3f, 0x80,
    0x3f, 0xff, 0xe0, 0x1e, 0x62, 0x2f, 0xe0, 0xe,
    0xad, 0xdf, 0xe6, 0x0, 0xff, 0xe9, 0x0,

    /* U+011B "ě" */
    0x0, 0xa9, 0x40, 0x38, 0xb0, 0x80, 0x35, 0x2d,
    0x20, 0x4, 0x58, 0x78, 0x1, 0xa0, 0x1, 0x68,
    0x3, 0xe2, 0x16, 0x1, 0x8a, 0x80, 0x16, 0x98,
    0x40, 0xca, 0x1, 0xca, 0xc0, 0xb, 0x20, 0x39,
    0x0, 0xfa, 0x4c, 0x3, 0x70, 0x7, 0xf7, 0x3b,
    0xd6, 0x40, 0x1f, 0xc5, 0x11, 0x20, 0x7, 0xff,
    0x31, 0xaf, 0xbf, 0xb1, 0xc0, 0x3c, 0x5b, 0x28,
    0x20, 0x27, 0x1c, 0x60, 0x10, 0xe1, 0x0, 0x4,
    0xc4, 0x0, 0x3a, 0x20, 0x8, 0x10, 0x5, 0x76,
    0x75, 0x80, 0x6, 0xc0, 0x58, 0x1, 0xa, 0x1,
    0x24, 0x0, 0x14, 0x50, 0x2, 0x60, 0xe, 0x60,
    0x9, 0x34, 0x2, 0x10, 0xe, 0x10, 0xb, 0x48,
    0x2, 0x55, 0xf8, 0x2, 0x21, 0x0, 0xaa, 0xbe,
    0x0, 0x84, 0x3, 0xff, 0x86, 0x20, 0x17, 0xff,
    0xfa, 0xc8, 0x3, 0xff, 0x85, 0x80, 0x11, 0x0,
    0x7c, 0x40, 0x4, 0x0, 0xac, 0x3, 0xcd, 0xac,
    0x0, 0x70, 0x3, 0x40, 0x80, 0x6, 0x24, 0x24,
    0x82, 0x8, 0x0, 0xfd, 0xcf, 0xe7, 0x0, 0x39,
    0x0, 0x30, 0xc0, 0x21, 0x0, 0xd1, 0x0, 0x8,
    0x72, 0x94, 0x40, 0x4d, 0xf5, 0xc0, 0x0,

    /* U+011C "Ĝ" */
    0x0, 0xfc, 0xf1, 0x6, 0x0, 0xff, 0xe1, 0x3c,
    0x3b, 0xa5, 0x40, 0x3f, 0xf8, 0x5, 0x0, 0x1a,
    0xc4, 0x3, 0xfe, 0xf0, 0x2, 0xa0, 0xd, 0x0,
    0x7f, 0xa0, 0x80, 0xea, 0x84, 0x8, 0xe0, 0x1f,
    0x91, 0xc0, 0xb4, 0x7, 0xc4, 0x20, 0x80, 0x3e,
    0x62, 0x1f, 0x10, 0x1, 0x68, 0x19, 0x80, 0x3e,
    0x2d, 0xc2, 0x0, 0xc7, 0x98, 0x10, 0xf, 0xe2,
    0x0, 0xf1, 0x80, 0x7f, 0x85, 0xef, 0xbf, 0xdd,
    0x6c, 0x1, 0xfc, 0xdd, 0x8, 0x20, 0x1, 0x49,
    0xe4, 0x0, 0xf4, 0x48, 0x7, 0xf0, 0xda, 0x80,
    0x64, 0x70, 0x9, 0x6b, 0x2e, 0x4c, 0x2, 0xa3,
    0x0, 0xa8, 0x2, 0xba, 0x53, 0x46, 0xc9, 0x0,
    0xbc, 0x0, 0x82, 0x0, 0x84, 0x0, 0xf3, 0x38,
    0xd, 0x0, 0x38, 0x2, 0x70, 0xf, 0xd3, 0x1c,
    0xc0, 0x4, 0x0, 0x20, 0x7, 0xf0, 0xb8, 0x4,
    0x22, 0x0, 0x10, 0x7, 0xff, 0x8, 0x80, 0x21,
    0x0, 0xff, 0xe1, 0x38, 0x7, 0xff, 0x41, 0xbf,
    0xfe, 0x70, 0xf, 0xfe, 0xd3, 0x80, 0x7f, 0x37,
    0x76, 0x0, 0xc4, 0x1, 0x8, 0x7, 0x84, 0x70,
    0x6, 0x11, 0x0, 0x8, 0x3, 0xff, 0x86, 0x80,
    0x4, 0x0, 0xfe, 0x30, 0xe, 0xf0, 0x9, 0xc0,
    0x3f, 0x50, 0x7, 0x28, 0x80, 0x21, 0x0, 0x3c,
    0xcc, 0x0, 0xf5, 0x80, 0x57, 0x4a, 0x66, 0x6c,
    0x93, 0x40, 0xe, 0x56, 0x0, 0x96, 0xb3, 0x12,
    0x61, 0x20, 0x1f, 0x4b, 0x80, 0x7e, 0x75, 0x0,
    0xfd, 0x1a, 0xe4, 0x0, 0x14, 0xb8, 0x0, 0xe0,

    /* U+011D "ĝ" */
    0x0, 0xf1, 0xc4, 0x44, 0x1, 0xff, 0xe, 0xbb,
    0xde, 0x1, 0xff, 0x50, 0x80, 0x45, 0x20, 0x1f,
    0xce, 0x80, 0x34, 0x0, 0x65, 0x0, 0xf8, 0xe0,
    0x7, 0x16, 0xc0, 0x14, 0x40, 0x1e, 0xe0, 0x6,
    0x90, 0x25, 0x0, 0x24, 0x3, 0xdc, 0x36, 0x60,
    0x12, 0xc9, 0x48, 0x7, 0x8f, 0x90, 0x3, 0x9b,
    0x48, 0x3, 0xff, 0x98, 0x53, 0xbf, 0xff, 0xc2,
    0x1, 0x36, 0xb1, 0x0, 0x7f, 0xf0, 0x12, 0x40,
    0x2, 0xae, 0x80, 0x6, 0x6c, 0x20, 0xf, 0x0,
    0x17, 0x54, 0x5d, 0x3, 0xfc, 0xc8, 0x2, 0x40,
    0x5, 0x80, 0x65, 0x21, 0x93, 0x0, 0x84, 0x2,
    0x20, 0xe, 0x60, 0x5, 0x80, 0x7f, 0xf1, 0x8,
    0x2, 0x10, 0x8, 0x80, 0x39, 0x40, 0x4, 0x1,
    0x90, 0x1, 0x62, 0x1, 0x30, 0x80, 0x30, 0x3,
    0x40, 0x0, 0xbe, 0xa7, 0x24, 0x0, 0x68, 0x1,
    0x8e, 0x40, 0x2, 0xac, 0x60, 0x3, 0xd0, 0xf,
    0x33, 0x81, 0x0, 0x5, 0x27, 0x4, 0x3, 0x8f,
    0x9b, 0xb7, 0xfd, 0xd6, 0xc0, 0x1f, 0x68, 0xa8,
    0x80, 0x7f, 0xf0, 0x4, 0x40, 0xa8, 0x42, 0x3c,
    0x1, 0xe1, 0x10, 0xd, 0xef, 0x77, 0x7e, 0x28,
    0x6, 0xb0, 0xf, 0xf1, 0xd3, 0x80, 0x4b, 0x20,
    0x1f, 0xf4, 0x8, 0xe, 0x4c, 0xbf, 0xfd, 0xac,
    0x1, 0x20, 0x51, 0x8b, 0x0, 0x78, 0xa4, 0x40,
    0x6, 0x8, 0x2, 0x1, 0xfc, 0x20, 0x1f, 0x30,
    0x7, 0xce, 0x1, 0x20, 0x28, 0x2, 0x72, 0x67,
    0x56, 0xc0, 0x1, 0x8, 0x2c, 0xc0, 0x6, 0xcd,
    0x94, 0x80, 0xb, 0x60, 0x1, 0xca, 0x63, 0x10,
    0x8, 0x4d, 0xf2, 0x80, 0x0,

    /* U+011E "Ğ" */
    0x0, 0xe5, 0x90, 0xf, 0x52, 0x0, 0x7e, 0x3a,
    0x64, 0x0, 0xcc, 0xb6, 0x20, 0x1f, 0x19, 0x4,
    0x88, 0x0, 0xa0, 0x10, 0x40, 0x3f, 0x40, 0x17,
    0xd5, 0x34, 0x42, 0x0, 0x3f, 0x95, 0x40, 0x2a,
    0xa0, 0x4, 0x18, 0x7, 0xfa, 0xa4, 0xc4, 0x47,
    0x4e, 0x1, 0xff, 0xc0, 0x6c, 0xee, 0x62, 0x80,
    0x7f, 0xf4, 0x85, 0xef, 0xbf, 0xdd, 0x6c, 0x1,
    0xfc, 0xdd, 0x8, 0x20, 0x1, 0x49, 0xe4, 0x0,
    0xf4, 0x48, 0x7, 0xf0, 0xda, 0x80, 0x64, 0x70,
    0x9, 0x6b, 0x2e, 0x4c, 0x2, 0xa3, 0x0, 0xa8,
    0x2, 0xba, 0x53, 0x46, 0xc9, 0x0, 0xbc, 0x0,
    0x82, 0x0, 0x84, 0x0, 0xf3, 0x38, 0xd, 0x0,
    0x38, 0x2, 0x70, 0xf, 0xd3, 0x1c, 0xc0, 0x4,
    0x0, 0x20, 0x7, 0xf0, 0xb8, 0x4, 0x22, 0x0,
    0x10, 0x7, 0xff, 0x8, 0x80, 0x21, 0x0, 0xff,
    0xe1, 0x38, 0x7, 0xff, 0x41, 0xbf, 0xfe, 0x70,
    0xf, 0xfe, 0xd3, 0x80, 0x7f, 0x37, 0x76, 0x0,
    0xc4, 0x1, 0x8, 0x7, 0x84, 0x70, 0x6, 0x11,
    0x0, 0x8, 0x3, 0xff, 0x86, 0x80, 0x4, 0x0,
    0xfe, 0x30, 0xe, 0xf0, 0x9, 0xc0, 0x3f, 0x50,
    0x7, 0x28, 0x80, 0x21, 0x0, 0x3c, 0xcc, 0x0,
    0xf5, 0x80, 0x57, 0x4a, 0x66, 0x6c, 0x93, 0x40,
    0xe, 0x56, 0x0, 0x96, 0xb3, 0x12, 0x61, 0x20,
    0x1f, 0x4b, 0x80, 0x7e, 0x75, 0x0, 0xfd, 0x1a,
    0xe4, 0x0, 0x14, 0xb8, 0x0, 0xe0,

    /* U+011F "ğ" */
    0x0, 0x8a, 0x4c, 0x3, 0x96, 0x4, 0x3, 0xd2,
    0xde, 0x1, 0xd0, 0xf0, 0x1, 0xee, 0x3, 0x70,
    0xa, 0x48, 0x28, 0x3, 0xca, 0x41, 0x19, 0x38,
    0xc0, 0x86, 0x1, 0xf7, 0x0, 0xd, 0x8c, 0x6,
    0x80, 0x3f, 0x1e, 0xa9, 0x1, 0x37, 0x88, 0x7,
    0xf1, 0x56, 0xfe, 0xc8, 0x80, 0x7f, 0xf3, 0x8a,
    0x77, 0xff, 0xf8, 0x40, 0x26, 0xd6, 0x20, 0xf,
    0xfe, 0x2, 0x48, 0x0, 0x55, 0xd0, 0x0, 0xcd,
    0x84, 0x1, 0xe0, 0x2, 0xea, 0x8b, 0xa0, 0x7f,
    0x99, 0x0, 0x48, 0x0, 0xb0, 0xc, 0xa4, 0x32,
    0x60, 0x10, 0x80, 0x44, 0x1, 0xcc, 0x0, 0xb0,
    0xf, 0xfe, 0x21, 0x0, 0x42, 0x1, 0x10, 0x7,
    0x28, 0x0, 0x80, 0x32, 0x0, 0x2c, 0x40, 0x26,
    0x10, 0x6, 0x0, 0x68, 0x0, 0x17, 0xd4, 0xe4,
    0x80, 0xd, 0x0, 0x31, 0xc8, 0x0, 0x55, 0x8c,
    0x0, 0x7a, 0x1, 0xe6, 0x70, 0x20, 0x0, 0xa4,
    0xe0, 0x80, 0x71, 0xf3, 0x76, 0xff, 0xba, 0xd8,
    0x3, 0xed, 0x15, 0x10, 0xf, 0xfe, 0x0, 0x88,
    0x15, 0x8, 0x47, 0x80, 0x3c, 0x22, 0x1, 0xbd,
    0xee, 0xef, 0xc5, 0x0, 0xd6, 0x1, 0xfe, 0x3a,
    0x70, 0x9, 0x64, 0x3, 0xfe, 0x81, 0x1, 0xc9,
    0x97, 0xff, 0xb5, 0x80, 0x24, 0xa, 0x31, 0x60,
    0xf, 0x14, 0x88, 0x0, 0xc1, 0x0, 0x40, 0x3f,
    0x84, 0x3, 0xe6, 0x0, 0xf9, 0xc0, 0x24, 0x5,
    0x0, 0x4e, 0x4c, 0xea, 0xd8, 0x0, 0x21, 0x5,
    0x98, 0x0, 0xd9, 0xb2, 0x90, 0x1, 0x6c, 0x0,
    0x39, 0x4c, 0x62, 0x1, 0x9, 0xbe, 0x50, 0x0,

    /* U+0120 "Ġ" */
    0x0, 0xfd, 0x3f, 0xce, 0x1, 0xff, 0xc2, 0x16,
    0x1, 0x80, 0xf, 0xfe, 0xa8, 0xb0, 0x2, 0x0,
    0x3f, 0xf8, 0x73, 0xfe, 0x70, 0xf, 0xff, 0x30,
    0xbd, 0xf7, 0xfb, 0xad, 0x80, 0x3f, 0x9b, 0xa1,
    0x4, 0x0, 0x29, 0x3c, 0x80, 0x1e, 0x89, 0x0,
    0xfe, 0x1b, 0x50, 0xc, 0x8e, 0x1, 0x2d, 0x65,
    0xc9, 0x80, 0x54, 0x60, 0x15, 0x0, 0x57, 0x4a,
    0x68, 0xd9, 0x20, 0x17, 0x80, 0x10, 0x40, 0x10,
    0x80, 0x1e, 0x67, 0x1, 0xa0, 0x7, 0x0, 0x4e,
    0x1, 0xfa, 0x63, 0x98, 0x0, 0x80, 0x4, 0x0,
    0xfe, 0x17, 0x0, 0x84, 0x40, 0x2, 0x0, 0xff,
    0xe1, 0x10, 0x4, 0x20, 0x1f, 0xfc, 0x27, 0x0,
    0xff, 0xe8, 0x37, 0xff, 0xce, 0x1, 0xff, 0xda,
    0x70, 0xf, 0xe6, 0xee, 0xc0, 0x18, 0x80, 0x21,
    0x0, 0xf0, 0x8e, 0x0, 0xc2, 0x20, 0x1, 0x0,
    0x7f, 0xf0, 0xd0, 0x0, 0x80, 0x1f, 0xc6, 0x1,
    0xde, 0x1, 0x38, 0x7, 0xea, 0x0, 0xe5, 0x10,
    0x4, 0x20, 0x7, 0x99, 0x80, 0x1e, 0xb0, 0xa,
    0xe9, 0x4c, 0xcd, 0x92, 0x68, 0x1, 0xca, 0xc0,
    0x12, 0xd6, 0x62, 0x4c, 0x24, 0x3, 0xe9, 0x70,
    0xf, 0xce, 0xa0, 0x1f, 0xa3, 0x5c, 0x80, 0x2,
    0x97, 0x0, 0x1c,

    /* U+0121 "ġ" */
    0x0, 0xf1, 0xef, 0xe0, 0x80, 0x7f, 0xf0, 0x28,
    0x80, 0xd8, 0x3, 0xff, 0xa3, 0x44, 0x6, 0xc0,
    0x1f, 0xfc, 0x3, 0xdf, 0xc1, 0x0, 0xff, 0xf0,
    0x14, 0xef, 0xff, 0xf0, 0x80, 0x4d, 0xac, 0x40,
    0x1f, 0xfc, 0x4, 0x90, 0x0, 0xab, 0xa0, 0x1,
    0x9b, 0x8, 0x3, 0xc0, 0x5, 0xd5, 0x17, 0x40,
    0xff, 0x32, 0x0, 0x90, 0x1, 0x60, 0x19, 0x48,
    0x64, 0xc0, 0x21, 0x0, 0x88, 0x3, 0x98, 0x1,
    0x60, 0x1f, 0xfc, 0x42, 0x0, 0x84, 0x2, 0x20,
    0xe, 0x50, 0x1, 0x0, 0x64, 0x0, 0x58, 0x80,
    0x4c, 0x20, 0xc, 0x0, 0xd0, 0x0, 0x2f, 0xa9,
    0xc9, 0x0, 0x1a, 0x0, 0x63, 0x90, 0x0, 0xab,
    0x18, 0x0, 0xf4, 0x3, 0xcc, 0xe0, 0x40, 0x1,
    0x49, 0xc1, 0x0, 0xe3, 0xe6, 0xed, 0xff, 0x75,
    0xb0, 0x7, 0xda, 0x2a, 0x20, 0x1f, 0xfc, 0x1,
    0x10, 0x2a, 0x10, 0x8f, 0x0, 0x78, 0x44, 0x3,
    0x7b, 0xdd, 0xdf, 0x8a, 0x1, 0xac, 0x3, 0xfc,
    0x74, 0xe0, 0x12, 0xc8, 0x7, 0xfd, 0x2, 0x3,
    0x93, 0x2f, 0xff, 0x6b, 0x0, 0x48, 0x14, 0x62,
    0xc0, 0x1e, 0x29, 0x10, 0x1, 0x82, 0x0, 0x80,
    0x7f, 0x8, 0x7, 0xcc, 0x1, 0xf3, 0x80, 0x48,
    0xa, 0x0, 0x9c, 0x99, 0xd5, 0xb0, 0x0, 0x42,
    0xb, 0x30, 0x1, 0xb3, 0x65, 0x20, 0x2, 0xd8,
    0x0, 0x72, 0x98, 0xc4, 0x2, 0x13, 0x7c, 0xa0,
    0x0,

    /* U+0122 "Ģ" */
    0x0, 0xe1, 0x7b, 0xef, 0xf7, 0x5b, 0x0, 0x7f,
    0x37, 0x42, 0x8, 0x0, 0x52, 0x79, 0x0, 0x3d,
    0x12, 0x1, 0xfc, 0x36, 0xa0, 0x19, 0x1c, 0x2,
    0x5a, 0xcb, 0x93, 0x0, 0xa8, 0xc0, 0x2a, 0x0,
    0xae, 0x94, 0xd1, 0xb2, 0x40, 0x2f, 0x0, 0x20,
    0x80, 0x21, 0x0, 0x3c, 0xce, 0x3, 0x40, 0xe,
    0x0, 0x9c, 0x3, 0xf4, 0xc7, 0x30, 0x1, 0x0,
    0x8, 0x1, 0xfc, 0x2e, 0x1, 0x8, 0x80, 0x4,
    0x1, 0xff, 0xc2, 0x20, 0x8, 0x40, 0x3f, 0xf8,
    0x4e, 0x1, 0xff, 0xd0, 0x6f, 0xff, 0x9c, 0x3,
    0xff, 0xb4, 0xe0, 0x1f, 0xcd, 0xdd, 0x80, 0x31,
    0x0, 0x42, 0x1, 0xe1, 0x1c, 0x1, 0x84, 0x40,
    0x2, 0x0, 0xff, 0xe1, 0xa0, 0x1, 0x0, 0x3f,
    0x8c, 0x3, 0xbc, 0x2, 0x70, 0xf, 0xd4, 0x1,
    0xca, 0x20, 0x8, 0x40, 0xf, 0x33, 0x0, 0x3d,
    0x60, 0x15, 0xd2, 0x99, 0x9b, 0x24, 0xd0, 0x3,
    0x95, 0x80, 0x25, 0xac, 0xc4, 0x98, 0x48, 0x7,
    0xd2, 0xe0, 0x1f, 0x9d, 0x40, 0x3f, 0x46, 0xb9,
    0x0, 0x5, 0x2e, 0x0, 0x3f, 0xc5, 0x1b, 0xfe,
    0xeb, 0x40, 0x5, 0xff, 0x9c, 0x3, 0xf3, 0x65,
    0x98, 0x7, 0xff, 0x8, 0x64, 0xd2, 0x0, 0x3f,
    0xf8, 0x46, 0x1, 0x38, 0x7, 0xff, 0x8, 0x8c,
    0x0, 0xc0, 0x1f, 0xfc, 0x3c, 0x20, 0xf0, 0xf,
    0xfe, 0x1a, 0x11, 0x14, 0x3, 0xff, 0x84, 0x54,
    0x1c, 0x1, 0xf8,

    /* U+0123 "ģ" */
    0x0, 0xfd, 0x5a, 0xa0, 0x1f, 0xfc, 0x18, 0x57,
    0x50, 0xf, 0xfe, 0x0, 0xb8, 0x48, 0x7, 0xff,
    0x5, 0xc0, 0x10, 0x20, 0x1f, 0xfc, 0xe, 0x0,
    0x23, 0x80, 0x7f, 0xf4, 0x68, 0x80, 0xdc, 0x3,
    0xff, 0x80, 0x5b, 0xf8, 0x20, 0x1f, 0xfc, 0xf2,
    0x9d, 0xff, 0xfe, 0x10, 0x9, 0xb5, 0x88, 0x3,
    0xff, 0x80, 0x92, 0x0, 0x15, 0x74, 0x0, 0x33,
    0x61, 0x0, 0x78, 0x0, 0xba, 0xa2, 0xe8, 0x1f,
    0xe6, 0x40, 0x12, 0x0, 0x2c, 0x3, 0x29, 0xc,
    0x98, 0x4, 0x20, 0x11, 0x0, 0x73, 0x0, 0x2c,
    0x3, 0xff, 0x88, 0x40, 0x10, 0x80, 0x44, 0x1,
    0xca, 0x0, 0x20, 0xc, 0x80, 0xb, 0x10, 0x9,
    0x84, 0x1, 0x80, 0x1a, 0x0, 0x5, 0xf5, 0x39,
    0x20, 0x3, 0x40, 0xc, 0x72, 0x0, 0x15, 0x63,
    0x0, 0x1e, 0x80, 0x79, 0x9c, 0x8, 0x0, 0x29,
    0x38, 0x20, 0x1c, 0x7c, 0xdd, 0xbf, 0xee, 0xb6,
    0x0, 0xfb, 0x45, 0x44, 0x3, 0xff, 0x80, 0x22,
    0x5, 0x42, 0x11, 0xe0, 0xf, 0x8, 0x80, 0x6f,
    0x7b, 0xbb, 0xf1, 0x40, 0x35, 0x80, 0x7f, 0x8e,
    0x9c, 0x2, 0x59, 0x0, 0xff, 0xa0, 0x40, 0x72,
    0x65, 0xff, 0xed, 0x60, 0x9, 0x2, 0x8c, 0x58,
    0x3, 0xc5, 0x22, 0x0, 0x30, 0x40, 0x10, 0xf,
    0xe1, 0x0, 0xf9, 0x80, 0x3e, 0x70, 0x9, 0x1,
    0x40, 0x13, 0x93, 0x3a, 0xb6, 0x0, 0x8, 0x41,
    0x66, 0x0, 0x36, 0x6c, 0xa4, 0x0, 0x5b, 0x0,
    0xe, 0x53, 0x18, 0x80, 0x42, 0x6f, 0x94, 0x0,

    /* U+0124 "Ĥ" */
    0x0, 0xf1, 0x7f, 0xdc, 0x20, 0x1f, 0xf0, 0xf8,
    0x4, 0x3a, 0x1, 0xff, 0x51, 0x1, 0x90, 0x1c,
    0x80, 0x7f, 0x3a, 0x1, 0x6e, 0x10, 0x33, 0x0,
    0x3e, 0x48, 0x2, 0xc1, 0x17, 0x88, 0x49, 0x80,
    0x79, 0x50, 0xb0, 0x40, 0x5, 0x82, 0xa6, 0x1,
    0xe1, 0xbc, 0x10, 0xc, 0x5f, 0x40, 0x1f, 0xc2,
    0x1, 0xe1, 0x0, 0xe6, 0xff, 0x8c, 0x3, 0xf2,
    0xff, 0xc8, 0x1, 0xff, 0xff, 0x0, 0xff, 0xff,
    0x80, 0x7f, 0xf1, 0x33, 0xff, 0xf5, 0x0, 0x7f,
    0xf8, 0x2f, 0xbb, 0xf4, 0x80, 0x7e, 0x71, 0x1f,
    0xc6, 0x1, 0xff, 0xff, 0x0, 0xff, 0xff, 0x80,
    0x7f, 0xf1, 0x0,

    /* U+0125 "ĥ" */
    0x0, 0xcb, 0x10, 0x70, 0xf, 0xfe, 0xa, 0x53,
    0xba, 0x28, 0x3, 0xfe, 0x2a, 0x0, 0xca, 0xc0,
    0x1f, 0xee, 0x10, 0x5a, 0x0, 0x49, 0x80, 0x7e,
    0x93, 0x4, 0xa5, 0xa0, 0x6, 0x88, 0x7, 0x89,
    0x81, 0x2c, 0x0, 0xb2, 0x2, 0xc0, 0x1e, 0x2c,
    0x5b, 0x0, 0xcd, 0x32, 0x70, 0xf, 0x8e, 0x82,
    0xbf, 0xdc, 0xc, 0xc0, 0xf, 0xff, 0xf8, 0x7,
    0xff, 0x99, 0xf7, 0xfa, 0x88, 0x3, 0xfe, 0xa8,
    0x20, 0x15, 0xd3, 0x0, 0xfe, 0x55, 0x0, 0x7b,
    0x80, 0x3f, 0xc, 0x4f, 0x7d, 0x88, 0x0, 0x90,
    0x3, 0xf4, 0x30, 0x82, 0x58, 0x4, 0x60, 0x1f,
    0x94, 0x3, 0x28, 0x5, 0xc0, 0x1f, 0x8, 0x7,
    0x84, 0x0, 0x60, 0x1f, 0xfc, 0x23, 0x0, 0xff,
    0xff, 0x80, 0x7f, 0xff, 0xc0, 0x3f, 0xfa, 0xa0,

    /* U+0126 "Ħ" */
    0x0, 0x17, 0xfc, 0xc0, 0x1f, 0x8b, 0xfe, 0x70,
    0xf, 0xff, 0xc3, 0x7e, 0x80, 0x53, 0xff, 0xfb,
    0x40, 0x28, 0xfb, 0x0, 0xff, 0xe5, 0x24, 0x38,
    0x4, 0xb1, 0x1f, 0x9c, 0x2, 0x48, 0xe2, 0x7a,
    0x0, 0xb1, 0xdf, 0xf5, 0x0, 0x58, 0xea, 0x1,
    0xff, 0xe6, 0x9f, 0xff, 0xda, 0x1, 0xff, 0xec,
    0x8e, 0xef, 0xd8, 0x1, 0xff, 0xc0, 0x11, 0xff,
    0x0, 0x7f, 0xff, 0xc0, 0x3f, 0xff, 0xe0, 0x1f,
    0xfe, 0xa0,

    /* U+0127 "ħ" */
    0x0, 0x57, 0xfb, 0x80, 0x3f, 0xf9, 0xd3, 0xea,
    0x0, 0x1f, 0xfc, 0xa0, 0x1f, 0xfc, 0x9b, 0xb2,
    0x0, 0x6, 0xef, 0x20, 0x7, 0x12, 0x8, 0x4,
    0x89, 0x84, 0x3, 0xff, 0xa2, 0xfb, 0xfd, 0x44,
    0x1, 0xfd, 0x50, 0x40, 0x2b, 0xa6, 0x1, 0xf2,
    0xa8, 0x3, 0xdc, 0x1, 0xe1, 0x89, 0xef, 0xb1,
    0x0, 0x12, 0x0, 0x7a, 0x18, 0x41, 0x2c, 0x2,
    0x30, 0xf, 0x28, 0x6, 0x50, 0xb, 0x80, 0x38,
    0x40, 0x3c, 0x20, 0x3, 0x0, 0xff, 0xe0, 0x18,
    0x7, 0xff, 0xfc, 0x3, 0xff, 0xfe, 0x1, 0xff,
    0xc1,

    /* U+0128 "Ĩ" */
    0x0, 0x14, 0x41, 0x40, 0x3e, 0x6d, 0x77, 0x56,
    0xb0, 0x95, 0x8, 0x50, 0x6, 0x29, 0xed, 0x5b,
    0xd, 0x5d, 0xe9, 0x10, 0xd, 0xe0, 0x34, 0x42,
    0xdd, 0x4f, 0x1a, 0xa0, 0x1f, 0x2c, 0x39, 0x0,
    0x7f, 0xf0, 0x93, 0xff, 0xf8, 0x40, 0x3f, 0xf8,
    0x42, 0x30, 0x4, 0x23, 0x0, 0x13, 0xb9, 0x0,
    0x16, 0xf7, 0x4, 0x3, 0xff, 0xfe, 0x1, 0xff,
    0xff, 0x0, 0xff, 0xf5, 0xa7, 0x72, 0x0, 0x2d,
    0xee, 0x8, 0x0, 0x46, 0x0, 0x84, 0x60, 0xf,
    0xfe, 0x8,

    /* U+0129 "ĩ" */
    0x8, 0xef, 0xc6, 0x11, 0x30, 0x3b, 0x84, 0xe,
    0x7b, 0x92, 0xee, 0x23, 0x41, 0x0, 0xdc, 0x1b,
    0x97, 0xd4, 0xcc, 0xa9, 0x0, 0xe5, 0x99, 0x28,
    0x7, 0xff, 0x32, 0xbf, 0xdc, 0x1, 0xff, 0xff,
    0x0, 0xff, 0xff, 0x80, 0x7f, 0xf2, 0xc0,

    /* U+012A "Ī" */
    0xb, 0xbf, 0xd4, 0x0, 0x44, 0xfc, 0xa0, 0x1f,
    0xfc, 0x1f, 0xff, 0xe0, 0xf, 0xfe, 0x5a, 0x7f,
    0xff, 0x8, 0x7, 0xff, 0x0, 0x46, 0x0, 0x84,
    0x60, 0x4e, 0xe4, 0x0, 0x5b, 0xdc, 0x10, 0xf,
    0xff, 0xf8, 0x7, 0xff, 0xfc, 0x3, 0xff, 0xb2,
    0x9d, 0xc8, 0x0, 0xb7, 0xb8, 0x20, 0x23, 0x0,
    0x42, 0x30, 0x7, 0xff, 0x0,

    /* U+012B "ī" */
    0x2f, 0xff, 0xd0, 0x1, 0xfe, 0x34, 0x4f, 0xda,
    0x37, 0x7f, 0x94, 0x3, 0xff, 0x97, 0x5f, 0xee,
    0x0, 0xff, 0xff, 0x80, 0x7f, 0xff, 0xc0, 0x3f,
    0xf9, 0x60,

    /* U+012C "Ĭ" */
    0x1, 0x0, 0xf0, 0x80, 0x1f, 0x9c, 0x3, 0xa7,
    0x9b, 0x82, 0x4, 0x2, 0x27, 0x11, 0x58, 0x3,
    0x4c, 0xf, 0xc0, 0xc, 0x4e, 0x7, 0x9f, 0x84,
    0x10, 0x21, 0xa, 0x1, 0xce, 0xe0, 0xa, 0xb2,
    0x1e, 0x76, 0x0, 0x38, 0xde, 0x18, 0x80, 0x24,
    0xff, 0xfe, 0x10, 0xf, 0xfe, 0x0, 0x8c, 0x1,
    0x8, 0xc0, 0x9d, 0xc8, 0x0, 0xb7, 0xb8, 0x20,
    0x1f, 0xff, 0xf0, 0xf, 0xff, 0xf8, 0x7, 0xff,
    0x65, 0x3b, 0x90, 0x1, 0x6f, 0x70, 0x40, 0x46,
    0x0, 0x84, 0x60, 0xf, 0xfe, 0x0,

    /* U+012D "ĭ" */
    0x18, 0x50, 0xc, 0x34, 0x80, 0xcf, 0x20, 0x19,
    0x96, 0x41, 0x0, 0xd4, 0x0, 0x32, 0xa, 0x6,
    0x60, 0xab, 0xaf, 0x10, 0xa0, 0x7, 0x80, 0x11,
    0x44, 0x20, 0x80, 0x7, 0x88, 0x20, 0x52, 0xe0,
    0x18, 0xef, 0xbf, 0x58, 0x3, 0xff, 0x8b, 0x5f,
    0xee, 0x0, 0xff, 0xff, 0x80, 0x7f, 0xff, 0xc0,
    0x3f, 0xfb, 0xa0,

    /* U+012E "Į" */
    0x4f, 0xff, 0xe1, 0x0, 0xff, 0xe0, 0x8, 0xc0,
    0x10, 0x8c, 0x9, 0xdc, 0x80, 0xb, 0x7b, 0x82,
    0x1, 0xff, 0xff, 0x0, 0xff, 0xff, 0x80, 0x7f,
    0xf6, 0x53, 0xb9, 0x0, 0x16, 0xf7, 0x4, 0x4,
    0x60, 0x8, 0x46, 0x0, 0xff, 0xe0, 0x27, 0xff,
    0xa8, 0x64, 0x40, 0x38, 0x72, 0xf1, 0x80, 0x38,
    0xbc, 0xf4, 0x80, 0x3d, 0x2, 0x66, 0x0, 0xf9,
    0xc0, 0x88, 0x72, 0x1, 0xc8, 0x3, 0xb8, 0xd2,
    0x1, 0xa5, 0x84, 0x5, 0xe4,

    /* U+012F "į" */
    0x0, 0x9b, 0xbe, 0x40, 0x34, 0x88, 0x31, 0x0,
    0x7f, 0xcc, 0x0, 0x32, 0x0, 0xa7, 0xb7, 0x0,
    0x38, 0x48, 0x3, 0xff, 0x83, 0x5f, 0xee, 0x0,
    0xff, 0xff, 0x80, 0x7f, 0xfd, 0x6a, 0x46, 0x80,
    0x23, 0xda, 0xf4, 0x0, 0x26, 0x1e, 0x88, 0x5,
    0x20, 0xe2, 0x1, 0x88, 0x8, 0x52, 0x0, 0x6,
    0x9, 0xd6, 0xec, 0x1c, 0xa2, 0x5, 0x2c,

    /* U+0130 "İ" */
    0x0, 0xff, 0xe1, 0x1e, 0xfe, 0x90, 0x7, 0xa8,
    0x80, 0x94, 0x3, 0xff, 0x8b, 0x64, 0x6, 0xa0,
    0x1e, 0x2d, 0xfc, 0x20, 0xf, 0xfe, 0x12, 0x7f,
    0xff, 0x8, 0x7, 0xff, 0x0, 0x46, 0x0, 0x84,
    0x60, 0x4e, 0xe4, 0x0, 0x5b, 0xdc, 0x10, 0xf,
    0xff, 0xf8, 0x7, 0xff, 0xfc, 0x3, 0xff, 0xb2,
    0x9d, 0xc8, 0x0, 0xb7, 0xb8, 0x20, 0x23, 0x0,
    0x42, 0x30, 0x7, 0xff, 0x0,

    /* U+0131 "ı" */
    0xaf, 0xf7, 0x0, 0x7f, 0xfe, 0x0,

    /* U+0132 "Ĳ" */
    0x8f, 0xf8, 0x40, 0x2c, 0xff, 0xf3, 0x80, 0x7f,
    0xf7, 0x33, 0xfd, 0xa0, 0x1f, 0xff, 0xf0, 0xf,
    0xff, 0xee, 0x33, 0x42, 0x1, 0xff, 0x24, 0xcc,
    0x1, 0xff, 0xe1, 0x25, 0x91, 0x0, 0xf0, 0x80,
    0x42, 0x7b, 0x4c, 0x80, 0x1e, 0x50, 0x8, 0xcc,
    0x20, 0x8, 0x0, 0xe1, 0xb0, 0x9, 0x1, 0x80,
    0x5, 0xcc, 0x88, 0x7f, 0x20, 0x2, 0x88, 0x41,
    0x0, 0x6, 0x6e, 0xd0, 0x20, 0x1, 0x80, 0xb,
    0xc, 0x3, 0xf1, 0x61, 0x0, 0x43, 0x94, 0x82,
    0x0, 0x14, 0xad, 0x20, 0x0,

    /* U+0133 "ĳ" */
    0x6e, 0xfa, 0x0, 0xc7, 0xbf, 0x83, 0x2, 0xa,
    0x60, 0x15, 0x10, 0x1b, 0x0, 0x7e, 0x30, 0xb,
    0xd8, 0x0, 0x66, 0x0, 0xb8, 0x2, 0xb8, 0xed,
    0xc0, 0xc, 0x9f, 0xbe, 0x60, 0x24, 0x1, 0xf1,
    0x0, 0x7f, 0xf0, 0xe7, 0xfd, 0xc0, 0x19, 0x3f,
    0xe3, 0x0, 0xff, 0xff, 0x80, 0x7f, 0xff, 0xc0,
    0x3f, 0xff, 0x73, 0xfe, 0xe0, 0xf, 0xff, 0x55,
    0x75, 0x0, 0x44, 0x1, 0xe6, 0x11, 0x0, 0x14,
    0x40, 0x3f, 0x85, 0xa8, 0x0,

    /* U+0134 "Ĵ" */
    0x0, 0xf0, 0xc4, 0x48, 0x1, 0xfe, 0xa7, 0x7a,
    0xc8, 0x3, 0xf3, 0xa0, 0x6, 0xf0, 0xf, 0x8e,
    0x0, 0x12, 0x40, 0x52, 0x1, 0xc3, 0xa0, 0x9,
    0x6c, 0x10, 0x65, 0x0, 0xd0, 0x21, 0xc, 0x3,
    0x82, 0x14, 0x20, 0x14, 0x1b, 0xb8, 0x2, 0x2d,
    0x1a, 0x10, 0x8, 0x72, 0x0, 0x38, 0xf9, 0x40,
    0x3f, 0xf8, 0xf5, 0xff, 0xfd, 0xc0, 0x1f, 0xfd,
    0x6a, 0xff, 0xf2, 0x0, 0x7f, 0xff, 0xc0, 0x3f,
    0xff, 0xe0, 0x1f, 0xfe, 0x72, 0x50, 0xf, 0xe3,
    0x1, 0xed, 0xa5, 0x0, 0xe6, 0x0, 0xc2, 0x1,
    0x48, 0x6, 0x32, 0x0, 0x38, 0x1, 0x80, 0x7,
    0x6a, 0x6d, 0xa0, 0x17, 0x80, 0x24, 0x40, 0x9,
    0x59, 0x22, 0x0, 0x35, 0x0, 0xe, 0x88, 0x7,
    0xc7, 0xa0, 0x18, 0xfd, 0xcc, 0x0, 0x29, 0x38,
    0x20, 0x0,

    /* U+0135 "ĵ" */
    0x0, 0xb7, 0xfe, 0x30, 0xe, 0x92, 0x0, 0xb4,
    0x40, 0x25, 0x60, 0x15, 0x1, 0xb0, 0x0, 0xd8,
    0x3, 0x29, 0x1, 0x58, 0x2c, 0x43, 0x8, 0x2c,
    0xc2, 0x46, 0xd6, 0x8c, 0x2, 0xd4, 0xc1, 0x15,
    0x28, 0x6, 0x1b, 0x30, 0xf, 0xfe, 0x1c, 0xff,
    0xb8, 0x3, 0xff, 0xfe, 0x1, 0xff, 0xff, 0x0,
    0xff, 0xff, 0x80, 0x7f, 0xdd, 0xc6, 0x0, 0x10,
    0x6, 0x11, 0x80, 0x29, 0x0, 0xfc, 0x52, 0xa0,
    0x18,

    /* U+0136 "Ķ" */
    0x6f, 0xf8, 0xc0, 0x3e, 0x4f, 0xfb, 0x0, 0x3f,
    0xf8, 0x3, 0x40, 0x17, 0x0, 0x7f, 0xf0, 0x2c,
    0x40, 0x14, 0x40, 0x1f, 0xf2, 0xa8, 0x0, 0xaa,
    0x0, 0xff, 0x86, 0x80, 0x5, 0x40, 0x1f, 0xfc,
    0xd, 0x0, 0xb8, 0x3, 0xff, 0x80, 0xe6, 0x0,
    0x83, 0x0, 0xff, 0x8a, 0x0, 0x8, 0xe0, 0x1f,
    0xfc, 0xe, 0x0, 0xd, 0x0, 0x7f, 0x84, 0x20,
    0xc0, 0x14, 0x20, 0x1f, 0xe3, 0x33, 0x80, 0x9,
    0x0, 0x3f, 0xf8, 0x1c, 0x1, 0x12, 0x80, 0x7f,
    0xd6, 0x40, 0x1a, 0xc0, 0x3f, 0xe5, 0x5, 0x80,
    0x0, 0xc0, 0x7, 0xfc, 0x54, 0xe4, 0x0, 0x72,
    0x0, 0xff, 0x78, 0x2, 0x40, 0x29, 0x0, 0xfe,
    0xa2, 0x0, 0x22, 0x0, 0x8, 0x80, 0xf, 0xcc,
    0x1, 0xa0, 0x2, 0x90, 0xf, 0xfe, 0x9, 0xb0,
    0x0, 0x9c, 0x3, 0xff, 0x83, 0x0, 0x14, 0x8,
    0x7, 0xff, 0x0, 0x60, 0x2, 0xb0, 0xf, 0xfe,
    0xb, 0x88, 0x1, 0x50, 0x3, 0xff, 0x83, 0x60,
    0x14, 0x80, 0x7f, 0xf0, 0x54, 0xc0, 0x4, 0xed,
    0xff, 0x18, 0x7, 0xec, 0xff, 0x9c, 0x3, 0xff,
    0x9b, 0x7f, 0xa6, 0x1, 0xff, 0xc1, 0x44, 0x1,
    0x50, 0x7, 0xff, 0x4d, 0x14, 0x1, 0xc0, 0x1f,
    0xfc, 0x2b, 0x0, 0x28, 0x7, 0xff, 0xa, 0x1,
    0x88, 0x3, 0xff, 0x82, 0x8a, 0x92, 0x1, 0xf8,

    /* U+0137 "ķ" */
    0xaf, 0xf7, 0x0, 0x7f, 0xff, 0xc0, 0x3f, 0xfa,
    0xe7, 0xff, 0x60, 0x7, 0xf0, 0xe8, 0x0, 0x74,
    0x3, 0xfa, 0x84, 0x1, 0x42, 0x1, 0xf9, 0xd0,
    0x1, 0x8, 0x1, 0xf8, 0xe0, 0x0, 0x8e, 0x1,
    0xe3, 0x0, 0x70, 0x0, 0x68, 0x3, 0xe1, 0x9,
    0x20, 0x6, 0x88, 0x7, 0xce, 0x6c, 0x0, 0x43,
    0x0, 0xfc, 0xfc, 0x1, 0x21, 0x80, 0x7e, 0x32,
    0x1, 0x0, 0x78, 0x7, 0xfa, 0xe4, 0x0, 0x6a,
    0x1, 0xfa, 0x11, 0xc4, 0x1, 0x0, 0x1f, 0xb,
    0x80, 0x20, 0x0, 0x4e, 0x1, 0xfe, 0x62, 0x0,
    0x40, 0x80, 0x7f, 0xa0, 0x2, 0x80, 0xf, 0xf2,
    0x98, 0x1, 0x88, 0x3, 0xfd, 0x0, 0x14, 0x80,
    0x7f, 0x91, 0x0, 0x4, 0x45, 0x7f, 0xb8, 0x3,
    0xd7, 0xff, 0x20, 0x7, 0xff, 0x21, 0xbb, 0xe0,
    0x3, 0xfe, 0xb1, 0x7, 0x0, 0xff, 0xe7, 0x40,
    0x80, 0x80, 0x7f, 0xca, 0xe0, 0xe0, 0x1f, 0xf1,
    0x30, 0x40, 0x7, 0xfd, 0x7, 0x62, 0x1, 0xe0,

    /* U+0138 "ĸ" */
    0xaf, 0xf7, 0x0, 0x71, 0xff, 0xd8, 0x1, 0xfc,
    0x3a, 0x0, 0x1d, 0x0, 0xfe, 0xa1, 0x0, 0x50,
    0x80, 0x7e, 0x74, 0x0, 0x42, 0x0, 0x71, 0x80,
    0xe, 0x0, 0x8, 0xe0, 0x1f, 0xdc, 0x0, 0x2a,
    0x0, 0xf8, 0x42, 0x48, 0x1, 0xc2, 0x1, 0xf3,
    0x9b, 0x0, 0x10, 0xc0, 0x3f, 0x3f, 0x0, 0x48,
    0x60, 0x1f, 0x8c, 0x84, 0x40, 0xf, 0x0, 0xff,
    0x54, 0x0, 0xd, 0x40, 0x3f, 0x4a, 0x31, 0x0,
    0x2c, 0x3, 0xe1, 0x60, 0x4, 0x0, 0x5, 0xc0,
    0x3f, 0xca, 0x40, 0x8, 0x10, 0xf, 0xf4, 0x80,
    0x50, 0x1, 0xfe, 0x43, 0x0, 0x31, 0x0, 0x7f,
    0xbc, 0x2, 0x90, 0xf, 0xf1, 0xa0, 0x1, 0x10,

    /* U+0139 "Ĺ" */
    0x0, 0xa5, 0x80, 0x3f, 0xc4, 0xd3, 0xc6, 0x1,
    0xfa, 0xc0, 0x22, 0x0, 0xf8, 0x58, 0x1, 0x62,
    0x1, 0xf4, 0x80, 0x15, 0x40, 0x1f, 0x9c, 0x6,
    0xc0, 0x3f, 0xa, 0x85, 0x88, 0x7, 0xe1, 0xae,
    0x50, 0xf, 0xf8, 0x40, 0x3f, 0xcd, 0xff, 0x18,
    0x7, 0xff, 0xfc, 0x3, 0xff, 0xfe, 0x1, 0xff,
    0xff, 0x0, 0xff, 0xeb, 0x31, 0x17, 0xc2, 0x1,
    0xab, 0x77, 0xec, 0x0, 0xff, 0xe7, 0x0,

    /* U+013A "ĺ" */
    0x0, 0x98, 0x3, 0x96, 0x79, 0xc0, 0x29, 0x1,
    0xa0, 0x2, 0x18, 0x3, 0x80, 0x1e, 0x0, 0x73,
    0x2, 0x40, 0x28, 0x0, 0x20, 0x3, 0x80, 0x26,
    0xea, 0x30, 0xc, 0x2a, 0x1, 0xab, 0xfd, 0xc0,
    0x1f, 0xff, 0xf0, 0xf, 0xff, 0xc1, 0x80, 0x78,
    0x40, 0x3, 0xda, 0x16, 0x1, 0x9, 0x1, 0xd1,
    0x80, 0x60,

    /* U+013B "Ļ" */
    0x6f, 0xf8, 0xc0, 0x3f, 0xff, 0xe0, 0x1f, 0xff,
    0xf0, 0xf, 0xff, 0xf8, 0x7, 0xff, 0x59, 0x88,
    0xbe, 0x10, 0xd, 0x5b, 0xbf, 0x60, 0x7, 0xff,
    0x39, 0xbf, 0xff, 0xed, 0x0, 0xff, 0xe3, 0x47,
    0xf3, 0x0, 0x7f, 0x38, 0xd, 0x80, 0x7f, 0xf2,
    0xa0, 0x41, 0x80, 0x3f, 0x9c, 0x83, 0x40, 0x3f,
    0x90, 0xc9, 0x80, 0x3f, 0xf, 0x9f, 0x80, 0x70,

    /* U+013C "ļ" */
    0xaf, 0xf7, 0x0, 0x7f, 0xff, 0xc0, 0x3f, 0xfc,
    0x66, 0x1, 0xc2, 0x0, 0x1e, 0xdb, 0x0, 0x84,
    0x8e, 0x8c, 0x3, 0x2e, 0x7f, 0xc0, 0x1f, 0x27,
    0x7d, 0x0, 0x3c, 0x41, 0x48, 0x3, 0xef, 0x20,
    0x1, 0x2, 0x28, 0x28, 0x0, 0x58, 0x20, 0x1,
    0x5, 0x44, 0x0,

    /* U+013D "Ľ" */
    0x0, 0xf1, 0x7f, 0xcc, 0x0, 0x6f, 0xf8, 0xc0,
    0x40, 0x24, 0x0, 0xfc, 0xe0, 0x2, 0x20, 0x7,
    0xfc, 0x80, 0x1f, 0xc2, 0x0, 0xd0, 0xf, 0xe3,
    0x0, 0x20, 0x7, 0xf1, 0x23, 0x80, 0x7f, 0x92,
    0xe0, 0x3, 0xff, 0xfe, 0x1, 0xff, 0xff, 0x0,
    0xff, 0xe7, 0xb1, 0x17, 0xc2, 0x1, 0xab, 0x77,
    0xec, 0x0, 0xff, 0xe7, 0x0,

    /* U+013E "ľ" */
    0xaf, 0xf7, 0x0, 0x3f, 0xe9, 0x0, 0xe1, 0x0,
    0xb4, 0x3, 0xf9, 0x0, 0x38, 0xc0, 0x8, 0x1,
    0xe1, 0x0, 0x60, 0x7, 0xf2, 0x0, 0x7c, 0x8a,
    0x60, 0x1e, 0x3b, 0xa0, 0xf, 0xff, 0xf8, 0x7,
    0xff, 0xb4, 0xc0, 0x3f, 0x84, 0x0, 0x3d, 0xa0,
    0x1a, 0xc0, 0x21, 0x20, 0xc, 0x74, 0x60, 0x1f,
    0x0,

    /* U+013F "Ŀ" */
    0x6f, 0xf8, 0xc0, 0x3f, 0xff, 0xe0, 0x1f, 0xfe,
    0xe6, 0xef, 0xa0, 0xf, 0xe8, 0x10, 0x52, 0x0,
    0xff, 0xe4, 0xc0, 0x82, 0x90, 0x7, 0xe6, 0xef,
    0xa0, 0xf, 0xff, 0xd3, 0x11, 0x7c, 0x20, 0x1a,
    0xb7, 0x7e, 0xc0, 0xf, 0xfe, 0x70,

    /* U+0140 "ŀ" */
    0xaf, 0xf7, 0x0, 0x7f, 0xff, 0xc0, 0x3f, 0xfd,
    0xef, 0xfe, 0x90, 0xf, 0xa4, 0x0, 0xc4, 0x1,
    0xff, 0xc5, 0x91, 0x6, 0x20, 0xf, 0x3f, 0x7c,
    0x80, 0x7f, 0xf8, 0x4c, 0x3, 0xfc, 0x20, 0x1,
    0xed, 0x0, 0xeb, 0x0, 0x84, 0x80, 0x38, 0xe8,
    0xc0, 0x3f, 0x0,

    /* U+0141 "Ł" */
    0x0, 0xf, 0xfd, 0x0, 0x1f, 0xff, 0xf0, 0xf,
    0xff, 0xd8, 0xbb, 0x80, 0x3f, 0xe5, 0xbe, 0x8d,
    0x0, 0xff, 0x3d, 0x20, 0x0, 0xc0, 0x38, 0xa0,
    0x3, 0xcb, 0x72, 0x1, 0xb3, 0x58, 0x2, 0x29,
    0xfa, 0x40, 0xe, 0x30, 0xe, 0x56, 0x0, 0xfc,
    0x2d, 0x60, 0x1f, 0xfc, 0x1e, 0x95, 0x0, 0xff,
    0xfb, 0x89, 0x17, 0xe0, 0xf, 0x9b, 0x77, 0xf1,
    0x0, 0x7f, 0xf5, 0x0,

    /* U+0142 "ł" */
    0x0, 0x57, 0xfb, 0x80, 0x3f, 0xff, 0xe0, 0x1f,
    0x12, 0x80, 0x70, 0xee, 0xa4, 0x0, 0x20, 0x11,
    0x0, 0x27, 0xd0, 0x2, 0x17, 0xe4, 0x0, 0xc3,
    0xd0, 0x42, 0xa6, 0x1, 0xec, 0xa6, 0x0, 0xff,
    0xf4, 0x98, 0x7, 0xe1, 0x0, 0xf, 0x68, 0x5,
    0x60, 0x10, 0x90, 0x4, 0x74, 0x60, 0x18,

    /* U+0143 "Ń" */
    0x0, 0xfe, 0x3a, 0x20, 0xf, 0xfe, 0x1c, 0xae,
    0xd0, 0x7, 0xff, 0x4, 0x94, 0x1, 0xa0, 0x1f,
    0xfc, 0x1b, 0x0, 0x1b, 0x80, 0x7f, 0xf0, 0x5,
    0x80, 0x1c, 0x1, 0xff, 0xc1, 0x90, 0x4, 0x10,
    0x7, 0xff, 0x7, 0x44, 0xdc, 0x3, 0xff, 0x84,
    0xbd, 0xa0, 0x1f, 0xfc, 0x51, 0x0, 0xfc, 0xdf,
    0xf8, 0x40, 0x3e, 0x2f, 0xf9, 0x40, 0x39, 0x80,
    0x3f, 0xf8, 0xb2, 0x1, 0xff, 0xc5, 0x17, 0x0,
    0xff, 0xe2, 0xc8, 0x7, 0xff, 0x8, 0x98, 0x5,
    0xc0, 0x3f, 0xf8, 0x27, 0x60, 0x9, 0x0, 0xff,
    0xe0, 0x89, 0x18, 0xb, 0x0, 0x7f, 0xf0, 0xa4,
    0x1, 0x0, 0x1f, 0xfc, 0x11, 0x51, 0x1, 0x60,
    0xf, 0xfe, 0x14, 0x80, 0x20, 0x3, 0xff, 0x84,
    0xe2, 0x2, 0xc0, 0x1f, 0xfc, 0x29, 0x0, 0x58,
    0x7, 0xff, 0x9, 0xc0, 0x4, 0xa0, 0x1f, 0xfc,
    0x27, 0x0, 0x40, 0x7, 0xff, 0xa, 0x40, 0x4,
    0x86, 0x1, 0xff, 0xc0, 0x17, 0x0, 0x70, 0x80,
    0x7f, 0xf0, 0x64, 0x0, 0xa2, 0x1, 0xff, 0xc1,
    0x17, 0x0, 0x48, 0x80, 0x7f, 0xf0, 0x64, 0x0,
    0xe2, 0x1, 0xff, 0xc1, 0x16, 0x0, 0xff, 0xe2,
    0xc0, 0x7, 0xff, 0x14, 0x58, 0x3, 0xff, 0x8b,
    0x60, 0x1c,

    /* U+0144 "ń" */
    0x0, 0xf8, 0x68, 0xc0, 0x3f, 0xe9, 0x5c, 0xa0,
    0xf, 0xf3, 0x0, 0x7f, 0xf0, 0x1c, 0x40, 0x6c,
    0x3, 0xfa, 0x40, 0x14, 0x20, 0x1f, 0x94, 0x41,
    0x50, 0x3, 0xf8, 0x48, 0x6c, 0x3, 0xfc, 0x9b,
    0xe2, 0x1, 0xff, 0xc0, 0x10, 0xf, 0x57, 0xfb,
    0x80, 0xf, 0xbf, 0xd4, 0x40, 0x1f, 0x54, 0x10,
    0xa, 0xe9, 0x80, 0x72, 0xa8, 0x3, 0xdc, 0x1,
    0x86, 0x27, 0xbe, 0xc4, 0x0, 0x48, 0x1, 0xa1,
    0x84, 0x12, 0xc0, 0x23, 0x0, 0xca, 0x1, 0x94,
    0x2, 0xe0, 0x8, 0x40, 0x3c, 0x20, 0x3, 0x0,
    0xff, 0x18, 0x7, 0xff, 0xfc, 0x3, 0xff, 0xf0,

    /* U+0145 "Ņ" */
    0x6f, 0xfc, 0x20, 0x1f, 0x17, 0xfc, 0xa0, 0x1c,
    0xc0, 0x1f, 0xfc, 0x59, 0x0, 0xff, 0xe2, 0x8b,
    0x80, 0x7f, 0xf1, 0x64, 0x3, 0xff, 0x84, 0x4c,
    0x2, 0xe0, 0x1f, 0xfc, 0x13, 0xb0, 0x4, 0x80,
    0x7f, 0xf0, 0x44, 0x8c, 0x5, 0x80, 0x3f, 0xf8,
    0x52, 0x0, 0x80, 0xf, 0xfe, 0x8, 0xa8, 0x80,
    0xb0, 0x7, 0xff, 0xa, 0x40, 0x10, 0x1, 0xff,
    0xc2, 0x71, 0x1, 0x60, 0xf, 0xfe, 0x14, 0x80,
    0x2c, 0x3, 0xff, 0x84, 0xe0, 0x2, 0x50, 0xf,
    0xfe, 0x13, 0x80, 0x20, 0x3, 0xff, 0x85, 0x20,
    0x2, 0x43, 0x0, 0xff, 0xe0, 0xb, 0x80, 0x38,
    0x40, 0x3f, 0xf8, 0x32, 0x0, 0x51, 0x0, 0xff,
    0xe0, 0x8b, 0x80, 0x24, 0x40, 0x3f, 0xf8, 0x32,
    0x0, 0x71, 0x0, 0xff, 0xe0, 0x8b, 0x0, 0x7f,
    0xf1, 0x60, 0x3, 0xff, 0x8a, 0x2c, 0x1, 0xff,
    0xc5, 0xb0, 0xe, 0x6f, 0xf8, 0x40, 0x3e, 0x2f,
    0xfc, 0xa0, 0x1f, 0xfc, 0xd8, 0xfe, 0x60, 0xf,
    0xfe, 0x13, 0x80, 0xc0, 0x7, 0xff, 0x52, 0x4,
    0x14, 0x3, 0xff, 0x84, 0xe4, 0x1a, 0x1, 0xff,
    0xc2, 0x43, 0x26, 0x0, 0xff, 0xe0, 0x8f, 0x9f,
    0x80, 0x7e,

    /* U+0146 "ņ" */
    0xaf, 0xf7, 0x0, 0x1f, 0x7f, 0xa8, 0x80, 0x3e,
    0xa8, 0x20, 0x15, 0xd3, 0x0, 0xe5, 0x50, 0x7,
    0xb8, 0x3, 0xc, 0x4f, 0x7d, 0x88, 0x0, 0x90,
    0x3, 0x43, 0x8, 0x25, 0x80, 0x46, 0x1, 0x94,
    0x3, 0x28, 0x5, 0xc0, 0x10, 0x80, 0x78, 0x40,
    0x6, 0x1, 0xfe, 0x30, 0xf, 0xff, 0xf8, 0x7,
    0xff, 0xe2, 0xbf, 0xdc, 0x1, 0xed, 0xff, 0x50,
    0x7, 0xff, 0x1d, 0xfb, 0xdc, 0x3, 0xfd, 0x22,
    0x10, 0x1, 0xff, 0xcc, 0x81, 0x3, 0x0, 0xff,
    0x32, 0x85, 0x80, 0x7f, 0x8d, 0x5, 0xc0, 0x3f,
    0x86, 0xf, 0x40, 0x3c,

    /* U+0147 "Ň" */
    0x0, 0xcf, 0x40, 0x1e, 0xb5, 0x0, 0xf9, 0x61,
    0x64, 0x3, 0x5a, 0x51, 0x80, 0x79, 0x50, 0x1a,
    0x0, 0x14, 0x80, 0xa6, 0x1, 0xf5, 0x8, 0x3b,
    0xa5, 0x40, 0xa8, 0x3, 0xf0, 0xd0, 0x2, 0x18,
    0x1, 0xe0, 0x1f, 0xe4, 0x70, 0xd, 0x24, 0x1,
    0xff, 0x44, 0x1d, 0xd2, 0xc0, 0x1f, 0xfc, 0x17,
    0x88, 0x30, 0x7, 0xcd, 0xff, 0x84, 0x3, 0xe2,
    0xff, 0x94, 0x3, 0x98, 0x3, 0xff, 0x8b, 0x20,
    0x1f, 0xfc, 0x51, 0x70, 0xf, 0xfe, 0x2c, 0x80,
    0x7f, 0xf0, 0x89, 0x80, 0x5c, 0x3, 0xff, 0x82,
    0x76, 0x0, 0x90, 0xf, 0xfe, 0x8, 0x91, 0x80,
    0xb0, 0x7, 0xff, 0xa, 0x40, 0x10, 0x1, 0xff,
    0xc1, 0x15, 0x10, 0x16, 0x0, 0xff, 0xe1, 0x48,
    0x2, 0x0, 0x3f, 0xf8, 0x4e, 0x20, 0x2c, 0x1,
    0xff, 0xc2, 0x90, 0x5, 0x80, 0x7f, 0xf0, 0x9c,
    0x0, 0x4a, 0x1, 0xff, 0xc2, 0x70, 0x4, 0x0,
    0x7f, 0xf0, 0xa4, 0x0, 0x48, 0x60, 0x1f, 0xfc,
    0x1, 0x70, 0x7, 0x8, 0x7, 0xff, 0x6, 0x40,
    0xa, 0x20, 0x1f, 0xfc, 0x11, 0x70, 0x4, 0x88,
    0x7, 0xff, 0x6, 0x40, 0xe, 0x20, 0x1f, 0xfc,
    0x11, 0x60, 0xf, 0xfe, 0x2c, 0x0, 0x7f, 0xf1,
    0x45, 0x80, 0x3f, 0xf8, 0xb6, 0x1, 0xc0,

    /* U+0148 "ň" */
    0x0, 0x8c, 0x3, 0xc6, 0x20, 0x11, 0x6e, 0x20,
    0x6, 0x2d, 0xf3, 0x0, 0x19, 0x82, 0xcc, 0x0,
    0x58, 0x22, 0x0, 0x86, 0x80, 0x18, 0x63, 0x82,
    0x12, 0x60, 0x12, 0x38, 0x3, 0x70, 0x41, 0x58,
    0x3, 0xa1, 0x0, 0x48, 0xa, 0x80, 0x3e, 0xa1,
    0x0, 0xb8, 0x3, 0xf0, 0xf7, 0xfc, 0x60, 0x1f,
    0xfc, 0x6a, 0xff, 0x70, 0x1, 0xf7, 0xfa, 0x88,
    0x3, 0xea, 0x82, 0x1, 0x5d, 0x30, 0xe, 0x55,
    0x0, 0x7b, 0x80, 0x30, 0xc4, 0xf7, 0xd8, 0x80,
    0x9, 0x0, 0x34, 0x30, 0x82, 0x58, 0x4, 0x60,
    0x19, 0x40, 0x32, 0x80, 0x5c, 0x1, 0x8, 0x7,
    0x84, 0x0, 0x60, 0x1f, 0xe3, 0x0, 0xff, 0xff,
    0x80, 0x7f, 0xfe, 0x0,

    /* U+0149 "ŉ" */
    0x3, 0xdf, 0xd3, 0x0, 0xff, 0xe3, 0xf9, 0x1,
    0x40, 0x7, 0xff, 0x1c, 0x40, 0x27, 0x0, 0xff,
    0xe3, 0xa0, 0x4, 0xe0, 0x1f, 0xfc, 0x79, 0x80,
    0x6, 0x0, 0x7f, 0xf2, 0x3c, 0x0, 0xc0, 0x1f,
    0xfc, 0x71, 0x70, 0x61, 0x0, 0xff, 0xe3, 0xd0,
    0x14, 0x80, 0x75, 0x7f, 0xb4, 0x0, 0xfb, 0xfd,
    0x44, 0x0, 0x56, 0x3c, 0x0, 0xff, 0xae, 0x8,
    0x5, 0x70, 0x81, 0x77, 0x4, 0x3, 0xfc, 0xc8,
    0x1, 0xc3, 0xc0, 0x1f, 0xfc, 0x22, 0xb9, 0xef,
    0xa1, 0x0, 0x19, 0x80, 0x3f, 0xf8, 0x52, 0xc2,
    0xb, 0x0, 0x12, 0x80, 0x7f, 0xf0, 0x45, 0x0,
    0x33, 0x80, 0x5c, 0x1, 0xff, 0xc1, 0x30, 0xe,
    0x10, 0x8, 0x40, 0x3f, 0xf9, 0x2, 0x1, 0xff,
    0xff, 0x0, 0xff, 0xff, 0x80, 0x7f, 0xff, 0xc0,
    0x3f, 0xf8, 0xc0,

    /* U+014A "Ŋ" */
    0x6f, 0xfc, 0x20, 0x1f, 0x17, 0xfc, 0xa0, 0x1c,
    0xc0, 0x1f, 0xfc, 0x59, 0x0, 0xff, 0xe2, 0x8b,
    0x80, 0x7f, 0xf1, 0x64, 0x3, 0xff, 0x84, 0x4c,
    0x2, 0xe0, 0x1f, 0xfc, 0x13, 0xb0, 0x4, 0x80,
    0x7f, 0xf0, 0x44, 0x8c, 0x5, 0x80, 0x3f, 0xf8,
    0x52, 0x0, 0x80, 0xf, 0xfe, 0x8, 0xa8, 0x80,
    0xb0, 0x7, 0xff, 0xa, 0x40, 0x10, 0x1, 0xff,
    0xc2, 0x71, 0x1, 0x60, 0xf, 0xfe, 0x14, 0x80,
    0x2c, 0x3, 0xff, 0x84, 0xe0, 0x2, 0x50, 0xf,
    0xfe, 0x13, 0x80, 0x20, 0x3, 0xff, 0x85, 0x20,
    0x2, 0x43, 0x0, 0xff, 0xe0, 0xb, 0x80, 0x38,
    0x40, 0x3f, 0xf8, 0x32, 0x0, 0x51, 0x0, 0xff,
    0xe0, 0x8b, 0x80, 0x24, 0x40, 0x3f, 0xf8, 0x32,
    0x0, 0x71, 0x0, 0xff, 0xe0, 0x8b, 0x0, 0x7f,
    0xf1, 0x60, 0x3, 0xff, 0x8a, 0x2c, 0x1, 0xff,
    0xc5, 0xb0, 0xe, 0x6f, 0xf8, 0x40, 0x3e, 0x2d,
    0x0, 0xff, 0xf6, 0x88, 0x7, 0xfd, 0x3d, 0x80,
    0x13, 0x0, 0x7f, 0xc4, 0x22, 0x0, 0x19, 0x0,
    0x7f, 0xf0, 0x85, 0xb4, 0x0,

    /* U+014B "ŋ" */
    0xaf, 0xf7, 0x0, 0x1f, 0x7f, 0xa8, 0x80, 0x3e,
    0xa8, 0x20, 0x15, 0xd3, 0x0, 0xe5, 0x50, 0x7,
    0xb8, 0x3, 0xc, 0x4f, 0x7d, 0x88, 0x0, 0x90,
    0x3, 0x43, 0x8, 0x25, 0x80, 0x46, 0x1, 0x94,
    0x3, 0x28, 0x5, 0xc0, 0x10, 0x80, 0x78, 0x40,
    0x6, 0x1, 0xfe, 0x30, 0xf, 0xff, 0xf8, 0x7,
    0xff, 0xe2, 0xbf, 0xdc, 0x1, 0xff, 0xe7, 0x30,
    0xf, 0x93, 0xb8, 0x40, 0xe, 0x0, 0xf8, 0x46,
    0x0, 0x94, 0x3, 0xfe, 0x3b, 0x20,

    /* U+014C "Ō" */
    0x0, 0xe9, 0xff, 0xfc, 0xc0, 0x1f, 0xfd, 0x2f,
    0x44, 0xfc, 0x40, 0x1f, 0xe6, 0xbb, 0xfc, 0x80,
    0x1f, 0xfe, 0x61, 0x7b, 0xef, 0xf6, 0xd2, 0x80,
    0x7f, 0x9b, 0xa1, 0x4, 0x0, 0x4b, 0x5a, 0x80,
    0x1f, 0x44, 0x80, 0x7f, 0x15, 0xa0, 0x7, 0x23,
    0x80, 0x4b, 0x59, 0x89, 0x30, 0xa, 0xc4, 0x3,
    0x50, 0x5, 0x74, 0xa6, 0x66, 0xc7, 0x0, 0xac,
    0x2, 0x41, 0x0, 0x42, 0x0, 0x7a, 0x10, 0x0,
    0xa2, 0x0, 0xe0, 0x9, 0xc0, 0x3f, 0x40, 0x4,
    0xe0, 0x4, 0x0, 0x20, 0x7, 0xf1, 0x80, 0x58,
    0x2, 0x20, 0x1, 0x0, 0x7f, 0x88, 0x0, 0xe0,
    0x40, 0x10, 0x80, 0x7f, 0x84, 0x0, 0x40, 0xe0,
    0x1f, 0xfd, 0xa1, 0x0, 0xff, 0xed, 0x8b, 0x80,
    0x7f, 0xf1, 0xc8, 0x2, 0x10, 0xf, 0xf0, 0x80,
    0x8, 0x4, 0x40, 0x2, 0x0, 0xff, 0x10, 0x1,
    0xc0, 0x8, 0x0, 0x40, 0xf, 0xe3, 0x0, 0xb0,
    0x1, 0xc0, 0x13, 0x80, 0x7e, 0x80, 0x9, 0xc0,
    0x8, 0x20, 0x8, 0x40, 0xf, 0x3a, 0x0, 0x14,
    0x40, 0x2a, 0x0, 0xae, 0x94, 0xcc, 0xd9, 0x0,
    0x15, 0x80, 0x64, 0x70, 0x9, 0x6b, 0x31, 0x26,
    0x1, 0x50, 0x80, 0x74, 0x48, 0x7, 0xf1, 0x5a,
    0x80, 0x7c, 0xdd, 0x8, 0x20, 0x2, 0x59, 0xd4,
    0x0, 0xc0,

    /* U+014D "ō" */
    0x0, 0xa6, 0xef, 0xf0, 0x80, 0x72, 0x27, 0xf1,
    0x80, 0x7f, 0xf2, 0x37, 0xff, 0xf1, 0x0, 0x7f,
    0xf9, 0xda, 0xfb, 0xfb, 0x1c, 0x40, 0x38, 0xb6,
    0x50, 0x40, 0x4e, 0x3d, 0x0, 0x21, 0xc2, 0x0,
    0xf8, 0x6c, 0xc0, 0x10, 0x20, 0x8, 0xef, 0xf5,
    0x0, 0x5c, 0x2, 0xc0, 0x7, 0x70, 0x80, 0x16,
    0x80, 0x4, 0x88, 0x0, 0xa8, 0x3, 0x94, 0x40,
    0x19, 0xa0, 0x11, 0x0, 0x78, 0x80, 0x8, 0x40,
    0x1f, 0xfc, 0x11, 0x10, 0x7, 0xff, 0x4, 0xc0,
    0x3f, 0xf8, 0x62, 0x1, 0xff, 0xc1, 0x32, 0x0,
    0xff, 0xe0, 0x8e, 0x80, 0x44, 0x1, 0xe2, 0x0,
    0x22, 0x0, 0x2a, 0x0, 0xe5, 0x10, 0x6, 0xa,
    0x80, 0x1d, 0xc0, 0x12, 0xd8, 0x0, 0x90, 0x2c,
    0x40, 0x11, 0xfd, 0xf4, 0x20, 0xe, 0x0, 0xe,
    0x10, 0x4, 0x20, 0x1a, 0xcc, 0x2, 0x2d, 0x94,
    0x10, 0x13, 0x7e, 0x40, 0x0,

    /* U+014E "Ŏ" */
    0x0, 0xe6, 0x90, 0xf, 0x52, 0x0, 0x7f, 0x24,
    0xb1, 0x80, 0x67, 0x5b, 0x10, 0xf, 0xc8, 0x21,
    0xc2, 0x0, 0x28, 0x5, 0x10, 0xf, 0xe8, 0x2,
    0xfa, 0xa6, 0x80, 0x20, 0x3, 0xfc, 0xc8, 0x2,
    0xaa, 0x0, 0x49, 0x0, 0x7f, 0xd7, 0x6, 0x2,
    0x96, 0xc0, 0x1f, 0xfc, 0x17, 0xcf, 0xeb, 0x40,
    0xf, 0xfe, 0xa0, 0xbd, 0xf7, 0xfb, 0x69, 0x40,
    0x3f, 0xcd, 0xd0, 0x82, 0x0, 0x25, 0xad, 0x40,
    0xf, 0xa2, 0x40, 0x3f, 0x8a, 0xd0, 0x3, 0x91,
    0xc0, 0x25, 0xac, 0xc4, 0x98, 0x5, 0x62, 0x1,
    0xa8, 0x2, 0xba, 0x53, 0x33, 0x63, 0x80, 0x56,
    0x1, 0x20, 0x80, 0x21, 0x0, 0x3d, 0x8, 0x0,
    0x51, 0x0, 0x70, 0x4, 0xe0, 0x1f, 0xa0, 0x2,
    0x70, 0x2, 0x0, 0x10, 0x3, 0xf8, 0xc0, 0x2c,
    0x1, 0x10, 0x0, 0x80, 0x3f, 0xc4, 0x0, 0x70,
    0x20, 0x8, 0x40, 0x3f, 0xc2, 0x0, 0x20, 0x70,
    0xf, 0xfe, 0xd0, 0x80, 0x7f, 0xf6, 0xc5, 0xc0,
    0x3f, 0xf8, 0xe4, 0x1, 0x8, 0x7, 0xf8, 0x40,
    0x4, 0x2, 0x20, 0x1, 0x0, 0x7f, 0x88, 0x0,
    0xe0, 0x4, 0x0, 0x20, 0x7, 0xf1, 0x80, 0x58,
    0x0, 0xe0, 0x9, 0xc0, 0x3f, 0x40, 0x4, 0xe0,
    0x4, 0x10, 0x4, 0x20, 0x7, 0x9d, 0x0, 0xa,
    0x20, 0x15, 0x0, 0x57, 0x4a, 0x66, 0x6c, 0x80,
    0xa, 0xc0, 0x32, 0x38, 0x4, 0xb5, 0x98, 0x93,
    0x0, 0xa8, 0x40, 0x3a, 0x24, 0x3, 0xf8, 0xad,
    0x40, 0x3e, 0x6e, 0x84, 0x10, 0x1, 0x2c, 0xea,
    0x0, 0x60,

    /* U+014F "ŏ" */
    0x0, 0xc2, 0x1, 0xe1, 0x0, 0xe5, 0xeb, 0x0,
    0xe6, 0xe8, 0x0, 0xc6, 0x2a, 0x60, 0x1a, 0x0,
    0x80, 0x33, 0x8, 0x6a, 0x1, 0x58, 0x84, 0x80,
    0x74, 0x0, 0xdf, 0xea, 0x2, 0x98, 0x7, 0x33,
    0x80, 0x72, 0x50, 0x7, 0xd1, 0xb2, 0xf1, 0x76,
    0x0, 0xfe, 0x26, 0x87, 0x40, 0xf, 0xfe, 0x63,
    0x5f, 0x7f, 0x63, 0x88, 0x7, 0x16, 0xca, 0x8,
    0x9, 0xc7, 0xa0, 0x4, 0x38, 0x40, 0x1f, 0xd,
    0x98, 0x2, 0x4, 0x1, 0x1d, 0xfe, 0xa0, 0xb,
    0x80, 0x58, 0x0, 0xee, 0x10, 0x2, 0xd0, 0x0,
    0x91, 0x0, 0x15, 0x0, 0x72, 0x88, 0x3, 0x34,
    0x2, 0x20, 0xf, 0x10, 0x1, 0x8, 0x3, 0xff,
    0x82, 0x22, 0x0, 0xff, 0xe0, 0x98, 0x7, 0xff,
    0xc, 0x40, 0x3f, 0xf8, 0x26, 0x40, 0x1f, 0xfc,
    0x11, 0xd0, 0x8, 0x80, 0x3c, 0x40, 0x4, 0x40,
    0x5, 0x40, 0x1c, 0xa2, 0x0, 0xc1, 0x50, 0x3,
    0xb8, 0x2, 0x5b, 0x0, 0x12, 0x5, 0x88, 0x2,
    0x3f, 0xbe, 0x84, 0x1, 0xc0, 0x1, 0xc2, 0x0,
    0x84, 0x3, 0x59, 0x80, 0x45, 0xb2, 0x82, 0x2,
    0x6f, 0xc8, 0x0,

    /* U+0150 "Ő" */
    0x0, 0xfc, 0x60, 0x18, 0x48, 0x3, 0xff, 0x80,
    0x79, 0x84, 0x0, 0x46, 0xc9, 0x0, 0x7f, 0xa4,
    0xe, 0x0, 0x58, 0x19, 0x0, 0x3f, 0x89, 0x40,
    0x1c, 0x12, 0x0, 0x46, 0x0, 0xfe, 0xb0, 0x4,
    0x10, 0xb8, 0x2, 0x80, 0x3f, 0x85, 0x80, 0xdc,
    0x18, 0x1, 0x22, 0x1, 0xfc, 0xe0, 0xe, 0x0,
    0x50, 0x23, 0x0, 0x7f, 0x9b, 0x28, 0x80, 0x1b,
    0x12, 0x1, 0xff, 0xc0, 0x35, 0x0, 0xce, 0x40,
    0x1f, 0xf0, 0xbd, 0xf7, 0xfb, 0x69, 0x40, 0x3f,
    0xcd, 0xd0, 0x82, 0x0, 0x25, 0xad, 0x40, 0xf,
    0xa2, 0x40, 0x3f, 0x8a, 0xd0, 0x3, 0x91, 0xc0,
    0x25, 0xac, 0xc4, 0x98, 0x5, 0x62, 0x1, 0xa8,
    0x2, 0xba, 0x53, 0x33, 0x63, 0x80, 0x56, 0x1,
    0x20, 0x80, 0x21, 0x0, 0x3d, 0x8, 0x0, 0x51,
    0x0, 0x70, 0x4, 0xe0, 0x1f, 0xa0, 0x2, 0x70,
    0x2, 0x0, 0x10, 0x3, 0xf8, 0xc0, 0x2c, 0x1,
    0x10, 0x0, 0x80, 0x3f, 0xc4, 0x0, 0x70, 0x20,
    0x8, 0x40, 0x3f, 0xc2, 0x0, 0x20, 0x70, 0xf,
    0xfe, 0xd0, 0x80, 0x7f, 0xf6, 0xc5, 0xc0, 0x3f,
    0xf8, 0xe4, 0x1, 0x8, 0x7, 0xf8, 0x40, 0x4,
    0x2, 0x20, 0x1, 0x0, 0x7f, 0x88, 0x0, 0xe0,
    0x4, 0x0, 0x20, 0x7, 0xf1, 0x80, 0x58, 0x0,
    0xe0, 0x9, 0xc0, 0x3f, 0x40, 0x4, 0xe0, 0x4,
    0x10, 0x4, 0x20, 0x7, 0x9d, 0x0, 0xa, 0x20,
    0x15, 0x0, 0x57, 0x4a, 0x66, 0x6c, 0x80, 0xa,
    0xc0, 0x32, 0x38, 0x4, 0xb5, 0x98, 0x93, 0x0,
    0xa8, 0x40, 0x3a, 0x24, 0x3, 0xf8, 0xad, 0x40,
    0x3e, 0x6e, 0x84, 0x10, 0x1, 0x2c, 0xea, 0x0,
    0x60,

    /* U+0151 "ő" */
    0x0, 0xe2, 0x91, 0x0, 0x9d, 0x80, 0x3e, 0xb6,
    0xe7, 0x1, 0x89, 0xd2, 0x0, 0xc2, 0xc0, 0x3,
    0x6, 0x0, 0x88, 0x3, 0x48, 0x1, 0x50, 0x24,
    0x1, 0xc0, 0x18, 0x5c, 0x6, 0xc1, 0x84, 0x18,
    0xc0, 0x33, 0x0, 0x2c, 0x42, 0x0, 0x64, 0x3,
    0x84, 0x4a, 0xa0, 0x15, 0xa, 0x0, 0xf3, 0x75,
    0x80, 0x6, 0xf5, 0x0, 0x3f, 0x8, 0x6, 0x20,
    0xf, 0xcd, 0x7d, 0xfd, 0x8e, 0x20, 0x1c, 0x5b,
    0x28, 0x20, 0x27, 0x1e, 0x80, 0x10, 0xe1, 0x0,
    0x7c, 0x36, 0x60, 0x8, 0x10, 0x4, 0x77, 0xfa,
    0x80, 0x2e, 0x1, 0x60, 0x3, 0xb8, 0x40, 0xb,
    0x40, 0x2, 0x44, 0x0, 0x54, 0x1, 0xca, 0x20,
    0xc, 0xd0, 0x8, 0x80, 0x3c, 0x40, 0x4, 0x20,
    0xf, 0xfe, 0x8, 0x88, 0x3, 0xff, 0x82, 0x60,
    0x1f, 0xfc, 0x31, 0x0, 0xff, 0xe0, 0x99, 0x0,
    0x7f, 0xf0, 0x47, 0x40, 0x22, 0x0, 0xf1, 0x0,
    0x11, 0x0, 0x15, 0x0, 0x72, 0x88, 0x3, 0x5,
    0x40, 0xe, 0xe0, 0x9, 0x6c, 0x0, 0x48, 0x16,
    0x20, 0x8, 0xfe, 0xfa, 0x10, 0x7, 0x0, 0x7,
    0x8, 0x2, 0x10, 0xd, 0x66, 0x1, 0x16, 0xca,
    0x8, 0x9, 0xbf, 0x20, 0x0,

    /* U+0152 "Œ" */
    0x0, 0xf3, 0x56, 0xff, 0xff, 0xf1, 0x9c, 0x3,
    0x2f, 0x4a, 0x90, 0x7, 0xff, 0x29, 0xe8, 0x40,
    0x3f, 0xf9, 0x87, 0x0, 0x11, 0xcd, 0xe6, 0x50,
    0x1, 0x4e, 0xef, 0xf3, 0x0, 0x38, 0x2, 0x9c,
    0x64, 0x33, 0xc0, 0x11, 0x91, 0x7f, 0x8, 0x21,
    0x0, 0x1d, 0x80, 0x3f, 0xf9, 0x5c, 0x1, 0x40,
    0x7, 0xff, 0x2d, 0xc0, 0x8, 0x1, 0xff, 0xcc,
    0x20, 0x1, 0x0, 0x7f, 0xf2, 0xcc, 0x2, 0x10,
    0xf, 0xfe, 0xe5, 0x7f, 0xfe, 0x80, 0x70, 0xf,
    0xff, 0x5b, 0x80, 0x7f, 0xf1, 0x27, 0xbb, 0xf4,
    0x0, 0x7f, 0xf1, 0x8c, 0x47, 0xf0, 0x0, 0xc0,
    0x21, 0x0, 0xff, 0xe6, 0x10, 0x0, 0x80, 0x3f,
    0xf9, 0x8e, 0x0, 0x40, 0xf, 0xfe, 0x67, 0x0,
    0x50, 0x1, 0xff, 0xcb, 0x42, 0x0, 0x3a, 0x80,
    0x7f, 0xf2, 0xf8, 0x2, 0xab, 0x63, 0x3e, 0x0,
    0x8c, 0x8b, 0xf8, 0x40, 0x7, 0x0, 0x12, 0x4e,
    0x66, 0x80, 0xa, 0x77, 0x7f, 0x98, 0x2, 0x7a,
    0x10, 0xf, 0xfe, 0x72, 0xf4, 0xa9, 0x0, 0x7f,
    0xf1, 0xc0,

    /* U+0153 "œ" */
    0x0, 0xcd, 0x7d, 0xfd, 0x6c, 0x1, 0x92, 0xb7,
    0xfb, 0x1c, 0x3, 0xc5, 0xb2, 0x82, 0x2, 0x93,
    0xa2, 0x17, 0x65, 0x20, 0x13, 0x8e, 0x30, 0x8,
    0x70, 0x80, 0x3e, 0x2b, 0x74, 0x0, 0xf8, 0x70,
    0x80, 0x10, 0x20, 0x8, 0xef, 0xf5, 0x0, 0x16,
    0x0, 0x11, 0xdf, 0xe9, 0x0, 0xa4, 0x5, 0x80,
    0xe, 0xe1, 0x0, 0x2d, 0x0, 0x67, 0x70, 0x80,
    0x1a, 0x0, 0x8, 0x28, 0x1, 0x50, 0x7, 0x28,
    0x80, 0x54, 0x1, 0xcc, 0x1, 0x3e, 0x80, 0x44,
    0x1, 0xe2, 0x0, 0x88, 0x3, 0x84, 0x2, 0xf2,
    0x0, 0xff, 0xe1, 0x2a, 0xfc, 0x1, 0x18, 0x80,
    0x7f, 0xf0, 0xaa, 0xbe, 0x0, 0x84, 0x3, 0xff,
    0x9a, 0xe2, 0x1, 0xff, 0xc2, 0xff, 0xff, 0x61,
    0x0, 0x7f, 0xf3, 0x74, 0x2, 0x20, 0xf, 0x10,
    0x4, 0x40, 0x1f, 0x28, 0x1, 0x0, 0x2a, 0x0,
    0xe5, 0x10, 0xa, 0xc0, 0x3c, 0xf5, 0x40, 0x15,
    0x0, 0x3b, 0x80, 0x25, 0xb0, 0x47, 0x6, 0x91,
    0x0, 0x14, 0xc0, 0x29, 0x5, 0x88, 0x2, 0x3f,
    0xbe, 0x84, 0x3e, 0x44, 0x1b, 0xbf, 0xda, 0xc0,
    0x9, 0x20, 0x1c, 0x20, 0x8, 0x40, 0x27, 0x41,
    0xd1, 0x0, 0xfa, 0x98, 0x2, 0x2d, 0x94, 0x10,
    0x14, 0xb8, 0x0, 0x1f, 0xb9, 0x0, 0x9, 0xb5,
    0x40, 0x0,

    /* U+0154 "Ŕ" */
    0x0, 0xfc, 0xf0, 0x1, 0xff, 0xc3, 0x97, 0xe5,
    0x0, 0xff, 0xe0, 0x38, 0x80, 0xb8, 0x7, 0xff,
    0x2, 0x40, 0x10, 0x40, 0x1f, 0xf3, 0x8, 0x1b,
    0x80, 0x7f, 0xf0, 0x2c, 0x1, 0xc0, 0x1f, 0xfc,
    0x14, 0x8, 0x20, 0xf, 0xfe, 0xc, 0xf3, 0x80,
    0x7f, 0xf0, 0xc4, 0x3, 0xf9, 0xbf, 0xff, 0xdb,
    0x22, 0x1, 0xff, 0xc2, 0x26, 0xe4, 0x0, 0xff,
    0xe2, 0x58, 0x80, 0x75, 0x6e, 0xf5, 0xa0, 0x5,
    0x20, 0x1c, 0xc4, 0x5c, 0x96, 0x20, 0x5, 0x0,
    0xff, 0xe0, 0xa8, 0x0, 0x80, 0x3f, 0xf8, 0xa2,
    0x1, 0xff, 0xc4, 0x30, 0xf, 0xfe, 0x21, 0x0,
    0x7f, 0xf0, 0x14, 0x0, 0x20, 0x1f, 0xf0, 0xc8,
    0x80, 0x1c, 0x3, 0xb3, 0xff, 0xb9, 0x80, 0x28,
    0x0, 0xff, 0xe1, 0xd8, 0x80, 0x7f, 0xf0, 0x5b,
    0x50, 0x3, 0xd9, 0xff, 0x50, 0x5, 0xe4, 0x1,
    0xff, 0x28, 0x80, 0x2c, 0x3, 0xff, 0x82, 0xc0,
    0x2, 0x40, 0xf, 0xfe, 0x4, 0x80, 0x5e, 0x1,
    0xff, 0xc0, 0x15, 0x0, 0x21, 0x0, 0x7f, 0xf0,
    0x38, 0x2, 0xb0, 0xf, 0xfe, 0x2, 0x10, 0x1,
    0x84, 0x3, 0xff, 0x81, 0x40, 0x13, 0x0, 0x7f,
    0xf0, 0x18, 0x2, 0x90, 0xf, 0xfe, 0x0, 0xb0,
    0x0, 0x54,

    /* U+0155 "ŕ" */
    0x0, 0xff, 0xe1, 0xc7, 0x38, 0x7, 0xcc, 0x31,
    0x40, 0x1c, 0xe2, 0x0, 0x80, 0xe, 0x90, 0x4,
    0x90, 0x6, 0x51, 0x4, 0x60, 0xe, 0x90, 0x4,
    0x80, 0x7b, 0x9a, 0x48, 0x3, 0xc5, 0x2c, 0x1,
    0xff, 0xc2, 0xaf, 0xf7, 0x0, 0x23, 0x7c, 0xc0,
    0x3b, 0x1c, 0x80, 0x3c, 0xa6, 0x1, 0xf0, 0xc0,
    0x23, 0x30, 0x80, 0x33, 0x7d, 0xcc, 0x84, 0x3,
    0x50, 0x7, 0xe1, 0x10, 0x7, 0xff, 0xfc, 0x3,
    0xff, 0xb8,

    /* U+0156 "Ŗ" */
    0x6f, 0xff, 0xf6, 0xc8, 0x80, 0x7f, 0xf0, 0x89,
    0xb9, 0x0, 0x3f, 0xf8, 0x96, 0x20, 0x1d, 0x5b,
    0xbd, 0x68, 0x1, 0x48, 0x7, 0x31, 0x17, 0x25,
    0x88, 0x1, 0x40, 0x3f, 0xf8, 0x2a, 0x0, 0x20,
    0xf, 0xfe, 0x28, 0x80, 0x7f, 0xf1, 0xc, 0x3,
    0xff, 0x88, 0x40, 0x1f, 0xfc, 0x5, 0x0, 0x8,
    0x7, 0xfc, 0x32, 0x20, 0x7, 0x0, 0xec, 0xff,
    0xee, 0x60, 0xa, 0x0, 0x3f, 0xf8, 0x76, 0x20,
    0x1f, 0xfc, 0x16, 0xd4, 0x0, 0xf6, 0x7f, 0xd4,
    0x1, 0x79, 0x0, 0x7f, 0xca, 0x20, 0xb, 0x0,
    0xff, 0xe0, 0xb0, 0x0, 0x90, 0x3, 0xff, 0x81,
    0x20, 0x17, 0x80, 0x7f, 0xf0, 0x5, 0x40, 0x8,
    0x40, 0x1f, 0xfc, 0xe, 0x0, 0xac, 0x3, 0xff,
    0x80, 0x84, 0x0, 0x61, 0x0, 0xff, 0xe0, 0x50,
    0x4, 0xc0, 0x1f, 0xfc, 0x6, 0x0, 0xa4, 0x3,
    0xff, 0x80, 0x2c, 0x0, 0x15, 0x6f, 0xf8, 0xc0,
    0x3e, 0x9f, 0xf9, 0x40, 0x3f, 0xf9, 0x71, 0xfc,
    0xe0, 0x1f, 0xfc, 0x17, 0x1, 0x90, 0xf, 0xfe,
    0x94, 0x88, 0x10, 0x7, 0xff, 0x5, 0x88, 0x2c,
    0x3, 0xff, 0x82, 0x86, 0x2e, 0x1, 0xff, 0xc0,
    0x1f, 0x3c, 0x0, 0xfc,

    /* U+0157 "ŗ" */
    0xa, 0xff, 0x70, 0x2, 0x37, 0xcc, 0x3, 0xd8,
    0xe4, 0x1, 0xf2, 0x98, 0x7, 0xe1, 0x80, 0x46,
    0x61, 0x0, 0x73, 0x7d, 0xcc, 0x84, 0x3, 0xa8,
    0x3, 0xf8, 0x44, 0x1, 0xff, 0xff, 0x0, 0xff,
    0xf4, 0x57, 0xfb, 0x80, 0x3f, 0xf8, 0xcb, 0xdf,
    0x20, 0x1f, 0x48, 0x83, 0x8, 0x7, 0xff, 0x16,
    0x8, 0x0, 0x20, 0x1e, 0x44, 0x2, 0x80, 0x7c,
    0x4c, 0x10, 0x1, 0xf4, 0x1d, 0x10, 0x7, 0x80,

    /* U+0158 "Ř" */
    0x0, 0xd, 0xa8, 0x7, 0x16, 0x10, 0x7, 0xad,
    0x29, 0x0, 0x22, 0xc3, 0xc0, 0xf, 0x40, 0x2,
    0xcc, 0x7, 0xc4, 0x2c, 0x3, 0xc5, 0x40, 0xc,
    0x4c, 0x20, 0x65, 0x0, 0xf9, 0x58, 0x1, 0x64,
    0x7, 0x20, 0x1f, 0xd2, 0x60, 0x1b, 0x80, 0x3f,
    0xee, 0x77, 0xac, 0x80, 0x3f, 0xe2, 0x88, 0x90,
    0x3, 0xe6, 0xff, 0xff, 0x6c, 0x88, 0x7, 0xff,
    0x8, 0x9b, 0x90, 0x3, 0xff, 0x89, 0x62, 0x1,
    0xd5, 0xbb, 0xd6, 0x80, 0x14, 0x80, 0x73, 0x11,
    0x72, 0x58, 0x80, 0x14, 0x3, 0xff, 0x82, 0xa0,
    0x2, 0x0, 0xff, 0xe2, 0x88, 0x7, 0xff, 0x10,
    0xc0, 0x3f, 0xf8, 0x84, 0x1, 0xff, 0xc0, 0x50,
    0x0, 0x80, 0x7f, 0xc3, 0x22, 0x0, 0x70, 0xe,
    0xcf, 0xfe, 0xe6, 0x0, 0xa0, 0x3, 0xff, 0x87,
    0x62, 0x1, 0xff, 0xc1, 0x6d, 0x40, 0xf, 0x67,
    0xfd, 0x40, 0x17, 0x90, 0x7, 0xfc, 0xa2, 0x0,
    0xb0, 0xf, 0xfe, 0xb, 0x0, 0x9, 0x0, 0x3f,
    0xf8, 0x12, 0x1, 0x78, 0x7, 0xff, 0x0, 0x54,
    0x0, 0x84, 0x1, 0xff, 0xc0, 0xe0, 0xa, 0xc0,
    0x3f, 0xf8, 0x8, 0x40, 0x6, 0x10, 0xf, 0xfe,
    0x5, 0x0, 0x4c, 0x1, 0xff, 0xc0, 0x60, 0xa,
    0x40, 0x3f, 0xf8, 0x2, 0xc0, 0x1, 0x50,

    /* U+0159 "ř" */
    0x2, 0x20, 0x7, 0x90, 0x0, 0x99, 0x81, 0x0,
    0xcd, 0x76, 0x10, 0x11, 0x60, 0x80, 0x16, 0x41,
    0x85, 0x1c, 0xb, 0x41, 0x28, 0x1, 0xe0, 0x8,
    0x30, 0x3c, 0xb0, 0x4, 0x90, 0x5, 0xa2, 0x6,
    0x0, 0x56, 0x0, 0xc3, 0x40, 0x11, 0x50, 0x7,
    0x93, 0xfe, 0xd0, 0xf, 0xfe, 0x2d, 0x7f, 0xb8,
    0x1, 0x1b, 0xe6, 0x1, 0xf6, 0x39, 0x0, 0x7e,
    0x53, 0x0, 0xfe, 0x18, 0x4, 0x66, 0x10, 0x7,
    0x9b, 0xee, 0x64, 0x20, 0x1e, 0xa0, 0xf, 0xf0,
    0x88, 0x3, 0xff, 0xfe, 0x1, 0xff, 0xf3,

    /* U+015A "Ś" */
    0x0, 0xfe, 0x40, 0xf, 0xfe, 0x11, 0xde, 0xb0,
    0x7, 0xff, 0x2, 0x40, 0xa0, 0x40, 0x3f, 0xc4,
    0xa0, 0xb, 0x10, 0xf, 0xf5, 0x80, 0x15, 0x40,
    0x1f, 0xe1, 0x60, 0x1b, 0x0, 0xff, 0x90, 0x1,
    0x62, 0x1, 0xff, 0x2e, 0xc2, 0x80, 0x7f, 0xf0,
    0x49, 0xc0, 0x3f, 0xe4, 0xad, 0xff, 0x76, 0x41,
    0x0, 0x71, 0x65, 0xa9, 0x0, 0x4, 0xdf, 0x64,
    0x2, 0x1c, 0x30, 0xf, 0xe6, 0xb0, 0x4, 0x8,
    0x0, 0xa7, 0x36, 0xdc, 0x40, 0x8, 0xc0, 0xe0,
    0x2, 0xd6, 0x32, 0x48, 0xf3, 0x7, 0x61, 0x10,
    0x1, 0x40, 0x3c, 0x3b, 0x50, 0x6, 0x1, 0x70,
    0x7, 0xc2, 0xa0, 0x1e, 0xf0, 0xf, 0xf8, 0x80,
    0x26, 0x20, 0xf, 0xf9, 0x80, 0x2d, 0x83, 0x0,
    0xfe, 0x81, 0x0, 0x9f, 0x3e, 0xdc, 0xc0, 0x38,
    0x7c, 0xc0, 0x39, 0x23, 0x30, 0x60, 0x18, 0x72,
    0xd4, 0x3, 0xc7, 0x8c, 0x1, 0xc9, 0x5f, 0x92,
    0xa0, 0x1a, 0x48, 0x3, 0xe3, 0x6a, 0xe4, 0x0,
    0xa8, 0x3, 0xfc, 0x34, 0x1, 0x20, 0x7, 0xfc,
    0x26, 0x0, 0x10, 0xf, 0xfe, 0x3, 0x80, 0x62,
    0xd2, 0x0, 0xfc, 0xa0, 0x6, 0x4d, 0x2c, 0x40,
    0xf, 0x30, 0x80, 0xf, 0x0, 0x3, 0x76, 0x53,
    0x24, 0xa9, 0x0, 0xa6, 0x14, 0x2, 0x4a, 0xcd,
    0xb5, 0x0, 0xa0, 0x42, 0xa4, 0x3, 0xfd, 0x2e,
    0x1, 0x37, 0x4a, 0x10, 0x0, 0x52, 0x39, 0x80,
    0x0,

    /* U+015B "ś" */
    0x0, 0xfc, 0xec, 0x1, 0xff, 0xc, 0x4f, 0x20,
    0x7, 0xf4, 0x80, 0x5, 0x80, 0x3f, 0x98, 0x1,
    0x24, 0x1, 0xf9, 0x84, 0xd, 0x80, 0x3f, 0xa0,
    0x1, 0xc0, 0x1f, 0xc2, 0x81, 0x24, 0x1, 0xfc,
    0x35, 0xac, 0x1, 0xff, 0xc0, 0x20, 0xf, 0xf3,
    0xe7, 0x7f, 0x63, 0x88, 0x6, 0x2e, 0x83, 0x10,
    0x13, 0x8f, 0x40, 0xb, 0xc4, 0x2, 0x21, 0x0,
    0xd, 0xa0, 0x19, 0x0, 0x1f, 0xf7, 0xb0, 0xc1,
    0x50, 0x14, 0x2, 0x80, 0x8, 0xf2, 0x28, 0x0,
    0x20, 0x1f, 0xce, 0x1, 0x10, 0x4, 0xc0, 0x1f,
    0xca, 0x1, 0x4e, 0xcb, 0x10, 0x7, 0xa8, 0x2,
    0x26, 0x9d, 0xe7, 0x0, 0xcb, 0xaa, 0x1, 0xc3,
    0x18, 0x1, 0x8a, 0xbf, 0x25, 0x84, 0x0, 0x6e,
    0x1, 0xe3, 0x69, 0xf1, 0x0, 0x60, 0x7, 0xf0,
    0xb8, 0x1, 0x80, 0x15, 0x80, 0x1e, 0x30, 0x3,
    0x5, 0xa9, 0xea, 0x0, 0x4a, 0xa0, 0x1, 0x86,
    0x80, 0xa, 0xff, 0x7a, 0x80, 0x29, 0x6, 0xa1,
    0x0, 0x88, 0x40, 0x3, 0x62, 0x0, 0x5f, 0x83,
    0x10, 0x1, 0xbf, 0xa0, 0x0,

    /* U+015C "Ŝ" */
    0x0, 0xf2, 0xc4, 0x1c, 0x3, 0xfe, 0x3a, 0x77,
    0x44, 0x80, 0x7f, 0xb8, 0x3, 0x32, 0x0, 0x7e,
    0x92, 0x2, 0x70, 0x5, 0x8, 0x7, 0x91, 0x80,
    0x7e, 0x14, 0x6, 0x80, 0x38, 0x68, 0x1, 0xa4,
    0x14, 0x80, 0x8c, 0x1, 0x85, 0x2, 0x8c, 0x2,
    0xb2, 0x15, 0x0, 0xea, 0xc5, 0x0, 0xec, 0xf3,
    0x0, 0xf1, 0x80, 0x78, 0x44, 0x1, 0xf2, 0x56,
    0xff, 0xbb, 0x20, 0x80, 0x38, 0xb2, 0xd4, 0x80,
    0x2, 0x6f, 0xb2, 0x1, 0xe, 0x18, 0x7, 0xf3,
    0x58, 0x2, 0x4, 0x0, 0x53, 0x9b, 0x6e, 0x20,
    0x4, 0x60, 0x70, 0x1, 0x6b, 0x19, 0x24, 0x79,
    0x83, 0xb0, 0x88, 0x0, 0xa0, 0x1e, 0x1d, 0xa8,
    0x3, 0x0, 0xb8, 0x3, 0xe1, 0x50, 0xf, 0x78,
    0x7, 0xfc, 0x40, 0x13, 0x10, 0x7, 0xfc, 0xc0,
    0x16, 0xc1, 0x80, 0x7f, 0x40, 0x80, 0x4f, 0x9f,
    0x6e, 0x60, 0x1c, 0x3e, 0x60, 0x1c, 0x91, 0x98,
    0x30, 0xc, 0x39, 0x6a, 0x1, 0xe3, 0xc6, 0x0,
    0xe4, 0xaf, 0xc9, 0x50, 0xd, 0x24, 0x1, 0xf1,
    0xb5, 0x72, 0x0, 0x54, 0x1, 0xfe, 0x1a, 0x0,
    0x90, 0x3, 0xfe, 0x13, 0x0, 0x8, 0x7, 0xff,
    0x1, 0xc0, 0x31, 0x69, 0x0, 0x7e, 0x50, 0x3,
    0x26, 0x96, 0x20, 0x7, 0x98, 0x40, 0x7, 0x80,
    0x1, 0xbb, 0x29, 0x92, 0x54, 0x80, 0x53, 0xa,
    0x1, 0x25, 0x66, 0xda, 0x80, 0x50, 0x21, 0x52,
    0x1, 0xfe, 0x97, 0x0, 0x9b, 0xa5, 0x8, 0x0,
    0x29, 0x1c, 0xc0, 0x0,

    /* U+015D "ŝ" */
    0x0, 0xe2, 0x88, 0x8c, 0x3, 0xfb, 0xdd, 0xed,
    0x10, 0xf, 0xa8, 0x80, 0x21, 0xa0, 0xf, 0x2a,
    0x80, 0x14, 0x20, 0x8e, 0x1, 0x8a, 0x80, 0x16,
    0xba, 0x0, 0x83, 0x0, 0xb8, 0x1, 0x48, 0x7,
    0x60, 0xe, 0x0, 0xb8, 0xa5, 0x40, 0x24, 0xa2,
    0xe0, 0x8, 0xb5, 0x80, 0x39, 0x74, 0xc0, 0x3f,
    0xf8, 0xef, 0x9d, 0xfd, 0x8e, 0x20, 0x18, 0xba,
    0xc, 0x40, 0x4e, 0x3d, 0x0, 0x2f, 0x10, 0x8,
    0x84, 0x0, 0x36, 0x80, 0x64, 0x0, 0x7f, 0xde,
    0xc3, 0x5, 0x40, 0x50, 0xa, 0x0, 0x23, 0xc8,
    0xa0, 0x0, 0x80, 0x7f, 0x38, 0x4, 0x40, 0x13,
    0x0, 0x7f, 0x28, 0x5, 0x3b, 0x2c, 0x40, 0x1e,
    0xa0, 0x8, 0x9a, 0x77, 0x9c, 0x3, 0x2e, 0xa8,
    0x7, 0xc, 0x60, 0x6, 0x2a, 0xfc, 0x96, 0x10,
    0x1, 0xb8, 0x7, 0x8d, 0xa7, 0xc4, 0x1, 0x80,
    0x1f, 0xc2, 0xe0, 0x6, 0x0, 0x56, 0x0, 0x78,
    0xc0, 0xc, 0x16, 0xa7, 0xa8, 0x1, 0x2a, 0x80,
    0x6, 0x1a, 0x0, 0x2b, 0xfd, 0xea, 0x0, 0xa4,
    0x1a, 0x84, 0x2, 0x21, 0x0, 0xd, 0x88, 0x1,
    0x7e, 0xc, 0x40, 0x6, 0xfe, 0x80,

    /* U+015E "Ş" */
    0x0, 0xc9, 0x5b, 0xfe, 0xec, 0x83, 0x0, 0xe1,
    0xcb, 0x52, 0x0, 0x9, 0xbe, 0x48, 0x6, 0xc3,
    0x0, 0xfe, 0x6c, 0x0, 0x39, 0x0, 0x6, 0x73,
    0x6d, 0xc4, 0x0, 0x70, 0x14, 0x0, 0x1f, 0x63,
    0x24, 0x8f, 0x30, 0x58, 0x2, 0x0, 0x38, 0x80,
    0x70, 0xe4, 0xd0, 0x8, 0x5, 0xc0, 0x1f, 0x98,
    0x0, 0x20, 0x17, 0x0, 0x7f, 0xf0, 0x4, 0x0,
    0xc4, 0x1, 0xff, 0x30, 0x5, 0xae, 0x40, 0x1f,
    0xd2, 0x20, 0x14, 0x6f, 0x5b, 0x10, 0x7, 0xf,
    0x98, 0x6, 0x14, 0x9d, 0xb3, 0x0, 0xc3, 0x94,
    0x80, 0x1e, 0x4c, 0x50, 0xe, 0x5b, 0xfc, 0x84,
    0x0, 0xd4, 0x40, 0x1f, 0x1b, 0xdf, 0x20, 0x5,
    0x60, 0x1f, 0xe1, 0xa0, 0x9, 0x0, 0x3f, 0xe1,
    0x40, 0x1, 0x80, 0x7f, 0xf0, 0x4, 0x3, 0xd,
    0x90, 0x7, 0xe7, 0x0, 0x19, 0x62, 0x61, 0x80,
    0x79, 0x8, 0x0, 0xf4, 0x40, 0x39, 0x28, 0x20,
    0x4f, 0x60, 0x17, 0x42, 0x0, 0x4d, 0x7d, 0xfb,
    0x0, 0x12, 0xa0, 0x5c, 0x0, 0x7f, 0x96, 0x80,
    0x27, 0xe7, 0x30, 0xc, 0x4b, 0x74, 0x1, 0xc3,
    0x19, 0xe0, 0x7f, 0xb4, 0x80, 0x1f, 0xc4, 0xc,
    0x6a, 0x1, 0xff, 0x9, 0x86, 0x56, 0x0, 0x7f,
    0x8f, 0x2a, 0x40, 0xc4, 0x3, 0xf1, 0x59, 0x8f,
    0x0, 0x7f, 0xdc, 0x99, 0xce, 0x6, 0x20, 0x1f,
    0xb9, 0x44, 0x5, 0xb4, 0x3, 0x0,

    /* U+015F "ş" */
    0x0, 0xcf, 0x9d, 0xfd, 0x8e, 0x20, 0x18, 0xba,
    0xc, 0x40, 0x4e, 0x3d, 0x0, 0x2f, 0x10, 0x8,
    0x84, 0x0, 0x36, 0x80, 0x64, 0x0, 0x6f, 0xde,
    0xc3, 0x5, 0x40, 0x50, 0xa, 0x40, 0x23, 0xc8,
    0xa0, 0x0, 0x80, 0x7f, 0x38, 0x4, 0x40, 0x12,
    0x80, 0x7f, 0x20, 0x5, 0x59, 0xa, 0x20, 0x1c,
    0x32, 0x1, 0x1b, 0xd7, 0x6b, 0x0, 0x66, 0xc4,
    0x0, 0xe2, 0x9b, 0x0, 0xc7, 0x7f, 0x70, 0xa0,
    0x12, 0x30, 0x7, 0x91, 0xeb, 0x84, 0x1, 0xa0,
    0x1f, 0xc2, 0xe0, 0x6, 0x0, 0x45, 0x80, 0x78,
    0xc0, 0x2, 0x14, 0xe9, 0x64, 0x1, 0x1a, 0x80,
    0x14, 0x8, 0x0, 0x9b, 0xab, 0xdc, 0x0, 0xac,
    0x22, 0x0, 0x11, 0x21, 0x0, 0x52, 0x40, 0x7,
    0xd6, 0x20, 0x8, 0x57, 0x18, 0x3, 0x14, 0xeb,
    0x86, 0x75, 0x18, 0x7, 0xe3, 0x0, 0x39, 0x80,
    0x7f, 0x12, 0xfc, 0x62, 0x0, 0x7e, 0x9a, 0xc0,
    0x6, 0x0, 0x7d, 0x4c, 0x26, 0x0, 0xf0, 0xf,
    0x2a, 0xa7, 0xb0, 0x0, 0x80, 0x1e, 0x58, 0x20,
    0x13, 0xb3, 0x0, 0x0,

    /* U+0160 "Š" */
    0x0, 0xc8, 0x1, 0xe2, 0x20, 0x7, 0xd, 0xd9,
    0x80, 0x30, 0xfe, 0x20, 0x6, 0x16, 0x9, 0x50,
    0x0, 0xe1, 0x8, 0x7, 0xbc, 0x1, 0x48, 0x1a,
    0x40, 0xe8, 0x1, 0xc5, 0x40, 0xb, 0xc3, 0x3,
    0x80, 0xf, 0x95, 0x80, 0x6, 0x3, 0xa0, 0x1f,
    0xd2, 0x40, 0x15, 0x8, 0x7, 0xfb, 0x7f, 0xe4,
    0x0, 0xff, 0xe6, 0xa5, 0x6f, 0xfb, 0xb2, 0x8,
    0x3, 0x8b, 0x2d, 0x48, 0x0, 0x26, 0xfb, 0x20,
    0x10, 0xe1, 0x80, 0x7f, 0x35, 0x80, 0x20, 0x40,
    0x5, 0x39, 0xb6, 0xe2, 0x0, 0x46, 0x7, 0x0,
    0x16, 0xb1, 0x92, 0x47, 0x98, 0x3b, 0x8, 0x80,
    0xa, 0x1, 0xe1, 0xda, 0x80, 0x30, 0xb, 0x80,
    0x3e, 0x15, 0x0, 0xf7, 0x80, 0x7f, 0xc4, 0x1,
    0x31, 0x0, 0x7f, 0xcc, 0x1, 0x6c, 0x18, 0x7,
    0xf4, 0x8, 0x4, 0xf9, 0xf6, 0xe6, 0x1, 0xc3,
    0xe6, 0x1, 0xc9, 0x19, 0x83, 0x0, 0xc3, 0x96,
    0xa0, 0x1e, 0x3c, 0x60, 0xe, 0x4a, 0xfc, 0x95,
    0x0, 0xd2, 0x40, 0x1f, 0x1b, 0x57, 0x20, 0x5,
    0x40, 0x1f, 0xe1, 0xa0, 0x9, 0x0, 0x3f, 0xe1,
    0x30, 0x0, 0x80, 0x7f, 0xf0, 0x1c, 0x3, 0x16,
    0x90, 0x7, 0xe5, 0x0, 0x32, 0x69, 0x62, 0x0,
    0x79, 0x84, 0x0, 0x78, 0x0, 0x1b, 0xb2, 0x99,
    0x25, 0x48, 0x5, 0x30, 0xa0, 0x12, 0x56, 0x6d,
    0xa8, 0x5, 0x2, 0x15, 0x20, 0x1f, 0xe9, 0x70,
    0x9, 0xba, 0x50, 0x80, 0x2, 0x91, 0xcc, 0x0,

    /* U+0161 "š" */
    0x0, 0xd, 0xa0, 0x7, 0x1e, 0x10, 0x5, 0xa9,
    0x66, 0x1, 0x16, 0x9f, 0x80, 0x5e, 0x0, 0xc3,
    0x2, 0xc1, 0x9, 0x0, 0x8e, 0x40, 0x1a, 0x98,
    0x20, 0xe8, 0x1, 0x99, 0x40, 0x6c, 0x41, 0x20,
    0x3, 0xd4, 0x40, 0x10, 0xd0, 0x7, 0xef, 0x77,
    0xb4, 0x40, 0x3f, 0x14, 0x44, 0x60, 0x1f, 0xfc,
    0xa7, 0xce, 0xfe, 0xc7, 0x10, 0xc, 0x5d, 0x6,
    0x20, 0x27, 0x1e, 0x80, 0x17, 0x88, 0x4, 0x42,
    0x0, 0x1b, 0x40, 0x32, 0x0, 0x3f, 0xef, 0x61,
    0x82, 0xa0, 0x28, 0x5, 0x0, 0x11, 0xe4, 0x50,
    0x0, 0x40, 0x3f, 0x9c, 0x2, 0x20, 0x9, 0x80,
    0x3f, 0x94, 0x2, 0x9d, 0x96, 0x20, 0xf, 0x50,
    0x4, 0x4d, 0x3b, 0xce, 0x1, 0x97, 0x54, 0x3,
    0x86, 0x30, 0x3, 0x15, 0x7e, 0x4b, 0x8, 0x0,
    0xdc, 0x3, 0xc6, 0xd3, 0xe2, 0x0, 0xc0, 0xf,
    0xe1, 0x70, 0x3, 0x0, 0x2b, 0x0, 0x3c, 0x60,
    0x6, 0xb, 0x53, 0xd4, 0x0, 0x95, 0x40, 0x3,
    0xd, 0x0, 0x15, 0xfe, 0xf5, 0x0, 0x52, 0xd,
    0x42, 0x1, 0x10, 0x80, 0x6, 0xc4, 0x0, 0xbf,
    0x6, 0x20, 0x3, 0x7f, 0x40,

    /* U+0162 "Ţ" */
    0x3f, 0xff, 0xfe, 0x20, 0x7, 0xff, 0x58, 0xf7,
    0x7c, 0x20, 0x4, 0xdd, 0xf0, 0x11, 0x78, 0x2,
    0x12, 0x2f, 0x0, 0x7f, 0xff, 0xc0, 0x3f, 0xff,
    0xe0, 0x1f, 0xff, 0xf0, 0xf, 0xff, 0xf8, 0x7,
    0xff, 0x4b, 0x1, 0x68, 0x3, 0xff, 0x82, 0xe1,
    0xa8, 0x60, 0x1f, 0xfc, 0x13, 0xcb, 0xc8, 0x0,
    0xff, 0x97, 0x2d, 0x81, 0x80, 0x3f, 0xc9, 0x24,
    0x24, 0x1, 0xff, 0xc0, 0xa6, 0xde, 0x40, 0x70,
    0xf, 0xf6, 0xa0, 0x0, 0x9e, 0x40, 0x30,

    /* U+0163 "ţ" */
    0x0, 0x8e, 0x20, 0xa0, 0x1f, 0x23, 0xbb, 0x80,
    0x3f, 0xfa, 0x38, 0x1, 0xf1, 0xff, 0x90, 0x0,
    0x9f, 0xf0, 0x7, 0xff, 0x4, 0x44, 0x1, 0x84,
    0x60, 0x3e, 0xe1, 0x80, 0x13, 0xba, 0x0, 0xff,
    0xff, 0x80, 0x7f, 0xf9, 0x98, 0x0, 0x9d, 0xcb,
    0x0, 0xde, 0x1, 0x8, 0x9c, 0x3, 0x2c, 0x10,
    0x7, 0xf3, 0xc0, 0x4f, 0xe0, 0x7, 0xb4, 0x9,
    0x8, 0x3, 0xe3, 0x8b, 0xd5, 0x0, 0xe8, 0xcc,
    0x10, 0x78, 0x6, 0x87, 0x12, 0x30, 0xe, 0x37,
    0x8e, 0xd1, 0xf, 0x0, 0x8e, 0x4c, 0x0, 0x72,
    0xa0,

    /* U+0164 "Ť" */
    0x0, 0xcf, 0x20, 0x1e, 0xb5, 0x0, 0xf3, 0x43,
    0x48, 0x6, 0xb4, 0xa3, 0x0, 0xe6, 0x30, 0x68,
    0x0, 0x52, 0x3, 0x18, 0x7, 0xb4, 0x41, 0xdd,
    0x2a, 0x5, 0x20, 0x1f, 0xd, 0x0, 0x21, 0x80,
    0x1e, 0x1, 0xfc, 0x8e, 0x1, 0xa8, 0x80, 0x3f,
    0xd1, 0x7, 0x74, 0xa8, 0x7, 0xff, 0x1, 0xe2,
    0xc, 0x1, 0xe3, 0xff, 0xff, 0xe2, 0x0, 0x7f,
    0xf5, 0x8f, 0x77, 0xc2, 0x0, 0x4d, 0xdf, 0x1,
    0x17, 0x80, 0x21, 0x22, 0xf0, 0x7, 0xff, 0xfc,
    0x3, 0xff, 0xfe, 0x1, 0xff, 0xff, 0x0, 0xff,
    0xff, 0x80, 0x7f, 0xf2, 0xc0,

    /* U+0165 "ť" */
    0x0, 0xfc, 0x5f, 0xf3, 0x80, 0x7e, 0x10, 0x9,
    0x40, 0x3f, 0xe1, 0x20, 0x8, 0x99, 0x88, 0xe,
    0x0, 0x70, 0xc, 0xb3, 0x2f, 0x0, 0xd8, 0x1,
    0xfc, 0x20, 0x4, 0x0, 0xfe, 0x14, 0x61, 0x0,
    0xd8, 0x1, 0x92, 0xe4, 0x0, 0x7f, 0xe4, 0x0,
    0x27, 0xfc, 0x1, 0xff, 0xc5, 0x11, 0x0, 0x61,
    0x18, 0x2, 0x3e, 0xe1, 0x80, 0x13, 0xba, 0x0,
    0xff, 0xff, 0x80, 0x7f, 0xff, 0x98, 0x0, 0x9d,
    0xcb, 0x0, 0xf7, 0x80, 0x42, 0x27, 0x0, 0xf2,
    0xc1, 0x0, 0x7c,

    /* U+0166 "Ŧ" */
    0x3f, 0xff, 0xfe, 0x20, 0x7, 0xff, 0x58, 0xf7,
    0x7c, 0x20, 0x4, 0xdd, 0xf0, 0x11, 0x78, 0x2,
    0x12, 0x2f, 0x0, 0x7f, 0xff, 0xc0, 0x3f, 0xf8,
    0x9, 0x77, 0x84, 0x0, 0x97, 0x78, 0x40, 0x22,
    0x44, 0xc0, 0x10, 0xa2, 0x63, 0x0, 0xff, 0xe4,
    0x37, 0xfe, 0x10, 0x2, 0xff, 0xe2, 0x0, 0xff,
    0xff, 0x80, 0x7f, 0xff, 0xc0, 0x3f, 0xf9, 0x20,

    /* U+0167 "ŧ" */
    0x0, 0x8e, 0x20, 0xa0, 0x1f, 0x23, 0xbb, 0x80,
    0x3f, 0xfa, 0x38, 0x1, 0xf1, 0xff, 0x90, 0x0,
    0x9f, 0xf0, 0x7, 0xff, 0x4, 0x44, 0x1, 0x84,
    0x60, 0x3e, 0xe1, 0x80, 0x13, 0xba, 0x0, 0xff,
    0xeb, 0x9a, 0x8, 0x1, 0x91, 0x4, 0x0, 0x9b,
    0x20, 0x1, 0x5d, 0xc0, 0x1f, 0xfc, 0x1a, 0xf3,
    0x0, 0x27, 0xfa, 0x40, 0x3f, 0xfc, 0x8c, 0x0,
    0x4e, 0xe5, 0x80, 0x6f, 0x0, 0x84, 0x4e, 0x1,
    0x96, 0x8, 0x3, 0x80,

    /* U+0168 "Ũ" */
    0x0, 0xcf, 0xdc, 0xb2, 0x0, 0xff, 0xa2, 0x2,
    0x24, 0xd8, 0x12, 0xc3, 0x0, 0xf1, 0x1, 0xa0,
    0x1, 0xfb, 0x4f, 0xc0, 0x3d, 0x53, 0x97, 0xa8,
    0x1, 0xbc, 0x3, 0xe6, 0x0, 0x15, 0xd9, 0xe3,
    0x4c, 0x3, 0xff, 0x80, 0x90, 0xe4, 0x1, 0xff,
    0xc9, 0x9f, 0xf8, 0x3, 0xfb, 0xfe, 0x90, 0xf,
    0xff, 0xf8, 0x7, 0xff, 0xfc, 0x3, 0xff, 0xfe,
    0x1, 0xff, 0xc1, 0x10, 0xf, 0xfe, 0x18, 0x80,
    0x61, 0x0, 0xf8, 0x40, 0x37, 0x0, 0x44, 0x1,
    0xf1, 0x0, 0x5c, 0xa0, 0x15, 0x80, 0x7d, 0x60,
    0x12, 0x98, 0x80, 0x18, 0x80, 0x38, 0x9c, 0x0,
    0x26, 0xc, 0x0, 0x1c, 0x84, 0x34, 0x8c, 0x0,
    0x9c, 0x1, 0x2, 0x0, 0x17, 0xbc, 0xb7, 0x10,
    0x0, 0xc0, 0x5, 0x84, 0x1, 0xfc, 0x58, 0x20,
    0x11, 0x6d, 0x29, 0x0, 0x44, 0xb5, 0xa4, 0x0,

    /* U+0169 "ũ" */
    0x0, 0x3e, 0xff, 0x52, 0x88, 0x21, 0x0, 0x4d,
    0x4, 0x2, 0xb5, 0xdf, 0x7c, 0x1, 0x31, 0x99,
    0x4c, 0x3, 0x88, 0x40, 0x2c, 0xc5, 0x67, 0x53,
    0xb4, 0xf0, 0x80, 0x7c, 0x2b, 0x12, 0xc0, 0x1f,
    0xfd, 0x3d, 0xff, 0x50, 0x7, 0xbf, 0xe7, 0x0,
    0xff, 0xff, 0x80, 0x7f, 0xfe, 0x4, 0x3, 0xfc,
    0x20, 0x6, 0x0, 0xe2, 0x0, 0xcc, 0x0, 0x22,
    0x0, 0x6a, 0x0, 0xda, 0x1, 0x79, 0x80, 0xc2,
    0x80, 0x66, 0x0, 0x8b, 0x3f, 0x9f, 0x80, 0x30,
    0xc8, 0x7, 0x9c, 0xc0, 0x39, 0xad, 0x0, 0x7,
    0x50, 0x1, 0xc0,

    /* U+016A "Ū" */
    0x0, 0xdf, 0xff, 0xc0, 0x1f, 0xfc, 0xd4, 0x4f,
    0xe0, 0xf, 0xd7, 0x7f, 0xc0, 0x1f, 0xfd, 0xa9,
    0xff, 0x80, 0x3f, 0xbf, 0xe9, 0x0, 0xff, 0xff,
    0x80, 0x7f, 0xff, 0xc0, 0x3f, 0xff, 0xe0, 0x1f,
    0xfc, 0x11, 0x0, 0xff, 0xe1, 0x88, 0x6, 0x10,
    0xf, 0x84, 0x3, 0x70, 0x4, 0x40, 0x1f, 0x10,
    0x5, 0xca, 0x1, 0x58, 0x7, 0xd6, 0x1, 0x29,
    0x88, 0x1, 0x88, 0x3, 0x89, 0xc0, 0x2, 0x60,
    0xc0, 0x1, 0xc8, 0x43, 0x48, 0xc0, 0x9, 0xc0,
    0x10, 0x20, 0x1, 0x7b, 0xcb, 0x71, 0x0, 0xc,
    0x0, 0x58, 0x40, 0x1f, 0xc5, 0x82, 0x1, 0x16,
    0xd2, 0x90, 0x4, 0x4b, 0x5a, 0x40, 0x0,

    /* U+016B "ū" */
    0x0, 0x35, 0xdf, 0xe4, 0x0, 0xde, 0x89, 0xf8,
    0x40, 0x3f, 0xf8, 0xd3, 0xff, 0xf9, 0x40, 0x3f,
    0xfc, 0x1b, 0xfe, 0xa0, 0xf, 0x7f, 0xce, 0x1,
    0xff, 0xff, 0x0, 0xff, 0xfc, 0x8, 0x7, 0xf8,
    0x40, 0xc, 0x1, 0xc4, 0x1, 0x98, 0x0, 0x44,
    0x0, 0xd4, 0x1, 0xb4, 0x2, 0xf3, 0x1, 0x85,
    0x0, 0xcc, 0x1, 0x16, 0x7f, 0x3f, 0x0, 0x61,
    0x90, 0xf, 0x39, 0x80, 0x73, 0x5a, 0x0, 0xe,
    0xa0, 0x3, 0x80,

    /* U+016C "Ŭ" */
    0x0, 0x86, 0x50, 0x3, 0x92, 0x44, 0x3, 0xd6,
    0xd2, 0x1, 0xd0, 0xd6, 0x1, 0xee, 0x2, 0x80,
    0x9, 0xcc, 0x38, 0x3, 0xc8, 0x60, 0xf9, 0x39,
    0x0, 0x68, 0x1, 0xf7, 0x8, 0x1b, 0x18, 0xf,
    0x0, 0x7e, 0x2c, 0x52, 0x2, 0x6f, 0x20, 0xf,
    0xe2, 0xad, 0xfd, 0x91, 0x0, 0xff, 0xe5, 0x4f,
    0xfc, 0x1, 0xfd, 0xff, 0x48, 0x7, 0xff, 0xfc,
    0x3, 0xff, 0xfe, 0x1, 0xff, 0xff, 0x0, 0xff,
    0xe0, 0x88, 0x7, 0xff, 0xc, 0x40, 0x30, 0x80,
    0x7c, 0x20, 0x1b, 0x80, 0x22, 0x0, 0xf8, 0x80,
    0x2e, 0x50, 0xa, 0xc0, 0x3e, 0xb0, 0x9, 0x4c,
    0x40, 0xc, 0x40, 0x1c, 0x4e, 0x0, 0x13, 0x6,
    0x0, 0xe, 0x42, 0x1a, 0x46, 0x0, 0x4e, 0x0,
    0x81, 0x0, 0xb, 0xde, 0x5b, 0x88, 0x0, 0x60,
    0x2, 0xc2, 0x0, 0xfe, 0x2c, 0x10, 0x8, 0xb6,
    0x94, 0x80, 0x22, 0x5a, 0xd2, 0x0, 0x0,

    /* U+016D "ŭ" */
    0x0, 0x84, 0x3, 0xc2, 0x1, 0x8f, 0x70, 0x3,
    0x8b, 0xac, 0x40, 0x2, 0x44, 0x70, 0xd, 0x20,
    0xa2, 0x0, 0x24, 0x8, 0x60, 0x19, 0x40, 0x90,
    0xd, 0x20, 0x9, 0xfe, 0x60, 0x27, 0x0, 0xc5,
    0x40, 0x1c, 0x5e, 0x1, 0xe5, 0xe9, 0x78, 0xad,
    0x20, 0xf, 0x85, 0xa1, 0xd4, 0x3, 0xff, 0x8f,
    0xbf, 0xea, 0x0, 0xf7, 0xfc, 0xe0, 0x1f, 0xff,
    0xf0, 0xf, 0xff, 0xc0, 0x80, 0x7f, 0x84, 0x0,
    0xc0, 0x1c, 0x40, 0x19, 0x80, 0x4, 0x40, 0xd,
    0x40, 0x1b, 0x40, 0x2f, 0x30, 0x18, 0x50, 0xc,
    0xc0, 0x11, 0x67, 0xf3, 0xf0, 0x6, 0x19, 0x0,
    0xf3, 0x98, 0x7, 0x35, 0xa0, 0x0, 0xea, 0x0,
    0x38,

    /* U+016E "Ů" */
    0x0, 0xf3, 0xef, 0x6b, 0x80, 0x7f, 0xd7, 0x4,
    0x25, 0x16, 0x1, 0xfc, 0xa8, 0x17, 0xf6, 0x8,
    0xa0, 0x1f, 0xb0, 0x11, 0x0, 0x88, 0xc, 0x0,
    0xfc, 0x60, 0x1f, 0x10, 0x7, 0xe3, 0x0, 0xf8,
    0x80, 0x3f, 0x60, 0x22, 0x1, 0x10, 0x18, 0x1,
    0xf9, 0x50, 0x2f, 0xec, 0x11, 0x40, 0x3f, 0xad,
    0xc8, 0x49, 0xec, 0x3, 0xfe, 0x8d, 0xed, 0x80,
    0xf, 0x4f, 0xfc, 0x1, 0xfd, 0xff, 0x48, 0x7,
    0xff, 0xfc, 0x3, 0xff, 0xfe, 0x1, 0xff, 0xff,
    0x0, 0xff, 0xe0, 0x88, 0x7, 0xff, 0xc, 0x40,
    0x30, 0x80, 0x7c, 0x20, 0x1b, 0x80, 0x22, 0x0,
    0xf8, 0x80, 0x2e, 0x50, 0xa, 0xc0, 0x3e, 0xb0,
    0x9, 0x4c, 0x40, 0xc, 0x40, 0x1c, 0x4e, 0x0,
    0x13, 0x6, 0x0, 0xe, 0x42, 0x1a, 0x46, 0x0,
    0x4e, 0x0, 0x81, 0x0, 0xb, 0xde, 0x5b, 0x88,
    0x0, 0x60, 0x2, 0xc2, 0x0, 0xfe, 0x2c, 0x10,
    0x8, 0xb6, 0x94, 0x80, 0x22, 0x5a, 0xd2, 0x0,
    0x0,

    /* U+016F "ů" */
    0x0, 0xcd, 0xbf, 0xeb, 0x40, 0xf, 0xa2, 0x48,
    0x0, 0x96, 0x80, 0x1c, 0x2e, 0x11, 0xfe, 0x50,
    0x90, 0xe, 0x50, 0x3, 0x0, 0x3c, 0x8, 0x3,
    0xff, 0x8e, 0xa0, 0x6, 0x0, 0x70, 0x10, 0x7,
    0xb, 0x84, 0x7f, 0x90, 0x24, 0x3, 0xd1, 0x24,
    0x0, 0x4b, 0x40, 0xf, 0x9b, 0x7f, 0xd6, 0x80,
    0x1f, 0xfc, 0x6d, 0xff, 0x50, 0x7, 0xbf, 0xe7,
    0x0, 0xff, 0xff, 0x80, 0x7f, 0xfe, 0x4, 0x3,
    0xfc, 0x20, 0x6, 0x0, 0xe2, 0x0, 0xcc, 0x0,
    0x22, 0x0, 0x6a, 0x0, 0xda, 0x1, 0x79, 0x80,
    0xc2, 0x80, 0x66, 0x0, 0x8b, 0x3f, 0x9f, 0x80,
    0x30, 0xc8, 0x7, 0x9c, 0xc0, 0x39, 0xad, 0x0,
    0x7, 0x50, 0x1, 0xc0,

    /* U+0170 "Ű" */
    0x0, 0xf2, 0x40, 0x80, 0x50, 0xa0, 0x1f, 0xd0,
    0xfc, 0xc0, 0x4f, 0x5a, 0x20, 0x1e, 0x33, 0x0,
    0x10, 0x20, 0x0, 0xc2, 0x1, 0xe8, 0x0, 0x41,
    0xa, 0x80, 0x24, 0x3, 0xc4, 0x80, 0x6e, 0x10,
    0x0, 0x92, 0x0, 0xf4, 0x0, 0x38, 0x5, 0x80,
    0xd8, 0x3, 0xed, 0x8, 0x20, 0x34, 0xe, 0x0,
    0xfc, 0xfc, 0xe0, 0x2, 0xbe, 0x20, 0xf, 0xe1,
    0x0, 0xe1, 0x0, 0xe9, 0xff, 0x80, 0x3f, 0xbf,
    0xe9, 0x0, 0xff, 0xff, 0x80, 0x7f, 0xff, 0xc0,
    0x3f, 0xff, 0xe0, 0x1f, 0xfc, 0x11, 0x0, 0xff,
    0xe1, 0x88, 0x6, 0x10, 0xf, 0x84, 0x3, 0x70,
    0x4, 0x40, 0x1f, 0x10, 0x5, 0xca, 0x1, 0x58,
    0x7, 0xd6, 0x1, 0x29, 0x88, 0x1, 0x88, 0x3,
    0x89, 0xc0, 0x2, 0x60, 0xc0, 0x1, 0xc8, 0x43,
    0x48, 0xc0, 0x9, 0xc0, 0x10, 0x20, 0x1, 0x7b,
    0xcb, 0x71, 0x0, 0xc, 0x0, 0x58, 0x40, 0x1f,
    0xc5, 0x82, 0x1, 0x16, 0xd2, 0x90, 0x4, 0x4b,
    0x5a, 0x40, 0x0,

    /* U+0171 "ű" */
    0x0, 0xe1, 0x0, 0xff, 0xe0, 0xf, 0x48, 0x80,
    0x1f, 0x98, 0x3, 0xa0, 0x1b, 0x0, 0x12, 0x32,
    0xe0, 0x10, 0xb0, 0x2, 0x41, 0x84, 0x9, 0xc0,
    0x29, 0x0, 0x32, 0x4, 0x0, 0x38, 0x3, 0x30,
    0xc, 0x83, 0x8, 0x39, 0x80, 0x4c, 0x21, 0x40,
    0xb, 0x2, 0x80, 0xc, 0xd0, 0xe8, 0x0, 0xf5,
    0xe0, 0xf, 0x3c, 0x0, 0x45, 0x46, 0x1, 0xff,
    0xc5, 0xdf, 0xf5, 0x0, 0x7b, 0xfe, 0x70, 0xf,
    0xff, 0xf8, 0x7, 0xff, 0xe0, 0x40, 0x3f, 0xc2,
    0x0, 0x60, 0xe, 0x20, 0xc, 0xc0, 0x2, 0x20,
    0x6, 0xa0, 0xd, 0xa0, 0x17, 0x98, 0xc, 0x28,
    0x6, 0x60, 0x8, 0xb3, 0xf9, 0xf8, 0x3, 0xc,
    0x80, 0x79, 0xcc, 0x3, 0x9a, 0xd0, 0x0, 0x75,
    0x0, 0x1c,

    /* U+0172 "Ų" */
    0x9f, 0xf8, 0x3, 0xfb, 0xfe, 0x90, 0xf, 0xff,
    0xf8, 0x7, 0xff, 0xfc, 0x3, 0xff, 0xfe, 0x1,
    0xff, 0xc1, 0x10, 0xf, 0xfe, 0x18, 0x80, 0x61,
    0x0, 0xf8, 0x40, 0x2f, 0xe0, 0x8, 0x80, 0x3e,
    0x20, 0x8, 0x54, 0x2, 0xb0, 0xf, 0xac, 0x2,
    0x53, 0x10, 0x3, 0x10, 0x7, 0x13, 0x80, 0x46,
    0xc, 0x0, 0x1c, 0x84, 0x34, 0x8c, 0x0, 0x98,
    0x1, 0x2, 0x0, 0x17, 0xbc, 0xb7, 0x10, 0x0,
    0xc0, 0x5, 0xe4, 0x1, 0xfe, 0xa1, 0x0, 0x87,
    0x69, 0x48, 0x0, 0x26, 0x21, 0x48, 0x1, 0xe5,
    0xad, 0xff, 0x72, 0xd, 0xa8, 0x7, 0xfc, 0x38,
    0xf6, 0x80, 0x1f, 0xfc, 0xc, 0x37, 0x40, 0xf,
    0xfe, 0x2, 0x90, 0x50, 0x7, 0xff, 0x4, 0x80,
    0xe, 0x50, 0x80, 0x1f, 0xe4, 0x0, 0x56, 0xbd,
    0x0, 0x7f, 0x8e, 0x8c, 0x0, 0xb8, 0x1, 0x0,

    /* U+0173 "ų" */
    0xdf, 0xf5, 0x0, 0x7b, 0xfe, 0x70, 0xf, 0xff,
    0xf8, 0x7, 0xff, 0xfc, 0x3, 0x8, 0x7, 0xfc,
    0x20, 0x6, 0x0, 0xe2, 0x0, 0xe6, 0x0, 0x11,
    0x0, 0x35, 0x0, 0x76, 0x80, 0x5e, 0x60, 0x30,
    0xa0, 0x1c, 0xc0, 0x11, 0x67, 0xf3, 0xf0, 0x7,
    0xc, 0x80, 0x79, 0xcc, 0x3, 0xcd, 0x68, 0x0,
    0x3a, 0x80, 0xf, 0xc9, 0x7f, 0xec, 0x50, 0x7,
    0x2a, 0x98, 0x3, 0xfc, 0xfd, 0xb4, 0x20, 0x1f,
    0xd5, 0xc, 0xe0, 0x1f, 0xe4, 0x50, 0xb0, 0xf,
    0xf8, 0xc0, 0x8, 0x30, 0x80, 0x1f, 0x90, 0x1,
    0x3c, 0xf4, 0x1, 0xf8, 0xe8, 0xc0, 0x9, 0x80,

    /* U+0174 "Ŵ" */
    0x0, 0xff, 0xe0, 0x67, 0xfc, 0xa0, 0x1f, 0xfc,
    0xa9, 0x30, 0xa, 0x8c, 0x3, 0xff, 0x90, 0xcc,
    0x0, 0x20, 0x3, 0x84, 0x3, 0xff, 0x8c, 0x72,
    0x0, 0xbb, 0x28, 0x15, 0x0, 0x7f, 0xf1, 0x47,
    0x80, 0x16, 0x81, 0x4a, 0x8, 0xe0, 0x1f, 0xfc,
    0x41, 0xa0, 0xb4, 0x0, 0xa9, 0x9, 0x40, 0x3f,
    0xf8, 0xaf, 0xc8, 0x1, 0xd7, 0xa4, 0x1, 0xff,
    0xc6, 0x10, 0xf, 0xfe, 0x29, 0x7f, 0xd0, 0x1,
    0xf7, 0xfe, 0xa0, 0xf, 0xb7, 0xfd, 0x64, 0x20,
    0x3, 0x0, 0xf1, 0x0, 0x67, 0x0, 0xf8, 0x80,
    0x18, 0xa, 0x0, 0x50, 0xf, 0x38, 0x6, 0x20,
    0xf, 0x18, 0x4, 0x60, 0x60, 0x1, 0x10, 0x7,
    0x60, 0x0, 0x80, 0x8, 0x1, 0xca, 0x1, 0x20,
    0x60, 0x4, 0xa0, 0x1c, 0xa0, 0xb, 0x0, 0x18,
    0x7, 0x78, 0x0, 0x80, 0xa, 0x1, 0x18, 0x7,
    0x18, 0x11, 0x0, 0x1a, 0x1, 0xca, 0x0, 0x40,
    0x0, 0x88, 0x1, 0xa0, 0x18, 0xc0, 0xc, 0xc0,
    0x3, 0x80, 0x71, 0x80, 0x3c, 0x2, 0x40, 0x3,
    0x80, 0x65, 0x0, 0x19, 0x0, 0x8, 0x40, 0x22,
    0x0, 0x90, 0x2, 0xd0, 0x1, 0x0, 0x6f, 0x0,
    0x70, 0x10, 0x1, 0x40, 0x27, 0x0, 0x88, 0x2,
    0x30, 0x8, 0xc0, 0x25, 0x0, 0x10, 0x30, 0x0,
    0xc0, 0x2d, 0x0, 0x18, 0x6, 0x40, 0x9, 0x40,
    0x23, 0x0, 0x20, 0x60, 0x3, 0x0, 0x23, 0x0,
    0x20, 0x7, 0x10, 0x3, 0xc0, 0x6, 0x0, 0x20,
    0x1, 0x80, 0x14, 0x2, 0x50, 0x6, 0x80, 0x73,
    0x80, 0x14, 0x0, 0xa0, 0x4, 0x0, 0x28, 0x0,
    0x44, 0x2, 0x20, 0x2, 0x0, 0x76, 0x0, 0xc,
    0x1, 0x80, 0xf, 0x0, 0x9, 0x0, 0x14, 0x14,
    0x0, 0x22, 0x0, 0xe5, 0x0, 0x88, 0x1c, 0x0,
    0x80, 0x13, 0x80, 0x30, 0xc, 0x0, 0x80, 0x1e,
    0x30, 0x9, 0xc0, 0x80, 0x4, 0x1, 0x68, 0x0,
    0x83, 0x40, 0x1a, 0x1, 0xf1, 0x80, 0x8, 0x40,
    0x8, 0x1, 0x8c, 0x0, 0xc0, 0xc0, 0x4, 0x0,
    0xf9, 0x40, 0x1c, 0x40, 0x3, 0x0, 0xc8, 0x0,
    0x20, 0x20, 0x1, 0x80, 0x7d, 0xe0, 0x2, 0x50,
    0x6, 0x0, 0x71, 0x0, 0x8c, 0x6, 0x1, 0xf9,
    0x0, 0xd, 0xc0, 0x5, 0x0, 0xe7, 0x0, 0x38,
    0x1, 0x40, 0x3f, 0x10, 0x0, 0x98, 0x4, 0x40,
    0x1d, 0x80, 0x8, 0x0, 0x60, 0x7, 0xf2, 0x0,
    0x4, 0x10, 0x3, 0xca, 0x0, 0x10, 0x3, 0x80,
    0x7f, 0x18, 0x6, 0xd0, 0xf, 0x18, 0x6, 0x12,
    0x0, 0xfe, 0xd0, 0xc, 0x80, 0x1f, 0x18, 0x4,
    0xa0, 0x1c,

    /* U+0175 "ŵ" */
    0x0, 0xff, 0x24, 0x44, 0x20, 0x1f, 0xfc, 0x62,
    0xb7, 0x7b, 0x40, 0x3f, 0xf8, 0xde, 0x1, 0x8e,
    0x40, 0x3f, 0xf8, 0x94, 0x40, 0x78, 0x20, 0xca,
    0x1, 0xff, 0xc2, 0x75, 0x3, 0xc3, 0xd0, 0x5,
    0x10, 0x7, 0xff, 0x6, 0x40, 0xb4, 0x0, 0x78,
    0x0, 0xb0, 0xf, 0xfe, 0xf, 0xb6, 0x8, 0x4,
    0x76, 0xf2, 0x1, 0xff, 0xc1, 0x19, 0x10, 0xe,
    0x48, 0x0, 0xff, 0xe9, 0x97, 0xfc, 0x60, 0x1d,
    0x3f, 0xf2, 0x80, 0x73, 0x7f, 0xb4, 0x84, 0x0,
    0xa0, 0x1c, 0xa0, 0x16, 0x0, 0x76, 0x0, 0x10,
    0x14, 0x1, 0x80, 0x1c, 0x60, 0x12, 0x80, 0x73,
    0x80, 0x30, 0x30, 0x0, 0xe0, 0x19, 0x0, 0xa,
    0x6, 0x1, 0x84, 0x80, 0x8, 0x8, 0x0, 0x20,
    0xc, 0x60, 0xe, 0x0, 0x20, 0x4, 0xa0, 0x2,
    0x10, 0x30, 0x9, 0x0, 0x2c, 0x3, 0x50, 0x6,
    0x0, 0x58, 0x0, 0x70, 0x9, 0x0, 0x6, 0x1,
    0x20, 0x28, 0x80, 0xc, 0x2, 0x30, 0x6, 0x0,
    0x46, 0x0, 0xc0, 0x1, 0x80, 0x38, 0xc, 0x10,
    0x2, 0x50, 0x2, 0x0, 0x58, 0x0, 0x50, 0x2,
    0x80, 0xc, 0x14, 0x0, 0x60, 0x42, 0x2, 0x40,
    0x12, 0x0, 0x4, 0x1, 0xe0, 0x5, 0xf, 0x0,
    0x28, 0x30, 0x1, 0x40, 0x38, 0xc0, 0x6, 0xa,
    0x4, 0x20, 0xa0, 0xf, 0x3, 0x0, 0x60, 0x7,
    0x28, 0x1, 0x40, 0xc1, 0x0, 0x6, 0x0, 0x50,
    0xd0, 0x2, 0x0, 0x76, 0x0, 0x38, 0xc0, 0x18,
    0x1, 0x20, 0x18, 0x30, 0x0, 0xc0, 0x39, 0x0,
    0x6, 0xa0, 0x7, 0x0, 0xb0, 0x0, 0x46, 0x8,
    0x1, 0xe1, 0x20, 0x5c, 0x1, 0x20, 0x8, 0xc0,
    0x14, 0x0, 0x30, 0xf, 0x90, 0x5, 0x41, 0x0,
    0x32, 0x0, 0x1c, 0x1, 0x80, 0x1f, 0x78, 0x6,
    0xc0, 0xe, 0x30, 0xc, 0x80, 0x1f, 0x20, 0x6,
    0x50, 0xe, 0x40, 0x8, 0xc0, 0x30,

    /* U+0176 "Ŷ" */
    0x0, 0xfa, 0xbf, 0xe8, 0x0, 0xff, 0xe0, 0xb2,
    0x80, 0x4e, 0xa0, 0x1f, 0xf1, 0xc8, 0x1, 0x40,
    0x14, 0x40, 0x1f, 0xc3, 0xa0, 0x9, 0xa8, 0x0,
    0x78, 0x7, 0xf6, 0x88, 0x4b, 0x3, 0xb8, 0xa,
    0x80, 0x3f, 0x48, 0x43, 0x0, 0x50, 0xe3, 0xc0,
    0x1f, 0x97, 0x9c, 0x3, 0xa3, 0xd0, 0x3, 0xf8,
    0x40, 0x3e, 0x10, 0xe, 0x7f, 0xfa, 0x0, 0x3f,
    0xab, 0xfe, 0x47, 0x10, 0x3, 0x80, 0x7e, 0x25,
    0x0, 0x1a, 0x3, 0x0, 0x4e, 0x1, 0xf5, 0x80,
    0x50, 0x0, 0x90, 0xa, 0x40, 0x3e, 0x60, 0x1,
    0xa0, 0x0, 0x5c, 0x0, 0x2a, 0x1, 0xce, 0x1,
    0x48, 0x6, 0x90, 0xa, 0x40, 0x3a, 0x40, 0x4,
    0xa0, 0x18, 0x5c, 0x0, 0x66, 0x0, 0x94, 0x40,
    0x10, 0x1, 0xe9, 0x0, 0xa0, 0x2, 0x90, 0x1,
    0x28, 0x7, 0x85, 0xc0, 0x8, 0x40, 0x66, 0x0,
    0x40, 0x7, 0xe9, 0x0, 0xac, 0x24, 0x0, 0x4a,
    0x1, 0xf8, 0x5c, 0x0, 0xc6, 0xa0, 0x8, 0x0,
    0xff, 0x48, 0x5, 0x80, 0x2, 0x50, 0xf, 0xf0,
    0xb8, 0x7, 0x58, 0x7, 0xff, 0x2, 0x40, 0x31,
    0x30, 0x7, 0xff, 0x0, 0x58, 0x2, 0xb0, 0xf,
    0xfe, 0x17, 0x80, 0x4a, 0x1, 0xff, 0xff, 0x0,
    0xff, 0xff, 0x80, 0x7f, 0x0,

    /* U+0177 "ŷ" */
    0x0, 0xe2, 0xef, 0xf8, 0x80, 0x3f, 0xde, 0x20,
    0x17, 0x88, 0x7, 0xeb, 0x20, 0x34, 0x2, 0xa0,
    0xf, 0xa1, 0x0, 0xf2, 0xd0, 0x12, 0x40, 0x39,
    0x1c, 0x13, 0x0, 0x16, 0x80, 0xc8, 0x1, 0x92,
    0x56, 0xc0, 0x35, 0xac, 0x20, 0x7, 0x35, 0x0,
    0x7a, 0x9c, 0x3, 0xff, 0x8e, 0xff, 0xf0, 0x80,
    0x78, 0x7f, 0xe5, 0x50, 0x4, 0x80, 0x1e, 0x70,
    0x9, 0x48, 0x80, 0xf, 0x0, 0xf6, 0x0, 0x10,
    0x0, 0xa0, 0x4, 0x0, 0xf2, 0x0, 0x34, 0x1,
    0x60, 0x1, 0x30, 0xc, 0x62, 0x0, 0x70, 0x1,
    0x88, 0x1, 0x0, 0x32, 0x0, 0xc, 0x40, 0x24,
    0x0, 0x58, 0x6, 0xb0, 0x5, 0x80, 0x6f, 0x0,
    0x18, 0x6, 0x30, 0x2, 0x80, 0x65, 0x0, 0x90,
    0x0, 0x80, 0x1, 0x20, 0xe, 0x40, 0x6, 0x80,
    0x34, 0x0, 0xe0, 0x1e, 0xd0, 0x2, 0x80, 0x14,
    0x1, 0xa0, 0x1e, 0x70, 0x1, 0x80, 0xc, 0x5,
    0x0, 0x3c, 0x26, 0x0, 0x44, 0x0, 0x10, 0x3,
    0xf5, 0x80, 0xc, 0xc0, 0xf, 0x0, 0xfc, 0xa0,
    0xc, 0xc0, 0x1, 0x40, 0x3f, 0x11, 0x1, 0x10,
    0x8, 0x1, 0xfe, 0x50, 0xd, 0xa0, 0x1f, 0xeb,
    0x0, 0xce, 0x1, 0xfe, 0x31, 0x0, 0x18, 0x80,
    0x7f, 0xc6, 0x0, 0xb0, 0xf, 0xf8, 0x88, 0x0,
    0x50, 0xf, 0xf9, 0x0, 0x4, 0x40, 0xf, 0xd5,
    0xdc, 0x90, 0x2, 0x80, 0x7f, 0x30, 0x88, 0x0,
    0x32, 0x1, 0xff, 0xc1, 0x3d, 0x10, 0xf, 0x80,

    /* U+0178 "Ÿ" */
    0x0, 0xff, 0xe5, 0xa7, 0x7e, 0x8, 0x16, 0xfe,
    0x98, 0x7, 0xee, 0x10, 0x37, 0x5, 0x20, 0x2a,
    0x0, 0xff, 0xe7, 0xf1, 0x1, 0xb8, 0x29, 0x81,
    0x58, 0x7, 0xe4, 0xdf, 0xc1, 0x2, 0xcf, 0xd2,
    0x0, 0xff, 0xe5, 0xbf, 0xfd, 0x0, 0x1f, 0xd5,
    0xff, 0x23, 0x88, 0x1, 0xc0, 0x3f, 0x12, 0x80,
    0xd, 0x1, 0x80, 0x27, 0x0, 0xfa, 0xc0, 0x28,
    0x0, 0x48, 0x5, 0x20, 0x1f, 0x30, 0x0, 0xd0,
    0x0, 0x2e, 0x0, 0x15, 0x0, 0xe7, 0x0, 0xa4,
    0x3, 0x48, 0x5, 0x20, 0x1d, 0x20, 0x2, 0x50,
    0xc, 0x2e, 0x0, 0x33, 0x0, 0x4a, 0x20, 0x8,
    0x0, 0xf4, 0x80, 0x50, 0x1, 0x48, 0x0, 0x94,
    0x3, 0xc2, 0xe0, 0x4, 0x20, 0x33, 0x0, 0x20,
    0x3, 0xf4, 0x80, 0x56, 0x12, 0x0, 0x25, 0x0,
    0xfc, 0x2e, 0x0, 0x63, 0x50, 0x4, 0x0, 0x7f,
    0xa4, 0x2, 0xc0, 0x1, 0x28, 0x7, 0xf8, 0x5c,
    0x3, 0xac, 0x3, 0xff, 0x81, 0x20, 0x18, 0x98,
    0x3, 0xff, 0x80, 0x2c, 0x1, 0x58, 0x7, 0xff,
    0xb, 0xc0, 0x25, 0x0, 0xff, 0xff, 0x80, 0x7f,
    0xff, 0xc0, 0x3f, 0x80,

    /* U+0179 "Ź" */
    0x0, 0xfe, 0xb4, 0x0, 0xff, 0xe0, 0xb2, 0x5e,
    0x8, 0x7, 0xfd, 0x60, 0x7, 0x10, 0xf, 0xf2,
    0x90, 0xd, 0x0, 0x7f, 0xd0, 0x0, 0xb1, 0x0,
    0xff, 0x21, 0x2, 0x28, 0x7, 0xfc, 0xe6, 0x34,
    0x1, 0xff, 0xc0, 0x3c, 0xf1, 0x0, 0xff, 0xe1,
    0x8, 0x7, 0xc9, 0xff, 0xff, 0xc2, 0xa0, 0xf,
    0xfe, 0xa2, 0x6e, 0xff, 0x8c, 0x2, 0xc0, 0x22,
    0xfe, 0x73, 0x0, 0x1b, 0x0, 0x7f, 0xd, 0x80,
    0x5c, 0x1, 0xfe, 0x81, 0x0, 0x41, 0x0, 0x7f,
    0x23, 0x0, 0x9, 0xc0, 0x3f, 0xd2, 0x1, 0x70,
    0x7, 0xfa, 0x8, 0x0, 0xe6, 0x1, 0xfc, 0x6e,
    0x0, 0x28, 0x0, 0xff, 0x70, 0x5, 0x20, 0x1f,
    0xe7, 0x20, 0x2, 0xa0, 0x7, 0xf1, 0x40, 0x0,
    0x6c, 0x3, 0xfd, 0xc0, 0x15, 0x88, 0x7, 0xf3,
    0x18, 0x1, 0x14, 0x3, 0xf8, 0x64, 0x2, 0xa0,
    0xf, 0xf5, 0x0, 0x52, 0x20, 0x1f, 0xca, 0x80,
    0x3, 0x60, 0xf, 0xe1, 0xb0, 0xb, 0x80, 0x3f,
    0xd6, 0x20, 0x6, 0x2, 0x2f, 0xf3, 0x80, 0x4d,
    0xbb, 0xff, 0x0, 0x7f, 0xf5, 0x0,

    /* U+017A "ź" */
    0x0, 0xf8, 0x40, 0x3f, 0xf8, 0x1b, 0x88, 0x1,
    0xfc, 0x86, 0x6b, 0x50, 0xf, 0xde, 0x0, 0x35,
    0x0, 0xf8, 0xd0, 0x1, 0xc0, 0x1f, 0xa4, 0x1,
    0x4, 0x1, 0xf0, 0xa8, 0x1b, 0x80, 0x7e, 0x1c,
    0x4e, 0x0, 0xff, 0x1d, 0x90, 0x7, 0xff, 0x1a,
    0x7f, 0xff, 0xea, 0x0, 0xff, 0xe0, 0x88, 0xff,
    0x0, 0x47, 0x1d, 0xdf, 0x10, 0x5, 0x60, 0x1f,
    0x41, 0x80, 0x24, 0x80, 0x3c, 0x6e, 0x0, 0x46,
    0x0, 0xfb, 0x80, 0x3, 0x40, 0x1f, 0x41, 0x0,
    0x2c, 0x40, 0x3c, 0x6e, 0x0, 0x55, 0x0, 0x7d,
    0xc0, 0x1, 0xb0, 0xf, 0xa4, 0x80, 0x14, 0x20,
    0x1e, 0x46, 0x0, 0x32, 0x0, 0x78, 0x68, 0x0,
    0x52, 0x1, 0xf5, 0x88, 0x3, 0x80, 0x3e, 0x55,
    0x0, 0x1c, 0xc0, 0x3e, 0x80, 0x9, 0xbb, 0xbe,
    0xc3, 0x0, 0x84, 0x7f, 0x10, 0x7, 0xff, 0x4,

    /* U+017B "Ż" */
    0x0, 0xff, 0xe5, 0x37, 0xfa, 0xc0, 0x3f, 0xf8,
    0x16, 0x0, 0x43, 0x0, 0xff, 0xe7, 0xd8, 0x82,
    0x98, 0x7, 0xfc, 0xdd, 0xf4, 0x1, 0xff, 0xca,
    0x4f, 0xff, 0xfe, 0x15, 0x0, 0x7f, 0xf5, 0x13,
    0x77, 0xfc, 0x60, 0x16, 0x1, 0x17, 0xf3, 0x98,
    0x0, 0xd8, 0x3, 0xf8, 0x6c, 0x2, 0xe0, 0xf,
    0xf4, 0x8, 0x2, 0x8, 0x3, 0xf9, 0x18, 0x0,
    0x4e, 0x1, 0xfe, 0x90, 0xb, 0x80, 0x3f, 0xd0,
    0x40, 0x7, 0x30, 0xf, 0xe3, 0x70, 0x1, 0x40,
    0x7, 0xfb, 0x80, 0x29, 0x0, 0xff, 0x39, 0x0,
    0x15, 0x0, 0x3f, 0x8a, 0x0, 0x3, 0x60, 0x1f,
    0xee, 0x0, 0xac, 0x40, 0x3f, 0x98, 0xc0, 0x8,
    0xa0, 0x1f, 0xc3, 0x20, 0x15, 0x0, 0x7f, 0xa8,
    0x2, 0x91, 0x0, 0xfe, 0x54, 0x0, 0x1b, 0x0,
    0x7f, 0xd, 0x80, 0x5c, 0x1, 0xfe, 0xb1, 0x0,
    0x30, 0x11, 0x7f, 0x9c, 0x2, 0x6d, 0xdf, 0xf8,
    0x3, 0xff, 0xa8,

    /* U+017C "ż" */
    0x0, 0xc5, 0xbf, 0xa4, 0x1, 0xfa, 0x88, 0xa,
    0x80, 0x3f, 0xf9, 0x34, 0x40, 0x54, 0x1, 0xf8,
    0xb7, 0xf4, 0x80, 0x3f, 0xfa, 0x53, 0xff, 0xff,
    0x50, 0x7, 0xff, 0x4, 0x47, 0xf8, 0x2, 0x38,
    0xee, 0xf8, 0x80, 0x2b, 0x0, 0xfa, 0xc, 0x1,
    0x24, 0x1, 0xe3, 0x70, 0x2, 0x30, 0x7, 0xdc,
    0x0, 0x1a, 0x0, 0xfa, 0x8, 0x1, 0x62, 0x1,
    0xe3, 0x70, 0x2, 0xa8, 0x3, 0xee, 0x0, 0xd,
    0x80, 0x7d, 0x24, 0x0, 0xa1, 0x0, 0xf2, 0x30,
    0x1, 0x90, 0x3, 0xc3, 0x40, 0x2, 0x90, 0xf,
    0xac, 0x40, 0x1c, 0x1, 0xf2, 0xa8, 0x0, 0xe6,
    0x1, 0xf4, 0x0, 0x4d, 0xdd, 0xf6, 0x18, 0x4,
    0x23, 0xf8, 0x80, 0x3f, 0xf8, 0x20,

    /* U+2014 "—" */
    0x11, 0xff, 0xe4, 0x87, 0xf7, 0x7f, 0xf2, 0x30,
    0x3, 0xff, 0xc0,

    /* U+2192 "→" */
    0x0, 0xff, 0xe2, 0xd, 0x8, 0x7, 0xff, 0x24,
    0x71, 0x74, 0x40, 0x3f, 0xf9, 0x6, 0x60, 0x3d,
    0x10, 0xf, 0xfe, 0x39, 0x60, 0x81, 0xe8, 0x80,
    0x7f, 0xf1, 0xcb, 0xc, 0xf, 0x44, 0x2, 0x11,
    0xff, 0xe2, 0x16, 0x38, 0x1e, 0x88, 0x37, 0x77,
    0xff, 0x13, 0xf5, 0x0, 0x7, 0xa2, 0x1, 0xff,
    0xc6, 0x23, 0x0, 0x8d, 0x8c, 0x8b, 0xff, 0x86,
    0x6a, 0xce, 0x1, 0x33, 0xae, 0xef, 0xff, 0xf,
    0x2a, 0xd0, 0x0, 0xd2, 0x1, 0xff, 0xc6, 0x5d,
    0x30, 0x69, 0x0, 0xff, 0xe3, 0x35, 0x0, 0x1a,
    0x40, 0x3f, 0xf8, 0xc9, 0x20, 0x6, 0x90, 0xf,
    0xfe, 0x3a, 0x28, 0x34, 0x80, 0x7f, 0xf2, 0x6a,
    0x92, 0x1, 0xe0
};


/*---------------------
 *  GLYPH DESCRIPTION
 *--------------------*/

static const lv_font_fmt_txt_glyph_dsc_t glyph_dsc[] = {
    {.bitmap_index = 0, .adv_w = 0, .box_w = 0, .box_h = 0, .ofs_x = 0, .ofs_y = 0} /* id = 0 reserved */,
    {.bitmap_index = 0, .adv_w = 115, .box_w = 0, .box_h = 0, .ofs_x = 0, .ofs_y = 0},
    {.bitmap_index = 0, .adv_w = 148, .box_w = 5, .box_h = 24, .ofs_x = 2, .ofs_y = 0},
    {.bitmap_index = 48, .adv_w = 224, .box_w = 10, .box_h = 10, .ofs_x = 2, .ofs_y = 15},
    {.bitmap_index = 61, .adv_w = 329, .box_w = 19, .box_h = 24, .ofs_x = 1, .ofs_y = 0},
    {.bitmap_index = 227, .adv_w = 292, .box_w = 16, .box_h = 30, .ofs_x = 1, .ofs_y = -3},
    {.bitmap_index = 401, .adv_w = 466, .box_w = 27, .box_h = 24, .ofs_x = 1, .ofs_y = 0},
    {.bitmap_index = 650, .adv_w = 347, .box_w = 21, .box_h = 24, .ofs_x = 1, .ofs_y = 0},
    {.bitmap_index = 854, .adv_w = 125, .box_w = 4, .box_h = 10, .ofs_x = 2, .ofs_y = 15},
    {.bitmap_index = 860, .adv_w = 165, .box_w = 10, .box_h = 31, .ofs_x = 1, .ofs_y = -5},
    {.bitmap_index = 973, .adv_w = 165, .box_w = 10, .box_h = 31, .ofs_x = -1, .ofs_y = -5},
    {.bitmap_index = 1088, .adv_w = 258, .box_w = 16, .box_h = 14, .ofs_x = 0, .ofs_y = 11},
    {.bitmap_index = 1185, .adv_w = 294, .box_w = 16, .box_h = 15, .ofs_x = 1, .ofs_y = 3},
    {.bitmap_index = 1222, .adv_w = 143, .box_w = 6, .box_h = 10, .ofs_x = 1, .ofs_y = -5},
    {.bitmap_index = 1251, .adv_w = 196, .box_w = 10, .box_h = 4, .ofs_x = 1, .ofs_y = 9},
    {.bitmap_index = 1260, .adv_w = 144, .box_w = 5, .box_h = 5, .ofs_x = 2, .ofs_y = 0},
    {.bitmap_index = 1272, .adv_w = 207, .box_w = 12, .box_h = 30, .ofs_x = 0, .ofs_y = -5},
    {.bitmap_index = 1394, .adv_w = 294, .box_w = 16, .box_h = 24, .ofs_x = 1, .ofs_y = 0},
    {.bitmap_index = 1528, .adv_w = 294, .box_w = 16, .box_h = 24, .ofs_x = 1, .ofs_y = 0},
    {.bitmap_index = 1594, .adv_w = 294, .box_w = 16, .box_h = 24, .ofs_x = 1, .ofs_y = 0},
    {.bitmap_index = 1726, .adv_w = 294, .box_w = 17, .box_h = 24, .ofs_x = 0, .ofs_y = 0},
    {.bitmap_index = 1876, .adv_w = 294, .box_w = 17, .box_h = 24, .ofs_x = 1, .ofs_y = 0},
    {.bitmap_index = 1985, .adv_w = 294, .box_w = 16, .box_h = 24, .ofs_x = 1, .ofs_y = 0},
    {.bitmap_index = 2125, .adv_w = 294, .box_w = 16, .box_h = 24, .ofs_x = 1, .ofs_y = 0},
    {.bitmap_index = 2275, .adv_w = 294, .box_w = 16, .box_h = 24, .ofs_x = 1, .ofs_y = 0},
    {.bitmap_index = 2386, .adv_w = 294, .box_w = 16, .box_h = 24, .ofs_x = 1, .ofs_y = 0},
    {.bitmap_index = 2551, .adv_w = 294, .box_w = 16, .box_h = 24, .ofs_x = 1, .ofs_y = 0},
    {.bitmap_index = 2702, .adv_w = 151, .box_w = 6, .box_h = 18, .ofs_x = 2, .ofs_y = 0},
    {.bitmap_index = 2736, .adv_w = 151, .box_w = 7, .box_h = 23, .ofs_x = 1, .ofs_y = -5},
    {.bitmap_index = 2794, .adv_w = 294, .box_w = 14, .box_h = 21, .ofs_x = 2, .ofs_y = -1},
    {.bitmap_index = 2898, .adv_w = 294, .box_w = 16, .box_h = 10, .ofs_x = 1, .ofs_y = 5},
    {.bitmap_index = 2927, .adv_w = 294, .box_w = 14, .box_h = 21, .ofs_x = 2, .ofs_y = -1},
    {.bitmap_index = 3031, .adv_w = 239, .box_w = 14, .box_h = 24, .ofs_x = 0, .ofs_y = 0},
    {.bitmap_index = 3146, .adv_w = 440, .box_w = 25, .box_h = 28, .ofs_x = 1, .ofs_y = -4},
    {.bitmap_index = 3411, .adv_w = 324, .box_w = 20, .box_h = 24, .ofs_x = 0, .ofs_y = 0},
    {.bitmap_index = 3584, .adv_w = 324, .box_w = 17, .box_h = 24, .ofs_x = 2, .ofs_y = 0},
    {.bitmap_index = 3704, .adv_w = 312, .box_w = 18, .box_h = 24, .ofs_x = 1, .ofs_y = 0},
    {.bitmap_index = 3846, .adv_w = 336, .box_w = 18, .box_h = 24, .ofs_x = 2, .ofs_y = 0},
    {.bitmap_index = 3967, .adv_w = 292, .box_w = 15, .box_h = 24, .ofs_x = 2, .ofs_y = 0},
    {.bitmap_index = 4014, .adv_w = 280, .box_w = 15, .box_h = 24, .ofs_x = 2, .ofs_y = 0},
    {.bitmap_index = 4051, .adv_w = 345, .box_w = 19, .box_h = 24, .ofs_x = 1, .ofs_y = 0},
    {.bitmap_index = 4200, .adv_w = 350, .box_w = 18, .box_h = 24, .ofs_x = 2, .ofs_y = 0},
    {.bitmap_index = 4239, .adv_w = 205, .box_w = 11, .box_h = 24, .ofs_x = 1, .ofs_y = 0},
    {.bitmap_index = 4278, .adv_w = 262, .box_w = 14, .box_h = 24, .ofs_x = 0, .ofs_y = 0},
    {.bitmap_index = 4340, .adv_w = 325, .box_w = 18, .box_h = 24, .ofs_x = 2, .ofs_y = 0},
    {.bitmap_index = 4484, .adv_w = 253, .box_w = 13, .box_h = 24, .ofs_x = 2, .ofs_y = 0},
    {.bitmap_index = 4509, .adv_w = 400, .box_w = 21, .box_h = 24, .ofs_x = 2, .ofs_y = 0},
    {.bitmap_index = 4642, .adv_w = 351, .box_w = 18, .box_h = 24, .ofs_x = 2, .ofs_y = 0},
    {.bitmap_index = 4765, .adv_w = 348, .box_w = 20, .box_h = 24, .ofs_x = 1, .ofs_y = 0},
    {.bitmap_index = 4926, .adv_w = 309, .box_w = 17, .box_h = 24, .ofs_x = 2, .ofs_y = 0},
    {.bitmap_index = 5013, .adv_w = 348, .box_w = 20, .box_h = 30, .ofs_x = 1, .ofs_y = -6},
    {.bitmap_index = 5212, .adv_w = 322, .box_w = 17, .box_h = 24, .ofs_x = 2, .ofs_y = 0},
    {.bitmap_index = 5337, .adv_w = 293, .box_w = 16, .box_h = 24, .ofs_x = 1, .ofs_y = 0},
    {.bitmap_index = 5488, .adv_w = 283, .box_w = 17, .box_h = 24, .ofs_x = 0, .ofs_y = 0},
    {.bitmap_index = 5522, .adv_w = 337, .box_w = 17, .box_h = 24, .ofs_x = 2, .ofs_y = 0},
    {.bitmap_index = 5601, .adv_w = 310, .box_w = 19, .box_h = 24, .ofs_x = 0, .ofs_y = 0},
    {.bitmap_index = 5772, .adv_w = 457, .box_w = 28, .box_h = 24, .ofs_x = 0, .ofs_y = 0},
    {.bitmap_index = 6058, .adv_w = 314, .box_w = 20, .box_h = 24, .ofs_x = 0, .ofs_y = 0},
    {.bitmap_index = 6241, .adv_w = 301, .box_w = 19, .box_h = 24, .ofs_x = 0, .ofs_y = 0},
    {.bitmap_index = 6362, .adv_w = 290, .box_w = 16, .box_h = 24, .ofs_x = 1, .ofs_y = 0},
    {.bitmap_index = 6469, .adv_w = 159, .box_w = 7, .box_h = 31, .ofs_x = 2, .ofs_y = -5},
    {.bitmap_index = 6495, .adv_w = 207, .box_w = 12, .box_h = 30, .ofs_x = 1, .ofs_y = -5},
    {.bitmap_index = 6616, .adv_w = 159, .box_w = 7, .box_h = 31, .ofs_x = 1, .ofs_y = -5},
    {.bitmap_index = 6641, .adv_w = 294, .box_w = 17, .box_h = 15, .ofs_x = 1, .ofs_y = 9},
    {.bitmap_index = 6741, .adv_w = 275, .box_w = 17, .box_h = 4, .ofs_x = 0, .ofs_y = -6},
    {.bitmap_index = 6752, .adv_w = 294, .box_w = 6, .box_h = 8, .ofs_x = 5, .ofs_y = 19},
    {.bitmap_index = 6777, .adv_w = 270, .box_w = 15, .box_h = 18, .ofs_x = 1, .ofs_y = 0},
    {.bitmap_index = 6886, .adv_w = 291, .box_w = 15, .box_h = 25, .ofs_x = 2, .ofs_y = 0},
    {.bitmap_index = 6985, .adv_w = 250, .box_w = 14, .box_h = 18, .ofs_x = 1, .ofs_y = 0},
    {.bitmap_index = 7081, .adv_w = 291, .box_w = 15, .box_h = 25, .ofs_x = 1, .ofs_y = 0},
    {.bitmap_index = 7185, .adv_w = 273, .box_w = 15, .box_h = 18, .ofs_x = 1, .ofs_y = 0},
    {.bitmap_index = 7296, .adv_w = 171, .box_w = 11, .box_h = 25, .ofs_x = 0, .ofs_y = 0},
    {.bitmap_index = 7343, .adv_w = 264, .box_w = 17, .box_h = 28, .ofs_x = 0, .ofs_y = -7},
    {.bitmap_index = 7528, .adv_w = 286, .box_w = 14, .box_h = 25, .ofs_x = 2, .ofs_y = 0},
    {.bitmap_index = 7583, .adv_w = 133, .box_w = 5, .box_h = 25, .ofs_x = 2, .ofs_y = 0},
    {.bitmap_index = 7606, .adv_w = 133, .box_w = 8, .box_h = 32, .ofs_x = -1, .ofs_y = -7},
    {.bitmap_index = 7649, .adv_w = 270, .box_w = 15, .box_h = 25, .ofs_x = 2, .ofs_y = 0},
    {.bitmap_index = 7750, .adv_w = 141, .box_w = 6, .box_h = 25, .ofs_x = 2, .ofs_y = 0},
    {.bitmap_index = 7769, .adv_w = 433, .box_w = 23, .box_h = 18, .ofs_x = 2, .ofs_y = 0},
    {.bitmap_index = 7851, .adv_w = 286, .box_w = 14, .box_h = 18, .ofs_x = 2, .ofs_y = 0},
    {.bitmap_index = 7901, .adv_w = 275, .box_w = 15, .box_h = 18, .ofs_x = 1, .ofs_y = 0},
    {.bitmap_index = 8010, .adv_w = 291, .box_w = 15, .box_h = 25, .ofs_x = 2, .ofs_y = -7},
    {.bitmap_index = 8114, .adv_w = 291, .box_w = 15, .box_h = 25, .ofs_x = 1, .ofs_y = -7},
    {.bitmap_index = 8221, .adv_w = 189, .box_w = 10, .box_h = 18, .ofs_x = 2, .ofs_y = 0},
    {.bitmap_index = 8253, .adv_w = 243, .box_w = 14, .box_h = 18, .ofs_x = 0, .ofs_y = 0},
    {.bitmap_index = 8363, .adv_w = 178, .box_w = 11, .box_h = 23, .ofs_x = 0, .ofs_y = 0},
    {.bitmap_index = 8413, .adv_w = 286, .box_w = 14, .box_h = 18, .ofs_x = 2, .ofs_y = 0},
    {.bitmap_index = 8462, .adv_w = 252, .box_w = 16, .box_h = 18, .ofs_x = 0, .ofs_y = 0},
    {.bitmap_index = 8581, .adv_w = 393, .box_w = 24, .box_h = 18, .ofs_x = 0, .ofs_y = 0},
    {.bitmap_index = 8775, .adv_w = 259, .box_w = 16, .box_h = 18, .ofs_x = 0, .ofs_y = 0},
    {.bitmap_index = 8896, .adv_w = 256, .box_w = 16, .box_h = 25, .ofs_x = 0, .ofs_y = -7},
    {.bitmap_index = 9051, .adv_w = 239, .box_w = 13, .box_h = 18, .ofs_x = 1, .ofs_y = 0},
    {.bitmap_index = 9131, .adv_w = 175, .box_w = 10, .box_h = 31, .ofs_x = 0, .ofs_y = -5},
    {.bitmap_index = 9203, .adv_w = 176, .box_w = 3, .box_h = 31, .ofs_x = 4, .ofs_y = -5},
    {.bitmap_index = 9213, .adv_w = 175, .box_w = 10, .box_h = 31, .ofs_x = 1, .ofs_y = -5},
    {.bitmap_index = 9283, .adv_w = 294, .box_w = 16, .box_h = 5, .ofs_x = 1, .ofs_y = 8},
    {.bitmap_index = 9321, .adv_w = 230, .box_w = 12, .box_h = 12, .ofs_x = 1, .ofs_y = 13},
    {.bitmap_index = 9389, .adv_w = 168, .box_w = 6, .box_h = 5, .ofs_x = 2, .ofs_y = 8},
    {.bitmap_index = 9404, .adv_w = 324, .box_w = 20, .box_h = 31, .ofs_x = 0, .ofs_y = 0},
    {.bitmap_index = 9611, .adv_w = 348, .box_w = 20, .box_h = 31, .ofs_x = 1, .ofs_y = 0},
    {.bitmap_index = 9804, .adv_w = 337, .box_w = 17, .box_h = 31, .ofs_x = 2, .ofs_y = 0},
    {.bitmap_index = 9916, .adv_w = 326, .box_w = 20, .box_h = 25, .ofs_x = 0, .ofs_y = 0},
    {.bitmap_index = 10095, .adv_w = 270, .box_w = 15, .box_h = 25, .ofs_x = 1, .ofs_y = 0},
    {.bitmap_index = 10236, .adv_w = 275, .box_w = 15, .box_h = 25, .ofs_x = 1, .ofs_y = 0},
    {.bitmap_index = 10376, .adv_w = 286, .box_w = 14, .box_h = 25, .ofs_x = 2, .ofs_y = 0},
    {.bitmap_index = 10457, .adv_w = 324, .box_w = 21, .box_h = 31, .ofs_x = 0, .ofs_y = -7},
    {.bitmap_index = 10678, .adv_w = 270, .box_w = 16, .box_h = 25, .ofs_x = 1, .ofs_y = -7},
    {.bitmap_index = 10829, .adv_w = 312, .box_w = 18, .box_h = 33, .ofs_x = 1, .ofs_y = 0},
    {.bitmap_index = 11018, .adv_w = 250, .box_w = 14, .box_h = 27, .ofs_x = 1, .ofs_y = 0},
    {.bitmap_index = 11153, .adv_w = 312, .box_w = 18, .box_h = 33, .ofs_x = 1, .ofs_y = 0},
    {.bitmap_index = 11351, .adv_w = 250, .box_w = 14, .box_h = 27, .ofs_x = 1, .ofs_y = 0},
    {.bitmap_index = 11495, .adv_w = 312, .box_w = 18, .box_h = 31, .ofs_x = 1, .ofs_y = 0},
    {.bitmap_index = 11660, .adv_w = 250, .box_w = 14, .box_h = 25, .ofs_x = 1, .ofs_y = 0},
    {.bitmap_index = 11777, .adv_w = 312, .box_w = 18, .box_h = 33, .ofs_x = 1, .ofs_y = 0},
    {.bitmap_index = 11971, .adv_w = 250, .box_w = 14, .box_h = 27, .ofs_x = 1, .ofs_y = 0},
    {.bitmap_index = 12114, .adv_w = 336, .box_w = 18, .box_h = 32, .ofs_x = 2, .ofs_y = 0},
    {.bitmap_index = 12287, .adv_w = 306, .box_w = 21, .box_h = 25, .ofs_x = 1, .ofs_y = 0},
    {.bitmap_index = 12433, .adv_w = 339, .box_w = 20, .box_h = 24, .ofs_x = 0, .ofs_y = 0},
    {.bitmap_index = 12570, .adv_w = 291, .box_w = 17, .box_h = 25, .ofs_x = 1, .ofs_y = 0},
    {.bitmap_index = 12698, .adv_w = 292, .box_w = 15, .box_h = 30, .ofs_x = 2, .ofs_y = 0},
    {.bitmap_index = 12761, .adv_w = 273, .box_w = 15, .box_h = 25, .ofs_x = 1, .ofs_y = 0},
    {.bitmap_index = 12888, .adv_w = 292, .box_w = 15, .box_h = 32, .ofs_x = 2, .ofs_y = 0},
    {.bitmap_index = 12982, .adv_w = 273, .box_w = 15, .box_h = 27, .ofs_x = 1, .ofs_y = 0},
    {.bitmap_index = 13140, .adv_w = 292, .box_w = 15, .box_h = 31, .ofs_x = 2, .ofs_y = 0},
    {.bitmap_index = 13210, .adv_w = 273, .box_w = 15, .box_h = 25, .ofs_x = 1, .ofs_y = 0},
    {.bitmap_index = 13342, .adv_w = 292, .box_w = 16, .box_h = 31, .ofs_x = 2, .ofs_y = -7},
    {.bitmap_index = 13427, .adv_w = 273, .box_w = 15, .box_h = 25, .ofs_x = 1, .ofs_y = -7},
    {.bitmap_index = 13574, .adv_w = 292, .box_w = 15, .box_h = 32, .ofs_x = 2, .ofs_y = 0},
    {.bitmap_index = 13669, .adv_w = 273, .box_w = 15, .box_h = 27, .ofs_x = 1, .ofs_y = 0},
    {.bitmap_index = 13828, .adv_w = 345, .box_w = 19, .box_h = 33, .ofs_x = 1, .ofs_y = 0},
    {.bitmap_index = 14036, .adv_w = 268, .box_w = 17, .box_h = 34, .ofs_x = 0, .ofs_y = -7},
    {.bitmap_index = 14257, .adv_w = 345, .box_w = 19, .box_h = 32, .ofs_x = 1, .ofs_y = 0},
    {.bitmap_index = 14455, .adv_w = 268, .box_w = 17, .box_h = 33, .ofs_x = 0, .ofs_y = -7},
    {.bitmap_index = 14671, .adv_w = 345, .box_w = 19, .box_h = 31, .ofs_x = 1, .ofs_y = 0},
    {.bitmap_index = 14842, .adv_w = 268, .box_w = 17, .box_h = 32, .ofs_x = 0, .ofs_y = -7},
    {.bitmap_index = 15035, .adv_w = 345, .box_w = 19, .box_h = 32, .ofs_x = 1, .ofs_y = -8},
    {.bitmap_index = 15230, .adv_w = 268, .box_w = 17, .box_h = 34, .ofs_x = 0, .ofs_y = -7},
    {.bitmap_index = 15438, .adv_w = 350, .box_w = 18, .box_h = 32, .ofs_x = 2, .ofs_y = 0},
    {.bitmap_index = 15529, .adv_w = 286, .box_w = 18, .box_h = 32, .ofs_x = -2, .ofs_y = 0},
    {.bitmap_index = 15641, .adv_w = 357, .box_w = 22, .box_h = 24, .ofs_x = 0, .ofs_y = 0},
    {.bitmap_index = 15707, .adv_w = 286, .box_w = 16, .box_h = 25, .ofs_x = 0, .ofs_y = 0},
    {.bitmap_index = 15788, .adv_w = 205, .box_w = 12, .box_h = 31, .ofs_x = 0, .ofs_y = 0},
    {.bitmap_index = 15862, .adv_w = 132, .box_w = 10, .box_h = 25, .ofs_x = -1, .ofs_y = 0},
    {.bitmap_index = 15901, .adv_w = 205, .box_w = 11, .box_h = 30, .ofs_x = 1, .ofs_y = 0},
    {.bitmap_index = 15954, .adv_w = 132, .box_w = 10, .box_h = 24, .ofs_x = -1, .ofs_y = 0},
    {.bitmap_index = 15980, .adv_w = 205, .box_w = 11, .box_h = 32, .ofs_x = 1, .ofs_y = 0},
    {.bitmap_index = 16058, .adv_w = 132, .box_w = 11, .box_h = 26, .ofs_x = -1, .ofs_y = 0},
    {.bitmap_index = 16109, .adv_w = 205, .box_w = 11, .box_h = 31, .ofs_x = 1, .ofs_y = -7},
    {.bitmap_index = 16178, .adv_w = 132, .box_w = 8, .box_h = 32, .ofs_x = -1, .ofs_y = -7},
    {.bitmap_index = 16233, .adv_w = 205, .box_w = 11, .box_h = 31, .ofs_x = 1, .ofs_y = 0},
    {.bitmap_index = 16294, .adv_w = 132, .box_w = 4, .box_h = 18, .ofs_x = 2, .ofs_y = 0},
    {.bitmap_index = 16300, .adv_w = 319, .box_w = 16, .box_h = 24, .ofs_x = 2, .ofs_y = 0},
    {.bitmap_index = 16377, .adv_w = 266, .box_w = 13, .box_h = 32, .ofs_x = 2, .ofs_y = -7},
    {.bitmap_index = 16446, .adv_w = 262, .box_w = 15, .box_h = 33, .ofs_x = 0, .ofs_y = 0},
    {.bitmap_index = 16560, .adv_w = 133, .box_w = 11, .box_h = 33, .ofs_x = -1, .ofs_y = -7},
    {.bitmap_index = 16625, .adv_w = 325, .box_w = 18, .box_h = 33, .ofs_x = 2, .ofs_y = -9},
    {.bitmap_index = 16809, .adv_w = 270, .box_w = 15, .box_h = 34, .ofs_x = 2, .ofs_y = -9},
    {.bitmap_index = 16945, .adv_w = 270, .box_w = 15, .box_h = 18, .ofs_x = 2, .ofs_y = 0},
    {.bitmap_index = 17041, .adv_w = 253, .box_w = 13, .box_h = 33, .ofs_x = 2, .ofs_y = 0},
    {.bitmap_index = 17104, .adv_w = 141, .box_w = 7, .box_h = 34, .ofs_x = 2, .ofs_y = 0},
    {.bitmap_index = 17154, .adv_w = 253, .box_w = 13, .box_h = 33, .ofs_x = 2, .ofs_y = -9},
    {.bitmap_index = 17210, .adv_w = 141, .box_w = 6, .box_h = 34, .ofs_x = 2, .ofs_y = -9},
    {.bitmap_index = 17253, .adv_w = 253, .box_w = 13, .box_h = 25, .ofs_x = 2, .ofs_y = 0},
    {.bitmap_index = 17306, .adv_w = 150, .box_w = 10, .box_h = 25, .ofs_x = 2, .ofs_y = 0},
    {.bitmap_index = 17355, .adv_w = 253, .box_w = 13, .box_h = 24, .ofs_x = 2, .ofs_y = 0},
    {.bitmap_index = 17393, .adv_w = 194, .box_w = 11, .box_h = 25, .ofs_x = 2, .ofs_y = 0},
    {.bitmap_index = 17436, .adv_w = 257, .box_w = 16, .box_h = 24, .ofs_x = 0, .ofs_y = 0},
    {.bitmap_index = 17496, .adv_w = 145, .box_w = 9, .box_h = 25, .ofs_x = 0, .ofs_y = 0},
    {.bitmap_index = 17543, .adv_w = 351, .box_w = 18, .box_h = 33, .ofs_x = 2, .ofs_y = 0},
    {.bitmap_index = 17713, .adv_w = 286, .box_w = 14, .box_h = 27, .ofs_x = 2, .ofs_y = 0},
    {.bitmap_index = 17801, .adv_w = 351, .box_w = 18, .box_h = 33, .ofs_x = 2, .ofs_y = -9},
    {.bitmap_index = 17963, .adv_w = 286, .box_w = 14, .box_h = 27, .ofs_x = 2, .ofs_y = -9},
    {.bitmap_index = 18047, .adv_w = 351, .box_w = 18, .box_h = 32, .ofs_x = 2, .ofs_y = 0},
    {.bitmap_index = 18222, .adv_w = 286, .box_w = 14, .box_h = 27, .ofs_x = 2, .ofs_y = 0},
    {.bitmap_index = 18322, .adv_w = 429, .box_w = 24, .box_h = 25, .ofs_x = 1, .ofs_y = 0},
    {.bitmap_index = 18437, .adv_w = 350, .box_w = 18, .box_h = 31, .ofs_x = 2, .ofs_y = -7},
    {.bitmap_index = 18586, .adv_w = 285, .box_w = 14, .box_h = 25, .ofs_x = 2, .ofs_y = -7},
    {.bitmap_index = 18656, .adv_w = 348, .box_w = 20, .box_h = 30, .ofs_x = 1, .ofs_y = 0},
    {.bitmap_index = 18834, .adv_w = 275, .box_w = 15, .box_h = 25, .ofs_x = 1, .ofs_y = 0},
    {.bitmap_index = 18959, .adv_w = 348, .box_w = 20, .box_h = 32, .ofs_x = 1, .ofs_y = 0},
    {.bitmap_index = 19169, .adv_w = 275, .box_w = 15, .box_h = 27, .ofs_x = 1, .ofs_y = 0},
    {.bitmap_index = 19324, .adv_w = 348, .box_w = 20, .box_h = 33, .ofs_x = 1, .ofs_y = 0},
    {.bitmap_index = 19549, .adv_w = 275, .box_w = 15, .box_h = 27, .ofs_x = 1, .ofs_y = 0},
    {.bitmap_index = 19714, .adv_w = 485, .box_w = 28, .box_h = 24, .ofs_x = 1, .ofs_y = 0},
    {.bitmap_index = 19860, .adv_w = 448, .box_w = 26, .box_h = 18, .ofs_x = 1, .ofs_y = 0},
    {.bitmap_index = 20038, .adv_w = 322, .box_w = 17, .box_h = 33, .ofs_x = 2, .ofs_y = 0},
    {.bitmap_index = 20208, .adv_w = 189, .box_w = 10, .box_h = 28, .ofs_x = 2, .ofs_y = 0},
    {.bitmap_index = 20274, .adv_w = 322, .box_w = 17, .box_h = 33, .ofs_x = 2, .ofs_y = -9},
    {.bitmap_index = 20438, .adv_w = 189, .box_w = 11, .box_h = 27, .ofs_x = 1, .ofs_y = -9},
    {.bitmap_index = 20502, .adv_w = 322, .box_w = 17, .box_h = 32, .ofs_x = 2, .ofs_y = 0},
    {.bitmap_index = 20677, .adv_w = 189, .box_w = 12, .box_h = 27, .ofs_x = 1, .ofs_y = 0},
    {.bitmap_index = 20756, .adv_w = 293, .box_w = 16, .box_h = 33, .ofs_x = 1, .ofs_y = 0},
    {.bitmap_index = 20949, .adv_w = 243, .box_w = 14, .box_h = 27, .ofs_x = 0, .ofs_y = 0},
    {.bitmap_index = 21098, .adv_w = 293, .box_w = 16, .box_h = 33, .ofs_x = 1, .ofs_y = 0},
    {.bitmap_index = 21302, .adv_w = 243, .box_w = 14, .box_h = 27, .ofs_x = 0, .ofs_y = 0},
    {.bitmap_index = 21460, .adv_w = 295, .box_w = 16, .box_h = 31, .ofs_x = 1, .ofs_y = -7},
    {.bitmap_index = 21650, .adv_w = 243, .box_w = 14, .box_h = 25, .ofs_x = 0, .ofs_y = -7},
    {.bitmap_index = 21798, .adv_w = 293, .box_w = 16, .box_h = 33, .ofs_x = 1, .ofs_y = 0},
    {.bitmap_index = 21998, .adv_w = 243, .box_w = 14, .box_h = 27, .ofs_x = 0, .ofs_y = 0},
    {.bitmap_index = 22155, .adv_w = 283, .box_w = 17, .box_h = 31, .ofs_x = 0, .ofs_y = -7},
    {.bitmap_index = 22226, .adv_w = 178, .box_w = 11, .box_h = 30, .ofs_x = 0, .ofs_y = -7},
    {.bitmap_index = 22307, .adv_w = 283, .box_w = 17, .box_h = 32, .ofs_x = 0, .ofs_y = 0},
    {.bitmap_index = 22392, .adv_w = 178, .box_w = 13, .box_h = 26, .ofs_x = 0, .ofs_y = 0},
    {.bitmap_index = 22467, .adv_w = 286, .box_w = 17, .box_h = 24, .ofs_x = 0, .ofs_y = 0},
    {.bitmap_index = 22523, .adv_w = 183, .box_w = 11, .box_h = 23, .ofs_x = 0, .ofs_y = 0},
    {.bitmap_index = 22591, .adv_w = 337, .box_w = 17, .box_h = 31, .ofs_x = 2, .ofs_y = 0},
    {.bitmap_index = 22711, .adv_w = 286, .box_w = 14, .box_h = 25, .ofs_x = 2, .ofs_y = 0},
    {.bitmap_index = 22794, .adv_w = 337, .box_w = 17, .box_h = 30, .ofs_x = 2, .ofs_y = 0},
    {.bitmap_index = 22889, .adv_w = 286, .box_w = 14, .box_h = 25, .ofs_x = 2, .ofs_y = 0},
    {.bitmap_index = 22956, .adv_w = 337, .box_w = 17, .box_h = 32, .ofs_x = 2, .ofs_y = 0},
    {.bitmap_index = 23083, .adv_w = 286, .box_w = 14, .box_h = 27, .ofs_x = 2, .ofs_y = 0},
    {.bitmap_index = 23180, .adv_w = 337, .box_w = 17, .box_h = 34, .ofs_x = 2, .ofs_y = 0},
    {.bitmap_index = 23317, .adv_w = 286, .box_w = 14, .box_h = 28, .ofs_x = 2, .ofs_y = 0},
    {.bitmap_index = 23417, .adv_w = 337, .box_w = 17, .box_h = 33, .ofs_x = 2, .ofs_y = 0},
    {.bitmap_index = 23556, .adv_w = 286, .box_w = 14, .box_h = 28, .ofs_x = 2, .ofs_y = 0},
    {.bitmap_index = 23662, .adv_w = 337, .box_w = 17, .box_h = 31, .ofs_x = 2, .ofs_y = -7},
    {.bitmap_index = 23782, .adv_w = 286, .box_w = 15, .box_h = 25, .ofs_x = 2, .ofs_y = -7},
    {.bitmap_index = 23870, .adv_w = 457, .box_w = 28, .box_h = 32, .ofs_x = 0, .ofs_y = 0},
    {.bitmap_index = 24216, .adv_w = 393, .box_w = 24, .box_h = 27, .ofs_x = 0, .ofs_y = 0},
    {.bitmap_index = 24470, .adv_w = 301, .box_w = 19, .box_h = 32, .ofs_x = 0, .ofs_y = 0},
    {.bitmap_index = 24643, .adv_w = 256, .box_w = 16, .box_h = 33, .ofs_x = 0, .ofs_y = -7},
    {.bitmap_index = 24843, .adv_w = 301, .box_w = 19, .box_h = 31, .ofs_x = 0, .ofs_y = 0},
    {.bitmap_index = 24999, .adv_w = 290, .box_w = 16, .box_h = 33, .ofs_x = 1, .ofs_y = 0},
    {.bitmap_index = 25149, .adv_w = 239, .box_w = 13, .box_h = 28, .ofs_x = 1, .ofs_y = 0},
    {.bitmap_index = 25269, .adv_w = 290, .box_w = 16, .box_h = 31, .ofs_x = 1, .ofs_y = 0},
    {.bitmap_index = 25400, .adv_w = 239, .box_w = 13, .box_h = 25, .ofs_x = 1, .ofs_y = 0},
    {.bitmap_index = 25502, .adv_w = 382, .box_w = 22, .box_h = 4, .ofs_x = 1, .ofs_y = 9},
    {.bitmap_index = 25513, .adv_w = 434, .box_w = 25, .box_h = 15, .ofs_x = 1, .ofs_y = 4}
};

/*---------------------
 *  CHARACTER MAPPING
 *--------------------*/

static const uint16_t unicode_list_1[] = {
    0x0, 0x7, 0x14, 0x26, 0x2c, 0x2f, 0x34, 0x46,
    0x4c
};

static const uint16_t unicode_list_3[] = {
    0x0, 0x17e
};

/*Collect the unicode lists and glyph_id offsets*/
static const lv_font_fmt_txt_cmap_t cmaps[] =
{
    {
        .range_start = 32, .range_length = 95, .glyph_id_start = 1,
        .unicode_list = NULL, .glyph_id_ofs_list = NULL, .list_length = 0, .type = LV_FONT_FMT_TXT_CMAP_FORMAT0_TINY
    },
    {
        .range_start = 176, .range_length = 77, .glyph_id_start = 96,
        .unicode_list = unicode_list_1, .glyph_id_ofs_list = NULL, .list_length = 9, .type = LV_FONT_FMT_TXT_CMAP_SPARSE_TINY
    },
    {
        .range_start = 260, .range_length = 121, .glyph_id_start = 105,
        .unicode_list = NULL, .glyph_id_ofs_list = NULL, .list_length = 0, .type = LV_FONT_FMT_TXT_CMAP_FORMAT0_TINY
    },
    {
        .range_start = 8212, .range_length = 383, .glyph_id_start = 226,
        .unicode_list = unicode_list_3, .glyph_id_ofs_list = NULL, .list_length = 2, .type = LV_FONT_FMT_TXT_CMAP_SPARSE_TINY
    }
};

/*-----------------
 *    KERNING
 *----------------*/


/*Map glyph_ids to kern left classes*/
static const uint8_t kern_left_class_mapping[] =
{
    0, 0, 0, 0, 0, 0, 1, 0,
    0, 0, 0, 0, 0, 0, 0, 0,
    0, 0, 0, 0, 0, 0, 0, 0,
    0, 0, 0, 0, 0, 0, 0, 0,
    0, 0, 2, 3, 4, 5, 6, 7,
    8, 0, 9, 10, 11, 12, 0, 0,
    13, 14, 13, 15, 16, 17, 18, 19,
    20, 21, 22, 23, 0, 0, 0, 0,
    0, 0, 24, 25, 26, 0, 27, 28,
    29, 30, 31, 32, 33, 34, 30, 30,
    35, 25, 36, 37, 38, 39, 40, 41,
    42, 43, 44, 45, 0, 0, 0, 0,
    0, 0, 2, 13, 18, 46, 24, 35,
    40, 47, 48, 4, 26, 4, 26, 4,
    26, 4, 26, 5, 49, 5, 0, 6,
    27, 6, 27, 6, 27, 50, 27, 6,
    27, 8, 29, 8, 29, 8, 29, 8,
    29, 0, 30, 0, 30, 9, 51, 9,
    52, 9, 53, 54, 31, 9, 36, 18,
    32, 10, 55, 11, 33, 33, 12, 34,
    12, 34, 12, 56, 0, 0, 12, 57,
    0, 30, 0, 30, 0, 30, 30, 0,
    30, 13, 35, 13, 35, 13, 35, 6,
    27, 15, 37, 15, 37, 15, 37, 16,
    38, 16, 38, 16, 38, 16, 38, 17,
    39, 17, 58, 17, 39, 18, 40, 18,
    40, 18, 40, 18, 40, 18, 40, 18,
    40, 20, 42, 22, 44, 22, 23, 45,
    23, 45, 0, 0
};

/*Map glyph_ids to kern right classes*/
static const uint8_t kern_right_class_mapping[] =
{
    0, 0, 1, 2, 0, 0, 0, 3,
    2, 0, 4, 2, 0, 5, 6, 5,
    7, 0, 0, 0, 0, 0, 0, 0,
    0, 0, 0, 8, 8, 0, 0, 0,
    9, 10, 11, 0, 12, 0, 0, 0,
    12, 0, 13, 14, 0, 0, 0, 0,
    12, 0, 12, 0, 15, 16, 17, 18,
    19, 20, 21, 22, 0, 0, 23, 0,
    24, 0, 25, 26, 27, 28, 27, 29,
    30, 26, 31, 32, 26, 33, 34, 34,
    27, 35, 28, 34, 36, 37, 38, 39,
    40, 41, 42, 43, 0, 0, 23, 0,
    0, 0, 11, 12, 17, 29, 25, 27,
    38, 11, 25, 12, 27, 12, 27, 12,
    27, 12, 27, 0, 28, 0, 28, 0,
    27, 0, 27, 0, 27, 0, 27, 0,
    27, 12, 30, 12, 30, 12, 30, 12,
    30, 0, 26, 0, 26, 13, 44, 13,
    45, 13, 46, 13, 31, 13, 34, 17,
    31, 14, 47, 0, 26, 34, 0, 33,
    0, 33, 0, 33, 0, 33, 0, 48,
    0, 34, 0, 34, 0, 34, 0, 0,
    34, 12, 27, 12, 27, 12, 27, 12,
    27, 0, 34, 0, 34, 0, 34, 15,
    36, 15, 36, 15, 36, 15, 36, 16,
    37, 16, 37, 16, 37, 17, 38, 17,
    38, 17, 38, 17, 38, 17, 38, 17,
    38, 19, 40, 21, 42, 21, 22, 43,
    22, 43, 6, 0
};

/*Kern values between classes*/
static const int8_t kern_class_values[] =
{
    0, -33, 0, 0, 0, 0, 0, 0,
    0, 0, 0, 0, 0, 0, 0, 0,
    0, 0, 0, 0, 0, 0, 0, 0,
    0, 0, 0, 0, 0, 0, 0, 0,
    0, 0, 0, 0, 0, 0, 0, 0,
    0, 0, 0, 0, 0, 0, 0, 0,
    0, -27, -2, 0, 11, -10, 3, 0,
    -24, -6, 4, -9, 0, 4, 0, -32,
    -8, -27, -14, 4, -34, 0, 0, 10,
    1, 0, 0, -2, 0, 0, 0, 0,
    0, 0, 0, 0, -7, 0, -14, -9,
    3, -8, 5, 0, 0, 0, 0, 0,
    0, 0, 0, 0, -9, 0, -10, 0,
    0, 0, -1, 0, 0, 0, 0, -9,
    0, -9, -3, -8, -11, 0, 0, -33,
    0, 0, 0, 0, -1, -1, 0, 0,
    0, 0, 0, 0, -1, 0, -2, 0,
    -6, -3, 0, 0, 0, 0, 0, 0,
    0, 3, -4, 0, -3, -9, -5, 0,
    0, -5, -4, -5, 0, 0, 0, -2,
    0, 0, 2, -8, -4, 0, 0, -26,
    0, 0, 0, 0, 0, -1, 0, 0,
    0, 0, 0, 0, 0, 0, 1, 0,
    0, 0, 0, 0, 0, 0, 0, 0,
    0, -5, 0, 0, -23, 8, -20, 0,
    0, 0, -17, 0, 0, -3, 0, -15,
    0, -12, -8, -13, -17, -8, 0, -24,
    0, 0, 0, 0, 0, 0, 0, 0,
    0, 0, 0, 0, 0, 0, 0, 0,
    0, 0, 0, 0, 0, 0, 0, 0,
    0, 0, -7, 0, 0, 0, 0, 0,
    0, -5, 0, 0, 0, -7, 0, 0,
    0, -3, 0, 0, -2, 0, 0, 0,
    0, 0, -5, -5, 0, -3, 0, 0,
    0, 0, 0, 0, 0, 0, 0, 0,
    0, 0, 0, 0, 0, 0, 0, 0,
    0, 3, -20, 8, -53, 0, -36, 0,
    3, -13, -35, -13, 0, -26, 0, 0,
    0, 0, 0, 0, 0, 0, 0, -73,
    -20, 0, -16, -16, -3, -22, 0, -5,
    0, -13, -13, -13, -5, -13, -8, -7,
    -18, -8, -10, 16, 16, 16, 16, 0,
    0, -5, 0, 0, 0, 2, 3, 0,
    0, 0, 0, 0, 0, -3, 0, -15,
    0, -11, -5, -4, -20, 0, 0, 0,
    0, 0, 0, 0, 0, 0, 0, 0,
    0, 0, 0, 0, 0, 0, 0, 0,
    0, 0, 0, 0, 0, 0, 0, 0,
    0, 0, -3, 0, 0, -18, 0, 0,
    0, -9, 0, 0, 0, 0, 0, -2,
    0, 0, 0, 0, 0, 0, 0, 3,
    0, 0, -3, -3, 0, 0, 0, 0,
    0, 0, 0, -2, 0, 0, -2, 0,
    0, -2, 0, 11, 11, 11, 11, 0,
    0, 0, 0, 0, -16, 0, -15, 0,
    0, 0, -10, 0, 0, -3, 0, 0,
    0, 0, 0, -8, 0, 0, 0, -42,
    0, 0, 0, 0, 0, 0, 0, 0,
    0, 0, 0, 0, 0, 0, 0, 0,
    0, 0, 0, 0, 0, 0, 0, 0,
    0, -1, -13, 5, 5, -30, 3, 0,
    0, -15, 3, -16, 0, -6, -4, -12,
    0, -10, -4, 0, -7, 3, 0, 0,
    -4, 0, -11, -12, -9, -3, 0, 0,
    -2, -5, -5, 0, -13, -8, -8, -8,
    -4, -8, 5, 10, 6, 5, 0, -2,
    0, 0, 0, 0, 0, 0, 0, 3,
    0, 0, 0, 0, 0, 0, 0, 0,
    0, 0, 0, 0, 0, 0, 0, 0,
    0, 0, 0, 0, 0, 0, 0, 0,
    0, 0, 0, 0, 0, 0, 0, 0,
    0, 0, 0, 0, 0, 0, 0, 0,
    0, -5, -2, 0, -25, 8, -20, 0,
    -2, 0, -11, 0, 0, -4, -1, -12,
    0, -13, -10, -13, -19, -5, 0, -51,
    0, 0, 0, 0, 0, 0, 0, 0,
    0, 0, 0, 0, 0, 0, 0, 0,
    0, 0, 0, 0, 0, 0, 0, 0,
    0, 8, -15, 0, -58, 0, -40, 0,
    5, -2, -34, 0, 0, -24, 1, 0,
    0, 0, 1, -12, -5, -13, 0, -78,
    -5, 0, -9, -9, 4, -14, 0, 0,
    0, -5, -7, -5, 4, 0, 5, 3,
    0, 5, 1, 0, 0, 0, 0, 0,
    0, 0, -15, 0, -4, -10, -8, 0,
    0, -12, 0, -3, 0, -7, 0, -9,
    -5, -8, -4, 0, -14, 0, 0, 2,
    -5, 0, -4, -4, 0, -8, 0, 0,
    0, 0, 0, 0, 0, 0, 0, 0,
    0, -1, 0, 0, 0, 0, 0, 0,
    0, 0, -4, 0, -4, 7, -14, 0,
    0, 0, 0, 0, 0, 2, -4, -7,
    0, -3, -3, 0, -5, 0, 0, -27,
    0, 0, 0, 0, 0, 0, 0, 0,
    0, 0, 0, 0, 0, 0, 0, 0,
    0, 0, 0, 0, 0, 0, 0, 0,
    0, 0, 0, 0, 0, 0, 0, -22,
    0, 0, 0, 0, 0, 0, 0, 0,
    0, 0, 0, 0, 0, 0, 0, 0,
    0, 0, 0, 0, 0, 0, 0, 0,
    0, 0, 0, 0, 0, 0, 0, 0,
    0, 0, 0, 0, 0, 0, 0, 0,
    0, 0, -4, 0, -19, 0, -19, 0,
    0, 0, -9, 0, 0, -2, 0, 0,
    0, 0, 0, 0, 0, 0, 0, -35,
    0, 0, 0, 0, 0, -1, 0, 0,
    0, 0, 0, 0, 0, 0, 0, 0,
    0, 0, 0, 0, 0, 0, 0, 0,
    0, 0, 0, 0, 0, 0, 0, -13,
    0, 0, 0, 0, 0, 0, 0, 0,
    0, 0, 0, 0, 0, 0, 0, 0,
    0, 0, 0, 0, 0, 0, 0, 0,
    0, 0, 0, 0, 0, 0, 0, 0,
    0, 0, 0, 0, 0, 0, 0, 0,
    0, 0, 0, 0, 0, 0, 0, -4,
    0, 0, 0, 0, 0, 0, 0, 0,
    0, 0, 0, 0, 0, 0, 0, 0,
    0, 0, 0, 0, 0, 0, 0, 0,
    0, 0, 0, 0, 0, 0, 0, 0,
    0, 0, 0, 0, 0, 0, 0, 0,
    0, 0, 0, 0, 0, 0, 0, -7,
    0, 0, 0, 0, 0, 0, 0, 0,
    0, 0, 0, 0, 0, 0, 0, 0,
    0, 0, 0, 0, 0, 0, 0, 0,
    0, 0, 0, 0, 0, 0, 0, 0,
    0, 0, 0, 0, 0, 0, 0, 0,
    0, 0, 0, 0, 0, 0, 0, -24,
    0, 0, 0, 0, 0, 0, 0, 0,
    0, 0, 0, 0, 0, 0, 0, 0,
    0, 0, 0, 0, 0, 0, 0, 0,
    0, 0, 0, 0, 0, 0, 0, 0,
    0, 0, 0, 0, 0, 0, 0, 0,
    0, 4, -5, 4, 14, -23, 3, 0,
    0, -9, 0, -9, 0, -2, 0, 0,
    0, -2, -1, 0, -2, 0, 0, 9,
    0, 0, -3, -3, 0, 0, 0, 0,
    0, 0, 0, 0, -1, -1, 0, 0,
    0, -3, 5, 14, 14, 14, 13, 0,
    0, -14, 0, 0, 5, -3, 14, 0,
    0, 0, 8, 0, 0, 5, 0, -36,
    0, -19, -6, 3, -28, 5, 0, 5,
    0, 0, 0, 0, 0, 0, 0, 0,
    0, 0, 0, 0, -2, 0, -6, -3,
    2, -3, 3, 0, 0, 0, 0, 0,
    0, -11, 0, 0, -10, 5, 1, 0,
    0, 0, 0, 0, -3, 2, 0, -37,
    0, -18, -10, -9, -30, -1, 0, -27,
    0, 0, 0, 0, -2, 0, 0, 0,
    0, 0, 0, 0, -2, 0, -3, -2,
    -7, -4, -4, 0, 0, 0, 0, 0,
    0, 0, 0, 0, 0, 0, 2, 0,
    0, 0, 5, 0, 0, 4, 1, -24,
    0, -14, -4, 0, -22, 3, 0, -16,
    0, 0, -3, -2, 0, -2, 0, 0,
    0, 0, 0, 0, 0, 0, 0, 0,
    0, 0, 0, 0, 0, 0, 0, 0,
    0, -13, 0, 0, -10, 5, 2, 0,
    0, 0, 0, 0, -3, 0, -5, -30,
    0, -17, -9, -9, -30, -3, 0, -29,
    0, 0, 0, 0, 0, 0, 0, 0,
    0, 0, 0, 0, 0, 0, 0, -3,
    -5, -3, -3, 0, 0, 0, 0, 0,
    2, 16, -5, 15, -25, -3, -11, 0,
    15, 0, -7, 8, 0, -11, 3, 17,
    0, 16, 15, 9, 15, 1, 8, -29,
    0, 0, -3, -3, 0, -4, 5, 0,
    0, 0, 0, 0, 1, 0, 7, 1,
    0, 5, 0, 29, 24, 28, 27, 0,
    0, 3, -2, 14, 3, -2, 17, 0,
    0, -1, 10, 2, 0, -2, 0, 0,
    0, -3, 2, 4, -5, 7, 5, 29,
    0, 0, -3, -3, 0, 6, 0, 13,
    0, 0, 0, 0, 0, -3, 0, 1,
    0, 3, 1, 0, 0, 0, 13, 0,
    0, -10, 0, 0, 0, 0, 3, 0,
    0, 0, 0, 0, 0, 0, 0, -30,
    0, -17, -12, 0, -28, 0, 0, 0,
    0, 0, 0, 0, 0, 0, 0, 0,
    0, 0, 0, 0, 0, 0, -5, -3,
    0, -5, 0, 0, 0, 0, 0, 0,
    0, 0, 0, 0, 0, 0, 0, 0,
    0, 0, 0, 0, 0, -4, 0, 0,
    0, 0, 0, 0, -9, 0, 0, 0,
    0, 0, 0, 0, 0, 0, 0, 0,
    0, 0, 0, 0, 0, 0, 0, 0,
    0, 0, 0, 0, 0, 0, 0, 0,
    0, 0, 0, 0, 0, 0, 0, 0,
    0, 0, 0, 0, 0, 0, 0, -7,
    0, -13, -5, 0, -3, 0, 0, 0,
    0, 0, 0, 0, 0, 0, 0, 0,
    0, 0, 0, 0, 0, 0, 0, 0,
    0, 0, 0, 0, 0, 0, 0, 0,
    0, 0, -7, 0, 2, -24, 2, 0,
    0, -5, 8, -6, 0, 3, -2, -13,
    0, -9, -3, 2, -22, 8, 0, 14,
    -2, 0, -4, -3, 0, -3, 0, 0,
    0, 0, 0, -4, -4, -5, -6, -4,
    0, -4, 3, 0, 0, 0, 0, 0,
    0, 0, 0, 0, 4, -7, 2, 0,
    0, 0, 13, 0, 0, 7, 0, -9,
    0, -3, 2, 8, -8, 8, 0, 14,
    0, 0, 0, 0, 0, 0, 0, 0,
    -5, 0, 0, 0, -3, 0, -2, -2,
    0, -3, 2, 0, 0, 0, 0, -5,
    0, -13, -3, 0, -10, 5, 0, 0,
    0, 0, 0, 0, -3, 0, 0, -32,
    0, -18, -10, -9, -30, -4, 0, -31,
    0, 0, 0, 0, -2, 0, 0, 0,
    0, 0, 0, 0, -2, 0, -4, -4,
    -8, -4, -2, 0, 0, 0, 0, 0,
    0, 0, 0, 0, 0, 0, 0, 0,
    0, 0, 0, 0, 0, 0, 0, -7,
    0, -13, -5, 0, -18, 0, 0, 0,
    0, 0, 0, 0, 0, 0, 0, 0,
    0, 0, 0, 0, 0, 0, 0, 0,
    0, 0, 0, 0, 0, 0, 0, 0,
    0, 16, -11, 0, -42, -3, -14, 0,
    0, 0, -18, 5, 0, -9, 3, -4,
    0, 3, 5, -8, -8, -5, 0, -40,
    -4, 0, -2, -2, 6, -7, 0, 1,
    0, 0, 0, 0, 5, 0, 7, 6,
    0, 7, 3, 0, 0, 0, 1, 0,
    0, -5, -2, 0, -4, -3, 2, 0,
    0, 0, 1, 0, 0, 0, 0, -30,
    0, -17, -1, -10, -25, 0, 0, -22,
    0, 0, 0, 0, 1, -2, 0, 0,
    0, 0, 0, -4, -2, 0, -5, -5,
    -5, -5, -3, 0, 0, 0, 0, 0,
    0, 2, -4, 0, 2, -9, 0, 0,
    2, -2, 7, 0, 0, 3, 2, -14,
    0, 0, 2, 2, -10, 2, 2, 11,
    0, 0, -2, -2, -3, -3, 0, 0,
    0, 0, 0, 0, -4, 0, 2, 0,
    0, 2, 2, 0, 0, 0, 0, 0,
    0, 0, 0, 0, 0, 0, 0, 0,
    0, 0, 0, 0, 0, 0, 0, -24,
    0, -12, -2, 0, -24, 0, 0, 0,
    0, 0, 0, 0, 0, 0, 0, 0,
    0, 0, 0, 0, 0, 0, 0, 0,
    0, 0, 0, 0, 0, 0, 0, 0,
    0, 15, -8, 0, -33, -2, -5, 0,
    0, 0, -13, 0, -1, -8, 0, -12,
    0, -5, 0, -1, -8, 0, 0, -35,
    -5, 0, -4, -4, 4, -7, 0, 0,
    0, 0, 0, -1, 2, 0, 0, 0,
    0, 0, -1, 0, 0, 0, 0, 0,
    0, 13, -11, 0, -24, -2, 0, 0,
    0, -2, -8, 0, 0, -9, 0, -21,
    0, -5, -3, 0, -16, 0, 0, -22,
    -6, 0, -4, -4, 2, -9, 0, 0,
    0, 0, 0, -2, 2, 0, 0, 0,
    0, 0, 2, 0, 0, 0, 0, 0,
    0, 3, -13, 0, 0, -19, 0, 0,
    0, -8, 3, 0, 0, 1, 0, -22,
    0, -5, -4, 2, -13, 0, 0, 11,
    0, 0, -8, -8, 0, 0, 0, 0,
    0, 0, 0, -3, 0, 0, 0, 0,
    0, 0, 0, 0, 0, 0, 0, 0,
    0, 13, -15, 0, -35, -2, -7, 0,
    0, -4, -16, 0, -1, -12, 0, -15,
    0, -5, 0, 0, -3, 0, 0, -40,
    -8, 0, -5, -5, 4, -13, 0, 0,
    0, 0, 0, -3, 1, 0, 0, 0,
    0, 0, -1, 0, 0, 0, 0, 0,
    0, 6, -4, 0, 9, -11, 3, 0,
    0, -2, 7, 0, 0, 3, 0, -19,
    0, -4, 1, 7, -9, 3, 0, 8,
    0, 0, -4, -4, 0, 0, 0, 0,
    0, 0, 0, 0, 0, 0, 2, 2,
    0, 2, 0, 0, 0, 0, 0, 0,
    0, -8, 0, 0, 2, -3, 0, 0,
    -7, 0, 4, -2, -2, 5, -4, -16,
    -3, -10, -7, 0, -16, 4, 0, -27,
    4, 0, 2, 2, -2, 4, 0, 0,
    0, 0, 0, 0, -4, 0, -4, -6,
    -1, -4, 0, 0, 0, 0, 0, 0,
    0, -27, -2, 24, 11, -10, 3, 0,
    -24, -6, 4, -9, 0, 4, 0, -32,
    -8, -27, -14, 4, -34, 0, 5, 10,
    1, 0, 0, -2, 0, 0, 0, 0,
    0, 0, 0, 0, -7, 0, -14, -9,
    3, -8, 5, 0, 0, 0, 0, 0,
    0, -14, 0, 20, 5, -3, 14, 0,
    0, 0, 8, 0, 0, 5, 0, -36,
    0, -19, -6, 3, -28, 5, 0, 5,
    0, 0, 0, 0, 0, 0, 0, 11,
    0, 0, 0, 0, -2, 0, -6, -3,
    2, -3, 3, 0, 0, 0, 11, 0,
    24, 34, 18, 51, -16, -13, 0, 0,
    35, 0, 0, 0, 0, 0, 0, 0,
    0, 0, 0, 0, 0, 0, 36, -22,
    0, 24, -5, -5, 21, -7, 24, 23,
    24, 0, 0, -4, 21, 0, 21, 17,
    0, 21, 8, 24, 24, 24, 23, 24,
    0, 0, -7, 9, 0, 0, 0, 0,
    0, -5, 0, 0, 0, -7, 0, 0,
    0, -3, 0, 0, -2, 0, 0, 0,
    0, 0, -5, -5, 0, -3, 0, 0,
    0, 0, 0, 0, 0, 0, 0, 0,
    0, 0, 0, 0, 0, 0, 0, 0,
    0, 0, 0, 0, 0, 0, 0, 0,
    0, 0, 0, 0, 0, -4, 0, 18,
    0, 18, 18, 0, 18, 0, 0, 0,
    0, 0, 0, 0, 0, 0, 0, 0,
    0, 0, 0, 0, 0, 0, 0, 0,
    0, 0, 0, 0, 0, 0, 0, 0,
    0, 0, 0, 0, 0, 0, 0, 0,
    0, 0, 0, 0, 0, -4, 0, 0,
    0, 6, 0, 0, 10, 0, 0, 0,
    0, 0, 0, 0, 0, 0, 0, 0,
    0, 0, 0, 0, 0, 0, 0, 0,
    0, 0, 0, 0, 0, 0, 0, 0,
    0, 0, 0, 0, 0, 0, 0, 0,
    0, 0, 0, 0, 0, -4, 0, 8,
    0, 18, 6, 0, 18, 0, 0, 0,
    0, 0, 0, 0, 0, 0, 0, 0,
    0, 0, 0, 0, 0, 0, 0, 0,
    0, 0, 0, 0, 0, 0, 0, 0,
    0, 0, -3, 13, 0, -18, 0, 0,
    0, -9, 0, 0, 0, 0, 0, -2,
    0, 0, 0, 0, 0, 0, 0, 3,
    0, 0, -3, -3, 0, 0, 0, 0,
    0, 0, 0, -2, 0, 0, -2, 0,
    0, -2, 0, 11, 11, 11, 11, 0,
    0, 0, 0, 0, 0, 0, 0, 0,
    0, 0, 0, 0, 0, 0, 0, -7,
    0, 8, 12, 0, 9, 0, 0, 0,
    0, 0, 0, 0, 0, 0, 0, 0,
    0, 0, 0, 0, 0, 0, 0, 0,
    0, 0, 0, 0, 0, 0, 0, 0,
    24, 34, 18, 51, -4, -11, 0, 0,
    35, 0, 0, 0, 0, 0, 0, 0,
    0, 0, 0, 0, 0, 0, 36, -22,
    0, 24, -5, -5, 21, -7, 24, 23,
    24, 0, 0, -4, 21, 0, 21, 17,
    0, 21, 8, 24, 24, 24, 23, 24,
    0, 0, 0, 0, 4, -7, 2, 0,
    0, 0, 13, 0, 0, 7, 0, -9,
    0, -3, 2, 8, -8, 8, 0, 14,
    0, 0, 0, 0, 0, 0, 0, 0,
    -5, 0, 0, 0, -3, 0, -2, -2,
    0, -3, 2, 0, 0, 0, 0, 13,
    12, 22, -4, 40, 2, -9, 0, 0,
    18, -2, 7, 0, 0, 3, 2, -14,
    0, 0, 2, 2, -10, 2, 18, 11,
    0, 11, -2, -2, 0, -3, 11, 11,
    11, 0, 0, 0, -3, 0, 2, 0,
    0, 2, 2, 11, 11, 11, 11, 11
};


/*Collect the kern class' data in one place*/
static const lv_font_fmt_txt_kern_classes_t kern_classes =
{
    .class_pair_values   = kern_class_values,
    .left_class_mapping  = kern_left_class_mapping,
    .right_class_mapping = kern_right_class_mapping,
    .left_class_cnt      = 58,
    .right_class_cnt     = 48,
};

/*--------------------
 *  ALL CUSTOM DATA
 *--------------------*/

#if LVGL_VERSION_MAJOR == 8
/*Store all the custom data of the font*/
static  lv_font_fmt_txt_glyph_cache_t cache;
#endif

#if LVGL_VERSION_MAJOR >= 8
static const lv_font_fmt_txt_dsc_t font_dsc = {
#else
static lv_font_fmt_txt_dsc_t font_dsc = {
#endif
    .glyph_bitmap = glyph_bitmap,
    .glyph_dsc = glyph_dsc,
    .cmaps = cmaps,
    .kern_dsc = &kern_classes,
    .kern_scale = 16,
    .cmap_num = 4,
    .bpp = 4,
    .kern_classes = 1,
    .bitmap_format = 1,
#if LVGL_VERSION_MAJOR == 8
    .cache = &cache
#endif
};



/*-----------------
 *  PUBLIC FONT
 *----------------*/

/*Initialize a public general font descriptor*/
#if LVGL_VERSION_MAJOR >= 8
const lv_font_t plex_sans_cond_34 = {
#else
lv_font_t plex_sans_cond_34 = {
#endif
    .get_glyph_dsc = lv_font_get_glyph_dsc_fmt_txt,    /*Function pointer to get glyph's data*/
    .get_glyph_bitmap = lv_font_get_bitmap_fmt_txt,    /*Function pointer to get glyph's bitmap*/
    .line_height = 43,          /*The maximum line height required by the font*/
    .base_line = 9,             /*Baseline measured from the bottom of the line*/
#if !(LVGL_VERSION_MAJOR == 6 && LVGL_VERSION_MINOR == 0)
    .subpx = LV_FONT_SUBPX_NONE,
#endif
#if LV_VERSION_CHECK(7, 4, 0) || LVGL_VERSION_MAJOR >= 8
    .underline_position = -3,
    .underline_thickness = 3,
#endif
    .dsc = &font_dsc,          /*The custom font data. Will be accessed by `get_glyph_bitmap/dsc` */
#if LV_VERSION_CHECK(8, 2, 0) || LVGL_VERSION_MAJOR >= 9
    .fallback = NULL,
#endif
    .user_data = NULL,
};



#endif /*#if PLEX_SANS_COND_34*/

