/*******************************************************************************
 * Size: 22 px
 * Bpp: 4
 * Opts: --font /Users/monsjovis/repositories/esp-flight-monitor/tools/fonts/IBMPlexSansCondensed-Medium.ttf --format lvgl --bpp 4 --size 22 --lv-font-name plex_sans_cond_22 -o /Users/monsjovis/repositories/esp-flight-monitor/main/ui/fonts/plex_sans_cond_22.c -r 0x20-0x7F -r 0xC4,0xD6,0xDC,0xE4,0xF6,0xFC,0xDF -r 0xB0,0xB7 -r 0x2192,0x2014 -r 0x0104-0x017C
 ******************************************************************************/

#ifdef LV_LVGL_H_INCLUDE_SIMPLE
#include "lvgl.h"
#else
#include "lvgl/lvgl.h"
#endif

#ifndef PLEX_SANS_COND_22
#define PLEX_SANS_COND_22 1
#endif

#if PLEX_SANS_COND_22

/*-----------------
 *    BITMAPS
 *----------------*/

/*Store the image of the glyphs*/
static LV_ATTRIBUTE_LARGE_CONST const uint8_t glyph_bitmap[] = {
    /* U+0020 " " */

    /* U+0021 "!" */
    0x3f, 0xf1, 0x80, 0x7f, 0xf1, 0x8, 0x0, 0x42,
    0x0, 0x10, 0x11, 0x0, 0xc, 0xc0, 0x6, 0x60,
    0x0, 0x88, 0x0, 0xbb, 0x0, 0xc, 0xc0, 0xbd,
    0xc4, 0xd0, 0x6, 0x60, 0x45, 0x60,

    /* U+0022 "\"" */
    0x7f, 0x80, 0x8f, 0x80, 0xf, 0xfe, 0xb9, 0x2e,
    0x86, 0xae, 0x80,

    /* U+0023 "#" */
    0x0, 0xcd, 0xe2, 0x0, 0xbd, 0x0, 0xf7, 0x0,
    0x80, 0x19, 0xc0, 0x3c, 0x66, 0x0, 0x88, 0x80,
    0x1e, 0x56, 0x0, 0x10, 0x68, 0x4, 0xff, 0xe1,
    0x5f, 0xf6, 0x85, 0x7c, 0x2, 0x43, 0x2, 0xc4,
    0x10, 0x22, 0x18, 0x6, 0xf8, 0x12, 0xee, 0x11,
    0x3b, 0x90, 0x2, 0x20, 0x30, 0x3, 0x28, 0x7,
    0xb4, 0x40, 0x22, 0x20, 0x6, 0x22, 0x31, 0x14,
    0x62, 0x22, 0x10, 0x5d, 0xd1, 0x9b, 0x75, 0x80,
    0xfb, 0x40, 0x95, 0x20, 0xd5, 0x46, 0x9, 0xa8,
    0x1, 0x55, 0x6, 0x2a, 0x84, 0x19, 0x4c, 0x2,
    0x60, 0x70, 0x1, 0x10, 0x3, 0xc4, 0x4, 0x0,
    0x66, 0x0, 0x7b, 0x84, 0x2, 0x22, 0x0, 0x60,

    /* U+0024 "$" */
    0x0, 0xe6, 0x60, 0x7, 0xf5, 0xc8, 0x7, 0xc2,
    0xa6, 0xc, 0x40, 0x19, 0xba, 0x84, 0x27, 0x64,
    0x0, 0x72, 0xa, 0x42, 0xc0, 0xd0, 0x14, 0xb,
    0x4c, 0x53, 0xab, 0x20, 0x41, 0xa0, 0x18, 0xa8,
    0x40, 0x83, 0x80, 0x3f, 0x60, 0x34, 0x38, 0x7,
    0x95, 0x81, 0xcc, 0xd2, 0x60, 0x1a, 0x6d, 0x40,
    0xd, 0x94, 0x1, 0x92, 0x90, 0x98, 0x16, 0x0,
    0x3c, 0x33, 0x0, 0xa0, 0x1f, 0x90, 0x8, 0x5,
    0x80, 0x39, 0xc0, 0x43, 0x26, 0x40, 0x10, 0xc0,
    0x20, 0x58, 0x37, 0xa1, 0xf1, 0x8c, 0x3, 0x62,
    0x80, 0x42, 0xbe, 0x40, 0x3, 0xaf, 0x20, 0xea,
    0x10, 0xf, 0xfe, 0x0,

    /* U+0025 "%" */
    0x5, 0xdf, 0xd5, 0x0, 0xe2, 0xfe, 0x0, 0x96,
    0x86, 0x6, 0x94, 0x3, 0x48, 0x58, 0x5, 0xc1,
    0xef, 0xe1, 0xc0, 0x12, 0x24, 0xa0, 0x13, 0x0,
    0x81, 0x3, 0x0, 0x52, 0x12, 0x1, 0xff, 0xc1,
    0x72, 0x72, 0x0, 0xcc, 0x1, 0x18, 0x8, 0x14,
    0xc, 0x0, 0x76, 0x5, 0x95, 0x85, 0x84, 0x85,
    0x80, 0x4, 0x2, 0x75, 0x6d, 0x65, 0x74, 0x49,
    0x67, 0xfb, 0x8a, 0x0, 0xad, 0xbd, 0xa0, 0x90,
    0x97, 0x65, 0xa3, 0xa2, 0x0, 0x12, 0x10, 0x39,
    0x39, 0x50, 0x52, 0xc0, 0x28, 0x7, 0x14, 0xc,
    0x1, 0x0, 0x42, 0x1a, 0x1, 0xd2, 0x16, 0x1,
    0xf8, 0x40, 0x32, 0x20, 0xd4, 0x3, 0xf0, 0x80,
    0x69, 0xe, 0x0, 0x8c, 0x4, 0x8, 0x34, 0x2,
    0x72, 0x72, 0x0, 0xa8, 0x29, 0xe0, 0x18, 0x0,
    0x50, 0x30, 0x1, 0x9a, 0x16, 0xa, 0xc4,

    /* U+0026 "&" */
    0x0, 0x1d, 0xf7, 0xe2, 0x80, 0x78, 0xf1, 0x0,
    0x4e, 0x94, 0x3, 0xac, 0x13, 0xb8, 0xc1, 0xc0,
    0x1c, 0x40, 0x60, 0xc, 0x6, 0x0, 0xed, 0x3,
    0x0, 0x68, 0x20, 0x7, 0x30, 0x22, 0xa9, 0xc6,
    0x0, 0x38, 0x68, 0x2a, 0x85, 0x82, 0x1, 0xef,
    0x0, 0xa4, 0x82, 0xfb, 0x86, 0x18, 0xa8, 0x80,
    0xa1, 0x5, 0x11, 0x3b, 0x19, 0x5d, 0x88, 0x68,
    0x44, 0x5e, 0x98, 0x8, 0x0, 0xe0, 0x4a, 0x4,
    0x0, 0x30, 0x8, 0x0, 0xe4, 0x10, 0x34, 0x0,
    0xe0, 0x40, 0x13, 0x18, 0x1, 0xc0, 0x18, 0xa,
    0xc0, 0x6, 0x13, 0xe, 0x0, 0x31, 0x4, 0xff,
    0xa6, 0xf8, 0xa, 0x40, 0x71, 0x44, 0xa, 0x58,
    0xa4, 0x19, 0x40,

    /* U+0027 "'" */
    0x7f, 0x80, 0xf, 0xfe, 0x19, 0x2e, 0x80,

    /* U+0028 "(" */
    0x0, 0xaf, 0xdc, 0x1, 0x8, 0xae, 0x4, 0xe1,
    0x60, 0xb, 0x7, 0x10, 0x3, 0x84, 0x80, 0x10,
    0x48, 0x40, 0x6, 0x8, 0x1, 0x68, 0x70, 0x4,
    0x20, 0x40, 0x13, 0x80, 0x7f, 0xf1, 0x58, 0xc,
    0x2, 0x20, 0xe0, 0xb, 0x0, 0xc0, 0x24, 0x4,
    0x0, 0xca, 0xc, 0x1, 0x48, 0x40, 0x4, 0x6a,
    0x2e, 0x1, 0x59, 0x42, 0x0, 0x7, 0x2d, 0x80,

    /* U+0029 ")" */
    0xc, 0xf6, 0x0, 0xda, 0x32, 0x40, 0x10, 0xc0,
    0x70, 0x6, 0x62, 0x33, 0x0, 0x6a, 0xa, 0x0,
    0xca, 0xe, 0x1, 0x88, 0x44, 0x40, 0x18, 0x81,
    0x80, 0x33, 0x81, 0x0, 0x61, 0x1, 0x0, 0xff,
    0xe0, 0x88, 0x6, 0x60, 0x30, 0xc, 0x20, 0xe0,
    0x10, 0x90, 0x90, 0x4, 0xe0, 0x80, 0x1a, 0x83,
    0xc0, 0x24, 0x32, 0x50, 0xa, 0x2, 0x0, 0x29,
    0x36, 0x50, 0xa, 0xb2, 0x40, 0x20,

    /* U+002A "*" */
    0x0, 0xd9, 0xe6, 0x1, 0xf3, 0x1, 0x0, 0x69,
    0x20, 0x20, 0x10, 0x74, 0x36, 0xdb, 0x21, 0x8e,
    0x8e, 0x29, 0x56, 0x51, 0x65, 0x7e, 0x16, 0xae,
    0x0, 0x25, 0xc2, 0x0, 0xb, 0xe, 0x96, 0x40,
    0x21, 0xc0, 0x85, 0x36, 0x70, 0x0, 0xc2, 0xa0,
    0x42, 0x30, 0x4, 0xd4, 0x0, 0x4b, 0x10,

    /* U+002B "+" */
    0x0, 0x87, 0xfc, 0x1, 0xff, 0xd6, 0xbf, 0xf7,
    0x0, 0x3f, 0xe9, 0x22, 0xc0, 0x2, 0x28, 0x67,
    0x75, 0x80, 0xd, 0xda, 0x0, 0x3f, 0xf9, 0x62,
    0x88, 0x0, 0xc0,

    /* U+002C "," */
    0x0, 0xf2, 0xff, 0x10, 0x78, 0xa, 0x6, 0x0,
    0xc, 0x19, 0x1, 0x0, 0x91, 0xc4, 0x38, 0xe0,
    0x0,

    /* U+002D "-" */
    0x45, 0x5c, 0x93, 0x55, 0xbc, 0x3, 0xc0,

    /* U+002E "." */
    0x1, 0x10, 0x37, 0x70, 0xfc, 0x0, 0xba, 0x22,
    0x40,

    /* U+002F "/" */
    0x0, 0xe7, 0xf7, 0x0, 0xec, 0x5, 0x0, 0xe4,
    0x12, 0x0, 0xc8, 0xe, 0x1, 0xda, 0x18, 0x1,
    0xc8, 0x8, 0x1, 0x88, 0x86, 0x20, 0x19, 0x1,
    0x0, 0x3b, 0x42, 0xc0, 0x39, 0x0, 0xc0, 0x31,
    0x82, 0x80, 0x75, 0x86, 0x0, 0x72, 0x2, 0x0,
    0x61, 0x32, 0x20, 0x6, 0x40, 0x40, 0xe, 0xf0,
    0xd0, 0xe, 0x40, 0x40, 0xc, 0x42, 0x80, 0x1c,
    0xa1, 0x80, 0x1d, 0x80, 0xa0, 0x1c,

    /* U+0030 "0" */
    0x0, 0x9b, 0x3f, 0xd8, 0xa0, 0x1a, 0x24, 0xc0,
    0x7, 0x4c, 0x0, 0x27, 0x7, 0xdd, 0x28, 0x48,
    0x85, 0x1, 0xc1, 0x12, 0x84, 0x1c, 0x10, 0x10,
    0x3, 0x20, 0x60, 0x10, 0x78, 0x6, 0x30, 0x60,
    0x10, 0xf, 0x8, 0x10, 0x7, 0xff, 0x58, 0x40,
    0x3c, 0x20, 0x40, 0x41, 0xe0, 0x18, 0xc1, 0x81,
    0x1, 0x0, 0x32, 0x6, 0x5, 0x1, 0xc1, 0x12,
    0x84, 0x1c, 0x9, 0x81, 0xf7, 0x4a, 0x12, 0x20,
    0x9, 0x91, 0x80, 0xe, 0x98, 0x0,

    /* U+0031 "1" */
    0x0, 0x27, 0xfd, 0x40, 0x18, 0xac, 0x3, 0xe1,
    0xc0, 0x75, 0x0, 0xea, 0x15, 0x80, 0xf, 0x4a,
    0xd0, 0x7, 0xc5, 0x40, 0x1f, 0xff, 0xf0, 0xf,
    0xfe, 0xa, 0xff, 0xca, 0xb, 0xff, 0x0, 0x7f,
    0x80,

    /* U+0032 "2" */
    0x0, 0x36, 0x7f, 0xb1, 0x80, 0x2a, 0x93, 0x0,
    0x1c, 0xc0, 0x2a, 0x82, 0x77, 0x8, 0x1c, 0x30,
    0x1d, 0x88, 0xe4, 0x0, 0x93, 0xb2, 0x1, 0x30,
    0x0, 0x40, 0x84, 0x3, 0xcc, 0x1, 0xe5, 0x0,
    0x18, 0x7, 0xc, 0x83, 0x80, 0x7a, 0x84, 0xa0,
    0x3, 0xa9, 0x7, 0xc0, 0x3a, 0x94, 0x34, 0x80,
    0x34, 0xa8, 0x61, 0x80, 0x68, 0x60, 0xb3, 0x0,
    0xce, 0xe0, 0xa4, 0x0, 0xec, 0x0, 0x57, 0xff,
    0x58, 0x7, 0xf8,

    /* U+0033 "3" */
    0x0, 0xc, 0x6f, 0xf5, 0xa0, 0x4, 0x58, 0xe4,
    0x2, 0x96, 0x80, 0x8, 0x22, 0x5f, 0x58, 0x84,
    0x80, 0x2d, 0x31, 0x5, 0x24, 0x8, 0x0, 0x36,
    0x20, 0x11, 0x0, 0x7f, 0xb4, 0x8, 0x3, 0xe5,
    0x70, 0x80, 0xc, 0x7f, 0xea, 0x2a, 0x50, 0xf,
    0xc7, 0xa0, 0x1c, 0x7f, 0xec, 0x37, 0xc0, 0xf,
    0x8e, 0x40, 0xcc, 0x1, 0xf2, 0x80, 0x18, 0x1a,
    0x40, 0x32, 0x80, 0x4, 0xa5, 0xa4, 0x84, 0xe4,
    0x5, 0xa, 0x41, 0xb7, 0xb0, 0x82, 0xc0, 0xd,
    0x8a, 0x20, 0x2b, 0x8a, 0x0,

    /* U+0034 "4" */
    0x0, 0xe2, 0xff, 0x90, 0x3, 0xe8, 0x0, 0xff,
    0x12, 0xa8, 0x3, 0xfa, 0x2, 0x0, 0x3f, 0x12,
    0xa8, 0x80, 0x3f, 0x40, 0x48, 0x7, 0xe2, 0x54,
    0x30, 0xf, 0xd0, 0x1e, 0x1, 0xf8, 0x94, 0xd0,
    0x3, 0xf4, 0x4, 0x80, 0x7e, 0x25, 0x25, 0x0,
    0xfc, 0xe0, 0x5f, 0xf8, 0x1, 0x7e, 0x42, 0x1,
    0xff, 0x27, 0xff, 0x80, 0x17, 0xe4, 0x1, 0xff,
    0xcc,

    /* U+0035 "5" */
    0xe, 0xff, 0xf8, 0x40, 0x40, 0x3f, 0xee, 0xef,
    0x8, 0x80, 0x47, 0xe0, 0x8, 0xc0, 0x3e, 0x30,
    0x10, 0xf, 0x84, 0x1c, 0xaf, 0xfd, 0x42, 0xe,
    0x3, 0xe8, 0x0, 0x5f, 0x11, 0x2, 0xdf, 0xf3,
    0x80, 0xca, 0xf6, 0xb0, 0xc, 0x18, 0x20, 0x9,
    0x0, 0x66, 0x1, 0x0, 0xff, 0xd, 0xa0, 0x6,
    0x70, 0x79, 0x4b, 0x61, 0x29, 0x20, 0xf8, 0x30,
    0x9e, 0xd6, 0x5, 0x50, 0x64, 0x18, 0x0, 0xe6,
    0x80,

    /* U+0036 "6" */
    0x0, 0xd3, 0xfe, 0x80, 0xe, 0x96, 0x8, 0x80,
    0x6, 0x66, 0x4, 0x38, 0x6, 0x18, 0x6, 0x70,
    0xe, 0xb1, 0x14, 0x80, 0x70, 0xa8, 0x40, 0x7,
    0x98, 0x0, 0x95, 0xfe, 0xa2, 0xc, 0x4, 0xf5,
    0x0, 0x2e, 0xb, 0x2, 0xd7, 0x72, 0x0, 0x64,
    0x81, 0x5c, 0x44, 0xe6, 0xa, 0x0, 0x30, 0xc,
    0xa0, 0x64, 0x1, 0xfc, 0xe0, 0x60, 0x19, 0x41,
    0x78, 0x11, 0xc4, 0x4e, 0x61, 0xa8, 0xa1, 0x1d,
    0xc8, 0x4, 0x60, 0xa9, 0x30, 0x1, 0x45, 0x80,

    /* U+0037 "7" */
    0xcf, 0xff, 0xd4, 0x1, 0xff, 0xc0, 0xbe, 0xec,
    0x40, 0x40, 0x7, 0x11, 0x8c, 0x82, 0x80, 0x3d,
    0x40, 0x44, 0xcf, 0x30, 0x9, 0x82, 0x80, 0x3c,
    0x62, 0xa, 0x1, 0xea, 0x3, 0x20, 0xf, 0x38,
    0x58, 0x7, 0x94, 0x41, 0x80, 0x3d, 0xe0, 0x82,
    0x1, 0xe5, 0xd, 0x0, 0xf3, 0x0, 0x1c, 0x3,
    0xda, 0x8, 0x20, 0x1c, 0x28, 0x1c, 0x1, 0xe6,
    0x0, 0x28, 0x6,

    /* U+0038 "8" */
    0x0, 0xa3, 0x7f, 0xda, 0xe0, 0x1b, 0x1c, 0x80,
    0x5, 0x16, 0x0, 0x53, 0x9, 0xff, 0x38, 0x21,
    0x86, 0x1, 0xb0, 0x2, 0x4, 0x10, 0x4, 0x18,
    0x3, 0x10, 0x5, 0xc0, 0xc0, 0x18, 0x80, 0xc1,
    0x88, 0xdc, 0x45, 0x2, 0x68, 0x0, 0xc5, 0x8e,
    0xe3, 0xb6, 0x80, 0x4e, 0xe0, 0xc, 0x88, 0x0,
    0x34, 0x95, 0xff, 0xa8, 0xa9, 0x2, 0xc1, 0xd0,
    0x0, 0xaa, 0xf, 0x2, 0xe, 0x0, 0xc4, 0xc,
    0x1, 0x70, 0x6, 0x20, 0x9, 0x41, 0xd0, 0x0,
    0xca, 0xa, 0x10, 0x21, 0x7f, 0xe9, 0x2, 0x90,
    0x2f, 0x62, 0x0, 0x13, 0xe0, 0x80,

    /* U+0039 "9" */
    0x0, 0xa3, 0x7f, 0xd8, 0xa0, 0x1b, 0x5c, 0x80,
    0x7, 0x4e, 0x0, 0x82, 0x9, 0xee, 0x38, 0x41,
    0x2, 0x83, 0x30, 0x45, 0x4, 0x14, 0x4, 0x1c,
    0x1, 0x9c, 0xc, 0x3, 0xfc, 0xe0, 0x21, 0xc0,
    0x19, 0xc0, 0x41, 0x1, 0x98, 0x3, 0x6, 0xc,
    0x12, 0x0, 0x9f, 0xe3, 0x20, 0x20, 0x3c, 0x30,
    0x2, 0xc9, 0x86, 0x80, 0xf, 0x3f, 0xd4, 0xa0,
    0x28, 0x1, 0xe1, 0x90, 0x60, 0xf, 0xa8, 0x45,
    0x20, 0x1e, 0x94, 0xb, 0x10, 0xe, 0x86, 0x7,
    0x50, 0xe, 0xa7, 0x8, 0x80, 0x4,

    /* U+003A ":" */
    0x2e, 0xe2, 0x28, 0x8b, 0x4c, 0x1, 0x89, 0xdc,
    0x50, 0x11, 0x0, 0x7f, 0xf0, 0x84, 0x40, 0x7d,
    0xc5, 0x40, 0x6, 0x28, 0x8b, 0x40,

    /* U+003B ";" */
    0x2, 0xee, 0x20, 0x28, 0x8b, 0x40, 0xc0, 0x18,
    0x9, 0xdc, 0x50, 0x0, 0x88, 0x3, 0xff, 0x94,
    0x7d, 0xc4, 0x4, 0x11, 0x60, 0x18, 0x3, 0xc1,
    0x1c, 0x10, 0x0, 0xc8, 0x61, 0x41, 0x40,

    /* U+003C "<" */
    0x0, 0xff, 0xe2, 0x8d, 0x0, 0x7c, 0x9e, 0xa0,
    0x1e, 0x9b, 0x13, 0x0, 0xc7, 0xac, 0x11, 0x80,
    0x14, 0x61, 0x1e, 0xb8, 0x5, 0x8e, 0x11, 0x84,
    0x1, 0x11, 0x85, 0x38, 0x7, 0x18, 0x85, 0xa8,
    0x7, 0xf, 0xa8, 0xd5, 0x4, 0x3, 0xd, 0x50,
    0x57, 0xd0, 0x3, 0x97, 0xd0, 0x6e, 0x80, 0x38,
    0x6e, 0x1, 0x40, 0x3e, 0x7d, 0x20, 0xf, 0xc5,
    0xa0,

    /* U+003D "=" */
    0x9d, 0xdf, 0xd0, 0x45, 0xfc, 0x37, 0xff, 0xfa,
    0x40, 0x3f, 0xf9, 0x13, 0xbb, 0xfa, 0x8, 0xbf,
    0x84,

    /* U+003E ">" */
    0x0, 0xff, 0xc, 0x80, 0x7e, 0x36, 0xd3, 0x0,
    0xf1, 0x15, 0x90, 0x1, 0xed, 0x70, 0x7c, 0x20,
    0xe, 0x8c, 0x23, 0xd6, 0x0, 0xe3, 0xd6, 0x9,
    0xb0, 0xf, 0x4c, 0x2, 0x0, 0x79, 0xa0, 0x8,
    0x3, 0xd, 0xc8, 0x36, 0x80, 0x4d, 0xc8, 0x37,
    0x20, 0x15, 0xc8, 0x2f, 0xa0, 0x4, 0x48, 0x13,
    0x42, 0x1, 0xc7, 0xac, 0x1, 0xe2, 0xc2, 0x0,
    0xf8,

    /* U+003F "?" */
    0x0, 0x36, 0x7f, 0xac, 0xc0, 0x28, 0x93, 0x0,
    0x26, 0x18, 0x1b, 0x84, 0x75, 0x88, 0x40, 0x28,
    0x2b, 0x8a, 0x48, 0x20, 0x37, 0x58, 0x4, 0x20,
    0x18, 0x44, 0x1, 0x70, 0x10, 0x7, 0x8d, 0xc1,
    0x40, 0x33, 0xe6, 0x0, 0xe0, 0x3, 0x69, 0x94,
    0x60, 0x7, 0xca, 0xe0, 0x1f, 0xfc, 0x4a, 0xf8,
    0x0, 0xfc, 0x20, 0x1f, 0xbb, 0x96, 0x1, 0xe2,
    0x10, 0x50, 0xf, 0x11, 0x83, 0x80, 0x60,

    /* U+0040 "@" */
    0x0, 0xc7, 0x3b, 0xfe, 0xea, 0x50, 0xf, 0xa7,
    0x11, 0x66, 0x4c, 0xf5, 0x82, 0x1, 0xad, 0xa7,
    0x61, 0x99, 0x1b, 0x47, 0x80, 0x13, 0xa5, 0x30,
    0x7, 0x96, 0xca, 0x40, 0x12, 0x8a, 0xd, 0xde,
    0xf3, 0xe8, 0x85, 0x61, 0x51, 0xf0, 0x49, 0x14,
    0xa2, 0x0, 0xb8, 0x13, 0x1, 0x3, 0xc2, 0xaf,
    0x58, 0x2, 0x50, 0xd5, 0x20, 0x2, 0x82, 0x80,
    0x10, 0x2, 0x10, 0x21, 0x0, 0x84, 0x3, 0xfe,
    0x30, 0xf, 0xfe, 0x0, 0x81, 0x98, 0x2, 0x20,
    0x10, 0x1, 0x80, 0x44, 0x1e, 0xc4, 0x0, 0x50,
    0x80, 0x35, 0xc, 0x18, 0x7, 0xc0, 0x20, 0x91,
    0x6f, 0xca, 0x7, 0xe4, 0x91, 0x50, 0xa0, 0x1f,
    0x98, 0xd5, 0xc8, 0x86, 0xb0, 0x12, 0x39, 0x0,
    0xb3, 0x90, 0x1b, 0xb8, 0x80, 0x2a, 0xc, 0x20,
    0xf, 0xfe, 0x0, 0xe0, 0x6c, 0xa1, 0x8, 0xe0,
    0xf, 0x1f, 0xbb, 0xaf, 0x7b, 0xb2, 0x80, 0x78,
    0x63, 0xb7, 0x2e, 0xf2, 0x0, 0x40,

    /* U+0041 "A" */
    0x0, 0xc3, 0xff, 0x10, 0x7, 0xe4, 0x0, 0x94,
    0x3, 0xf7, 0x82, 0x85, 0x80, 0x7e, 0x40, 0x90,
    0x30, 0xf, 0x8c, 0x44, 0x62, 0xa, 0x1, 0xeb,
    0x4, 0x4, 0xc, 0x0, 0xf2, 0x6, 0x6, 0x3,
    0x80, 0x70, 0x98, 0x20, 0x38, 0x9, 0x80, 0x67,
    0x1, 0x20, 0x12, 0x4, 0x0, 0xd8, 0x8, 0x1,
    0x20, 0x58, 0x6, 0x40, 0x5f, 0xf9, 0x80, 0xc4,
    0x0, 0x62, 0x1, 0xf9, 0x0, 0x16, 0x7, 0xff,
    0xc8, 0x1e, 0x0, 0x50, 0xb0, 0xe, 0xc0, 0x40,
    0x12, 0x4, 0x0, 0xe5, 0x1, 0x37, 0x1, 0x30,
    0xe, 0x22, 0x5, 0x80,

    /* U+0042 "B" */
    0x5f, 0xff, 0xac, 0x80, 0x3f, 0xc9, 0xe0, 0x1d,
    0xbd, 0xcd, 0x70, 0x24, 0x0, 0xc4, 0x22, 0x28,
    0x0, 0x18, 0x7, 0xf0, 0x87, 0x80, 0x7f, 0x8,
    0x68, 0x6, 0x10, 0x0, 0xb8, 0xa, 0x80, 0x6e,
    0xff, 0x74, 0x36, 0x0, 0x7f, 0x9a, 0xc0, 0x3b,
    0xff, 0x69, 0x34, 0x0, 0x7e, 0x2a, 0x6, 0x0,
    0xff, 0x84, 0x3, 0xfb, 0xc0, 0x3c, 0x23, 0x8d,
    0x81, 0x0, 0x37, 0x76, 0xc1, 0x8, 0x0, 0xfe,
    0x2b, 0x30,

    /* U+0043 "C" */
    0x0, 0xa3, 0x7f, 0xb1, 0x80, 0x21, 0xd7, 0x20,
    0x13, 0x9a, 0x0, 0x51, 0xc, 0xee, 0x9c, 0x15,
    0x8d, 0x2, 0x98, 0x89, 0xe, 0x1f, 0x60, 0x48,
    0x1, 0xa7, 0x24, 0xc1, 0xc0, 0x38, 0x4c, 0x18,
    0xc, 0x3, 0xf1, 0x80, 0x7f, 0xf2, 0x4c, 0x3,
    0xfc, 0xc0, 0x60, 0x1f, 0x8c, 0x1c, 0x3, 0x85,
    0x82, 0xc0, 0x90, 0x3, 0x4c, 0xac, 0xd0, 0x29,
    0x88, 0x90, 0xe1, 0xa1, 0x44, 0x33, 0xba, 0x70,
    0x66, 0x0, 0xe3, 0x90, 0x9, 0xd4, 0x80,

    /* U+0044 "D" */
    0x5f, 0xfe, 0xeb, 0x50, 0xf, 0xe1, 0x4a, 0x90,
    0xe, 0xde, 0xe6, 0x28, 0x32, 0x80, 0x62, 0x11,
    0x1d, 0x20, 0x48, 0x7, 0xf4, 0x1, 0x88, 0x7,
    0xe2, 0x0, 0x28, 0x7, 0xe1, 0x0, 0x10, 0x7,
    0xfc, 0x20, 0x1f, 0xfc, 0xb1, 0x0, 0xfc, 0x20,
    0x2, 0x0, 0xfc, 0x40, 0x5, 0x0, 0xfd, 0x0,
    0x62, 0x1, 0x8, 0xc7, 0x28, 0x12, 0x1, 0xbb,
    0xac, 0x60, 0x65, 0x0, 0xfc, 0x75, 0x20, 0x0,

    /* U+0045 "E" */
    0x5f, 0xff, 0xd2, 0x1, 0xff, 0xc1, 0xde, 0xee,
    0x80, 0x8, 0x84, 0x7c, 0x1, 0xff, 0xcb, 0x11,
    0xf0, 0x6, 0xee, 0xf0, 0x7, 0xff, 0xb, 0xff,
    0xc0, 0x1f, 0xfd, 0x61, 0x1f, 0x0, 0x6e, 0xef,
    0x48, 0x7, 0xf8,

    /* U+0046 "F" */
    0x5f, 0xff, 0xcc, 0x1, 0xff, 0xc1, 0xde, 0xee,
    0x60, 0x8, 0x84, 0x78, 0x3, 0xff, 0x98, 0x23,
    0xc0, 0x1d, 0xdd, 0xd4, 0x1, 0xff, 0xc2, 0xff,
    0xea, 0x0, 0xff, 0xf8, 0x80,

    /* U+0047 "G" */
    0x0, 0x9f, 0x7f, 0xdb, 0x2, 0x1, 0xe, 0xc1,
    0x0, 0x9, 0xfc, 0x80, 0x14, 0x41, 0x1b, 0xa9,
    0x11, 0x78, 0x1a, 0x5, 0x39, 0x11, 0xbc, 0x4,
    0x56, 0x4, 0xa0, 0x18, 0x7b, 0x4, 0xc1, 0xc0,
    0x3c, 0x20, 0x6, 0x3, 0x0, 0xfe, 0x30, 0xe,
    0x8f, 0xfd, 0x20, 0x1f, 0xfc, 0x3, 0x0, 0xe8,
    0xee, 0x28, 0x1, 0x80, 0xc0, 0x30, 0x88, 0x2,
    0x30, 0x70, 0xf, 0x30, 0x2, 0xc0, 0x94, 0x3,
    0x21, 0x80, 0xd, 0x2, 0x9c, 0x88, 0xf6, 0x60,
    0x15, 0x8, 0x46, 0xea, 0xe, 0xc0, 0x21, 0xf6,
    0x20, 0x16, 0xd0, 0x8,

    /* U+0048 "H" */
    0x5f, 0xf0, 0x7, 0xb7, 0xdc, 0x3, 0xff, 0xe6,
    0x23, 0xe0, 0xf, 0x77, 0x78, 0x80, 0x3f, 0xf8,
    0xbf, 0xfe, 0x20, 0xf, 0xff, 0xf0,

    /* U+0049 "I" */
    0xef, 0xfe, 0x23, 0x10, 0x8, 0x43, 0x78, 0x1,
    0x7c, 0x40, 0x1f, 0xff, 0xf0, 0x6, 0xf0, 0x2,
    0xf8, 0x8c, 0x40, 0x21, 0x0,

    /* U+004A "J" */
    0x0, 0x6f, 0xff, 0x80, 0x3f, 0xed, 0xff, 0xa8,
    0x3, 0xff, 0xfe, 0x24, 0x1, 0xe5, 0xef, 0x0,
    0xb4, 0x5, 0x0, 0xa0, 0x91, 0x81, 0x45, 0xc1,
    0xf6, 0xc4, 0x20, 0x22, 0x4, 0x0, 0x4c, 0x30,

    /* U+004B "K" */
    0x5f, 0xf0, 0x7, 0x4f, 0xf8, 0x80, 0x3e, 0x46,
    0xa, 0x20, 0xf, 0xa8, 0x15, 0x40, 0x1f, 0x48,
    0x8a, 0xc0, 0x3e, 0x46, 0xa, 0x10, 0xf, 0xa8,
    0x1d, 0x0, 0x3e, 0x91, 0x38, 0x0, 0xf0, 0xa3,
    0x0, 0x80, 0x7c, 0x34, 0x20, 0x4e, 0x1, 0xf0,
    0xeb, 0x84, 0x8, 0x7, 0xa0, 0xe4, 0x42, 0x0,
    0x3c, 0xe0, 0x32, 0xc, 0x60, 0x1f, 0x9c, 0x83,
    0xc0, 0x3f, 0xa0, 0xd, 0x40, 0x3f, 0x29, 0x85,
    0x80, 0x7f, 0x78, 0xb, 0x80,

    /* U+004C "L" */
    0x5f, 0xf0, 0x7, 0xff, 0xfc, 0x3, 0xff, 0xbc,
    0x23, 0xc0, 0x1b, 0xbb, 0xa4, 0x3, 0xf8,

    /* U+004D "M" */
    0x5f, 0xf5, 0x0, 0x79, 0xff, 0xce, 0x1, 0x28,
    0x80, 0x74, 0x80, 0x7d, 0x20, 0x19, 0x44, 0x3,
    0x88, 0x5c, 0x3, 0x48, 0x18, 0x7, 0x30, 0x38,
    0x0, 0xcc, 0xac, 0x1, 0x8e, 0x42, 0x40, 0x12,
    0x1c, 0x20, 0x1c, 0x2a, 0x28, 0xa, 0x48, 0xe0,
    0x18, 0x42, 0x43, 0x58, 0x2c, 0x3, 0xf1, 0x99,
    0xe8, 0x58, 0x3, 0xfa, 0x44, 0xe4, 0x3, 0xfc,
    0xa4, 0xc, 0x1, 0xff, 0x5b, 0x8, 0x7, 0xfc,
    0xd0, 0x1, 0xff, 0xc1, 0x10, 0xf, 0xfe, 0xb0,

    /* U+004E "N" */
    0x5f, 0xf4, 0x80, 0x76, 0x7c, 0x0, 0x4c, 0x20,
    0x1f, 0xf4, 0x80, 0x7f, 0x10, 0xb8, 0x80, 0x7f,
    0x30, 0x48, 0x7, 0xe3, 0xa0, 0x60, 0xf, 0xe2,
    0x41, 0x70, 0xf, 0x84, 0x20, 0x24, 0x3, 0xf8,
    0xcc, 0x2c, 0x1, 0xfd, 0x1, 0x60, 0xe0, 0x1f,
    0x21, 0x11, 0x0, 0x3f, 0xa0, 0x3c, 0x40, 0x3f,
    0x29, 0x23, 0x0, 0x7f, 0x58, 0x18, 0x7, 0xf3,
    0x8, 0x7, 0xfd, 0x20, 0x10,

    /* U+004F "O" */
    0x0, 0x9f, 0x7f, 0xdb, 0x2, 0x1, 0xe, 0xc1,
    0x0, 0x9, 0xfc, 0x80, 0x14, 0x41, 0x1b, 0xa9,
    0x11, 0x70, 0x1a, 0x5, 0x39, 0x11, 0xa8, 0xd,
    0x2c, 0x9, 0x40, 0x32, 0x18, 0x69, 0x83, 0x80,
    0x79, 0x41, 0x58, 0xc, 0x3, 0xc2, 0x4, 0x60,
    0x1f, 0xe1, 0x0, 0xff, 0xe0, 0x18, 0x7, 0xf8,
    0x58, 0xc, 0x3, 0xc2, 0x4, 0x60, 0xe0, 0x1e,
    0x50, 0x5b, 0x2, 0x50, 0xc, 0x66, 0xd, 0x34,
    0xa, 0x72, 0x23, 0x68, 0x1a, 0x5, 0x10, 0x46,
    0xea, 0x44, 0x5c, 0x0, 0x1d, 0x82, 0x0, 0x13,
    0xf9, 0x0,

    /* U+0050 "P" */
    0x5f, 0xff, 0x75, 0x8, 0x7, 0xe1, 0x5c, 0x0,
    0xdb, 0xba, 0x40, 0x94, 0x2, 0x22, 0xcc, 0x41,
    0x80, 0x1f, 0x98, 0x8, 0x3, 0xff, 0x8e, 0xc0,
    0x40, 0x11, 0x16, 0x62, 0xc, 0x0, 0xb7, 0x74,
    0x81, 0x28, 0x7, 0xc2, 0xb8, 0x1, 0xbf, 0xf7,
    0x50, 0x80, 0x7f, 0xfb, 0x0,

    /* U+0051 "Q" */
    0x0, 0x9f, 0x3f, 0xdb, 0x0, 0x18, 0x76, 0xc,
    0x0, 0x4f, 0xa2, 0x0, 0xb2, 0x8, 0xdd, 0x48,
    0x16, 0x81, 0x28, 0x53, 0x91, 0x1a, 0xc0, 0xcc,
    0xa0, 0x4a, 0x1, 0x90, 0xc2, 0xb0, 0x18, 0x3,
    0xca, 0xa, 0xc0, 0x40, 0x1e, 0x10, 0x23, 0x0,
    0xff, 0x8, 0x7, 0xff, 0x0, 0xc0, 0x3f, 0xe1,
    0x3, 0x0, 0xfc, 0x4a, 0xc, 0x1, 0xe3, 0x7,
    0xc0, 0x32, 0x0, 0xc2, 0x81, 0x8a, 0x21, 0xc2,
    0x0, 0x1a, 0x1, 0x60, 0xa0, 0x3e, 0xcc, 0x72,
    0x5, 0x80, 0x12, 0xc8, 0xc, 0xc0, 0x56, 0xa0,
    0x12, 0x6e, 0x0, 0x27, 0x50, 0x3, 0xc6, 0x0,
    0x20, 0xf, 0xe2, 0xb, 0xf6, 0x0, 0xfa, 0x48,
    0x3, 0x80,

    /* U+0052 "R" */
    0x5f, 0xff, 0x75, 0x8, 0x7, 0xf0, 0xae, 0x0,
    0x76, 0xf7, 0x36, 0x40, 0x94, 0x3, 0x10, 0x88,
    0x98, 0x83, 0x0, 0x3f, 0x98, 0x8, 0x3, 0xff,
    0x92, 0xe0, 0x40, 0x1f, 0x94, 0xc3, 0x0, 0x37,
    0xfe, 0xa0, 0x35, 0x0, 0xfe, 0x5d, 0x0, 0xef,
    0xf8, 0x1, 0x82, 0x1, 0xf9, 0xc2, 0x0, 0x3f,
    0xa8, 0x5, 0x80, 0x3f, 0x12, 0x85, 0x80, 0x7f,
    0x48, 0x12, 0x80, 0x7e, 0x33, 0x4, 0x80,

    /* U+0053 "S" */
    0x0, 0xa3, 0x7f, 0xdb, 0x2, 0x1, 0x6b, 0x90,
    0x0, 0x9f, 0xc8, 0x1c, 0x82, 0x37, 0x52, 0x22,
    0xa0, 0xb0, 0x57, 0x22, 0x37, 0xc4, 0x0, 0x22,
    0x0, 0xc2, 0xe0, 0x6, 0x4, 0x0, 0xfd, 0xc0,
    0x7a, 0xe6, 0x1, 0xc8, 0xe0, 0x51, 0x9f, 0x22,
    0x1, 0x46, 0xb9, 0x80, 0x1b, 0xc8, 0x2, 0x28,
    0xcf, 0x90, 0x18, 0x0, 0xf9, 0x9c, 0x1c, 0x3,
    0xf7, 0x1, 0x82, 0xd8, 0x7, 0x60, 0x10, 0xd2,
    0x6a, 0x91, 0x1d, 0x42, 0xc6, 0x80, 0xab, 0x75,
    0x0, 0x6e, 0xb, 0xac, 0x40, 0x3, 0x8c, 0x0,

    /* U+0054 "T" */
    0x8f, 0xff, 0xf0, 0x7, 0xfd, 0x1d, 0xd4, 0x0,
    0xf7, 0x60, 0x11, 0xc0, 0x1, 0x1c, 0x1, 0xff,
    0xff, 0x0, 0xff, 0xf6, 0x80,

    /* U+0055 "U" */
    0x7f, 0xe0, 0xe, 0x4f, 0xf0, 0x7, 0xff, 0xfc,
    0x3, 0xff, 0x94, 0x20, 0x1f, 0xfc, 0x71, 0x0,
    0x8c, 0x4, 0x3, 0x8c, 0x4, 0x1c, 0x0, 0xa0,
    0x1b, 0x41, 0x40, 0x88, 0x16, 0xa4, 0x72, 0x81,
    0xa0, 0x9, 0x1, 0xad, 0xc6, 0x3, 0x60, 0x2,
    0x62, 0x88, 0x0, 0x9f, 0x0, 0x0,

    /* U+0056 "V" */
    0x8f, 0xe0, 0xf, 0x2f, 0xf8, 0x2c, 0x4, 0xc0,
    0x3b, 0x0, 0xc0, 0xc4, 0x10, 0x3, 0x9c, 0x2c,
    0x0, 0x81, 0x80, 0x18, 0x84, 0x10, 0x1, 0x80,
    0x80, 0x19, 0x0, 0x4c, 0x0, 0xe0, 0x4, 0x0,
    0xb0, 0x10, 0x2, 0x12, 0xc, 0x0, 0x94, 0x3c,
    0x3, 0x28, 0x28, 0x0, 0xc0, 0x8, 0x1, 0xb0,
    0x8, 0x41, 0x0, 0xc4, 0x3, 0x20, 0x1, 0x2,
    0xc1, 0x0, 0x3c, 0x81, 0x80, 0x61, 0x60, 0x1e,
    0xd0, 0x52, 0x0, 0x18, 0x7, 0x90, 0x9, 0xc1,
    0x40, 0x3e, 0x22, 0xf, 0x86, 0x0, 0x7e, 0x40,
    0x50, 0x70, 0xf, 0xda, 0x0, 0x21, 0x0, 0xc0,

    /* U+0057 "W" */
    0x6f, 0xf0, 0x6, 0x3f, 0xf6, 0x0, 0x66, 0xfe,
    0x50, 0x1, 0x0, 0x48, 0x0, 0x30, 0xd, 0xe0,
    0x86, 0x0, 0x70, 0xb, 0x40, 0xc0, 0xc0, 0x25,
    0xd, 0x3, 0xd, 0x0, 0x9c, 0x2c, 0x14, 0x2,
    0x30, 0x30, 0x50, 0x30, 0x8, 0x8a, 0xf, 0x0,
    0x10, 0x1, 0x3, 0xc1, 0x80, 0x6, 0xc, 0xc0,
    0x50, 0x3, 0x81, 0x0, 0x14, 0x8, 0x0, 0xa0,
    0x64, 0x6, 0x0, 0x20, 0x70, 0x1, 0x80, 0xc,
    0x30, 0x34, 0x48, 0xc, 0x34, 0x30, 0x2, 0x30,
    0x50, 0x70, 0x70, 0x70, 0x50, 0x70, 0x50, 0x9,
    0x43, 0xc0, 0x84, 0x83, 0x43, 0xc0, 0x80, 0xc0,
    0x2f, 0x5, 0x20, 0x50, 0x1, 0x82, 0x98, 0x18,
    0x6, 0x40, 0x26, 0xc, 0x0, 0x28, 0x13, 0x2,
    0x80, 0x62, 0x1, 0x30, 0x30, 0x0, 0x90, 0x90,
    0x60, 0x7, 0x18, 0x50, 0x28, 0x4, 0xe1, 0x40,
    0xe0, 0x1c, 0xa0, 0x44, 0x10, 0xb, 0x40, 0x84,
    0x80, 0x3b, 0x0, 0xe, 0x1, 0x8c, 0x0, 0xa0,
    0x10,

    /* U+0058 "X" */
    0x2f, 0xf4, 0x80, 0x75, 0x7e, 0x81, 0x30, 0x30,
    0x80, 0x44, 0xa1, 0x0, 0x8, 0x0, 0x40, 0x5,
    0x0, 0x6a, 0x0, 0x17, 0x6, 0x10, 0x25, 0xf,
    0x0, 0xd2, 0x21, 0x21, 0x0, 0x86, 0x1, 0x86,
    0x41, 0xd1, 0x42, 0x40, 0x3c, 0xe2, 0x16, 0xc,
    0x40, 0x1f, 0x40, 0x5, 0x0, 0x1f, 0x84, 0x2,
    0x30, 0xf, 0x86, 0x40, 0x29, 0x0, 0xfa, 0x44,
    0xec, 0x11, 0x0, 0x1c, 0x4e, 0x10, 0x88, 0x8,
    0x0, 0xe8, 0x3, 0x40, 0x80, 0x35, 0x0, 0x8d,
    0x43, 0xc0, 0x6, 0x81, 0x60, 0x17, 0x82, 0x18,
    0x5, 0x20, 0x2e, 0xa, 0x61, 0x0, 0x18, 0x94,
    0x20, 0x40,

    /* U+0059 "Y" */
    0x9f, 0xf0, 0x7, 0xb3, 0xee, 0xc0, 0x7, 0x0,
    0xc6, 0x60, 0xf2, 0x50, 0xa0, 0xd, 0x20, 0x68,
    0x10, 0x4, 0xa0, 0x1, 0x50, 0x90, 0x1, 0x28,
    0x48, 0x2, 0x40, 0x94, 0x2, 0x90, 0x33, 0x3,
    0x4, 0x0, 0x63, 0x40, 0x96, 0x12, 0x50, 0xe,
    0x80, 0x58, 0xb, 0x0, 0xf1, 0x98, 0x4, 0x4c,
    0x1, 0xf4, 0x0, 0x24, 0x3, 0xf2, 0x80, 0xc,
    0x3, 0xff, 0xe8,

    /* U+005A "Z" */
    0xe, 0xff, 0xfd, 0x80, 0x1f, 0xfc, 0xf, 0xee,
    0xeb, 0x0, 0x20, 0x8, 0xfb, 0xc0, 0x60, 0x3,
    0xcc, 0x81, 0x40, 0x1e, 0x18, 0x5, 0x40, 0xf,
    0x58, 0x85, 0x80, 0x79, 0x14, 0x24, 0x40, 0x3d,
    0x20, 0x6c, 0x1, 0xe8, 0x20, 0xe0, 0xf, 0x13,
    0x83, 0x90, 0x7, 0xb8, 0xa, 0x0, 0x3c, 0xc6,
    0x12, 0x1, 0xe1, 0x80, 0x45, 0x11, 0xf2, 0x88,
    0x27, 0x77, 0xc0, 0x1f, 0xf0,

    /* U+005B "[" */
    0x5f, 0xf9, 0x80, 0x2, 0x84, 0x0, 0x4b, 0x40,
    0xf, 0xff, 0xf8, 0x1, 0x2d, 0x0, 0x2, 0x84,

    /* U+005C "\\" */
    0x1f, 0xd0, 0xf, 0x9, 0x10, 0x40, 0x3c, 0xa0,
    0xe0, 0x1e, 0xc0, 0xc0, 0xf, 0x20, 0x20, 0x7,
    0xc8, 0x26, 0x1, 0xed, 0x4, 0x0, 0xf2, 0x5,
    0x80, 0x78, 0x84, 0xc0, 0x3e, 0x70, 0x50, 0xf,
    0x60, 0x60, 0x7, 0x94, 0x10, 0x3, 0xe3, 0x22,
    0x0, 0x7a, 0xc1, 0x0, 0x3c, 0x81, 0xa0, 0x1e,
    0x31, 0x40, 0xf, 0x90, 0x10, 0x3, 0xd8, 0x18,
    0x1, 0xe7, 0x5, 0x0, 0xf0, 0x91, 0x4,

    /* U+005D "]" */
    0xef, 0xf6, 0x21, 0x80, 0x2b, 0xc0, 0x3f, 0xfe,
    0x55, 0xe0, 0x4, 0x30, 0x0,

    /* U+005E "^" */
    0x0, 0xc2, 0xaa, 0x0, 0xfe, 0x8a, 0xa3, 0x80,
    0x7c, 0x2c, 0x0, 0x90, 0xf, 0xa0, 0x1d, 0x5,
    0x80, 0x38, 0x58, 0x27, 0xc2, 0x0, 0x3a, 0x41,
    0x85, 0xc, 0x58, 0x2, 0x17, 0xb, 0x0, 0x48,
    0x58, 0x5, 0x20, 0xa4, 0x0, 0x52, 0x23, 0x0,
    0x18, 0x20, 0x3, 0x40, 0x58, 0x3, 0x60, 0x80,
    0x32, 0xb7, 0x80,

    /* U+005F "_" */
    0x6f, 0xff, 0xe8, 0x0, 0xff, 0x80,

    /* U+0060 "`" */
    0x18, 0x60, 0x3, 0x3c, 0x0, 0x1c, 0xc5, 0x40,
    0x1e, 0x12, 0x0, 0x38, 0xb0,

    /* U+0061 "a" */
    0x0, 0x1d, 0xf7, 0xeb, 0x80, 0x64, 0xc4, 0x10,
    0x28, 0x90, 0x8, 0xc2, 0xbf, 0xce, 0xc, 0x20,
    0x7, 0xd5, 0x0, 0x48, 0x0, 0x80, 0x22, 0x0,
    0x84, 0x0, 0xe0, 0x13, 0xef, 0xfc, 0x1, 0xd3,
    0x4, 0xac, 0xc0, 0xc, 0x2c, 0x17, 0x53, 0x20,
    0xc, 0x40, 0x5, 0x0, 0x8, 0x6, 0x20, 0x2,
    0x0, 0x20, 0x3, 0x9, 0x85, 0x6f, 0x19, 0x5,
    0xa8, 0x6a, 0x89, 0x25, 0x40, 0x80, 0x0,

    /* U+0062 "b" */
    0x7f, 0xd0, 0xf, 0xff, 0x30, 0xd7, 0xf5, 0x8,
    0x6, 0xa5, 0x1, 0x5d, 0x0, 0x88, 0xfb, 0x90,
    0x6, 0xa0, 0x1, 0x81, 0x13, 0x98, 0x60, 0x0,
    0xc0, 0x32, 0x82, 0x80, 0x7c, 0x20, 0x20, 0x1f,
    0xfc, 0x51, 0x1, 0x0, 0x18, 0x6, 0x50, 0x50,
    0x0, 0xc0, 0x89, 0xcc, 0x30, 0x0, 0x44, 0xee,
    0x40, 0x1a, 0x80, 0x54, 0xa0, 0x2b, 0xa0,

    /* U+0063 "c" */
    0x0, 0xc, 0xf7, 0xec, 0x0, 0x43, 0xec, 0x20,
    0x4f, 0x80, 0x8, 0x12, 0xdf, 0xd2, 0x35, 0x7,
    0xb, 0x20, 0x29, 0xb5, 0x11, 0x2, 0x80, 0x48,
    0x80, 0x30, 0xf, 0xfe, 0x39, 0x80, 0x7f, 0x8,
    0x81, 0x40, 0x23, 0x70, 0x3, 0x85, 0x90, 0x17,
    0x43, 0x4, 0x9, 0x6f, 0xe9, 0x1b, 0x0, 0xfb,
    0x8, 0x13, 0xe0, 0x0,

    /* U+0064 "d" */
    0x0, 0xfd, 0xfe, 0x30, 0xf, 0xff, 0x11, 0x5f,
    0xf4, 0x0, 0x70, 0xe2, 0x0, 0xbb, 0x80, 0x34,
    0x88, 0x57, 0xf6, 0x0, 0x65, 0x7, 0x50, 0x1a,
    0x0, 0xc4, 0x1a, 0x1, 0x8, 0x4, 0x20, 0x1,
    0x0, 0xff, 0xe3, 0x8, 0x0, 0x40, 0x3f, 0x10,
    0x68, 0x4, 0x20, 0x19, 0x41, 0xd4, 0x6, 0xc0,
    0x34, 0x88, 0x57, 0xf6, 0x80, 0x61, 0xc4, 0x1,
    0x77, 0x0, 0x40,

    /* U+0065 "e" */
    0x0, 0xc, 0xf7, 0xf4, 0x88, 0x6, 0xc6, 0x11,
    0x9b, 0xc4, 0x1, 0x4, 0x4e, 0xe8, 0x86, 0x0,
    0xc, 0x10, 0x20, 0x30, 0xe, 0x2, 0x20, 0x60,
    0x9, 0x80, 0x44, 0x60, 0xc, 0xff, 0xb0, 0x0,
    0x60, 0x12, 0xbb, 0xf8, 0xcc, 0x0, 0x98, 0x8f,
    0x8, 0x88, 0x14, 0x3, 0x28, 0x5, 0x41, 0x6,
    0x0, 0x6a, 0xb0, 0x3, 0x98, 0xe7, 0xfa, 0x43,
    0xc0, 0x2c, 0x72, 0x1, 0x5d, 0x40,

    /* U+0066 "f" */
    0x0, 0x16, 0x7f, 0x9c, 0x1, 0x26, 0x2, 0x1,
    0x30, 0x57, 0x38, 0x0, 0xc0, 0x3f, 0xe8, 0xf1,
    0xa, 0xf7, 0xf1, 0x0, 0x84, 0x1f, 0x84, 0x2b,
    0x9c, 0x3, 0xff, 0xe6,

    /* U+0067 "g" */
    0x0, 0xf9, 0xff, 0xc4, 0x0, 0x3b, 0xef, 0xaa,
    0x8, 0x8c, 0xb, 0x10, 0xd1, 0x5, 0x1c, 0x21,
    0x60, 0x9b, 0x7e, 0x32, 0x40, 0x5, 0xd, 0x0,
    0xa, 0x82, 0x0, 0x7f, 0x84, 0x0, 0xa1, 0xa0,
    0x1, 0x40, 0x20, 0x5, 0x82, 0x6d, 0xf8, 0x12,
    0x80, 0xb, 0x0, 0x90, 0x1b, 0x0, 0x25, 0xcc,
    0x7f, 0xba, 0x44, 0x2, 0xe0, 0x71, 0x18, 0x3,
    0x88, 0x2f, 0xba, 0xfe, 0x60, 0x4, 0x98, 0x7,
    0xc, 0x98, 0x58, 0x7f, 0xed, 0x20, 0xb4, 0x48,
    0x3, 0x12, 0x80, 0x80, 0x10, 0x3, 0x90, 0x39,
    0x4, 0xfa, 0xed, 0x9c, 0x62, 0xc1, 0x8c, 0x68,
    0x83, 0x27, 0xf1,

    /* U+0068 "h" */
    0x7f, 0xd0, 0xf, 0xff, 0x3d, 0x7f, 0x40, 0x7,
    0x4a, 0x80, 0xbc, 0x0, 0x44, 0x3d, 0xc3, 0x6,
    0x0, 0x86, 0x4, 0x50, 0x2, 0x20, 0x1, 0x80,
    0x4c, 0x1, 0xff, 0xc0, 0x30, 0xf, 0xff, 0x80,

    /* U+0069 "i" */
    0x6f, 0xb0, 0xc0, 0x40, 0xe3, 0x70, 0x4c, 0x80,
    0xe, 0x7f, 0xd0, 0xf, 0xff, 0x8,

    /* U+006A "j" */
    0x0, 0x37, 0xd8, 0x5, 0x80, 0x80, 0x17, 0x1b,
    0x80, 0x49, 0x90, 0x1, 0xfc, 0xff, 0xa0, 0x1f,
    0xff, 0xf0, 0xf, 0xc2, 0x0, 0xe8, 0x6, 0x0,
    0x8, 0x1c, 0x0,

    /* U+006B "k" */
    0x7f, 0xd0, 0xf, 0xff, 0x4c, 0x7f, 0x88, 0x3,
    0x8d, 0xc2, 0x88, 0x3, 0xe, 0x83, 0x28, 0x4,
    0x21, 0x62, 0x72, 0x1, 0x9d, 0x14, 0x38, 0x3,
    0x9e, 0x80, 0x3f, 0x18, 0x98, 0x48, 0x7, 0xab,
    0xc1, 0x10, 0x1, 0x89, 0x4d, 0x2, 0x0, 0x3e,
    0x90, 0x35, 0x0, 0xf1, 0x28, 0x40, 0x7, 0xd0,
    0x4, 0xe0,

    /* U+006C "l" */
    0x7f, 0xd0, 0xf, 0xff, 0xe1, 0x1, 0x71, 0x2a,
    0x80, 0x40,

    /* U+006D "m" */
    0x7f, 0xd0, 0xaf, 0xe7, 0x1, 0xaf, 0xe9, 0x0,
    0xe9, 0x50, 0x18, 0x5d, 0x50, 0x16, 0x70, 0x8,
    0x87, 0xf4, 0x82, 0xdb, 0xb8, 0x61, 0x40, 0x10,
    0xc0, 0x15, 0x0, 0xd0, 0x8a, 0x40, 0x80, 0x23,
    0x0, 0x88, 0x3, 0x98, 0x0, 0x20, 0x1f, 0xff,
    0xf0, 0xf, 0xfe, 0xc8,

    /* U+006E "n" */
    0x7f, 0xd0, 0xaf, 0xe8, 0x0, 0xe9, 0x50, 0x17,
    0x80, 0x8, 0x87, 0xb8, 0x60, 0xc0, 0x10, 0xc0,
    0x8a, 0x0, 0x44, 0x0, 0x30, 0x9, 0x80, 0x3f,
    0xf8, 0x6, 0x1, 0xff, 0xf0,

    /* U+006F "o" */
    0x0, 0xc, 0xf7, 0xf4, 0x88, 0x6, 0xc6, 0x10,
    0x16, 0xf1, 0x0, 0x41, 0xe, 0x7e, 0x98, 0xd8,
    0x1, 0x82, 0xc, 0xa, 0x1, 0x40, 0x44, 0xa,
    0x1, 0x28, 0x0, 0xcc, 0x1, 0xfc, 0xe0, 0x1f,
    0xf1, 0x80, 0x7f, 0x38, 0x88, 0x14, 0x2, 0x50,
    0x1, 0x83, 0x5, 0x98, 0x14, 0x2, 0x80, 0x24,
    0x89, 0x9f, 0xa6, 0x30, 0x0, 0x1c, 0x61, 0x1,
    0x5c, 0x20,

    /* U+0070 "p" */
    0x7f, 0xd0, 0x7e, 0xe4, 0x88, 0x6, 0x58, 0x11,
    0x36, 0x80, 0x61, 0xee, 0x40, 0x1a, 0x0, 0xd,
    0x4, 0x4e, 0x61, 0xa0, 0x3, 0x0, 0xca, 0xa,
    0x1, 0xf0, 0x80, 0x80, 0x7f, 0xf1, 0x44, 0x4,
    0x0, 0x60, 0x19, 0x41, 0x40, 0x3, 0x2, 0x27,
    0x30, 0xd0, 0x1, 0x1f, 0x72, 0x0, 0xd0, 0x2,
    0xa5, 0x1, 0x5d, 0x0, 0xc3, 0x5f, 0xd4, 0x20,
    0x1f, 0xfd, 0xd0,

    /* U+0071 "q" */
    0x0, 0x15, 0xfe, 0xa8, 0x7f, 0x8c, 0x7, 0x10,
    0xa, 0x88, 0x3, 0x48, 0x85, 0x7f, 0x30, 0x6,
    0x50, 0x75, 0x1, 0x50, 0xc, 0x41, 0xa0, 0x10,
    0x80, 0x42, 0x0, 0x10, 0xf, 0xfe, 0x30, 0x80,
    0x4, 0x3, 0xf1, 0x6, 0x80, 0x42, 0x1, 0x94,
    0x1d, 0x40, 0x68, 0x3, 0x48, 0x85, 0x7f, 0x18,
    0x6, 0x1c, 0x40, 0x17, 0x80, 0xe, 0x2b, 0xfe,
    0x80, 0xf, 0xff, 0x20,

    /* U+0072 "r" */
    0x7f, 0xd1, 0xaf, 0x40, 0xa, 0x14, 0x3, 0x12,
    0xc4, 0xa8, 0x5, 0xae, 0xc2, 0x0, 0x21, 0x0,
    0xff, 0xf4, 0x0,

    /* U+0073 "s" */
    0x0, 0x36, 0x7f, 0xad, 0x0, 0x11, 0x26, 0x20,
    0x96, 0xc0, 0xc1, 0x1d, 0xf4, 0x48, 0x2, 0x8,
    0x0, 0x5d, 0x20, 0x20, 0x92, 0x0, 0xe8, 0x5,
    0xde, 0xb4, 0x0, 0x2e, 0x31, 0xa, 0x5a, 0x80,
    0xe, 0x77, 0x94, 0x20, 0x4, 0x40, 0x1, 0xe0,
    0x32, 0xfc, 0x30, 0x6, 0x81, 0x16, 0xce, 0xf6,
    0x9, 0xc, 0x82, 0x11, 0x25, 0xa8,

    /* U+0074 "t" */
    0x0, 0x5f, 0xa8, 0x7, 0xfc, 0xe0, 0x1a, 0x3c,
    0xc2, 0xbd, 0xfc, 0x40, 0x21, 0x7, 0xe1, 0xa,
    0xe7, 0x0, 0xff, 0xf3, 0x90, 0x57, 0x28, 0x2,
    0x8, 0x4, 0x0,

    /* U+0075 "u" */
    0x9f, 0xa0, 0x9, 0x3f, 0xc0, 0x1f, 0xff, 0xb1,
    0x6, 0x0, 0x84, 0x2, 0xd0, 0x36, 0x3, 0x90,
    0x9, 0x44, 0x27, 0xf2, 0x80, 0x36, 0x98, 0x15,
    0x10, 0x4,

    /* U+0076 "v" */
    0xaf, 0xa0, 0xc, 0xbf, 0xbe, 0x8, 0x1, 0xbc,
    0x15, 0x40, 0x26, 0x1, 0x20, 0x60, 0x18, 0x20,
    0x0, 0x84, 0x10, 0x2c, 0x30, 0x0, 0x80, 0x80,
    0x5, 0x4, 0x0, 0x68, 0x68, 0x0, 0x84, 0xc,
    0x10, 0x1c, 0x2, 0x70, 0x42, 0x2, 0x10, 0xb,
    0x3, 0x50, 0x14, 0x3, 0x28, 0x27, 0x85, 0x80,
    0x72, 0xb, 0x1, 0x80, 0x76, 0x0, 0x14, 0x2,

    /* U+0077 "w" */
    0x6f, 0xc0, 0x9, 0x3f, 0xca, 0x1, 0x5f, 0xaa,
    0x80, 0xc0, 0x2c, 0x0, 0x68, 0x4, 0xa0, 0xe6,
    0x0, 0x20, 0x1, 0x91, 0x10, 0x0, 0x42, 0x22,
    0x4, 0x7, 0x0, 0x23, 0xb8, 0xc0, 0xe, 0x8,
    0x0, 0x30, 0xc0, 0x30, 0xd2, 0x3, 0xd, 0xd,
    0x0, 0x60, 0x28, 0x28, 0x16, 0x82, 0x2, 0x2,
    0x0, 0x10, 0xc, 0x3c, 0x1d, 0xc1, 0xa0, 0x40,
    0x60, 0x11, 0x0, 0xa8, 0x91, 0x1, 0xc4, 0x46,
    0x1, 0x90, 0x14, 0xd0, 0x0, 0x84, 0xa0, 0x80,
    0x1b, 0x3, 0x43, 0x40, 0x18, 0x1c, 0x18, 0x1,
    0x9c, 0x18, 0x10, 0x0, 0x60, 0xa0, 0xa0, 0x18,
    0x84, 0x0, 0x60, 0x4, 0x0, 0x10, 0x80, 0x0,

    /* U+0078 "x" */
    0x4f, 0xf1, 0x80, 0x53, 0xf8, 0x8, 0x80, 0x80,
    0x0, 0xb0, 0x78, 0x2, 0x41, 0xc, 0x20, 0x10,
    0xc0, 0x4, 0xc1, 0x2, 0xc1, 0x20, 0x1a, 0x1,
    0x34, 0x18, 0x80, 0x30, 0xc0, 0x18, 0x40, 0x7,
    0x8c, 0x0, 0x42, 0x1, 0xe9, 0x0, 0x13, 0x0,
    0x73, 0x91, 0xd0, 0x48, 0x80, 0x45, 0x1, 0xea,
    0x61, 0x60, 0x14, 0x82, 0x98, 0x70, 0x2a, 0x2,
    0xa0, 0x58, 0x0, 0x98, 0x24, 0x0,

    /* U+0079 "y" */
    0x9f, 0xa0, 0xc, 0xbf, 0xc1, 0x80, 0x80, 0x1b,
    0x1, 0xc1, 0x40, 0x4c, 0x2, 0x40, 0xd0, 0x2,
    0x2, 0x0, 0x8, 0x80, 0x80, 0xc, 0xc, 0x0,
    0x20, 0x20, 0x4, 0xa0, 0x80, 0xc, 0xd, 0x0,
    0x88, 0x80, 0x80, 0x80, 0xe0, 0x19, 0x0, 0xc4,
    0x44, 0x20, 0x1b, 0x43, 0x10, 0x14, 0x3, 0x90,
    0x17, 0x42, 0xc0, 0x3c, 0x82, 0xc2, 0x60, 0x1e,
    0xd0, 0x14, 0x0, 0xf9, 0xc0, 0x1e, 0x1, 0xfe,
    0x40, 0xf, 0x90, 0xc, 0x40, 0x3a, 0x3a, 0x82,
    0x80, 0x3e, 0x10, 0x56, 0x0, 0xe0,

    /* U+007A "z" */
    0x1f, 0xff, 0xb4, 0x4, 0x78, 0x2, 0x1e, 0xed,
    0xa0, 0x8, 0x0, 0xee, 0x4, 0x50, 0xd, 0x4,
    0x34, 0x1, 0x8d, 0xc2, 0xc4, 0x3, 0x70, 0x22,
    0x80, 0x68, 0x21, 0xa0, 0xc, 0x4e, 0x16, 0x20,
    0x1b, 0x81, 0x54, 0x1, 0x90, 0xc1, 0x7b, 0xb8,
    0x3, 0x8, 0xf0,

    /* U+007B "{" */
    0x0, 0x27, 0x7f, 0x80, 0x1a, 0x26, 0x80, 0x3,
    0x9, 0xb0, 0xf, 0xfe, 0x70, 0x80, 0x80, 0x11,
    0x0, 0xa1, 0x36, 0x96, 0x20, 0x19, 0xc0, 0x13,
    0x49, 0x82, 0x0, 0x54, 0x5, 0x0, 0x84, 0x4,
    0x3, 0xff, 0x9e, 0x61, 0x36, 0x0, 0xd1, 0x34,

    /* U+007C "|" */
    0x6f, 0x80, 0xf, 0xff, 0x6b, 0xdd, 0x0,

    /* U+007D "}" */
    0xef, 0xf2, 0x80, 0x10, 0xc3, 0x80, 0x15, 0xe0,
    0x1f, 0xfd, 0x37, 0x0, 0x8c, 0x4d, 0x40, 0x2d,
    0x4a, 0xa0, 0x0, 0x46, 0x0, 0xb1, 0x62, 0x80,
    0xc4, 0xd8, 0x3, 0x38, 0x7, 0xff, 0x3a, 0xbc,
    0x3, 0x21, 0x87, 0x0, 0x0,

    /* U+007E "~" */
    0x1a, 0xdb, 0x40, 0xe, 0xa5, 0x24, 0xbb, 0x18,
    0x31, 0xf4, 0xfd, 0x92, 0x67, 0xcd, 0x2b, 0x2,
    0x6c, 0x8, 0x2c, 0x0,

    /* U+00B0 "°" */
    0x0, 0x34, 0xb8, 0x80, 0x7, 0x65, 0xa3, 0x90,
    0x20, 0xa3, 0xec, 0x24, 0x1c, 0x9c, 0x11, 0x88,
    0xc4, 0x40, 0x10, 0x80, 0xc, 0xc4, 0x0, 0x50,
    0x2f, 0xc, 0xad, 0x27, 0x13, 0xb2, 0x53, 0x88,
    0x0,

    /* U+00B7 "·" */
    0x0, 0x8, 0x3, 0x7a, 0x84, 0x81, 0x5, 0x1,
    0x80,

    /* U+00C4 "Ä" */
    0x0, 0xa3, 0xe8, 0x23, 0xe8, 0x3, 0xc6, 0x8,
    0x6, 0x8, 0x1, 0xef, 0x5b, 0xf, 0x5b, 0x0,
    0xf2, 0x52, 0x82, 0x52, 0x80, 0x7c, 0x3f, 0xf1,
    0x0, 0x7e, 0x40, 0x9, 0x40, 0x3f, 0x78, 0x28,
    0x58, 0x7, 0xe4, 0x9, 0x3, 0x0, 0xf8, 0xc4,
    0x46, 0x20, 0xa0, 0x1e, 0xb0, 0x40, 0x40, 0xc0,
    0xf, 0x20, 0x60, 0x60, 0x38, 0x7, 0x9, 0x82,
    0x3, 0x80, 0x98, 0x6, 0x70, 0x12, 0x1, 0x20,
    0x40, 0xd, 0x80, 0x80, 0x12, 0x5, 0x80, 0x64,
    0x5, 0xff, 0x98, 0xc, 0x40, 0x6, 0x20, 0x1f,
    0x90, 0x1, 0x60, 0x7f, 0xfc, 0x81, 0xe0, 0x5,
    0xb, 0x0, 0xec, 0x4, 0x1, 0x20, 0x40, 0xe,
    0x50, 0x13, 0x70, 0x13, 0x0, 0xe2, 0x20, 0x58,

    /* U+00D6 "Ö" */
    0x0, 0xa6, 0x42, 0x13, 0x21, 0x0, 0xc8, 0xcc,
    0x44, 0x33, 0x10, 0x3, 0x28, 0x89, 0xd4, 0x44,
    0xe0, 0x18, 0x7b, 0x84, 0x3d, 0xc2, 0x0, 0xff,
    0xe2, 0xbe, 0xff, 0xb6, 0x4, 0x2, 0x1d, 0x82,
    0x0, 0x13, 0xf9, 0x0, 0x28, 0x82, 0x37, 0x52,
    0x22, 0xe0, 0x34, 0xa, 0x72, 0x23, 0x50, 0x1a,
    0x58, 0x12, 0x80, 0x64, 0x30, 0xd3, 0x7, 0x0,
    0xf2, 0x82, 0xb0, 0x18, 0x7, 0x84, 0x8, 0xc0,
    0x3f, 0xc2, 0x1, 0xff, 0xc0, 0x30, 0xf, 0xf0,
    0xb0, 0x18, 0x7, 0x84, 0x8, 0xc1, 0xc0, 0x3c,
    0xa0, 0xb6, 0x4, 0xa0, 0x18, 0xcc, 0x1a, 0x68,
    0x14, 0xe4, 0x46, 0xd0, 0x34, 0xa, 0x20, 0x8d,
    0xd4, 0x88, 0xb8, 0x0, 0x3b, 0x4, 0x0, 0x27,
    0xf2, 0x0,

    /* U+00DC "Ü" */
    0x0, 0x15, 0x40, 0x15, 0x40, 0x7, 0x52, 0xb8,
    0xd2, 0xb8, 0x80, 0x6d, 0x2, 0x1d, 0x2, 0x10,
    0xc, 0xbf, 0xa0, 0xbf, 0xa0, 0x1f, 0xfc, 0x37,
    0xfe, 0x0, 0xe4, 0xff, 0x0, 0x7f, 0xff, 0xc0,
    0x3f, 0xf9, 0x42, 0x1, 0xff, 0xc7, 0x10, 0x8,
    0xc0, 0x40, 0x38, 0xc0, 0x41, 0xc0, 0xa, 0x1,
    0xb4, 0x14, 0x8, 0x81, 0x6a, 0x47, 0x28, 0x1a,
    0x0, 0x90, 0x1a, 0xdc, 0x60, 0x36, 0x0, 0x26,
    0x28, 0x80, 0x9, 0xf0, 0x0,

    /* U+00DF "ß" */
    0x0, 0x86, 0x7b, 0xfa, 0xd0, 0x3, 0x87, 0xd8,
    0x40, 0x52, 0xd8, 0x3, 0x40, 0x8b, 0x3f, 0xce,
    0x10, 0x1, 0x90, 0x18, 0xc0, 0x10, 0x22, 0x40,
    0x8, 0xc3, 0x40, 0x31, 0x0, 0x84, 0x78, 0x80,
    0x68, 0xe3, 0x0, 0xbc, 0x40, 0x34, 0x38, 0x2b,
    0x30, 0x1f, 0x80, 0x32, 0x85, 0x52, 0x4c, 0x3,
    0xe3, 0x7, 0x0, 0xff, 0x28, 0x72, 0x80, 0x7f,
    0x48, 0x95, 0x6a, 0x80, 0x7c, 0x5f, 0x4, 0x4a,
    0x40, 0xf, 0x85, 0xf5, 0x3, 0x80, 0x3f, 0xda,
    0x1, 0xf0, 0xe3, 0x0, 0x30, 0x8, 0x3, 0x90,
    0xe7, 0xb8, 0xa1, 0x20, 0x1c, 0xb6, 0x62, 0x9,
    0x82,

    /* U+00E4 "ä" */
    0x0, 0x6f, 0xa0, 0x6f, 0xa0, 0x4, 0x44, 0xc,
    0x22, 0x6, 0x0, 0x44, 0xed, 0x44, 0xed, 0x40,
    0x1a, 0x24, 0x82, 0x24, 0x80, 0x3f, 0xf8, 0x67,
    0x7d, 0xfa, 0xe0, 0x19, 0x31, 0x4, 0xa, 0x24,
    0x2, 0x30, 0xaf, 0xf3, 0x83, 0x8, 0x1, 0xf5,
    0x40, 0x12, 0x0, 0x20, 0x8, 0x80, 0x21, 0x0,
    0x38, 0x4, 0xfb, 0xff, 0x0, 0x74, 0xc1, 0x2b,
    0x30, 0x3, 0xb, 0x5, 0xd4, 0xc8, 0x3, 0x10,
    0x1, 0x40, 0x2, 0x1, 0x88, 0x0, 0x80, 0x8,
    0x0, 0xc2, 0x61, 0x5b, 0xc6, 0x41, 0x6a, 0x1a,
    0xa2, 0x49, 0x50, 0x20, 0x0,

    /* U+00F6 "ö" */
    0x0, 0x3f, 0xd0, 0x3f, 0xd0, 0x6, 0xc0, 0x40,
    0xc0, 0x40, 0xd, 0xeb, 0x1, 0xeb, 0x0, 0x19,
    0x29, 0x81, 0x29, 0x80, 0x3f, 0xf8, 0x63, 0x3d,
    0xfd, 0x22, 0x1, 0xb1, 0x84, 0x5, 0xbc, 0x40,
    0x10, 0x43, 0x9f, 0xa6, 0x36, 0x0, 0x60, 0x83,
    0x2, 0x80, 0x50, 0x11, 0x2, 0x80, 0x4a, 0x0,
    0x33, 0x0, 0x7f, 0x38, 0x7, 0xfc, 0x60, 0x1f,
    0xce, 0x22, 0x5, 0x0, 0x94, 0x0, 0x60, 0xc1,
    0x66, 0x5, 0x0, 0xa0, 0x9, 0x22, 0x67, 0xe9,
    0x8c, 0x0, 0x7, 0x18, 0x40, 0x57, 0x8, 0x0,

    /* U+00FC "ü" */
    0x5, 0xfc, 0x5, 0xfc, 0x0, 0xb0, 0xc, 0x30,
    0xc, 0x40, 0x14, 0xb0, 0x16, 0xb0, 0x20, 0x3,
    0xa7, 0x2, 0xa7, 0x0, 0xff, 0xe0, 0x4f, 0xd0,
    0x4, 0x9f, 0xe0, 0xf, 0xff, 0xd8, 0x83, 0x0,
    0x42, 0x1, 0x68, 0x1b, 0x1, 0xc8, 0x4, 0xa2,
    0x13, 0xf9, 0x40, 0x1b, 0x4c, 0xa, 0x88, 0x2,

    /* U+0104 "Ą" */
    0x0, 0xc3, 0xff, 0x10, 0x7, 0xf2, 0x0, 0x4a,
    0x1, 0xfd, 0xe0, 0xa1, 0x60, 0x1f, 0xc8, 0x12,
    0x6, 0x1, 0xf8, 0xc4, 0x46, 0x20, 0xa0, 0x1f,
    0x58, 0x20, 0x20, 0x60, 0x7, 0xc8, 0x18, 0x18,
    0xe, 0x1, 0xe1, 0x30, 0x40, 0x70, 0x13, 0x0,
    0xe7, 0x1, 0x20, 0x12, 0x4, 0x0, 0xec, 0x4,
    0x0, 0x90, 0x2c, 0x3, 0x90, 0x17, 0xfe, 0x60,
    0x31, 0x0, 0x8c, 0x40, 0x3f, 0x20, 0x5, 0x60,
    0x7f, 0xfc, 0x81, 0xe0, 0x12, 0x85, 0x80, 0x76,
    0x2, 0x0, 0x4, 0x81, 0x0, 0x39, 0x40, 0x4c,
    0x1c, 0x4, 0xc0, 0x38, 0x88, 0x16, 0xd, 0xfc,
    0x1, 0xf7, 0x25, 0x0, 0x7f, 0x9b, 0x68, 0x80,
    0x3f, 0x86, 0x58, 0x40, 0x3f, 0xc6, 0x8, 0xf2,
    0x1, 0xfc, 0x4e, 0x53, 0xc0,

    /* U+0105 "ą" */
    0x0, 0x1d, 0xf7, 0xeb, 0x80, 0x64, 0xc4, 0x10,
    0x28, 0x90, 0xb, 0x2, 0x7f, 0xcc, 0xc, 0x20,
    0x8, 0xb6, 0x0, 0x40, 0x0, 0x80, 0x24, 0x0,
    0x84, 0x0, 0xe0, 0x10, 0xb4, 0x42, 0x40, 0x39,
    0x7a, 0x5d, 0xcc, 0x1, 0xd4, 0xf, 0xdf, 0xe0,
    0xc, 0x60, 0x9, 0x10, 0xf, 0x8, 0x1, 0x40,
    0x10, 0x0, 0x10, 0x22, 0x5, 0xef, 0x9, 0x85,
    0x28, 0x7a, 0x9, 0xbc, 0xc0, 0x80, 0x45, 0x7d,
    0xc9, 0x5, 0x45, 0x50, 0x7, 0xd8, 0x34, 0x1,
    0xf3, 0x14, 0x0, 0x7e, 0x10, 0x99, 0x30, 0x7,
    0x99, 0x15, 0x8,

    /* U+0106 "Ć" */
    0x0, 0xf2, 0x98, 0x7, 0xf5, 0xe2, 0x0, 0x7c,
    0xc2, 0x68, 0x1, 0xf5, 0x87, 0x0, 0x7c, 0x20,
    0xe4, 0x1, 0xf0, 0xec, 0x0, 0x7d, 0x1b, 0xfd,
    0x8c, 0x1, 0xe, 0xb9, 0x0, 0x9c, 0xd0, 0x2,
    0x88, 0x67, 0x74, 0xe0, 0xac, 0x68, 0x14, 0xc4,
    0x48, 0x70, 0xfb, 0x2, 0x40, 0xd, 0x39, 0x26,
    0xe, 0x1, 0xc2, 0x60, 0xc0, 0x60, 0x1f, 0x8c,
    0x3, 0xff, 0x92, 0x60, 0x1f, 0xe6, 0x3, 0x0,
    0xfc, 0x60, 0xe0, 0x1c, 0x2c, 0x16, 0x4, 0x80,
    0x1a, 0x65, 0x66, 0x81, 0x4c, 0x44, 0x87, 0xd,
    0xa, 0x21, 0x9d, 0xd3, 0x83, 0x30, 0x7, 0x1c,
    0x80, 0x4e, 0xa4, 0x0,

    /* U+0107 "ć" */
    0x0, 0xe1, 0xb3, 0x0, 0xfa, 0x53, 0x80, 0x3e,
    0x60, 0xe0, 0xf, 0x30, 0xb1, 0x80, 0x79, 0x55,
    0x20, 0x1f, 0x1d, 0x0, 0x78, 0x67, 0xbf, 0x60,
    0x2, 0x1f, 0x61, 0x2, 0x7c, 0x0, 0x40, 0x96,
    0xfe, 0x91, 0xa8, 0x38, 0x59, 0x1, 0x4d, 0xa8,
    0x88, 0x14, 0x2, 0x44, 0x1, 0x80, 0x7f, 0xf1,
    0xcc, 0x3, 0xf8, 0x44, 0xa, 0x1, 0x1b, 0x80,
    0x1c, 0x2c, 0x80, 0xba, 0x18, 0x20, 0x4b, 0x7f,
    0x48, 0xd8, 0x7, 0xd8, 0x40, 0x9f, 0x0,

    /* U+0108 "Ĉ" */
    0x0, 0xc7, 0xe, 0x20, 0x1f, 0x73, 0xc5, 0x80,
    0x7a, 0x49, 0x49, 0x58, 0x3, 0x2b, 0x1d, 0x60,
    0xc9, 0x0, 0x4c, 0x7a, 0x3, 0xa6, 0x60, 0x8,
    0xf0, 0x40, 0x7, 0x82, 0x1, 0xa3, 0x7f, 0xb1,
    0x80, 0x21, 0xd7, 0x20, 0x13, 0x9a, 0x0, 0x51,
    0xc, 0xee, 0x9c, 0x15, 0x8d, 0x2, 0x98, 0x89,
    0xe, 0x1f, 0x60, 0x48, 0x1, 0xa7, 0x24, 0xc1,
    0xc0, 0x38, 0x4c, 0x18, 0xc, 0x3, 0xf1, 0x80,
    0x7f, 0xf2, 0x4c, 0x3, 0xfc, 0xc0, 0x60, 0x1f,
    0x8c, 0x1c, 0x3, 0x85, 0x82, 0xc0, 0x90, 0x3,
    0x4c, 0xac, 0xd0, 0x29, 0x88, 0x90, 0xe1, 0xa1,
    0x44, 0x33, 0xba, 0x70, 0x66, 0x0, 0xe3, 0x90,
    0x9, 0xd4, 0x80,

    /* U+0109 "ĉ" */
    0x0, 0x87, 0xbf, 0x40, 0x3d, 0x62, 0x5, 0x20,
    0x19, 0x54, 0x5a, 0x2c, 0x80, 0x15, 0x8e, 0x16,
    0x4, 0x80, 0x55, 0xa2, 0x5, 0x7c, 0x1, 0x21,
    0x80, 0x48, 0x60, 0x10, 0xcf, 0x7e, 0xc0, 0x4,
    0x3e, 0xc2, 0x4, 0xf8, 0x0, 0x81, 0x2d, 0xfd,
    0x23, 0x50, 0x70, 0xb2, 0x2, 0x9b, 0x51, 0x10,
    0x28, 0x4, 0x88, 0x3, 0x0, 0xff, 0xe3, 0x98,
    0x7, 0xf0, 0x88, 0x14, 0x2, 0x37, 0x0, 0x38,
    0x59, 0x1, 0x74, 0x30, 0x40, 0x96, 0xfe, 0x91,
    0xb0, 0xf, 0xb0, 0x81, 0x3e, 0x0,

    /* U+010A "Ċ" */
    0x0, 0xc3, 0x30, 0x1, 0xf9, 0xd9, 0xcc, 0x3,
    0xe5, 0x12, 0x20, 0x7, 0xc7, 0xda, 0x20, 0x1f,
    0xfc, 0x58, 0xdf, 0xec, 0x60, 0x8, 0x75, 0xc8,
    0x4, 0xe6, 0x80, 0x14, 0x43, 0x3b, 0xa7, 0x5,
    0x63, 0x40, 0xa6, 0x22, 0x43, 0x87, 0xd8, 0x12,
    0x0, 0x69, 0xc9, 0x30, 0x70, 0xe, 0x13, 0x6,
    0x3, 0x0, 0xfc, 0x60, 0x1f, 0xfc, 0x93, 0x0,
    0xff, 0x30, 0x18, 0x7, 0xe3, 0x7, 0x0, 0xe1,
    0x60, 0xb0, 0x24, 0x0, 0xd3, 0x2b, 0x34, 0xa,
    0x62, 0x24, 0x38, 0x68, 0x51, 0xc, 0xee, 0x9c,
    0x19, 0x80, 0x38, 0xe4, 0x2, 0x75, 0x20,

    /* U+010B "ċ" */
    0x0, 0xd3, 0xf0, 0x1, 0xf2, 0x2, 0x0, 0x7d,
    0xb, 0x0, 0x1f, 0x2d, 0x20, 0x7, 0xff, 0xc,
    0x67, 0xbf, 0x60, 0x2, 0x1f, 0x61, 0x2, 0x7c,
    0x0, 0x40, 0x96, 0xfe, 0x91, 0xa8, 0x38, 0x59,
    0x1, 0x4d, 0xa8, 0x88, 0x14, 0x2, 0x44, 0x1,
    0x80, 0x7f, 0xf1, 0xcc, 0x3, 0xf8, 0x44, 0xa,
    0x1, 0x1b, 0x80, 0x1c, 0x2c, 0x80, 0xba, 0x18,
    0x20, 0x4b, 0x7f, 0x48, 0xd8, 0x7, 0xd8, 0x40,
    0x9f, 0x0,

    /* U+010C "Č" */
    0x0, 0x14, 0x80, 0x43, 0x20, 0x19, 0x1a, 0x80,
    0x71, 0x8c, 0x2, 0x65, 0x54, 0xe9, 0x41, 0x80,
    0x6b, 0x16, 0x34, 0x70, 0xe, 0x1d, 0x78, 0xa0,
    0xf, 0x8e, 0x1c, 0x40, 0x3d, 0x1b, 0xfd, 0x8c,
    0x1, 0xe, 0xb9, 0x0, 0x9c, 0xd0, 0x2, 0x88,
    0x67, 0x74, 0xe0, 0xac, 0x68, 0x14, 0xc4, 0x48,
    0x70, 0xfb, 0x2, 0x40, 0xd, 0x39, 0x26, 0xe,
    0x1, 0xc2, 0x60, 0xc0, 0x60, 0x1f, 0x8c, 0x3,
    0xff, 0x92, 0x60, 0x1f, 0xe6, 0x3, 0x0, 0xfc,
    0x60, 0xe0, 0x1c, 0x2c, 0x16, 0x4, 0x80, 0x1a,
    0x65, 0x66, 0x81, 0x4c, 0x44, 0x87, 0xd, 0xa,
    0x21, 0x9d, 0xd3, 0x83, 0x30, 0x7, 0x1c, 0x80,
    0x4e, 0xa4, 0x0,

    /* U+010D "č" */
    0x0, 0x32, 0x80, 0x4c, 0xa0, 0x15, 0x51, 0x1,
    0x67, 0x80, 0x2e, 0xb, 0x7a, 0x1a, 0x0, 0x8a,
    0x82, 0x2, 0x84, 0x3, 0x2c, 0xbd, 0x20, 0x7,
    0x9a, 0x14, 0x3, 0x86, 0x7b, 0xf6, 0x0, 0x21,
    0xf6, 0x10, 0x27, 0xc0, 0x4, 0x9, 0x6f, 0xe9,
    0x1a, 0x83, 0x85, 0x90, 0x14, 0xda, 0x88, 0x81,
    0x40, 0x24, 0x40, 0x18, 0x7, 0xff, 0x1c, 0xc0,
    0x3f, 0x84, 0x40, 0xa0, 0x11, 0xb8, 0x1, 0xc2,
    0xc8, 0xb, 0xa1, 0x82, 0x4, 0xb7, 0xf4, 0x8d,
    0x80, 0x7d, 0x84, 0x9, 0xf0, 0x0,

    /* U+010E "Ď" */
    0x0, 0x8, 0x6, 0x10, 0xe, 0x1f, 0xa0, 0x0,
    0xfd, 0x0, 0x61, 0x75, 0x91, 0xc1, 0xe0, 0xe,
    0x92, 0x6f, 0x27, 0x40, 0xf, 0x78, 0x9, 0xc0,
    0x7, 0xc5, 0xfe, 0xc0, 0xe, 0x5f, 0xfe, 0xeb,
    0x50, 0xf, 0xe1, 0x4a, 0x90, 0xe, 0xde, 0xe6,
    0x28, 0x32, 0x80, 0x62, 0x11, 0x1d, 0x20, 0x48,
    0x7, 0xf4, 0x1, 0x88, 0x7, 0xe2, 0x0, 0x28,
    0x7, 0xe1, 0x0, 0x10, 0x7, 0xfc, 0x20, 0x1f,
    0xfc, 0xb1, 0x0, 0xfc, 0x20, 0x2, 0x0, 0xfc,
    0x40, 0x5, 0x0, 0xfd, 0x0, 0x62, 0x1, 0x8,
    0xc7, 0x28, 0x12, 0x1, 0xbb, 0xac, 0x60, 0x65,
    0x0, 0xfc, 0x75, 0x20, 0x0,

    /* U+010F "ď" */
    0x0, 0xfd, 0xfe, 0x36, 0xfd, 0x0, 0xff, 0x84,
    0x10, 0x3, 0xfe, 0xf0, 0xc0, 0xf, 0xfe, 0xa,
    0x0, 0x7f, 0xd9, 0x22, 0x0, 0x2b, 0xfe, 0x80,
    0xc, 0x8c, 0x0, 0x1c, 0x40, 0x17, 0x70, 0x7,
    0xd2, 0x21, 0x5f, 0xd8, 0x1, 0xf2, 0x83, 0xa8,
    0xd, 0x0, 0x7c, 0x41, 0xa0, 0x10, 0x80, 0x78,
    0x40, 0x2, 0x1, 0xff, 0xcc, 0x10, 0x0, 0x80,
    0x7f, 0xc4, 0x1a, 0x1, 0x8, 0x7, 0xca, 0xe,
    0xa0, 0x36, 0x1, 0xf4, 0x88, 0x57, 0xf6, 0x80,
    0x7c, 0x38, 0x80, 0x2e, 0xe0, 0xf, 0x0,

    /* U+0110 "Đ" */
    0x2, 0xff, 0xf6, 0x30, 0x7, 0xfc, 0x73, 0x60,
    0x1e, 0xce, 0xe6, 0xb8, 0x23, 0x80, 0x70, 0x8c,
    0x50, 0xe1, 0x20, 0x1f, 0xe9, 0x1, 0x30, 0xf,
    0xe1, 0x0, 0x28, 0x7, 0xf8, 0x43, 0xa7, 0x40,
    0x1b, 0xf6, 0x1, 0xc2, 0x22, 0x0, 0x11, 0x40,
    0x1e, 0x8f, 0x0, 0x7e, 0xc8, 0x7, 0x8, 0x7,
    0xf8, 0x43, 0x80, 0x3f, 0x84, 0x0, 0xa0, 0x1f,
    0xd2, 0x2, 0x60, 0x18, 0x46, 0x28, 0x70, 0x90,
    0xe, 0xce, 0xe6, 0xb8, 0x23, 0x80, 0x7f, 0x1c,
    0xd8, 0x0,

    /* U+0111 "đ" */
    0x0, 0xfd, 0xfe, 0x30, 0xf, 0x77, 0xf8, 0x1,
    0x90, 0x1, 0xd2, 0xee, 0x0, 0x2e, 0x0, 0x73,
    0xc4, 0x0, 0x12, 0x80, 0x1f, 0xfc, 0x22, 0xbf,
    0xe8, 0x0, 0xf0, 0xe2, 0x0, 0xbb, 0x80, 0x3a,
    0x44, 0x2b, 0xf7, 0x0, 0x39, 0x41, 0xd4, 0xa,
    0x80, 0x38, 0x83, 0x40, 0x21, 0x0, 0xc2, 0x0,
    0x10, 0xf, 0xfe, 0x40, 0x80, 0x4, 0x3, 0xf8,
    0x83, 0x40, 0x21, 0x0, 0xe5, 0x7, 0x50, 0x2a,
    0x0, 0xe9, 0x10, 0xaf, 0xdc, 0x0, 0xe1, 0xc4,
    0x1, 0x77, 0x0, 0x60,

    /* U+0112 "Ē" */
    0x0, 0x4e, 0x67, 0x0, 0x65, 0x33, 0xe0, 0xd,
    0x9f, 0xfc, 0x1, 0xff, 0xc0, 0x5f, 0xff, 0xd2,
    0x1, 0xff, 0xc1, 0xde, 0xee, 0x80, 0x8, 0x84,
    0x7c, 0x1, 0xff, 0xcb, 0x11, 0xf0, 0x6, 0xee,
    0xf0, 0x7, 0xff, 0xb, 0xff, 0xc0, 0x1f, 0xfd,
    0x61, 0x1f, 0x0, 0x6e, 0xef, 0x48, 0x7, 0xf8,

    /* U+0113 "ē" */
    0x0, 0x2f, 0xff, 0x38, 0x6, 0x63, 0x3e, 0x10,
    0xc, 0x79, 0x9c, 0xc0, 0x1f, 0xfc, 0x31, 0x9e,
    0xfe, 0x91, 0x0, 0xd8, 0xc2, 0x33, 0x78, 0x80,
    0x20, 0x89, 0xdd, 0x10, 0xc0, 0x1, 0x82, 0x4,
    0x6, 0x1, 0xc0, 0x44, 0xc, 0x1, 0x30, 0x8,
    0x8c, 0x1, 0x9f, 0xf6, 0x0, 0xc, 0x2, 0x57,
    0x7f, 0x19, 0x80, 0x13, 0x11, 0xe1, 0x11, 0x2,
    0x80, 0x65, 0x0, 0xa8, 0x20, 0xc0, 0xd, 0x56,
    0x0, 0x73, 0x1c, 0xff, 0x48, 0x78, 0x5, 0x8e,
    0x40, 0x2b, 0xa8, 0x0,

    /* U+0114 "Ĕ" */
    0x1, 0xb2, 0x0, 0xac, 0xc0, 0x24, 0x90, 0x3,
    0xa3, 0x80, 0x5, 0xd3, 0x72, 0x11, 0x0, 0x14,
    0x39, 0x99, 0x68, 0x3, 0xa3, 0xbe, 0x84, 0x0,
    0xbf, 0xff, 0xa4, 0x3, 0xff, 0x83, 0xbd, 0xdd,
    0x0, 0x11, 0x8, 0xf8, 0x3, 0xff, 0x96, 0x23,
    0xe0, 0xd, 0xdd, 0xe0, 0xf, 0xfe, 0x17, 0xff,
    0x80, 0x3f, 0xfa, 0xc2, 0x3e, 0x0, 0xdd, 0xde,
    0x90, 0xf, 0xf0,

    /* U+0115 "ĕ" */
    0x0, 0xff, 0xe0, 0xce, 0x0, 0x53, 0x80, 0x1b,
    0x8d, 0xc1, 0x19, 0x40, 0x33, 0x94, 0x7d, 0x8c,
    0x0, 0x76, 0x3a, 0xbf, 0x88, 0x7, 0xc, 0x54,
    0x8, 0x7, 0xc, 0xf7, 0xf4, 0x88, 0x6, 0xc6,
    0x11, 0x9b, 0xc4, 0x1, 0x4, 0x4e, 0xe8, 0x86,
    0x0, 0xc, 0x10, 0x20, 0x30, 0xe, 0x2, 0x20,
    0x60, 0x9, 0x80, 0x44, 0x60, 0xc, 0xff, 0xb0,
    0x0, 0x60, 0x12, 0xbb, 0xf8, 0xcc, 0x0, 0x98,
    0x8f, 0x8, 0x88, 0x14, 0x3, 0x28, 0x5, 0x41,
    0x6, 0x0, 0x6a, 0xb0, 0x3, 0x98, 0xe7, 0xfa,
    0x43, 0xc0, 0x2c, 0x72, 0x1, 0x5d, 0x40,

    /* U+0116 "Ė" */
    0x0, 0x87, 0x78, 0xc0, 0x3c, 0x44, 0x15, 0x0,
    0xf1, 0xbb, 0x38, 0x7, 0xd1, 0x22, 0x1, 0x2f,
    0xff, 0xe9, 0x0, 0xff, 0xe0, 0xef, 0x77, 0x40,
    0x4, 0x42, 0x3e, 0x0, 0xff, 0xe5, 0x88, 0xf8,
    0x3, 0x77, 0x78, 0x3, 0xff, 0x85, 0xff, 0xe0,
    0xf, 0xfe, 0xb0, 0x8f, 0x80, 0x37, 0x77, 0xa4,
    0x3, 0xfc,

    /* U+0117 "ė" */
    0x0, 0xcf, 0xf4, 0x1, 0xfb, 0x1, 0x0, 0x3f,
    0x7a, 0xc0, 0x7, 0xe4, 0xa6, 0x0, 0xff, 0xe2,
    0x8c, 0xf7, 0xf4, 0x88, 0x6, 0xc6, 0x11, 0x9b,
    0xc4, 0x1, 0x4, 0x4e, 0xe8, 0x86, 0x0, 0xc,
    0x10, 0x20, 0x30, 0xe, 0x2, 0x20, 0x60, 0x9,
    0x80, 0x44, 0x60, 0xc, 0xff, 0xb0, 0x0, 0x60,
    0x12, 0xbb, 0xf8, 0xcc, 0x0, 0x98, 0x8f, 0x8,
    0x88, 0x14, 0x3, 0x28, 0x5, 0x41, 0x6, 0x0,
    0x6a, 0xb0, 0x3, 0x98, 0xe7, 0xfa, 0x43, 0xc0,
    0x2c, 0x72, 0x1, 0x5d, 0x40,

    /* U+0118 "Ę" */
    0x5f, 0xff, 0xd2, 0x1, 0xff, 0xc3, 0xde, 0xee,
    0x80, 0xc, 0x42, 0x3e, 0x0, 0xff, 0xec, 0xff,
    0xf8, 0x3, 0xff, 0x89, 0xdd, 0xe0, 0xe, 0x11,
    0xf0, 0x7, 0xff, 0x3c, 0x47, 0xc0, 0x1d, 0xdd,
    0xe9, 0x0, 0xff, 0xe0, 0x2f, 0xff, 0xad, 0x2c,
    0x3, 0xe6, 0xaa, 0x10, 0x7, 0x86, 0x64, 0x20,
    0x1f, 0x18, 0x5b, 0xc8, 0x7, 0x89, 0x8e, 0x78,
    0x0,

    /* U+0119 "ę" */
    0x0, 0xc, 0xf7, 0xf4, 0x88, 0x6, 0xc6, 0x11,
    0x9b, 0x0, 0x28, 0x22, 0x6f, 0x70, 0x89, 0x0,
    0x6, 0xb, 0x20, 0x1b, 0x5, 0x1, 0x10, 0x28,
    0x4, 0x40, 0x40, 0x60, 0x9, 0x88, 0xb8, 0x0,
    0x40, 0x12, 0xbb, 0xca, 0x1, 0x18, 0x3, 0x3f,
    0xfc, 0x42, 0x40, 0xc0, 0x18, 0x80, 0x2a, 0x8,
    0x30, 0x2, 0xed, 0x0, 0x1c, 0xcb, 0x3f, 0xd4,
    0x1e, 0x1, 0x63, 0x90, 0x5, 0x2a, 0x1, 0xa3,
    0x70, 0xa5, 0x80, 0x3c, 0x78, 0xac, 0x1, 0xf4,
    0x84, 0x0, 0x7e, 0x10, 0x7b, 0x20, 0xf, 0x41,
    0x43, 0x80, 0x40,

    /* U+011A "Ě" */
    0x0, 0x8, 0x6, 0x10, 0x8, 0xf9, 0xc0, 0x9,
    0xcc, 0x0, 0x33, 0x42, 0x9d, 0x8b, 0x80, 0x5c,
    0x15, 0xa1, 0x62, 0x1, 0x15, 0x0, 0xb2, 0x80,
    0x72, 0xff, 0xa4, 0x2, 0x5f, 0xff, 0xd2, 0x1,
    0xff, 0xc1, 0xde, 0xee, 0x80, 0x8, 0x84, 0x7c,
    0x1, 0xff, 0xcb, 0x11, 0xf0, 0x6, 0xee, 0xf0,
    0x7, 0xff, 0xb, 0xff, 0xc0, 0x1f, 0xfd, 0x61,
    0x1f, 0x0, 0x6e, 0xef, 0x48, 0x7, 0xf8,

    /* U+011B "ě" */
    0x0, 0x23, 0x80, 0x48, 0xe0, 0x1b, 0xe1, 0x80,
    0xee, 0x80, 0x35, 0xc, 0xbe, 0x87, 0x80, 0x61,
    0xa0, 0x81, 0x92, 0x0, 0xe4, 0xa7, 0x96, 0x0,
    0xf9, 0x61, 0x80, 0x3c, 0x33, 0xdf, 0xd2, 0x20,
    0x1b, 0x18, 0x46, 0x6f, 0x10, 0x4, 0x11, 0x3b,
    0xa2, 0x18, 0x0, 0x30, 0x40, 0x80, 0xc0, 0x38,
    0x8, 0x81, 0x80, 0x26, 0x1, 0x11, 0x80, 0x33,
    0xfe, 0xc0, 0x1, 0x80, 0x4a, 0xef, 0xe3, 0x30,
    0x2, 0x62, 0x3c, 0x22, 0x20, 0x50, 0xc, 0xa0,
    0x15, 0x4, 0x18, 0x1, 0xaa, 0xc0, 0xe, 0x63,
    0x9f, 0xe9, 0xf, 0x0, 0xb1, 0xc8, 0x5, 0x75,
    0x0,

    /* U+011C "Ĝ" */
    0x0, 0xc3, 0x10, 0x20, 0xf, 0xd4, 0xee, 0xf0,
    0xf, 0x99, 0xd, 0xa, 0x40, 0x38, 0xa4, 0x76,
    0xcd, 0x90, 0x3, 0x8f, 0x4, 0x34, 0xdc, 0x3,
    0x16, 0x10, 0x0, 0x70, 0xc0, 0x39, 0xf7, 0xfd,
    0xb0, 0x20, 0x10, 0xec, 0x10, 0x0, 0x9f, 0xc8,
    0x1, 0x44, 0x11, 0xba, 0x91, 0x17, 0x81, 0xa0,
    0x53, 0x91, 0x1b, 0xc0, 0x45, 0x60, 0x4a, 0x1,
    0x87, 0xb0, 0x4c, 0x1c, 0x3, 0xc2, 0x0, 0x60,
    0x30, 0xf, 0xe3, 0x0, 0xe8, 0xff, 0xd2, 0x1,
    0xff, 0xc0, 0x30, 0xe, 0x8e, 0xe2, 0x80, 0x18,
    0xc, 0x3, 0x8, 0x80, 0x23, 0x7, 0x0, 0xf3,
    0x0, 0x2c, 0x9, 0x40, 0x32, 0x18, 0x0, 0xd0,
    0x29, 0xc8, 0x8f, 0x66, 0x1, 0x50, 0x84, 0x6e,
    0xa0, 0xec, 0x2, 0x1f, 0x62, 0x1, 0x6d, 0x0,
    0x80,

    /* U+011D "ĝ" */
    0x0, 0xcd, 0xa, 0x1, 0xf3, 0x4b, 0xd2, 0x0,
    0x71, 0x48, 0x48, 0x50, 0x80, 0x6f, 0xb, 0x6a,
    0x1d, 0x0, 0xd1, 0x48, 0xb, 0x30, 0x1, 0x95,
    0x40, 0x13, 0x20, 0x6, 0x3b, 0xef, 0xfe, 0x60,
    0x2c, 0x43, 0x41, 0x12, 0x20, 0x82, 0xc1, 0x36,
    0xfc, 0x1, 0x68, 0xa, 0x1a, 0x0, 0x15, 0x45,
    0x0, 0xff, 0x10, 0x1, 0x43, 0x40, 0x2, 0x80,
    0x60, 0xb, 0x4, 0xdb, 0xf0, 0x34, 0x0, 0x16,
    0x1, 0x20, 0x36, 0x0, 0x4b, 0x98, 0xff, 0x74,
    0x80, 0x6e, 0x7, 0x11, 0x80, 0x38, 0x82, 0xfb,
    0xaf, 0xe6, 0x0, 0x49, 0x80, 0x70, 0xc9, 0x85,
    0x87, 0xfe, 0xd2, 0xb, 0x44, 0x80, 0x31, 0x28,
    0x8, 0x1, 0x0, 0x39, 0x3, 0x90, 0x4f, 0xae,
    0xd9, 0xc6, 0x2c, 0x18, 0xc6, 0x88, 0x32, 0x7f,
    0x10,

    /* U+011E "Ğ" */
    0x0, 0xff, 0xe1, 0x17, 0x18, 0x0, 0x7d, 0x0,
    0x31, 0x7, 0x10, 0xd0, 0x30, 0x7, 0x59, 0x6f,
    0x23, 0x90, 0x7, 0x2d, 0xaa, 0xaa, 0x0, 0x3e,
    0x4a, 0xa2, 0x80, 0x7c, 0xfb, 0xfe, 0xd8, 0x10,
    0x8, 0x76, 0x8, 0x0, 0x4f, 0xe4, 0x0, 0xa2,
    0x8, 0xdd, 0x48, 0x8b, 0xc0, 0xd0, 0x29, 0xc8,
    0x8d, 0xe0, 0x22, 0xb0, 0x25, 0x0, 0xc3, 0xd8,
    0x26, 0xe, 0x1, 0xe1, 0x0, 0x30, 0x18, 0x7,
    0xf1, 0x80, 0x74, 0x7f, 0xe9, 0x0, 0xff, 0xe0,
    0x18, 0x7, 0x47, 0x71, 0x40, 0xc, 0x6, 0x1,
    0x84, 0x40, 0x11, 0x83, 0x80, 0x79, 0x80, 0x16,
    0x4, 0xa0, 0x19, 0xc, 0x0, 0x68, 0x14, 0xe4,
    0x47, 0xb3, 0x0, 0xa8, 0x42, 0x37, 0x50, 0x76,
    0x1, 0xf, 0xb1, 0x0, 0xb6, 0x80, 0x40,

    /* U+011F "ğ" */
    0x0, 0x43, 0x80, 0x50, 0xe0, 0x18, 0xe4, 0x40,
    0x9f, 0x80, 0x34, 0xf, 0xe6, 0x85, 0x80, 0x63,
    0xb3, 0x3b, 0x8, 0x3, 0x93, 0x7f, 0xc, 0x3,
    0x8e, 0xfb, 0xff, 0x98, 0xb, 0x10, 0xd0, 0x44,
    0x88, 0x20, 0xb0, 0x4d, 0xbf, 0x0, 0x5a, 0x2,
    0x86, 0x80, 0x5, 0x51, 0x40, 0x3f, 0xc4, 0x0,
    0x50, 0xd0, 0x0, 0xa0, 0x18, 0x2, 0xc1, 0x36,
    0xfc, 0xd, 0x0, 0x5, 0x80, 0x48, 0xd, 0x80,
    0x12, 0xe6, 0x3f, 0xdd, 0x20, 0x1b, 0x81, 0xc4,
    0x60, 0xe, 0x20, 0xbe, 0xeb, 0xf9, 0x80, 0x12,
    0x60, 0x1c, 0x32, 0x61, 0x61, 0xff, 0xb4, 0x82,
    0xd1, 0x20, 0xc, 0x4a, 0x2, 0x0, 0x40, 0xe,
    0x40, 0xe4, 0x13, 0xeb, 0xb6, 0x71, 0x8b, 0x6,
    0x31, 0xa2, 0xc, 0x9f, 0xc4,

    /* U+0120 "Ġ" */
    0x0, 0xe9, 0x90, 0x80, 0x7e, 0x36, 0x63, 0x80,
    0x7e, 0x21, 0x12, 0x80, 0x7e, 0x1e, 0xe1, 0x80,
    0x7f, 0xf1, 0xdf, 0x7f, 0xdb, 0x2, 0x1, 0xe,
    0xc1, 0x0, 0x9, 0xfc, 0x80, 0x14, 0x41, 0x1b,
    0xa9, 0x11, 0x78, 0x1a, 0x5, 0x39, 0x11, 0xbc,
    0x4, 0x56, 0x4, 0xa0, 0x18, 0x7b, 0x4, 0xc1,
    0xc0, 0x3c, 0x20, 0x6, 0x3, 0x0, 0xfe, 0x30,
    0xe, 0x8f, 0xfd, 0x20, 0x1f, 0xfc, 0x3, 0x0,
    0xe8, 0xee, 0x28, 0x1, 0x80, 0xc0, 0x30, 0x88,
    0x2, 0x30, 0x70, 0xf, 0x30, 0x2, 0xc0, 0x94,
    0x3, 0x21, 0x80, 0xd, 0x2, 0x9c, 0x88, 0xf6,
    0x60, 0x15, 0x8, 0x46, 0xea, 0xe, 0xc0, 0x21,
    0xf6, 0x20, 0x16, 0xd0, 0x8,

    /* U+0121 "ġ" */
    0x0, 0xd3, 0xf0, 0x1, 0xf9, 0x1, 0x0, 0x3f,
    0x42, 0xc0, 0x7, 0xe5, 0xa4, 0x0, 0xff, 0xe2,
    0x9d, 0xf7, 0xff, 0x30, 0x16, 0x21, 0xa0, 0x89,
    0x10, 0x41, 0x60, 0x9b, 0x7e, 0x0, 0xb4, 0x5,
    0xd, 0x0, 0xa, 0xa2, 0x80, 0x7f, 0x88, 0x0,
    0xa1, 0xa0, 0x1, 0x40, 0x30, 0x5, 0x82, 0x6d,
    0xf8, 0x1a, 0x0, 0xb, 0x0, 0x90, 0x1b, 0x0,
    0x25, 0xcc, 0x7f, 0xba, 0x40, 0x37, 0x3, 0x88,
    0xc0, 0x1c, 0x41, 0x7d, 0xd7, 0xf3, 0x0, 0x24,
    0xc0, 0x38, 0x64, 0xc2, 0xc3, 0xff, 0x69, 0x5,
    0xa2, 0x40, 0x18, 0x94, 0x4, 0x0, 0x80, 0x1c,
    0x81, 0xc8, 0x27, 0xd7, 0x6c, 0xe3, 0x16, 0xc,
    0x63, 0x44, 0x19, 0x3f, 0x88,

    /* U+0122 "Ģ" */
    0x0, 0x9f, 0x7f, 0xdb, 0x2, 0x1, 0xe, 0xc1,
    0x0, 0x9, 0xfc, 0x80, 0x14, 0x41, 0x1b, 0xa9,
    0x11, 0x78, 0x1a, 0x5, 0x39, 0x11, 0xbc, 0x4,
    0x56, 0x4, 0xa0, 0x18, 0x7b, 0x4, 0xc1, 0xc0,
    0x3c, 0x20, 0x6, 0x3, 0x0, 0xfe, 0x30, 0xe,
    0x8f, 0xfd, 0x20, 0x1f, 0xfc, 0x3, 0x0, 0xe8,
    0xee, 0x28, 0x1, 0x80, 0xc0, 0x30, 0x88, 0x2,
    0x30, 0x70, 0xf, 0x30, 0x2, 0xc0, 0x94, 0x3,
    0x21, 0x80, 0xd, 0x2, 0x9c, 0x88, 0xf6, 0x60,
    0x15, 0x8, 0x46, 0xea, 0xe, 0xc0, 0x21, 0xf6,
    0x20, 0x16, 0xd0, 0xe, 0x19, 0xdf, 0xe9, 0x17,
    0xf9, 0x0, 0xc3, 0xdc, 0x10, 0xf, 0xc4, 0x22,
    0x50, 0xf, 0xc6, 0xa0, 0xa0, 0x1f, 0xc2, 0x82,
    0x1, 0xf8, 0x8e, 0x80, 0x38,

    /* U+0123 "ģ" */
    0x0, 0xe6, 0x60, 0x7, 0xe3, 0x95, 0x0, 0xfd,
    0x2, 0x1, 0xfc, 0xc3, 0x0, 0x1f, 0x90, 0xc,
    0x3, 0xf4, 0xfc, 0x0, 0x78, 0xef, 0xbf, 0xf9,
    0x80, 0xb1, 0xd, 0x4, 0x48, 0x82, 0xb, 0x4,
    0xdb, 0xf0, 0x5, 0xa0, 0x28, 0x68, 0x0, 0x55,
    0x14, 0x3, 0xfc, 0x40, 0x5, 0xd, 0x0, 0xa,
    0x1, 0x80, 0x2c, 0x13, 0x6f, 0xc0, 0xd0, 0x0,
    0x58, 0x4, 0x80, 0xd8, 0x1, 0x2e, 0x63, 0xfd,
    0xd2, 0x1, 0xb8, 0x1c, 0x46, 0x0, 0xe2, 0xb,
    0xee, 0xbf, 0x98, 0x1, 0x26, 0x1, 0xc3, 0x26,
    0x16, 0x1f, 0xfb, 0x48, 0x2d, 0x12, 0x0, 0xc4,
    0xa0, 0x20, 0x4, 0x0, 0xe4, 0xe, 0x41, 0x3e,
    0xbb, 0x67, 0x18, 0xb0, 0x63, 0x1a, 0x20, 0xc9,
    0xfc, 0x40,

    /* U+0124 "Ĥ" */
    0x0, 0xc3, 0x10, 0x20, 0xf, 0xd4, 0xee, 0xf0,
    0xf, 0x9d, 0x10, 0xc5, 0x40, 0x1c, 0x70, 0x77,
    0x2a, 0xa6, 0x0, 0xc6, 0xda, 0x0, 0xa6, 0x70,
    0xe, 0x91, 0x0, 0xa4, 0x40, 0xb, 0xfe, 0x0,
    0xf6, 0xfb, 0x80, 0x7f, 0xfc, 0xc4, 0x7c, 0x1,
    0xee, 0xef, 0x10, 0x7, 0xff, 0x17, 0xff, 0xc4,
    0x1, 0xff, 0xfe,

    /* U+0125 "ĥ" */
    0x0, 0x67, 0xf8, 0xc0, 0x3e, 0x93, 0x30, 0x68,
    0x80, 0x73, 0x31, 0x32, 0x87, 0x40, 0x38, 0xd6,
    0xc1, 0x69, 0x80, 0x39, 0x69, 0xff, 0x56, 0x80,
    0x3f, 0xfd, 0xf5, 0xfd, 0x0, 0x1f, 0x4a, 0x80,
    0xbc, 0x0, 0x71, 0xf, 0x70, 0xc1, 0x80, 0x38,
    0x60, 0x45, 0x0, 0x22, 0x0, 0xc6, 0x1, 0x30,
    0x7, 0xff, 0x8, 0xc0, 0x3f, 0xff, 0x80,

    /* U+0126 "Ħ" */
    0x2, 0xff, 0x10, 0x7, 0x5f, 0xc8, 0x7, 0xff,
    0x15, 0xa4, 0x1, 0x15, 0x5c, 0xa0, 0x94, 0x1e,
    0x80, 0x5, 0x5f, 0x8, 0x12, 0x8c, 0xe8, 0x3,
    0x7f, 0xf9, 0x1, 0xbc, 0x40, 0x3f, 0xf8, 0xe2,
    0x3e, 0x0, 0xfe, 0xce, 0xee, 0x40, 0xf, 0xfe,
    0x5e, 0xff, 0xf2, 0x0, 0x7f, 0xff, 0xc0, 0x3f,
    0xf8, 0xe0,

    /* U+0127 "ħ" */
    0x7, 0xfd, 0x0, 0xfa, 0xe0, 0xb, 0xfd, 0x60,
    0x1b, 0x50, 0x5, 0xdd, 0xc0, 0x19, 0xb0, 0xe,
    0x20, 0xa0, 0x1f, 0xfc, 0x8a, 0xfe, 0x80, 0xf,
    0x4a, 0x80, 0xbc, 0x0, 0x62, 0x1e, 0xe1, 0x83,
    0x0, 0x61, 0x81, 0x14, 0x0, 0x88, 0x2, 0x30,
    0x9, 0x80, 0x3f, 0xf8, 0x26, 0x1, 0xff, 0xf6,

    /* U+0128 "Ĩ" */
    0x9, 0xfd, 0x60, 0x40, 0x26, 0x32, 0x9f, 0xb8,
    0x2e, 0xcf, 0x94, 0x78, 0x1, 0x0, 0x35, 0xc0,
    0x3, 0xbf, 0xf8, 0x80, 0xc4, 0x2, 0x10, 0x6,
    0xf0, 0x2, 0xf8, 0x80, 0x3f, 0xff, 0xe0, 0x1f,
    0xfc, 0x2d, 0xe0, 0x5, 0xf1, 0x1, 0x88, 0x4,
    0x20,

    /* U+0129 "ĩ" */
    0xb, 0xfa, 0x23, 0x13, 0x42, 0x5d, 0xcb, 0x3e,
    0xdc, 0x55, 0x58, 0x8, 0x1d, 0x50, 0x40, 0x3f,
    0x9f, 0xf4, 0x3, 0xff, 0xfe, 0x1, 0x80,

    /* U+012A "Ī" */
    0x9c, 0xce, 0x2, 0x33, 0xe1, 0xbf, 0xfe, 0x10,
    0xf, 0xbb, 0xff, 0x88, 0xc4, 0x2, 0x10, 0xde,
    0x0, 0x5f, 0x10, 0x7, 0xff, 0xfc, 0x1, 0xbc,
    0x0, 0xbe, 0x23, 0x10, 0x8, 0x40,

    /* U+012B "ī" */
    0x1f, 0xfe, 0x80, 0x33, 0xee, 0x1c, 0xce, 0x60,
    0xf, 0xe7, 0xfd, 0x0, 0xff, 0xff, 0x80, 0x60,

    /* U+012C "Ĭ" */
    0x1a, 0x30, 0xa, 0x90, 0x57, 0xc0, 0xc, 0xa2,
    0x10, 0x7b, 0x92, 0x6a, 0xe, 0xe3, 0x32, 0x68,
    0x5, 0x1d, 0xf6, 0x20, 0xe, 0xff, 0xe2, 0x3,
    0x10, 0x8, 0x40, 0x1b, 0xc0, 0xb, 0xe2, 0x0,
    0xff, 0xff, 0x80, 0x7f, 0xf0, 0xb7, 0x80, 0x17,
    0xc4, 0x6, 0x20, 0x10, 0x80,

    /* U+012D "ĭ" */
    0x0, 0xf9, 0x3c, 0x40, 0x15, 0x2a, 0x16, 0x8,
    0xbc, 0x2e, 0xbf, 0x62, 0xc1, 0x10, 0x56, 0xf1,
    0x0, 0x3d, 0x48, 0x80, 0x4f, 0xfa, 0x1, 0xff,
    0xff, 0x0, 0xc0,

    /* U+012E "Į" */
    0xef, 0xfe, 0x23, 0x10, 0x8, 0x43, 0x78, 0x1,
    0x7c, 0x40, 0x1f, 0xff, 0xf0, 0x6, 0xf0, 0x2,
    0xf8, 0x8c, 0x40, 0x21, 0xe, 0xff, 0x9d, 0xc4,
    0x1, 0x60, 0x40, 0x5, 0x7, 0x20, 0x18, 0x42,
    0x68, 0xc0, 0x16, 0x6e, 0xc2,

    /* U+012F "į" */
    0x0, 0x37, 0xd8, 0x5, 0xa0, 0x80, 0x17, 0x9b,
    0x80, 0x49, 0x90, 0x1, 0xfc, 0xff, 0xa0, 0x1f,
    0xff, 0x95, 0x54, 0x80, 0x13, 0x25, 0x0, 0x14,
    0xa6, 0x1, 0xa, 0xbd, 0x0, 0x24, 0x20, 0xc0,

    /* U+0130 "İ" */
    0x0, 0x6f, 0xa0, 0x4, 0x44, 0x3, 0x0, 0x89,
    0xd5, 0x40, 0x1a, 0x28, 0x80, 0x1d, 0xff, 0xc4,
    0x62, 0x1, 0x8, 0x6f, 0x0, 0x2f, 0x88, 0x3,
    0xff, 0xfe, 0x0, 0xde, 0x0, 0x5f, 0x11, 0x88,
    0x4, 0x20,

    /* U+0131 "ı" */
    0x7f, 0xd0, 0xf, 0xfe, 0xa8,

    /* U+0132 "Ĳ" */
    0x6f, 0xf0, 0x1, 0xbf, 0xf2, 0x0, 0x7f, 0xf1,
    0x1b, 0xfc, 0x1, 0xff, 0xf9, 0x6f, 0xf0, 0x7,
    0xff, 0x20, 0x94, 0x3, 0x8, 0x4, 0x5b, 0x46,
    0x1, 0x20, 0x1, 0x88, 0xc3, 0x90, 0x96, 0xc0,
    0x88, 0x1c, 0x5, 0x7b, 0x42, 0x12, 0x0, 0x2c,
    0x51, 0x1, 0x5d, 0x40,

    /* U+0133 "ĳ" */
    0x6f, 0xb0, 0x0, 0xf7, 0xf, 0x1, 0x0, 0xa,
    0x22, 0x5e, 0x37, 0x0, 0x2a, 0x21, 0xd3, 0x20,
    0x0, 0x37, 0x61, 0x0, 0xfe, 0x7f, 0xd0, 0x0,
    0xff, 0x8c, 0x3, 0xff, 0xfe, 0x1, 0xff, 0xcc,
    0x7f, 0xd0, 0xf, 0xfe, 0x58, 0x80, 0x69, 0xf0,
    0x1, 0x0, 0x63, 0x11, 0x50, 0x0,

    /* U+0134 "Ĵ" */
    0x0, 0xcb, 0xe, 0x1, 0xe3, 0xa7, 0x87, 0x0,
    0xc3, 0xa1, 0x3, 0x6, 0x1, 0x58, 0xcb, 0xe8,
    0x68, 0x5, 0x30, 0xc0, 0x77, 0x20, 0x11, 0xb8,
    0x4, 0x8e, 0x1, 0x6f, 0xff, 0x80, 0x3f, 0xf8,
    0x3b, 0xff, 0x50, 0x7, 0xff, 0xfc, 0x3, 0xf8,
    0x48, 0x3, 0xe5, 0xef, 0x0, 0xb4, 0x4, 0x10,
    0xa, 0x9, 0x18, 0x14, 0x5, 0xc1, 0xf6, 0xc4,
    0x20, 0x1, 0x10, 0x20, 0x2, 0x61, 0x80,

    /* U+0135 "ĵ" */
    0x0, 0x67, 0xf8, 0xc0, 0x10, 0x68, 0x1c, 0x8,
    0xe9, 0x74, 0x54, 0xaf, 0x60, 0xb5, 0xc3, 0x0,
    0x12, 0xa0, 0x1, 0xff, 0x40, 0x3f, 0xff, 0xe0,
    0x1f, 0xfc, 0xa1, 0x0, 0xba, 0x1, 0x80, 0x21,
    0x3, 0x80, 0x0,

    /* U+0136 "Ķ" */
    0x5f, 0xf0, 0x7, 0x4f, 0xf8, 0x80, 0x3e, 0x46,
    0xa, 0x20, 0xf, 0xa8, 0x15, 0x40, 0x1f, 0x48,
    0x8a, 0xc0, 0x3e, 0x46, 0xa, 0x10, 0xf, 0xa8,
    0x1d, 0x0, 0x3e, 0x91, 0x38, 0x0, 0xf0, 0xa3,
    0x0, 0x80, 0x7c, 0x34, 0x20, 0x4e, 0x1, 0xf0,
    0xeb, 0x84, 0x8, 0x7, 0xa0, 0xe4, 0x42, 0x0,
    0x3c, 0xe0, 0x32, 0xc, 0x60, 0x1f, 0x9c, 0x83,
    0xc0, 0x3f, 0xa0, 0xd, 0x40, 0x3f, 0x29, 0x85,
    0x80, 0x7f, 0x78, 0xb, 0xaf, 0xf8, 0x3, 0x8f,
    0xfc, 0xe0, 0x1c, 0xec, 0x1, 0xfc, 0xb1, 0x24,
    0x1, 0xf9, 0xc0, 0x6, 0x1, 0xf8, 0x98, 0x84,
    0x3, 0xf1, 0xb4, 0x80, 0x70,

    /* U+0137 "ķ" */
    0x7f, 0xd0, 0xf, 0xff, 0x4c, 0x7f, 0x88, 0x3,
    0x8d, 0xc2, 0x88, 0x3, 0xe, 0x83, 0x28, 0x4,
    0x21, 0x62, 0x72, 0x1, 0x9d, 0x14, 0x38, 0x3,
    0x9e, 0x80, 0x3f, 0x18, 0x98, 0x48, 0x7, 0xab,
    0xc1, 0x10, 0x1, 0x89, 0x4d, 0x2, 0x0, 0x3e,
    0x90, 0x35, 0x0, 0xf1, 0x28, 0x40, 0x7, 0xd0,
    0x4, 0xee, 0xfd, 0x0, 0x8b, 0xfc, 0xe0, 0x19,
    0xd8, 0x3, 0xe5, 0x89, 0x20, 0xf, 0x38, 0x0,
    0xc0, 0x3c, 0x4c, 0x42, 0x1, 0xe3, 0x69, 0x0,
    0xc0,

    /* U+0138 "ĸ" */
    0x7f, 0xd0, 0xa, 0x3f, 0xc4, 0x1, 0xc6, 0xe1,
    0x44, 0x1, 0x87, 0x41, 0x94, 0x2, 0x10, 0xb1,
    0x39, 0x0, 0xce, 0xaa, 0xe, 0x0, 0xe7, 0xb0,
    0xf, 0xc6, 0x26, 0x12, 0x1, 0xea, 0xf0, 0x44,
    0x0, 0x62, 0x53, 0x50, 0x80, 0xf, 0xa0, 0xd,
    0x40, 0x3c, 0x4a, 0x10, 0x1, 0xf4, 0x1, 0x38,

    /* U+0139 "Ĺ" */
    0x0, 0x4b, 0x80, 0x78, 0x5a, 0x10, 0x3, 0xa4,
    0x15, 0x0, 0x39, 0xc6, 0xc0, 0x3c, 0xf6, 0x20,
    0x1e, 0x85, 0x0, 0xf2, 0xff, 0x80, 0x3f, 0xff,
    0xe0, 0x1f, 0xfd, 0xe1, 0x1e, 0x0, 0xdd, 0xdd,
    0x20, 0x1f, 0xc0,

    /* U+013A "ĺ" */
    0x0, 0x41, 0x0, 0xd, 0xf4, 0x42, 0x41, 0xc4,
    0x4a, 0x50, 0x4, 0x49, 0x0, 0x1e, 0xa0, 0x1,
    0xff, 0x40, 0x3f, 0xff, 0x84, 0x5, 0xc4, 0xaa,
    0x1, 0x0,

    /* U+013B "Ļ" */
    0x5f, 0xf0, 0x7, 0xff, 0xfc, 0x3, 0xff, 0xbc,
    0x23, 0xc0, 0x1b, 0xbb, 0xa4, 0x3, 0xf9, 0x7f,
    0xfe, 0x90, 0x8, 0x5d, 0x40, 0x3c, 0xd1, 0x40,
    0x1e, 0x30, 0xf, 0xc8, 0x90, 0x7, 0x95, 0x24,
    0x2,

    /* U+013C "ļ" */
    0x7f, 0xd0, 0xf, 0xff, 0xe1, 0x1, 0x71, 0x2a,
    0x80, 0x40, 0x15, 0xfe, 0x20, 0x47, 0x20, 0x5,
    0x45, 0x80, 0x10, 0x3, 0x40, 0x68, 0x2, 0x51,
    0x0,

    /* U+013D "Ľ" */
    0x0, 0xc9, 0xfe, 0x0, 0x2f, 0xf8, 0x4, 0x10,
    0x3, 0xc6, 0x18, 0x1, 0xf9, 0x0, 0x3c, 0xb0,
    0x60, 0x1e, 0x37, 0x0, 0xff, 0xff, 0x80, 0x42,
    0x3c, 0x1, 0xbb, 0xba, 0x40, 0x3f, 0x80,

    /* U+013E "ľ" */
    0x7f, 0xd0, 0xdf, 0x60, 0xc, 0x60, 0x80, 0x1c,
    0x24, 0x1, 0x85, 0x0, 0x3a, 0x24, 0x3, 0x9c,
    0xc0, 0x3f, 0xfe, 0x84, 0x5, 0xc4, 0x0, 0x55,
    0x0, 0x80, 0x40,

    /* U+013F "Ŀ" */
    0x5f, 0xf0, 0x7, 0xff, 0xb0, 0xaa, 0x0, 0x3c,
    0xaa, 0x72, 0x0, 0xe3, 0x2, 0x30, 0xe, 0x4f,
    0xd1, 0x0, 0xff, 0xe9, 0x8, 0xf0, 0x6, 0xee,
    0xe9, 0x0, 0xfe,

    /* U+0140 "ŀ" */
    0x7f, 0xd0, 0xf, 0xff, 0x6a, 0x52, 0x80, 0x68,
    0x58, 0x0, 0xc8, 0x8, 0x1, 0xa3, 0xe4, 0x3,
    0xff, 0x92, 0x40, 0x5c, 0x40, 0x5, 0x50, 0x8,
    0x4,

    /* U+0141 "Ł" */
    0x2, 0xff, 0x18, 0x7, 0xff, 0xc0, 0xa1, 0xc0,
    0x3d, 0xda, 0xfe, 0x0, 0x48, 0x0, 0x12, 0xdc,
    0x0, 0x2d, 0x40, 0x19, 0x48, 0x1, 0x3d, 0x80,
    0x7e, 0x86, 0x0, 0xff, 0xe5, 0x38, 0x8f, 0x0,
    0x6b, 0xee, 0xda, 0x1, 0xfe,

    /* U+0142 "ł" */
    0x7, 0xfd, 0x0, 0xff, 0xec, 0x12, 0x80, 0x45,
    0xbf, 0x30, 0x0, 0x59, 0x71, 0x2, 0xa3, 0xc9,
    0x0, 0xc4, 0x1, 0xff, 0xcc, 0x20, 0x2e, 0x20,
    0x55, 0x0, 0x80,

    /* U+0143 "Ń" */
    0x0, 0xf3, 0x48, 0x80, 0x7f, 0x5b, 0x30, 0x3,
    0xf2, 0x91, 0x1c, 0x3, 0xf4, 0x87, 0x0, 0x7f,
    0x5c, 0x18, 0x7, 0xf3, 0xb8, 0x3, 0x97, 0xfd,
    0x20, 0x1d, 0x9f, 0x0, 0x13, 0x8, 0x7, 0xfd,
    0x20, 0x1f, 0xc4, 0x2e, 0x20, 0x1f, 0xcc, 0x12,
    0x1, 0xf8, 0xe8, 0x18, 0x3, 0xf8, 0x90, 0x5c,
    0x3, 0xe1, 0x8, 0x9, 0x0, 0xfe, 0x33, 0xb,
    0x0, 0x7f, 0x40, 0x58, 0x38, 0x7, 0xc8, 0x44,
    0x40, 0xf, 0xe8, 0xf, 0x10, 0xf, 0xca, 0x48,
    0xc0, 0x1f, 0xd6, 0x6, 0x1, 0xfc, 0xc2, 0x1,
    0xff, 0x48, 0x4,

    /* U+0144 "ń" */
    0x0, 0xe8, 0x70, 0xf, 0x85, 0xe1, 0x0, 0x3d,
    0x20, 0xa8, 0x1, 0xe7, 0x1b, 0x0, 0xf0, 0xb5,
    0x88, 0x7, 0x86, 0x54, 0x3, 0x3f, 0xe8, 0x57,
    0xf4, 0x0, 0x74, 0xa8, 0xb, 0xc0, 0x4, 0x43,
    0xdc, 0x30, 0x60, 0x8, 0x60, 0x45, 0x0, 0x22,
    0x0, 0x18, 0x4, 0xc0, 0x1f, 0xfc, 0x3, 0x0,
    0xff, 0xf8, 0x0,

    /* U+0145 "Ņ" */
    0x5f, 0xf4, 0x80, 0x76, 0x7c, 0x0, 0x4c, 0x20,
    0x1f, 0xf4, 0x80, 0x7f, 0x10, 0xb8, 0x80, 0x7f,
    0x30, 0x48, 0x7, 0xe3, 0xa0, 0x60, 0xf, 0xe2,
    0x41, 0x70, 0xf, 0x84, 0x20, 0x24, 0x3, 0xf8,
    0xcc, 0x2c, 0x1, 0xfd, 0x1, 0x60, 0xe0, 0x1f,
    0x21, 0x11, 0x0, 0x3f, 0xa0, 0x3c, 0x40, 0x3f,
    0x29, 0x23, 0x0, 0x7f, 0x58, 0x18, 0x7, 0xf3,
    0x8, 0x7, 0xfd, 0x20, 0x12, 0xff, 0x80, 0x39,
    0xff, 0xd0, 0x1, 0xcc, 0xe0, 0x1f, 0xc5, 0x30,
    0xa0, 0x1f, 0x88, 0x40, 0x40, 0x3f, 0xa0, 0x10,
    0x3, 0xf0, 0xc4, 0x80, 0x70,

    /* U+0146 "ņ" */
    0x7f, 0xd0, 0xaf, 0xe8, 0x0, 0xe9, 0x50, 0x17,
    0x80, 0x8, 0x87, 0xb8, 0x60, 0xc0, 0x10, 0xc0,
    0x8a, 0x0, 0x44, 0x0, 0x30, 0x9, 0x80, 0x3f,
    0xf8, 0x6, 0x1, 0xff, 0xf0, 0x7f, 0xd0, 0x8,
    0xbf, 0xc4, 0x1, 0x9d, 0x40, 0x3e, 0x68, 0xa1,
    0x0, 0xf2, 0x80, 0x4, 0x3, 0xc6, 0x86, 0x1,
    0xf2, 0x23, 0xc0, 0x30,

    /* U+0147 "Ň" */
    0x0, 0x84, 0x3, 0x8, 0x7, 0x1f, 0x30, 0x1,
    0x39, 0x80, 0x31, 0x9a, 0x54, 0xec, 0x5c, 0x3,
    0xb8, 0x2b, 0x42, 0x84, 0x3, 0x8a, 0x40, 0x5d,
    0x0, 0x3e, 0x6f, 0xf4, 0x0, 0x65, 0xff, 0x48,
    0x7, 0x67, 0xc0, 0x4, 0xc2, 0x1, 0xff, 0x48,
    0x7, 0xf1, 0xb, 0x88, 0x7, 0xf3, 0x4, 0x80,
    0x7e, 0x3a, 0x6, 0x0, 0xfe, 0x24, 0x17, 0x0,
    0xf8, 0x42, 0x2, 0x40, 0x3f, 0x8c, 0xc2, 0xc0,
    0x1f, 0xd0, 0x16, 0xe, 0x1, 0xf2, 0x11, 0x10,
    0x3, 0xfa, 0x3, 0xc4, 0x3, 0xf2, 0x92, 0x30,
    0x7, 0xf5, 0x81, 0x80, 0x7f, 0x30, 0x80, 0x7f,
    0xd2, 0x1, 0x0,

    /* U+0148 "ň" */
    0x2, 0x90, 0x8, 0x64, 0x2, 0x46, 0xa0, 0x1c,
    0x62, 0x0, 0x32, 0xaa, 0x74, 0xa4, 0x80, 0x2b,
    0x16, 0x34, 0x60, 0xc, 0x3a, 0xf1, 0x40, 0x1e,
    0x38, 0x71, 0x0, 0x9f, 0xf4, 0x2b, 0xfa, 0x0,
    0x3a, 0x54, 0x5, 0xe0, 0x2, 0x21, 0xee, 0x18,
    0x30, 0x4, 0x30, 0x22, 0x80, 0x11, 0x0, 0xc,
    0x2, 0x60, 0xf, 0xfe, 0x1, 0x80, 0x7f, 0xfc,
    0x0,

    /* U+0149 "ŉ" */
    0x4, 0xee, 0x10, 0x7, 0xff, 0x3, 0x44, 0x48,
    0x1, 0xff, 0xc0, 0xf0, 0x1, 0x0, 0x7f, 0xf0,
    0x19, 0x1, 0x0, 0x3f, 0xf8, 0x4, 0x8e, 0x1,
    0xff, 0xc1, 0x95, 0x80, 0xa, 0xbe, 0x4a, 0xff,
    0x98, 0x1, 0x74, 0x1, 0xf7, 0xa0, 0xc, 0xa0,
    0x7, 0xf3, 0xdf, 0xe0, 0x87, 0x80, 0x7f, 0x2b,
    0x1, 0xb0, 0x30, 0x7, 0xf1, 0x0, 0x5a, 0x6,
    0x1, 0xff, 0xff, 0x0, 0xff, 0xec, 0x80,

    /* U+014A "Ŋ" */
    0x5f, 0xf4, 0x80, 0x76, 0x7c, 0x0, 0x4c, 0x20,
    0x1f, 0xf4, 0x80, 0x7f, 0x10, 0xb8, 0x80, 0x7f,
    0x30, 0x48, 0x7, 0xe3, 0xa0, 0x60, 0xf, 0xe2,
    0x41, 0x70, 0xf, 0x84, 0x20, 0x24, 0x3, 0xf8,
    0xcc, 0x2c, 0x1, 0xfd, 0x1, 0x60, 0xe0, 0x1f,
    0x21, 0x11, 0x0, 0x3f, 0xa0, 0x3c, 0x40, 0x3f,
    0x29, 0x23, 0x0, 0x7f, 0x58, 0x18, 0x7, 0xf3,
    0x8, 0x7, 0xfd, 0x20, 0x12, 0xff, 0x80, 0x39,
    0xcc, 0x3, 0xff, 0x9b, 0xe0, 0x1f, 0x2f, 0x18,
    0x18, 0x7, 0xc6, 0x22, 0x64,

    /* U+014B "ŋ" */
    0x7f, 0xd0, 0xaf, 0xe8, 0x0, 0xe9, 0x50, 0x17,
    0x70, 0x4, 0x43, 0xdc, 0x30, 0x90, 0x8, 0x60,
    0x45, 0x0, 0x22, 0x0, 0x18, 0x4, 0xc0, 0x1f,
    0xfc, 0x3, 0x0, 0xff, 0xf8, 0x3f, 0xe8, 0x7,
    0xff, 0x38, 0xc0, 0x3a, 0xf0, 0x4, 0x40, 0x1c,
    0xe2, 0x56, 0x0,

    /* U+014C "Ō" */
    0x0, 0xb7, 0xff, 0x80, 0x3c, 0xe6, 0x79, 0x0,
    0x3d, 0x59, 0x9a, 0xc0, 0x3f, 0xf8, 0xcf, 0xbf,
    0xed, 0x81, 0x0, 0x87, 0x60, 0x80, 0x4, 0xfe,
    0x40, 0xa, 0x20, 0x8d, 0xd4, 0x88, 0xb8, 0xd,
    0x2, 0x9c, 0x88, 0xd4, 0x6, 0x96, 0x4, 0xa0,
    0x19, 0xc, 0x34, 0xc1, 0xc0, 0x3c, 0xa0, 0xac,
    0x6, 0x1, 0xe1, 0x2, 0x30, 0xf, 0xf0, 0x80,
    0x7f, 0xf0, 0xc, 0x3, 0xfc, 0x2c, 0x6, 0x1,
    0xe1, 0x2, 0x30, 0x70, 0xf, 0x28, 0x2d, 0x81,
    0x28, 0x6, 0x33, 0x6, 0x9a, 0x5, 0x39, 0x11,
    0xb4, 0xd, 0x2, 0x88, 0x23, 0x75, 0x22, 0x2e,
    0x0, 0xe, 0xc1, 0x0, 0x9, 0xfc, 0x80,

    /* U+014D "ō" */
    0x0, 0x2f, 0xff, 0x38, 0x6, 0x63, 0x3e, 0x10,
    0xc, 0x79, 0x9c, 0xc0, 0x1f, 0xfc, 0x31, 0x9e,
    0xfe, 0x91, 0x0, 0xd8, 0xc2, 0x2, 0xde, 0x20,
    0x8, 0x21, 0xcf, 0xd3, 0x1b, 0x0, 0x30, 0x41,
    0x81, 0x40, 0x28, 0x8, 0x81, 0x40, 0x25, 0x0,
    0x19, 0x80, 0x3f, 0x9c, 0x3, 0xfe, 0x30, 0xf,
    0xe7, 0x11, 0x2, 0x80, 0x4a, 0x0, 0x30, 0x60,
    0xb3, 0x2, 0x80, 0x50, 0x4, 0x91, 0x33, 0xf4,
    0xc6, 0x0, 0x3, 0x8c, 0x20, 0x2b, 0x84, 0x0,

    /* U+014E "Ŏ" */
    0x0, 0xff, 0xe1, 0x1f, 0x98, 0x0, 0xbd, 0x0,
    0x31, 0x87, 0x88, 0xa4, 0x14, 0x3, 0xa4, 0xfb,
    0x89, 0x2, 0x1, 0xcd, 0x4a, 0xaa, 0x70, 0xf,
    0x96, 0xa8, 0xa0, 0x1f, 0x3e, 0xff, 0xb6, 0x4,
    0x2, 0x1d, 0x82, 0x0, 0x13, 0xf9, 0x0, 0x28,
    0x82, 0x37, 0x52, 0x22, 0xe0, 0x34, 0xa, 0x72,
    0x23, 0x50, 0x1a, 0x58, 0x12, 0x80, 0x64, 0x30,
    0xd3, 0x7, 0x0, 0xf2, 0x82, 0xb0, 0x18, 0x7,
    0x84, 0x8, 0xc0, 0x3f, 0xc2, 0x1, 0xff, 0xc0,
    0x30, 0xf, 0xf0, 0xb0, 0x18, 0x7, 0x84, 0x8,
    0xc1, 0xc0, 0x3c, 0xa0, 0xb6, 0x4, 0xa0, 0x18,
    0xcc, 0x1a, 0x68, 0x14, 0xe4, 0x46, 0xd0, 0x34,
    0xa, 0x20, 0x8d, 0xd4, 0x88, 0xb8, 0x0, 0x3b,
    0x4, 0x0, 0x27, 0xf2, 0x0,

    /* U+014F "ŏ" */
    0x0, 0xff, 0xe0, 0xce, 0x0, 0x53, 0x80, 0x1b,
    0x8d, 0xc1, 0x19, 0x40, 0x33, 0x94, 0x7d, 0x8c,
    0x0, 0x76, 0x3a, 0xbf, 0x88, 0x7, 0xc, 0x54,
    0x8, 0x7, 0xc, 0xf7, 0xf4, 0x88, 0x6, 0xc6,
    0x10, 0x16, 0xf1, 0x0, 0x41, 0xe, 0x7e, 0x98,
    0xd8, 0x1, 0x82, 0xc, 0xa, 0x1, 0x40, 0x44,
    0xa, 0x1, 0x28, 0x0, 0xcc, 0x1, 0xfc, 0xe0,
    0x1f, 0xf1, 0x80, 0x7f, 0x38, 0x88, 0x14, 0x2,
    0x50, 0x1, 0x83, 0x5, 0x98, 0x14, 0x2, 0x80,
    0x24, 0x89, 0x9f, 0xa6, 0x30, 0x0, 0x1c, 0x61,
    0x1, 0x5c, 0x20,

    /* U+0150 "Ő" */
    0x0, 0xc2, 0xa0, 0x4, 0x20, 0xf, 0x4d, 0x48,
    0x56, 0x98, 0x7, 0x30, 0x5a, 0x8a, 0x18, 0x6,
    0x71, 0x82, 0x80, 0x90, 0xe, 0xf3, 0x71, 0x8,
    0x20, 0xe, 0x8c, 0x1, 0xd7, 0x0, 0xf3, 0xef,
    0xfb, 0x60, 0x40, 0x21, 0xd8, 0x20, 0x1, 0x3f,
    0x90, 0x2, 0x88, 0x23, 0x75, 0x22, 0x2e, 0x3,
    0x40, 0xa7, 0x22, 0x35, 0x1, 0xa5, 0x81, 0x28,
    0x6, 0x43, 0xd, 0x30, 0x70, 0xf, 0x28, 0x2b,
    0x1, 0x80, 0x78, 0x40, 0x8c, 0x3, 0xfc, 0x20,
    0x1f, 0xfc, 0x3, 0x0, 0xff, 0xb, 0x1, 0x80,
    0x78, 0x40, 0x8c, 0x1c, 0x3, 0xca, 0xb, 0x60,
    0x4a, 0x1, 0x8c, 0xc1, 0xa6, 0x81, 0x4e, 0x44,
    0x6d, 0x3, 0x40, 0xa2, 0x8, 0xdd, 0x48, 0x8b,
    0x80, 0x3, 0xb0, 0x40, 0x2, 0x7f, 0x20,

    /* U+0151 "ő" */
    0x0, 0xd0, 0xc0, 0x34, 0x60, 0x18, 0x5e, 0x49,
    0x96, 0x0, 0x34, 0x84, 0x14, 0x84, 0x80, 0x67,
    0x37, 0x61, 0x82, 0x0, 0x85, 0x7c, 0x9, 0x5c,
    0x3, 0xd, 0x18, 0x25, 0x0, 0x70, 0xcf, 0x7f,
    0x48, 0x80, 0x6c, 0x61, 0x1, 0x6f, 0x10, 0x4,
    0x10, 0xe7, 0xe9, 0x8d, 0x80, 0x18, 0x20, 0xc0,
    0xa0, 0x14, 0x4, 0x40, 0xa0, 0x12, 0x80, 0xc,
    0xc0, 0x1f, 0xce, 0x1, 0xff, 0x18, 0x7, 0xf3,
    0x88, 0x81, 0x40, 0x25, 0x0, 0x18, 0x30, 0x59,
    0x81, 0x40, 0x28, 0x2, 0x48, 0x99, 0xfa, 0x63,
    0x0, 0x1, 0xc6, 0x10, 0x15, 0xc2, 0x0,

    /* U+0152 "Œ" */
    0x0, 0x9b, 0x3b, 0xff, 0xfe, 0x70, 0x1c, 0x93,
    0x10, 0xf, 0xfe, 0xd, 0x98, 0x3e, 0x6e, 0x98,
    0xb, 0xbb, 0xce, 0x4a, 0x13, 0x6, 0x44, 0xe0,
    0x0, 0x8f, 0x82, 0x80, 0x98, 0x3, 0xff, 0x84,
    0x60, 0xe0, 0x1f, 0xfc, 0x36, 0x3, 0x0, 0xfc,
    0x23, 0xc0, 0x3, 0x0, 0xfe, 0x2e, 0xee, 0xc0,
    0xf, 0xfe, 0x39, 0x80, 0x7f, 0x17, 0xff, 0x60,
    0x30, 0x18, 0x7, 0xff, 0xc, 0xc1, 0xc0, 0x3f,
    0xf8, 0x74, 0x4, 0xa0, 0x1f, 0xfc, 0x22, 0x50,
    0xa7, 0x31, 0x2f, 0x0, 0x8, 0xf8, 0x1, 0x66,
    0x11, 0x9d, 0xae, 0x5, 0xdd, 0xe7, 0x1, 0xc8,
    0x30, 0xf, 0xfe, 0x8,

    /* U+0153 "œ" */
    0x0, 0xc, 0xf7, 0xf4, 0x80, 0x1b, 0x7f, 0xa8,
    0x80, 0x36, 0x30, 0x80, 0xb5, 0xbc, 0x90, 0xa,
    0xe1, 0x0, 0x20, 0x87, 0x3f, 0x4d, 0x20, 0x73,
    0xf8, 0xc6, 0x40, 0xc, 0x10, 0x60, 0x50, 0x0,
    0x93, 0x1, 0xf0, 0x40, 0x11, 0x2, 0x80, 0x4a,
    0x0, 0x20, 0x8, 0x80, 0x6, 0x60, 0xf, 0xea,
    0xff, 0xb8, 0x0, 0xe0, 0x1f, 0xe4, 0x77, 0xf3,
    0x18, 0x7, 0xf7, 0x44, 0x78, 0x84, 0x40, 0xa0,
    0x12, 0x80, 0x34, 0x3, 0x31, 0x80, 0x18, 0x2c,
    0xc0, 0xa0, 0x51, 0xd4, 0x0, 0xd3, 0xc0, 0x9,
    0x22, 0x67, 0xe9, 0xcc, 0x5, 0x7f, 0xa4, 0x24,
    0x0, 0x38, 0xc2, 0x5, 0xe, 0x78, 0x80, 0x29,
    0x88, 0x0,

    /* U+0154 "Ŕ" */
    0x0, 0xe4, 0xa2, 0x0, 0xfe, 0xf5, 0xb0, 0xf,
    0xc6, 0x83, 0x0, 0x1f, 0xa4, 0x2c, 0x40, 0x3f,
    0x7b, 0x28, 0x7, 0xf2, 0xc8, 0x7, 0x97, 0xff,
    0xdd, 0x42, 0x1, 0xfc, 0x2b, 0x80, 0x1d, 0xbd,
    0xcd, 0x90, 0x25, 0x0, 0xc4, 0x22, 0x26, 0x20,
    0xc0, 0xf, 0xe6, 0x2, 0x0, 0xff, 0xe4, 0xb8,
    0x10, 0x7, 0xe5, 0x30, 0xc0, 0xd, 0xff, 0xa8,
    0xd, 0x40, 0x3f, 0x97, 0x40, 0x3b, 0xfe, 0x0,
    0x60, 0x80, 0x7e, 0x70, 0x80, 0xf, 0xea, 0x1,
    0x60, 0xf, 0xc4, 0xa1, 0x60, 0x1f, 0xd2, 0x4,
    0xa0, 0x1f, 0x8c, 0xc1, 0x20,

    /* U+0155 "ŕ" */
    0x0, 0xff, 0x1f, 0x38, 0x6, 0x81, 0xd0, 0x8,
    0x90, 0x6c, 0x2, 0xb0, 0xb1, 0x0, 0xa2, 0x54,
    0x3, 0xb, 0x0, 0x4f, 0xfa, 0x35, 0xe8, 0x1,
    0x42, 0x80, 0x62, 0x58, 0x95, 0x0, 0xb5, 0xd8,
    0x40, 0x4, 0x20, 0x1f, 0xfe, 0x80,

    /* U+0156 "Ŗ" */
    0x5f, 0xff, 0x75, 0x8, 0x7, 0xf0, 0xae, 0x0,
    0x76, 0xf7, 0x36, 0x40, 0x94, 0x3, 0x10, 0x88,
    0x98, 0x83, 0x0, 0x3f, 0x98, 0x8, 0x3, 0xff,
    0x92, 0xe0, 0x40, 0x1f, 0x94, 0xc3, 0x0, 0x37,
    0xfe, 0xa0, 0x35, 0x0, 0xfe, 0x5d, 0x0, 0xef,
    0xf8, 0x1, 0x82, 0x1, 0xf9, 0xc2, 0x0, 0x3f,
    0xa8, 0x5, 0x80, 0x3f, 0x12, 0x85, 0x80, 0x7f,
    0x48, 0x12, 0x80, 0x7e, 0x33, 0x4, 0x82, 0xff,
    0x80, 0x3b, 0x3f, 0x0, 0x38, 0xdc, 0x80, 0x3f,
    0xbe, 0x24, 0x3, 0xf9, 0x40, 0x40, 0x3f, 0xa0,
    0x30, 0x3, 0xfa, 0xcd, 0x80, 0x38,

    /* U+0157 "ŗ" */
    0x7f, 0xd1, 0xaf, 0x40, 0xa, 0x14, 0x3, 0x12,
    0xc4, 0xa8, 0x5, 0xae, 0xc2, 0x0, 0x21, 0x0,
    0xff, 0xf4, 0x3f, 0xe8, 0x6, 0x17, 0x40, 0xd,
    0x10, 0xa0, 0xd, 0x80, 0x1e, 0x52, 0x70, 0xc,
    0xe7, 0x0, 0x18,

    /* U+0158 "Ř" */
    0x0, 0x8, 0x6, 0x10, 0xe, 0x2e, 0x80, 0x1,
    0x7c, 0x0, 0x62, 0x47, 0x71, 0x60, 0xd0, 0x7,
    0x50, 0xc6, 0xc, 0x90, 0x7, 0xd, 0x0, 0xa3,
    0x0, 0x7c, 0x9f, 0xeb, 0x0, 0xe5, 0xff, 0xf7,
    0x50, 0x80, 0x7f, 0xa, 0xe0, 0x7, 0x6f, 0x73,
    0x64, 0x9, 0x40, 0x31, 0x8, 0x89, 0x88, 0x30,
    0x3, 0xf9, 0x80, 0x80, 0x3f, 0xf9, 0x2e, 0x4,
    0x1, 0xf9, 0x4c, 0x30, 0x3, 0x7f, 0xea, 0x3,
    0x50, 0xf, 0xe5, 0xd0, 0xe, 0xff, 0x80, 0x18,
    0x20, 0x1f, 0x9c, 0x20, 0x3, 0xfa, 0x80, 0x58,
    0x3, 0xf1, 0x28, 0x58, 0x7, 0xf4, 0x81, 0x28,
    0x7, 0xe3, 0x30, 0x48, 0x0,

    /* U+0159 "ř" */
    0x7, 0x40, 0x9, 0xd0, 0x2a, 0xcc, 0x1a, 0x38,
    0x38, 0x35, 0xe4, 0x6c, 0xe, 0x46, 0x3, 0x44,
    0x0, 0xd0, 0xf4, 0x60, 0x19, 0xe1, 0x40, 0x27,
    0xfd, 0x1a, 0xf4, 0x0, 0xd0, 0xa0, 0x1c, 0x4b,
    0x12, 0xa0, 0x1b, 0x5d, 0x84, 0x2, 0x21, 0x0,
    0xff, 0xf7, 0x80,

    /* U+015A "Ś" */
    0x0, 0xf2, 0x98, 0x7, 0xf5, 0xe2, 0x80, 0x7c,
    0xa2, 0x4a, 0x1, 0xf4, 0x87, 0x0, 0x7f, 0x31,
    0x80, 0x7e, 0xc9, 0x0, 0xfa, 0x37, 0xfd, 0xb0,
    0x20, 0x16, 0xb9, 0x0, 0x9, 0xfc, 0x81, 0xc8,
    0x23, 0x75, 0x22, 0x2a, 0xb, 0x5, 0x72, 0x23,
    0x7c, 0x40, 0x2, 0x20, 0xc, 0x2e, 0x0, 0x60,
    0x40, 0xf, 0xdc, 0x7, 0xae, 0x60, 0x1c, 0x8e,
    0x5, 0x19, 0xf2, 0x20, 0x14, 0x6b, 0x98, 0x1,
    0xbc, 0x80, 0x22, 0x8c, 0xf9, 0x1, 0x80, 0xf,
    0x99, 0xc1, 0xc0, 0x3f, 0x70, 0x18, 0x2d, 0x80,
    0x76, 0x1, 0xd, 0x26, 0xa9, 0x11, 0xd4, 0x2c,
    0x68, 0xa, 0xb7, 0x50, 0x6, 0xe0, 0xba, 0xc4,
    0x0, 0x38, 0xc0,

    /* U+015B "ś" */
    0x0, 0xe8, 0x70, 0xf, 0xb, 0xc2, 0x0, 0x74,
    0x82, 0xa0, 0x7, 0x30, 0xd8, 0x7, 0x9e, 0xc4,
    0x3, 0xd2, 0xa0, 0x1c, 0xd9, 0xfe, 0xb4, 0x0,
    0x44, 0x98, 0x82, 0x5b, 0x3, 0x4, 0x77, 0xd1,
    0x20, 0x8, 0x20, 0x1, 0x74, 0x80, 0x82, 0x48,
    0x3, 0xa0, 0x17, 0x7a, 0xd0, 0x0, 0xb8, 0xc4,
    0x29, 0x6a, 0x0, 0x39, 0xde, 0x50, 0x80, 0x11,
    0x0, 0x7, 0x80, 0xcb, 0xf0, 0xc0, 0x1a, 0x4,
    0x5b, 0x3b, 0xd8, 0x24, 0x32, 0x8, 0x44, 0x96,
    0xa0,

    /* U+015C "Ŝ" */
    0x0, 0xc5, 0x10, 0x10, 0xf, 0xbd, 0xdd, 0xa0,
    0x1e, 0x82, 0x43, 0x33, 0x80, 0x64, 0x72, 0xbd,
    0x28, 0x20, 0x9, 0xcf, 0x0, 0x7c, 0xc0, 0x31,
    0xe0, 0x80, 0xb, 0x8, 0x3, 0x46, 0xff, 0xb6,
    0x4, 0x2, 0xd7, 0x20, 0x1, 0x3f, 0x90, 0x39,
    0x4, 0x6e, 0xa4, 0x45, 0x41, 0x60, 0xae, 0x44,
    0x6f, 0x88, 0x0, 0x44, 0x1, 0x85, 0xc0, 0xc,
    0x8, 0x1, 0xfb, 0x80, 0xf5, 0xcc, 0x3, 0x91,
    0xc0, 0xa3, 0x3e, 0x44, 0x2, 0x8d, 0x73, 0x0,
    0x37, 0x90, 0x4, 0x51, 0x9f, 0x20, 0x30, 0x1,
    0xf3, 0x38, 0x38, 0x7, 0xee, 0x3, 0x5, 0xb0,
    0xe, 0xc0, 0x21, 0xa4, 0xd5, 0x22, 0x3a, 0x85,
    0x8d, 0x1, 0x56, 0xea, 0x0, 0xdc, 0x17, 0x58,
    0x80, 0x7, 0x18, 0x0,

    /* U+015D "ŝ" */
    0x0, 0xa3, 0xfc, 0xa0, 0x18, 0xdc, 0x1, 0x62,
    0x1, 0x70, 0x53, 0x8d, 0x80, 0x1c, 0xa1, 0x61,
    0x15, 0x1, 0xe5, 0xc0, 0x17, 0x28, 0x0, 0x60,
    0xc, 0xc0, 0x13, 0x67, 0xfa, 0xd0, 0x1, 0x12,
    0x62, 0x9, 0x6c, 0xc, 0x11, 0xdf, 0x44, 0x80,
    0x20, 0x80, 0x5, 0xd2, 0x2, 0x9, 0x20, 0xe,
    0x80, 0x5d, 0xeb, 0x40, 0x2, 0xe3, 0x10, 0xa5,
    0xa8, 0x0, 0xe7, 0x79, 0x42, 0x0, 0x44, 0x0,
    0x1e, 0x3, 0x2f, 0xc3, 0x0, 0x68, 0x11, 0x6c,
    0xef, 0x60, 0x90, 0xc8, 0x21, 0x12, 0x5a, 0x80,

    /* U+015E "Ş" */
    0x0, 0x9f, 0x7f, 0xdb, 0x2, 0x1, 0x64, 0x10,
    0x0, 0x9f, 0xc8, 0x1c, 0xc2, 0x37, 0x54, 0x22,
    0xa0, 0xc0, 0x47, 0x22, 0x2f, 0xc4, 0x1, 0xc0,
    0x80, 0x30, 0xb8, 0x1, 0x81, 0x0, 0x3f, 0x70,
    0x16, 0xb9, 0x80, 0x72, 0x38, 0x14, 0x67, 0x48,
    0x80, 0x51, 0xae, 0x40, 0x2d, 0xe4, 0x1, 0x14,
    0x6f, 0x40, 0xc, 0x0, 0x78, 0x5d, 0xc0, 0xe0,
    0x1f, 0xb8, 0x8, 0xe, 0xc0, 0x3b, 0xc0, 0x87,
    0x13, 0x10, 0x44, 0xcc, 0x4, 0x1a, 0x3, 0xbe,
    0xe4, 0x80, 0xc0, 0x2e, 0x28, 0x4, 0x2d, 0xe2,
    0x0, 0x3a, 0xf2, 0xae, 0x91, 0x0, 0xf1, 0x82,
    0x0, 0x7e, 0x4f, 0xb6, 0x0, 0xf3, 0xe6, 0x80,
    0x80, 0x7b, 0xe2, 0x8, 0xc0, 0x0,

    /* U+015F "ş" */
    0x0, 0x36, 0x7f, 0xad, 0x0, 0xf, 0x26, 0x20,
    0x96, 0xc1, 0x20, 0xfd, 0xf4, 0x48, 0x2, 0x16,
    0x0, 0x5d, 0x20, 0x20, 0x91, 0x0, 0xeb, 0x5,
    0xee, 0x51, 0x80, 0x1b, 0x14, 0x44, 0xb8, 0xa0,
    0x3, 0xae, 0xe2, 0x84, 0x80, 0x88, 0x0, 0x3c,
    0x4, 0x39, 0x82, 0x0, 0x60, 0x10, 0x81, 0x6e,
    0xb9, 0xc2, 0x43, 0x5c, 0x48, 0x4a, 0x94, 0x1,
    0x1c, 0x57, 0xaa, 0x1, 0xc5, 0xf8, 0x40, 0x1d,
    0xf0, 0x6a, 0x1, 0xa9, 0xe8, 0x4, 0x3, 0x14,
    0xb2, 0xb0, 0x0,

    /* U+0160 "Š" */
    0x0, 0xc, 0x80, 0x43, 0x22, 0x1, 0x23, 0x58,
    0x3, 0x59, 0x40, 0x25, 0x64, 0xab, 0x37, 0x40,
    0xd, 0x24, 0xa8, 0x70, 0x1, 0xef, 0x77, 0x68,
    0x7, 0xc5, 0x10, 0x10, 0xf, 0x46, 0xff, 0xb6,
    0x4, 0x2, 0xd7, 0x20, 0x1, 0x3f, 0x90, 0x39,
    0x4, 0x6e, 0xa4, 0x45, 0x41, 0x60, 0xae, 0x44,
    0x6f, 0x88, 0x0, 0x44, 0x1, 0x85, 0xc0, 0xc,
    0x8, 0x1, 0xfb, 0x80, 0xf5, 0xcc, 0x3, 0x91,
    0xc0, 0xa3, 0x3e, 0x44, 0x2, 0x8d, 0x73, 0x0,
    0x37, 0x90, 0x4, 0x51, 0x9f, 0x20, 0x30, 0x1,
    0xf3, 0x38, 0x38, 0x7, 0xee, 0x3, 0x5, 0xb0,
    0xe, 0xc0, 0x21, 0xa4, 0xd5, 0x22, 0x3a, 0x85,
    0x8d, 0x1, 0x56, 0xea, 0x0, 0xdc, 0x17, 0x58,
    0x80, 0x7, 0x18, 0x0,

    /* U+0161 "š" */
    0x2, 0x90, 0x8, 0x64, 0x0, 0x8d, 0x40, 0x38,
    0xc6, 0xc, 0xaa, 0x9d, 0x28, 0x30, 0x5, 0x8b,
    0x1a, 0x38, 0x4, 0x3a, 0xf1, 0x40, 0x1c, 0x70,
    0xe2, 0x1, 0x9b, 0x3f, 0xd6, 0x80, 0x8, 0x93,
    0x10, 0x4b, 0x60, 0x60, 0x8e, 0xfa, 0x24, 0x1,
    0x4, 0x0, 0x2e, 0x90, 0x10, 0x49, 0x0, 0x74,
    0x2, 0xef, 0x5a, 0x0, 0x17, 0x18, 0x85, 0x2d,
    0x40, 0x7, 0x3b, 0xca, 0x10, 0x2, 0x20, 0x0,
    0xf0, 0x19, 0x7e, 0x18, 0x3, 0x40, 0x8b, 0x67,
    0x7b, 0x4, 0x86, 0x41, 0x8, 0x92, 0xd4,

    /* U+0162 "Ţ" */
    0x8f, 0xff, 0xf0, 0x7, 0xfd, 0x1d, 0xd4, 0x0,
    0xf7, 0x60, 0x11, 0xc0, 0x1, 0x1c, 0x1, 0xff,
    0xff, 0x0, 0xff, 0xf8, 0xb0, 0xd0, 0x7, 0xf0,
    0xb9, 0x0, 0x7c, 0x2b, 0x1a, 0x60, 0x1e, 0x9c,
    0x20, 0x60, 0xf, 0xc, 0x32, 0xa8, 0x0,

    /* U+0163 "ţ" */
    0x0, 0x2c, 0x10, 0x6, 0xe7, 0x70, 0x6, 0x70,
    0xd, 0x1e, 0x61, 0x5e, 0xfe, 0x20, 0x10, 0x83,
    0xf0, 0x85, 0x73, 0x80, 0x7f, 0xf9, 0xc8, 0x2b,
    0x94, 0x1, 0x2, 0x2, 0x1, 0x25, 0x9f, 0xa8,
    0x4, 0x4c, 0x40, 0x18, 0x4f, 0x70, 0x0, 0x7d,
    0x84, 0x40, 0x9, 0x28, 0x2c,

    /* U+0164 "Ť" */
    0x0, 0x84, 0x3, 0x8, 0x6, 0x8f, 0x20, 0x4,
    0xf9, 0x0, 0x56, 0x38, 0x2e, 0xc8, 0x40, 0x11,
    0xc0, 0xfc, 0xd, 0x80, 0x73, 0xa0, 0x86, 0x88,
    0x7, 0xaf, 0xfc, 0x60, 0x14, 0x7f, 0xff, 0x80,
    0x3f, 0xe8, 0xee, 0xa0, 0x7, 0xbb, 0x0, 0x8e,
    0x0, 0x8, 0xe0, 0xf, 0xff, 0xf8, 0x7, 0xff,
    0xb4,

    /* U+0165 "ť" */
    0x0, 0xe2, 0x77, 0x0, 0x79, 0xa2, 0x40, 0x30,
    0x80, 0x83, 0x80, 0x57, 0xca, 0x61, 0x80, 0x1f,
    0x90, 0x2, 0x70, 0x3, 0x78, 0x84, 0x79, 0x85,
    0x7b, 0x80, 0x3c, 0x40, 0x21, 0x0, 0x9f, 0x84,
    0x2b, 0x9c, 0x3, 0xff, 0xee, 0x41, 0x5c, 0xa0,
    0x1a, 0x8, 0x4, 0x2,

    /* U+0166 "Ŧ" */
    0x8f, 0xff, 0xf0, 0x7, 0xfd, 0x1d, 0xd4, 0x0,
    0xf7, 0x60, 0x11, 0xc0, 0x1, 0x1c, 0x1, 0xff,
    0xd6, 0x5f, 0xf4, 0x80, 0xff, 0xb4, 0x0, 0x24,
    0x41, 0x0, 0x11, 0x1c, 0x0, 0x9b, 0xa8, 0x1,
    0xdd, 0x50, 0x7, 0xff, 0xdc,

    /* U+0167 "ŧ" */
    0x0, 0x5f, 0xa8, 0x7, 0xfc, 0xe0, 0x1a, 0x3c,
    0xc2, 0xbd, 0xfc, 0x40, 0x21, 0x7, 0xe1, 0xa,
    0xe7, 0x0, 0xff, 0xe1, 0x17, 0x88, 0x57, 0x99,
    0x9c, 0x0, 0x8e, 0x43, 0x2, 0x1d, 0x2, 0x1,
    0xff, 0xc4, 0x20, 0xae, 0x50, 0x4, 0x10, 0x8,
    0x0,

    /* U+0168 "Ũ" */
    0x0, 0xa2, 0xd8, 0x0, 0x20, 0x1d, 0xe, 0x93,
    0xd9, 0xc2, 0x1, 0xa6, 0xfa, 0x4c, 0xcc, 0x20,
    0x18, 0x50, 0x5b, 0x7e, 0x40, 0x3f, 0xf8, 0x6f,
    0xfc, 0x1, 0xc9, 0xfe, 0x0, 0xff, 0xff, 0x80,
    0x7f, 0xf2, 0x84, 0x3, 0xff, 0x8e, 0x20, 0x11,
    0x80, 0x80, 0x71, 0x80, 0x83, 0x80, 0x14, 0x3,
    0x68, 0x28, 0x11, 0x2, 0xd4, 0x8e, 0x50, 0x34,
    0x1, 0x20, 0x35, 0xb8, 0xc0, 0x6c, 0x0, 0x4c,
    0x51, 0x0, 0x13, 0xe0, 0x0,

    /* U+0169 "ũ" */
    0x3, 0xdf, 0xa3, 0x14, 0x0, 0xac, 0xcc, 0xb9,
    0xd6, 0x20, 0x8, 0xec, 0xd6, 0x4b, 0x10, 0xe,
    0x29, 0xb4, 0x0, 0xff, 0xe0, 0x4f, 0xd0, 0x4,
    0x9f, 0xe0, 0xf, 0xff, 0xd8, 0x83, 0x0, 0x42,
    0x1, 0x68, 0x1b, 0x1, 0xc8, 0x4, 0xa2, 0x13,
    0xf9, 0x40, 0x1b, 0x4c, 0xa, 0x88, 0x2,

    /* U+016A "Ū" */
    0x0, 0xf, 0xff, 0x58, 0x7, 0x8c, 0xfc, 0x1,
    0xc3, 0x99, 0xd0, 0x1, 0xff, 0xc3, 0x7f, 0xe0,
    0xe, 0x4f, 0xf0, 0x7, 0xff, 0xfc, 0x3, 0xff,
    0x94, 0x20, 0x1f, 0xfc, 0x71, 0x0, 0x8c, 0x4,
    0x3, 0x8c, 0x4, 0x1c, 0x0, 0xa0, 0x1b, 0x41,
    0x40, 0x88, 0x16, 0xa4, 0x72, 0x81, 0xa0, 0x9,
    0x1, 0xad, 0xc6, 0x3, 0x60, 0x2, 0x62, 0x88,
    0x0, 0x9f, 0x0, 0x0,

    /* U+016B "ū" */
    0x2, 0xff, 0xea, 0x0, 0x8c, 0xfc, 0x40, 0x10,
    0xe6, 0x74, 0x0, 0x7f, 0xf0, 0x27, 0xe8, 0x2,
    0x4f, 0xf0, 0x7, 0xff, 0xec, 0x41, 0x80, 0x21,
    0x0, 0xb4, 0xd, 0x80, 0xe4, 0x2, 0x51, 0x9,
    0xfc, 0xa0, 0xd, 0xa6, 0x5, 0x44, 0x1, 0x0,

    /* U+016C "Ŭ" */
    0x0, 0xff, 0xe1, 0x37, 0x0, 0x4b, 0xc2, 0x1,
    0x94, 0x64, 0xa, 0xcc, 0x40, 0x31, 0xab, 0x7e,
    0x8f, 0x0, 0x7a, 0xa5, 0x5b, 0xc, 0x3, 0xe6,
    0xa9, 0x30, 0xc, 0xff, 0xc0, 0x1c, 0x9f, 0xe0,
    0xf, 0xff, 0xf8, 0x7, 0xff, 0x28, 0x40, 0x3f,
    0xf8, 0xe2, 0x1, 0x18, 0x8, 0x7, 0x18, 0x8,
    0x38, 0x1, 0x40, 0x36, 0x82, 0x81, 0x10, 0x2d,
    0x48, 0xe5, 0x3, 0x40, 0x12, 0x3, 0x5b, 0x8c,
    0x6, 0xc0, 0x4, 0xc5, 0x10, 0x1, 0x3e, 0x0,
    0x0,

    /* U+016D "ŭ" */
    0x0, 0xff, 0x9f, 0x40, 0x26, 0xe1, 0x0, 0x19,
    0x48, 0x1c, 0x10, 0x80, 0x11, 0xd, 0xf8, 0x3e,
    0x1, 0xae, 0x15, 0xb4, 0xc0, 0x39, 0xea, 0x48,
    0x2, 0x9f, 0xa0, 0x9, 0x3f, 0xc0, 0x1f, 0xff,
    0xb1, 0x6, 0x0, 0x84, 0x2, 0xd0, 0x36, 0x3,
    0x90, 0x9, 0x44, 0x27, 0xf2, 0x80, 0x36, 0x98,
    0x15, 0x10, 0x4,

    /* U+016E "Ů" */
    0x0, 0xff, 0xe1, 0x8d, 0x7f, 0x30, 0x7, 0xd0,
    0x94, 0xd2, 0x40, 0x1e, 0x44, 0x2c, 0x2, 0x80,
    0x78, 0xc0, 0x3f, 0xe4, 0x71, 0x50, 0x40, 0xf,
    0x40, 0x75, 0x31, 0x80, 0x78, 0xb7, 0x5d, 0x20,
    0x19, 0xff, 0x80, 0x4, 0x20, 0x9f, 0xe0, 0xf,
    0xff, 0xf8, 0x7, 0xff, 0x28, 0x40, 0x3f, 0xf8,
    0xe2, 0x1, 0x18, 0x8, 0x7, 0x18, 0x8, 0x38,
    0x1, 0x40, 0x36, 0x82, 0x81, 0x10, 0x2d, 0x48,
    0xe5, 0x3, 0x40, 0x12, 0x3, 0x5b, 0x8c, 0x6,
    0xc0, 0x4, 0xc5, 0x10, 0x1, 0x3e, 0x0, 0x0,

    /* U+016F "ů" */
    0x0, 0xff, 0xe0, 0xd, 0xff, 0x28, 0x7, 0x42,
    0xdb, 0xd0, 0x80, 0x67, 0x72, 0x40, 0x38, 0x7,
    0xff, 0x9, 0x50, 0x9c, 0x14, 0x3, 0x49, 0xec,
    0xb9, 0x80, 0x62, 0xec, 0xe8, 0x0, 0xa7, 0xe8,
    0xc, 0x53, 0xfc, 0x1, 0xff, 0xfb, 0x10, 0x60,
    0x8, 0x40, 0x2d, 0x3, 0x60, 0x39, 0x0, 0x94,
    0x42, 0x7f, 0x28, 0x3, 0x69, 0x81, 0x51, 0x0,
    0x40,

    /* U+0170 "Ű" */
    0x0, 0xcd, 0x0, 0xa, 0x50, 0xf, 0x43, 0xa2,
    0x16, 0xc0, 0x39, 0x45, 0x53, 0xc2, 0x80, 0x3a,
    0x42, 0xcd, 0x15, 0x0, 0x39, 0x28, 0x44, 0xb6,
    0x1, 0xe8, 0x50, 0x2a, 0x10, 0x9, 0xff, 0x80,
    0x39, 0x3f, 0xc0, 0x1f, 0xff, 0xf0, 0xf, 0xfe,
    0x50, 0x80, 0x7f, 0xf1, 0xc4, 0x2, 0x30, 0x10,
    0xe, 0x30, 0x10, 0x70, 0x2, 0x80, 0x6d, 0x5,
    0x2, 0x20, 0x5a, 0x91, 0xca, 0x6, 0x80, 0x24,
    0x6, 0xb7, 0x18, 0xd, 0x80, 0x9, 0x8a, 0x20,
    0x2, 0x7c, 0x0, 0x0,

    /* U+0171 "ű" */
    0x0, 0xff, 0xe0, 0xcd, 0x90, 0x74, 0x0, 0x42,
    0xc8, 0xe, 0x26, 0x1, 0x48, 0x41, 0x48, 0x48,
    0x4, 0xc6, 0xea, 0x30, 0x40, 0x15, 0x70, 0x2c,
    0xb8, 0x6, 0x42, 0x0, 0x30, 0x5, 0x3f, 0x40,
    0x12, 0x7f, 0x80, 0x3f, 0xff, 0x62, 0xc, 0x1,
    0x8, 0x5, 0xa0, 0x6c, 0x7, 0x20, 0x12, 0x88,
    0x4f, 0xe5, 0x0, 0x6d, 0x30, 0x2a, 0x20, 0x8,

    /* U+0172 "Ų" */
    0x7f, 0xe0, 0xe, 0x4f, 0xf0, 0x7, 0xff, 0xfc,
    0x3, 0xff, 0x94, 0x20, 0x1f, 0xfc, 0x71, 0x0,
    0x8c, 0x4, 0x3, 0x8c, 0x2, 0x70, 0x2, 0x80,
    0x6d, 0x3, 0x2, 0x20, 0x5a, 0x91, 0xca, 0x2,
    0x0, 0x24, 0x6, 0xb7, 0x18, 0x6, 0x40, 0x9,
    0x8a, 0x20, 0x1, 0xa, 0x10, 0x8, 0xeb, 0xbf,
    0xe, 0x90, 0x3, 0xe3, 0xcb, 0x50, 0xf, 0xd0,
    0x2c, 0x1, 0xfc, 0xe2, 0xf6, 0x20, 0x1f, 0x41,
    0x40, 0x6,

    /* U+0173 "ų" */
    0x9f, 0xa0, 0x9, 0x3f, 0xc0, 0x1f, 0xff, 0xb1,
    0x6, 0x0, 0x84, 0x2, 0xd0, 0x36, 0x3, 0x90,
    0x9, 0x44, 0x27, 0xf2, 0x80, 0x36, 0x98, 0x15,
    0x10, 0x6, 0x3c, 0xfd, 0x55, 0x34, 0x80, 0x78,
    0xb3, 0xc, 0x1, 0xe8, 0x35, 0x0, 0xf9, 0x85,
    0xec, 0x80, 0x3a, 0xa, 0x0, 0xc0,

    /* U+0174 "Ŵ" */
    0x0, 0xfc, 0xf0, 0x80, 0x1f, 0xfc, 0x29, 0x87,
    0xb2, 0x0, 0xff, 0xe0, 0x2b, 0x13, 0x87, 0x0,
    0x7f, 0xc3, 0x43, 0x90, 0xe7, 0x0, 0x1f, 0xe1,
    0x7c, 0x10, 0x87, 0xa0, 0xf, 0xfa, 0x8, 0x2,
    0x82, 0x0, 0xe6, 0xff, 0x0, 0x63, 0xff, 0x60,
    0x6, 0x6f, 0xe5, 0x0, 0x10, 0x4, 0x80, 0x3,
    0x0, 0xde, 0x8, 0x60, 0x7, 0x0, 0xb4, 0xc,
    0xc, 0x2, 0x50, 0xd0, 0x30, 0xd0, 0x9, 0xc2,
    0xc1, 0x40, 0x23, 0x3, 0x5, 0x3, 0x0, 0x88,
    0xa0, 0xf0, 0x1, 0x0, 0x10, 0x3c, 0x18, 0x0,
    0x60, 0xcc, 0x5, 0x0, 0x38, 0x10, 0x1, 0x40,
    0x80, 0xa, 0x6, 0x40, 0x60, 0x2, 0x7, 0x0,
    0x18, 0x0, 0xc3, 0x3, 0x44, 0x80, 0xc3, 0x43,
    0x0, 0x23, 0x5, 0x7, 0x7, 0x7, 0x5, 0x7,
    0x5, 0x0, 0x94, 0x3c, 0x8, 0x48, 0x34, 0x3c,
    0x8, 0xc, 0x2, 0xf0, 0x52, 0x5, 0x0, 0x18,
    0x29, 0x81, 0x80, 0x64, 0x2, 0x60, 0xc0, 0x2,
    0x81, 0x30, 0x28, 0x6, 0x20, 0x13, 0x3, 0x0,
    0x9, 0x9, 0x6, 0x0, 0x71, 0x85, 0x2, 0x80,
    0x4e, 0x14, 0xe, 0x1, 0xca, 0x4, 0x41, 0x0,
    0xb4, 0x8, 0x48, 0x3, 0xb0, 0x0, 0xe0, 0x18,
    0xc0, 0xa, 0x1, 0x0,

    /* U+0175 "ŵ" */
    0x0, 0xf1, 0x44, 0x8, 0x3, 0xff, 0x81, 0xee,
    0xef, 0x0, 0xff, 0xa8, 0x99, 0x85, 0x40, 0x1f,
    0xca, 0xa6, 0x99, 0x2a, 0xc0, 0x1f, 0x96, 0x64,
    0x0, 0xa9, 0x50, 0xf, 0xe6, 0x0, 0xcc, 0x1,
    0xcd, 0xf8, 0x1, 0x27, 0xf9, 0x40, 0x2b, 0xf5,
    0x50, 0x18, 0x5, 0x80, 0xd, 0x0, 0x94, 0x1c,
    0xc0, 0x4, 0x0, 0x32, 0x22, 0x0, 0x8, 0x44,
    0x40, 0x80, 0xe0, 0x4, 0x77, 0x18, 0x1, 0xc1,
    0x0, 0x6, 0x18, 0x6, 0x1a, 0x40, 0x61, 0xa1,
    0xa0, 0xc, 0x5, 0x5, 0x2, 0xd0, 0x40, 0x40,
    0x40, 0x2, 0x1, 0x87, 0x83, 0xb8, 0x34, 0x8,
    0xc, 0x2, 0x20, 0x15, 0x12, 0x20, 0x38, 0x88,
    0xc0, 0x32, 0x2, 0x9a, 0x0, 0x10, 0x94, 0x10,
    0x3, 0x60, 0x68, 0x68, 0x3, 0x3, 0x83, 0x0,
    0x33, 0x83, 0x2, 0x0, 0xc, 0x14, 0x14, 0x3,
    0x10, 0x80, 0xc, 0x0, 0x80, 0x2, 0x10, 0x0,

    /* U+0176 "Ŷ" */
    0x0, 0xc2, 0xf0, 0x60, 0x1f, 0xaa, 0x1f, 0x44,
    0x3, 0xce, 0x86, 0xc3, 0x60, 0x1c, 0x70, 0x5b,
    0x2a, 0xa6, 0x0, 0xc6, 0xf8, 0x21, 0x4e, 0xe0,
    0xe, 0x81, 0x0, 0xa0, 0x40, 0x13, 0xfe, 0x0,
    0xf6, 0x7d, 0xd8, 0x0, 0xe0, 0x18, 0xcc, 0x1e,
    0x4a, 0x14, 0x1, 0xa4, 0xd, 0x2, 0x0, 0x94,
    0x0, 0x2a, 0x12, 0x0, 0x25, 0x9, 0x0, 0x48,
    0x12, 0x80, 0x52, 0x6, 0x60, 0x60, 0x80, 0xc,
    0x68, 0x12, 0xc2, 0x4a, 0x1, 0xd0, 0xb, 0x1,
    0x60, 0x1e, 0x33, 0x0, 0x89, 0x80, 0x3e, 0x80,
    0x4, 0x80, 0x7e, 0x50, 0x1, 0x80, 0x7f, 0xfd,
    0x0,

    /* U+0177 "ŷ" */
    0x0, 0x97, 0xfd, 0x60, 0x1e, 0x3a, 0x14, 0x44,
    0x80, 0x61, 0xd1, 0xcb, 0x56, 0x60, 0x4, 0x33,
    0x84, 0x15, 0x8, 0x1, 0x9c, 0x80, 0x27, 0x20,
    0x4, 0xfd, 0x0, 0x65, 0xfe, 0xc, 0x4, 0x0,
    0xd8, 0xe, 0xa, 0x2, 0x60, 0x12, 0x6, 0x80,
    0x10, 0x10, 0x0, 0x44, 0x4, 0x0, 0x60, 0x60,
    0x1, 0x1, 0x0, 0x25, 0x4, 0x0, 0x60, 0x68,
    0x4, 0x44, 0x4, 0x4, 0x7, 0x0, 0xc8, 0x6,
    0x22, 0x21, 0x0, 0xda, 0x18, 0x80, 0xa0, 0x1c,
    0x80, 0xba, 0x16, 0x1, 0xe4, 0x16, 0x13, 0x0,
    0xf6, 0x80, 0xa0, 0x7, 0xce, 0x0, 0xf0, 0xf,
    0xf2, 0x0, 0x7c, 0x80, 0x62, 0x1, 0xd1, 0xd4,
    0x14, 0x1, 0xf0, 0x82, 0xb0, 0x7, 0x0,

    /* U+0178 "Ÿ" */
    0x0, 0xe, 0xf1, 0x8e, 0xf1, 0x80, 0x62, 0x20,
    0xa9, 0x10, 0x54, 0x3, 0x1b, 0xb3, 0x9b, 0xb3,
    0x80, 0x74, 0x48, 0x84, 0x48, 0x80, 0x27, 0xfc,
    0x1, 0xec, 0xfb, 0xb0, 0x1, 0xc0, 0x31, 0x98,
    0x3c, 0x94, 0x28, 0x3, 0x48, 0x1a, 0x4, 0x1,
    0x28, 0x0, 0x54, 0x24, 0x0, 0x4a, 0x12, 0x0,
    0x90, 0x25, 0x0, 0xa4, 0xc, 0xc0, 0xc1, 0x0,
    0x18, 0xd0, 0x25, 0x84, 0x94, 0x3, 0xa0, 0x16,
    0x2, 0xc0, 0x3c, 0x66, 0x1, 0x13, 0x0, 0x7d,
    0x0, 0x9, 0x0, 0xfc, 0xa0, 0x3, 0x0, 0xff,
    0xfa, 0x0,

    /* U+0179 "Ź" */
    0x0, 0xf4, 0x38, 0x7, 0xe1, 0x78, 0x50, 0xf,
    0x98, 0x11, 0x40, 0x3e, 0x90, 0xa0, 0xf, 0xcd,
    0x42, 0x1, 0xfa, 0x14, 0x3, 0xbb, 0xff, 0xf6,
    0x0, 0x7f, 0xf0, 0x3f, 0xbb, 0xac, 0x0, 0x80,
    0x23, 0xef, 0x1, 0x80, 0xf, 0x32, 0x5, 0x0,
    0x78, 0x60, 0x15, 0x0, 0x3d, 0x62, 0x16, 0x1,
    0xe4, 0x50, 0x91, 0x0, 0xf4, 0x81, 0xb0, 0x7,
    0xa0, 0x83, 0x80, 0x3c, 0x4e, 0xe, 0x40, 0x1e,
    0xe0, 0x28, 0x0, 0xf3, 0x18, 0x48, 0x7, 0x86,
    0x1, 0x14, 0x47, 0xca, 0x20, 0x9d, 0xdf, 0x0,
    0x7f, 0xc0,

    /* U+017A "ź" */
    0x0, 0xff, 0xe1, 0x65, 0x90, 0x7, 0x19, 0x90,
    0x3, 0xd2, 0x10, 0x40, 0x18, 0x54, 0xdc, 0x3,
    0x86, 0xb8, 0x3, 0xe5, 0x20, 0x8, 0x7f, 0xfe,
    0xd0, 0x11, 0xe0, 0x8, 0x7b, 0xb6, 0x80, 0x20,
    0x3, 0xb8, 0x11, 0x40, 0x34, 0x10, 0xd0, 0x6,
    0x37, 0xb, 0x10, 0xd, 0xc0, 0x8a, 0x1, 0xa0,
    0x86, 0x80, 0x31, 0x38, 0x58, 0x80, 0x6e, 0x5,
    0x50, 0x6, 0x43, 0x5, 0xee, 0xe0, 0xc, 0x23,
    0xc0,

    /* U+017B "Ż" */
    0x0, 0xc7, 0xdc, 0x10, 0xf, 0x94, 0x44, 0xa0,
    0x1f, 0x3b, 0x31, 0x0, 0x3e, 0x19, 0x90, 0x7,
    0x77, 0xff, 0xec, 0x0, 0xff, 0xe0, 0x7f, 0x77,
    0x58, 0x1, 0x0, 0x47, 0xde, 0x3, 0x0, 0x1e,
    0x64, 0xa, 0x0, 0xf0, 0xc0, 0x2a, 0x0, 0x7a,
    0xc4, 0x2c, 0x3, 0xc8, 0xa1, 0x22, 0x1, 0xe9,
    0x3, 0x60, 0xf, 0x41, 0x7, 0x0, 0x78, 0x9c,
    0x1c, 0x80, 0x3d, 0xc0, 0x50, 0x1, 0xe6, 0x30,
    0x90, 0xf, 0xc, 0x2, 0x28, 0x8f, 0x94, 0x41,
    0x3b, 0xbe, 0x0, 0xff, 0x80,

    /* U+017C "ż" */
    0x0, 0x93, 0xf4, 0x40, 0x38, 0xc0, 0x8c, 0x3,
    0x95, 0x4e, 0x40, 0x1c, 0x55, 0x0, 0x1f, 0xfc,
    0x1, 0xff, 0xfb, 0x40, 0x47, 0x80, 0x21, 0xee,
    0xda, 0x0, 0x80, 0xe, 0xe0, 0x45, 0x0, 0xd0,
    0x43, 0x40, 0x18, 0xdc, 0x2c, 0x40, 0x37, 0x2,
    0x28, 0x6, 0x82, 0x1a, 0x0, 0xc4, 0xe1, 0x62,
    0x1, 0xb8, 0x15, 0x40, 0x19, 0xc, 0x17, 0xbb,
    0x80, 0x30, 0x8f, 0x0,

    /* U+2014 "—" */
    0x0, 0xff, 0xe1, 0xa7, 0xff, 0xff, 0x6, 0xc0,
    0x3f, 0xf8, 0x60,

    /* U+2192 "→" */
    0x0, 0xff, 0x19, 0x0, 0x7f, 0xf0, 0x4b, 0x30,
    0x40, 0x1f, 0xfc, 0x2, 0x71, 0xc2, 0x0, 0xff,
    0xe0, 0x45, 0xe, 0x10, 0x6e, 0xff, 0xb3, 0x8c,
    0x70, 0x8b, 0xfe, 0x35, 0x20, 0x16, 0xff, 0xff,
    0xb4, 0xc2, 0xd0, 0x3, 0xfc, 0xb8, 0x56, 0x80,
    0x1f, 0xe2, 0xa0, 0xb4, 0x0, 0xff, 0x8a, 0xad,
    0x0, 0x20
};


/*---------------------
 *  GLYPH DESCRIPTION
 *--------------------*/

static const lv_font_fmt_txt_glyph_dsc_t glyph_dsc[] = {
    {.bitmap_index = 0, .adv_w = 0, .box_w = 0, .box_h = 0, .ofs_x = 0, .ofs_y = 0} /* id = 0 reserved */,
    {.bitmap_index = 0, .adv_w = 75, .box_w = 0, .box_h = 0, .ofs_x = 0, .ofs_y = 0},
    {.bitmap_index = 0, .adv_w = 96, .box_w = 4, .box_h = 16, .ofs_x = 1, .ofs_y = 0},
    {.bitmap_index = 30, .adv_w = 145, .box_w = 7, .box_h = 7, .ofs_x = 1, .ofs_y = 10},
    {.bitmap_index = 41, .adv_w = 213, .box_w = 13, .box_h = 16, .ofs_x = 0, .ofs_y = 0},
    {.bitmap_index = 137, .adv_w = 189, .box_w = 11, .box_h = 20, .ofs_x = 0, .ofs_y = -2},
    {.bitmap_index = 229, .adv_w = 302, .box_w = 17, .box_h = 16, .ofs_x = 1, .ofs_y = 0},
    {.bitmap_index = 348, .adv_w = 224, .box_w = 13, .box_h = 16, .ofs_x = 1, .ofs_y = 0},
    {.bitmap_index = 447, .adv_w = 81, .box_w = 3, .box_h = 7, .ofs_x = 1, .ofs_y = 10},
    {.bitmap_index = 454, .adv_w = 107, .box_w = 6, .box_h = 21, .ofs_x = 1, .ofs_y = -4},
    {.bitmap_index = 510, .adv_w = 107, .box_w = 7, .box_h = 21, .ofs_x = -1, .ofs_y = -4},
    {.bitmap_index = 572, .adv_w = 167, .box_w = 10, .box_h = 10, .ofs_x = 0, .ofs_y = 7},
    {.bitmap_index = 619, .adv_w = 190, .box_w = 10, .box_h = 10, .ofs_x = 1, .ofs_y = 2},
    {.bitmap_index = 646, .adv_w = 93, .box_w = 5, .box_h = 7, .ofs_x = 0, .ofs_y = -3},
    {.bitmap_index = 663, .adv_w = 127, .box_w = 6, .box_h = 3, .ofs_x = 1, .ofs_y = 6},
    {.bitmap_index = 670, .adv_w = 93, .box_w = 4, .box_h = 4, .ofs_x = 1, .ofs_y = 0},
    {.bitmap_index = 679, .adv_w = 134, .box_w = 8, .box_h = 20, .ofs_x = 0, .ofs_y = -3},
    {.bitmap_index = 741, .adv_w = 190, .box_w = 11, .box_h = 16, .ofs_x = 0, .ofs_y = 0},
    {.bitmap_index = 811, .adv_w = 190, .box_w = 10, .box_h = 16, .ofs_x = 1, .ofs_y = 0},
    {.bitmap_index = 844, .adv_w = 190, .box_w = 10, .box_h = 16, .ofs_x = 1, .ofs_y = 0},
    {.bitmap_index = 911, .adv_w = 190, .box_w = 11, .box_h = 16, .ofs_x = 0, .ofs_y = 0},
    {.bitmap_index = 988, .adv_w = 190, .box_w = 12, .box_h = 16, .ofs_x = 0, .ofs_y = 0},
    {.bitmap_index = 1045, .adv_w = 190, .box_w = 10, .box_h = 16, .ofs_x = 1, .ofs_y = 0},
    {.bitmap_index = 1110, .adv_w = 190, .box_w = 10, .box_h = 16, .ofs_x = 1, .ofs_y = 0},
    {.bitmap_index = 1182, .adv_w = 190, .box_w = 10, .box_h = 16, .ofs_x = 1, .ofs_y = 0},
    {.bitmap_index = 1241, .adv_w = 190, .box_w = 11, .box_h = 16, .ofs_x = 0, .ofs_y = 0},
    {.bitmap_index = 1327, .adv_w = 190, .box_w = 11, .box_h = 16, .ofs_x = 0, .ofs_y = 0},
    {.bitmap_index = 1405, .adv_w = 98, .box_w = 4, .box_h = 12, .ofs_x = 1, .ofs_y = 0},
    {.bitmap_index = 1427, .adv_w = 98, .box_w = 5, .box_h = 15, .ofs_x = 0, .ofs_y = -3},
    {.bitmap_index = 1458, .adv_w = 190, .box_w = 10, .box_h = 15, .ofs_x = 1, .ofs_y = -1},
    {.bitmap_index = 1515, .adv_w = 190, .box_w = 10, .box_h = 7, .ofs_x = 1, .ofs_y = 4},
    {.bitmap_index = 1532, .adv_w = 190, .box_w = 10, .box_h = 15, .ofs_x = 1, .ofs_y = -1},
    {.bitmap_index = 1589, .adv_w = 155, .box_w = 10, .box_h = 16, .ofs_x = 0, .ofs_y = 0},
    {.bitmap_index = 1652, .adv_w = 284, .box_w = 16, .box_h = 19, .ofs_x = 1, .ofs_y = -3},
    {.bitmap_index = 1786, .adv_w = 210, .box_w = 13, .box_h = 16, .ofs_x = 0, .ofs_y = 0},
    {.bitmap_index = 1870, .adv_w = 209, .box_w = 12, .box_h = 16, .ofs_x = 1, .ofs_y = 0},
    {.bitmap_index = 1936, .adv_w = 202, .box_w = 11, .box_h = 16, .ofs_x = 1, .ofs_y = 0},
    {.bitmap_index = 2007, .adv_w = 217, .box_w = 12, .box_h = 16, .ofs_x = 1, .ofs_y = 0},
    {.bitmap_index = 2071, .adv_w = 189, .box_w = 10, .box_h = 16, .ofs_x = 1, .ofs_y = 0},
    {.bitmap_index = 2106, .adv_w = 181, .box_w = 10, .box_h = 16, .ofs_x = 1, .ofs_y = 0},
    {.bitmap_index = 2135, .adv_w = 224, .box_w = 12, .box_h = 16, .ofs_x = 1, .ofs_y = 0},
    {.bitmap_index = 2219, .adv_w = 227, .box_w = 12, .box_h = 16, .ofs_x = 1, .ofs_y = 0},
    {.bitmap_index = 2241, .adv_w = 133, .box_w = 7, .box_h = 16, .ofs_x = 1, .ofs_y = 0},
    {.bitmap_index = 2262, .adv_w = 169, .box_w = 9, .box_h = 16, .ofs_x = 0, .ofs_y = 0},
    {.bitmap_index = 2294, .adv_w = 210, .box_w = 12, .box_h = 16, .ofs_x = 1, .ofs_y = 0},
    {.bitmap_index = 2363, .adv_w = 164, .box_w = 9, .box_h = 16, .ofs_x = 1, .ofs_y = 0},
    {.bitmap_index = 2378, .adv_w = 259, .box_w = 14, .box_h = 16, .ofs_x = 1, .ofs_y = 0},
    {.bitmap_index = 2450, .adv_w = 227, .box_w = 12, .box_h = 16, .ofs_x = 1, .ofs_y = 0},
    {.bitmap_index = 2511, .adv_w = 225, .box_w = 12, .box_h = 16, .ofs_x = 1, .ofs_y = 0},
    {.bitmap_index = 2593, .adv_w = 200, .box_w = 11, .box_h = 16, .ofs_x = 1, .ofs_y = 0},
    {.bitmap_index = 2638, .adv_w = 225, .box_w = 12, .box_h = 20, .ofs_x = 1, .ofs_y = -4},
    {.bitmap_index = 2736, .adv_w = 208, .box_w = 12, .box_h = 16, .ofs_x = 1, .ofs_y = 0},
    {.bitmap_index = 2799, .adv_w = 189, .box_w = 11, .box_h = 16, .ofs_x = 0, .ofs_y = 0},
    {.bitmap_index = 2879, .adv_w = 183, .box_w = 11, .box_h = 16, .ofs_x = 0, .ofs_y = 0},
    {.bitmap_index = 2900, .adv_w = 218, .box_w = 12, .box_h = 16, .ofs_x = 1, .ofs_y = 0},
    {.bitmap_index = 2946, .adv_w = 201, .box_w = 13, .box_h = 16, .ofs_x = 0, .ofs_y = 0},
    {.bitmap_index = 3034, .adv_w = 296, .box_w = 18, .box_h = 16, .ofs_x = 0, .ofs_y = 0},
    {.bitmap_index = 3171, .adv_w = 203, .box_w = 13, .box_h = 16, .ofs_x = 0, .ofs_y = 0},
    {.bitmap_index = 3261, .adv_w = 195, .box_w = 12, .box_h = 16, .ofs_x = 0, .ofs_y = 0},
    {.bitmap_index = 3320, .adv_w = 188, .box_w = 11, .box_h = 16, .ofs_x = 0, .ofs_y = 0},
    {.bitmap_index = 3381, .adv_w = 103, .box_w = 5, .box_h = 20, .ofs_x = 1, .ofs_y = -3},
    {.bitmap_index = 3397, .adv_w = 134, .box_w = 9, .box_h = 20, .ofs_x = 0, .ofs_y = -3},
    {.bitmap_index = 3460, .adv_w = 103, .box_w = 4, .box_h = 20, .ofs_x = 1, .ofs_y = -3},
    {.bitmap_index = 3473, .adv_w = 190, .box_w = 12, .box_h = 10, .ofs_x = 0, .ofs_y = 6},
    {.bitmap_index = 3524, .adv_w = 178, .box_w = 11, .box_h = 2, .ofs_x = 0, .ofs_y = -4},
    {.bitmap_index = 3530, .adv_w = 190, .box_w = 5, .box_h = 5, .ofs_x = 3, .ofs_y = 13},
    {.bitmap_index = 3543, .adv_w = 175, .box_w = 11, .box_h = 12, .ofs_x = 0, .ofs_y = 0},
    {.bitmap_index = 3606, .adv_w = 188, .box_w = 10, .box_h = 17, .ofs_x = 1, .ofs_y = 0},
    {.bitmap_index = 3661, .adv_w = 162, .box_w = 10, .box_h = 12, .ofs_x = 0, .ofs_y = 0},
    {.bitmap_index = 3713, .adv_w = 188, .box_w = 11, .box_h = 17, .ofs_x = 0, .ofs_y = 0},
    {.bitmap_index = 3772, .adv_w = 176, .box_w = 11, .box_h = 12, .ofs_x = 0, .ofs_y = 0},
    {.bitmap_index = 3834, .adv_w = 111, .box_w = 7, .box_h = 17, .ofs_x = 0, .ofs_y = 0},
    {.bitmap_index = 3862, .adv_w = 171, .box_w = 11, .box_h = 18, .ofs_x = 0, .ofs_y = -5},
    {.bitmap_index = 3953, .adv_w = 185, .box_w = 10, .box_h = 17, .ofs_x = 1, .ofs_y = 0},
    {.bitmap_index = 3985, .adv_w = 86, .box_w = 4, .box_h = 17, .ofs_x = 1, .ofs_y = 0},
    {.bitmap_index = 3999, .adv_w = 86, .box_w = 6, .box_h = 22, .ofs_x = -1, .ofs_y = -5},
    {.bitmap_index = 4026, .adv_w = 175, .box_w = 10, .box_h = 17, .ofs_x = 1, .ofs_y = 0},
    {.bitmap_index = 4076, .adv_w = 92, .box_w = 5, .box_h = 17, .ofs_x = 1, .ofs_y = 0},
    {.bitmap_index = 4086, .adv_w = 280, .box_w = 16, .box_h = 12, .ofs_x = 1, .ofs_y = 0},
    {.bitmap_index = 4130, .adv_w = 185, .box_w = 10, .box_h = 12, .ofs_x = 1, .ofs_y = 0},
    {.bitmap_index = 4159, .adv_w = 178, .box_w = 11, .box_h = 12, .ofs_x = 0, .ofs_y = 0},
    {.bitmap_index = 4217, .adv_w = 188, .box_w = 10, .box_h = 17, .ofs_x = 1, .ofs_y = -5},
    {.bitmap_index = 4276, .adv_w = 188, .box_w = 11, .box_h = 17, .ofs_x = 0, .ofs_y = -5},
    {.bitmap_index = 4336, .adv_w = 122, .box_w = 7, .box_h = 12, .ofs_x = 1, .ofs_y = 0},
    {.bitmap_index = 4355, .adv_w = 157, .box_w = 9, .box_h = 12, .ofs_x = 0, .ofs_y = 0},
    {.bitmap_index = 4409, .adv_w = 115, .box_w = 7, .box_h = 15, .ofs_x = 0, .ofs_y = 0},
    {.bitmap_index = 4436, .adv_w = 185, .box_w = 10, .box_h = 12, .ofs_x = 1, .ofs_y = 0},
    {.bitmap_index = 4462, .adv_w = 163, .box_w = 10, .box_h = 12, .ofs_x = 0, .ofs_y = 0},
    {.bitmap_index = 4518, .adv_w = 254, .box_w = 16, .box_h = 12, .ofs_x = 0, .ofs_y = 0},
    {.bitmap_index = 4614, .adv_w = 168, .box_w = 11, .box_h = 12, .ofs_x = 0, .ofs_y = 0},
    {.bitmap_index = 4676, .adv_w = 165, .box_w = 11, .box_h = 17, .ofs_x = 0, .ofs_y = -5},
    {.bitmap_index = 4754, .adv_w = 155, .box_w = 9, .box_h = 12, .ofs_x = 0, .ofs_y = 0},
    {.bitmap_index = 4797, .adv_w = 113, .box_w = 6, .box_h = 20, .ofs_x = 0, .ofs_y = -3},
    {.bitmap_index = 4837, .adv_w = 114, .box_w = 3, .box_h = 21, .ofs_x = 2, .ofs_y = -4},
    {.bitmap_index = 4844, .adv_w = 113, .box_w = 6, .box_h = 20, .ofs_x = 1, .ofs_y = -3},
    {.bitmap_index = 4881, .adv_w = 190, .box_w = 10, .box_h = 4, .ofs_x = 1, .ofs_y = 5},
    {.bitmap_index = 4901, .adv_w = 149, .box_w = 8, .box_h = 8, .ofs_x = 1, .ofs_y = 8},
    {.bitmap_index = 4934, .adv_w = 108, .box_w = 4, .box_h = 4, .ofs_x = 1, .ofs_y = 5},
    {.bitmap_index = 4943, .adv_w = 210, .box_w = 13, .box_h = 20, .ofs_x = 0, .ofs_y = 0},
    {.bitmap_index = 5047, .adv_w = 225, .box_w = 12, .box_h = 21, .ofs_x = 1, .ofs_y = 0},
    {.bitmap_index = 5153, .adv_w = 218, .box_w = 12, .box_h = 21, .ofs_x = 1, .ofs_y = 0},
    {.bitmap_index = 5222, .adv_w = 211, .box_w = 13, .box_h = 17, .ofs_x = 0, .ofs_y = 0},
    {.bitmap_index = 5311, .adv_w = 175, .box_w = 11, .box_h = 17, .ofs_x = 0, .ofs_y = 0},
    {.bitmap_index = 5396, .adv_w = 178, .box_w = 11, .box_h = 17, .ofs_x = 0, .ofs_y = 0},
    {.bitmap_index = 5476, .adv_w = 185, .box_w = 10, .box_h = 17, .ofs_x = 1, .ofs_y = 0},
    {.bitmap_index = 5524, .adv_w = 210, .box_w = 14, .box_h = 21, .ofs_x = 0, .ofs_y = -5},
    {.bitmap_index = 5633, .adv_w = 175, .box_w = 11, .box_h = 17, .ofs_x = 0, .ofs_y = -5},
    {.bitmap_index = 5716, .adv_w = 202, .box_w = 11, .box_h = 22, .ofs_x = 1, .ofs_y = 0},
    {.bitmap_index = 5808, .adv_w = 162, .box_w = 10, .box_h = 18, .ofs_x = 0, .ofs_y = 0},
    {.bitmap_index = 5879, .adv_w = 202, .box_w = 11, .box_h = 22, .ofs_x = 1, .ofs_y = 0},
    {.bitmap_index = 5978, .adv_w = 162, .box_w = 10, .box_h = 18, .ofs_x = 0, .ofs_y = 0},
    {.bitmap_index = 6056, .adv_w = 202, .box_w = 11, .box_h = 21, .ofs_x = 1, .ofs_y = 0},
    {.bitmap_index = 6143, .adv_w = 162, .box_w = 10, .box_h = 17, .ofs_x = 0, .ofs_y = 0},
    {.bitmap_index = 6209, .adv_w = 202, .box_w = 11, .box_h = 22, .ofs_x = 1, .ofs_y = 0},
    {.bitmap_index = 6308, .adv_w = 162, .box_w = 10, .box_h = 18, .ofs_x = 0, .ofs_y = 0},
    {.bitmap_index = 6386, .adv_w = 217, .box_w = 12, .box_h = 22, .ofs_x = 1, .ofs_y = 0},
    {.bitmap_index = 6479, .adv_w = 198, .box_w = 14, .box_h = 17, .ofs_x = 0, .ofs_y = 0},
    {.bitmap_index = 6558, .adv_w = 219, .box_w = 13, .box_h = 16, .ofs_x = 0, .ofs_y = 0},
    {.bitmap_index = 6632, .adv_w = 188, .box_w = 12, .box_h = 17, .ofs_x = 0, .ofs_y = 0},
    {.bitmap_index = 6708, .adv_w = 189, .box_w = 10, .box_h = 20, .ofs_x = 1, .ofs_y = 0},
    {.bitmap_index = 6756, .adv_w = 176, .box_w = 11, .box_h = 16, .ofs_x = 0, .ofs_y = 0},
    {.bitmap_index = 6832, .adv_w = 189, .box_w = 10, .box_h = 21, .ofs_x = 1, .ofs_y = 0},
    {.bitmap_index = 6891, .adv_w = 176, .box_w = 11, .box_h = 18, .ofs_x = 0, .ofs_y = 0},
    {.bitmap_index = 6978, .adv_w = 189, .box_w = 10, .box_h = 20, .ofs_x = 1, .ofs_y = 0},
    {.bitmap_index = 7028, .adv_w = 176, .box_w = 11, .box_h = 17, .ofs_x = 0, .ofs_y = 0},
    {.bitmap_index = 7105, .adv_w = 189, .box_w = 11, .box_h = 21, .ofs_x = 1, .ofs_y = -5},
    {.bitmap_index = 7162, .adv_w = 176, .box_w = 11, .box_h = 17, .ofs_x = 0, .ofs_y = -5},
    {.bitmap_index = 7245, .adv_w = 189, .box_w = 10, .box_h = 22, .ofs_x = 1, .ofs_y = 0},
    {.bitmap_index = 7308, .adv_w = 176, .box_w = 11, .box_h = 18, .ofs_x = 0, .ofs_y = 0},
    {.bitmap_index = 7397, .adv_w = 224, .box_w = 12, .box_h = 22, .ofs_x = 1, .ofs_y = 0},
    {.bitmap_index = 7510, .adv_w = 173, .box_w = 11, .box_h = 23, .ofs_x = 0, .ofs_y = -5},
    {.bitmap_index = 7623, .adv_w = 224, .box_w = 12, .box_h = 22, .ofs_x = 1, .ofs_y = 0},
    {.bitmap_index = 7734, .adv_w = 173, .box_w = 11, .box_h = 22, .ofs_x = 0, .ofs_y = -5},
    {.bitmap_index = 7843, .adv_w = 224, .box_w = 12, .box_h = 21, .ofs_x = 1, .ofs_y = 0},
    {.bitmap_index = 7944, .adv_w = 173, .box_w = 11, .box_h = 22, .ofs_x = 0, .ofs_y = -5},
    {.bitmap_index = 8045, .adv_w = 224, .box_w = 12, .box_h = 22, .ofs_x = 1, .ofs_y = -6},
    {.bitmap_index = 8154, .adv_w = 173, .box_w = 11, .box_h = 23, .ofs_x = 0, .ofs_y = -5},
    {.bitmap_index = 8260, .adv_w = 227, .box_w = 12, .box_h = 22, .ofs_x = 1, .ofs_y = 0},
    {.bitmap_index = 8311, .adv_w = 185, .box_w = 12, .box_h = 21, .ofs_x = -1, .ofs_y = 0},
    {.bitmap_index = 8366, .adv_w = 231, .box_w = 15, .box_h = 16, .ofs_x = 0, .ofs_y = 0},
    {.bitmap_index = 8416, .adv_w = 185, .box_w = 11, .box_h = 17, .ofs_x = 0, .ofs_y = 0},
    {.bitmap_index = 8464, .adv_w = 133, .box_w = 8, .box_h = 20, .ofs_x = 0, .ofs_y = 0},
    {.bitmap_index = 8505, .adv_w = 86, .box_w = 7, .box_h = 17, .ofs_x = -1, .ofs_y = 0},
    {.bitmap_index = 8528, .adv_w = 133, .box_w = 7, .box_h = 20, .ofs_x = 1, .ofs_y = 0},
    {.bitmap_index = 8558, .adv_w = 86, .box_w = 7, .box_h = 16, .ofs_x = -1, .ofs_y = 0},
    {.bitmap_index = 8574, .adv_w = 133, .box_w = 8, .box_h = 21, .ofs_x = 0, .ofs_y = 0},
    {.bitmap_index = 8619, .adv_w = 86, .box_w = 7, .box_h = 18, .ofs_x = -1, .ofs_y = 0},
    {.bitmap_index = 8646, .adv_w = 133, .box_w = 7, .box_h = 21, .ofs_x = 1, .ofs_y = -5},
    {.bitmap_index = 8683, .adv_w = 86, .box_w = 6, .box_h = 22, .ofs_x = -1, .ofs_y = -5},
    {.bitmap_index = 8715, .adv_w = 133, .box_w = 7, .box_h = 20, .ofs_x = 1, .ofs_y = 0},
    {.bitmap_index = 8749, .adv_w = 86, .box_w = 3, .box_h = 12, .ofs_x = 1, .ofs_y = 0},
    {.bitmap_index = 8754, .adv_w = 206, .box_w = 11, .box_h = 16, .ofs_x = 1, .ofs_y = 0},
    {.bitmap_index = 8798, .adv_w = 172, .box_w = 9, .box_h = 22, .ofs_x = 1, .ofs_y = -5},
    {.bitmap_index = 8844, .adv_w = 169, .box_w = 10, .box_h = 22, .ofs_x = 0, .ofs_y = 0},
    {.bitmap_index = 8907, .adv_w = 86, .box_w = 7, .box_h = 22, .ofs_x = -1, .ofs_y = -5},
    {.bitmap_index = 8942, .adv_w = 210, .box_w = 12, .box_h = 22, .ofs_x = 1, .ofs_y = -6},
    {.bitmap_index = 9035, .adv_w = 175, .box_w = 10, .box_h = 23, .ofs_x = 1, .ofs_y = -6},
    {.bitmap_index = 9108, .adv_w = 175, .box_w = 10, .box_h = 12, .ofs_x = 1, .ofs_y = 0},
    {.bitmap_index = 9156, .adv_w = 164, .box_w = 9, .box_h = 22, .ofs_x = 1, .ofs_y = 0},
    {.bitmap_index = 9191, .adv_w = 92, .box_w = 5, .box_h = 23, .ofs_x = 1, .ofs_y = 0},
    {.bitmap_index = 9217, .adv_w = 164, .box_w = 9, .box_h = 22, .ofs_x = 1, .ofs_y = -6},
    {.bitmap_index = 9250, .adv_w = 92, .box_w = 5, .box_h = 23, .ofs_x = 1, .ofs_y = -6},
    {.bitmap_index = 9275, .adv_w = 164, .box_w = 9, .box_h = 17, .ofs_x = 1, .ofs_y = 0},
    {.bitmap_index = 9306, .adv_w = 97, .box_w = 7, .box_h = 17, .ofs_x = 1, .ofs_y = 0},
    {.bitmap_index = 9333, .adv_w = 164, .box_w = 9, .box_h = 16, .ofs_x = 1, .ofs_y = 0},
    {.bitmap_index = 9360, .adv_w = 126, .box_w = 7, .box_h = 17, .ofs_x = 1, .ofs_y = 0},
    {.bitmap_index = 9385, .adv_w = 166, .box_w = 10, .box_h = 16, .ofs_x = 0, .ofs_y = 0},
    {.bitmap_index = 9422, .adv_w = 94, .box_w = 6, .box_h = 17, .ofs_x = 0, .ofs_y = 0},
    {.bitmap_index = 9449, .adv_w = 227, .box_w = 12, .box_h = 22, .ofs_x = 1, .ofs_y = 0},
    {.bitmap_index = 9532, .adv_w = 185, .box_w = 10, .box_h = 18, .ofs_x = 1, .ofs_y = 0},
    {.bitmap_index = 9583, .adv_w = 227, .box_w = 12, .box_h = 22, .ofs_x = 1, .ofs_y = -6},
    {.bitmap_index = 9668, .adv_w = 185, .box_w = 10, .box_h = 18, .ofs_x = 1, .ofs_y = -6},
    {.bitmap_index = 9720, .adv_w = 227, .box_w = 12, .box_h = 22, .ofs_x = 1, .ofs_y = 0},
    {.bitmap_index = 9811, .adv_w = 185, .box_w = 10, .box_h = 18, .ofs_x = 1, .ofs_y = 0},
    {.bitmap_index = 9868, .adv_w = 277, .box_w = 16, .box_h = 17, .ofs_x = 0, .ofs_y = 0},
    {.bitmap_index = 9931, .adv_w = 227, .box_w = 12, .box_h = 21, .ofs_x = 1, .ofs_y = -5},
    {.bitmap_index = 10008, .adv_w = 184, .box_w = 10, .box_h = 17, .ofs_x = 1, .ofs_y = -5},
    {.bitmap_index = 10051, .adv_w = 225, .box_w = 12, .box_h = 20, .ofs_x = 1, .ofs_y = 0},
    {.bitmap_index = 10146, .adv_w = 178, .box_w = 11, .box_h = 16, .ofs_x = 0, .ofs_y = 0},
    {.bitmap_index = 10218, .adv_w = 225, .box_w = 12, .box_h = 22, .ofs_x = 1, .ofs_y = 0},
    {.bitmap_index = 10327, .adv_w = 178, .box_w = 11, .box_h = 18, .ofs_x = 0, .ofs_y = 0},
    {.bitmap_index = 10410, .adv_w = 225, .box_w = 12, .box_h = 22, .ofs_x = 1, .ofs_y = 0},
    {.bitmap_index = 10521, .adv_w = 178, .box_w = 11, .box_h = 18, .ofs_x = 0, .ofs_y = 0},
    {.bitmap_index = 10608, .adv_w = 314, .box_w = 18, .box_h = 16, .ofs_x = 1, .ofs_y = 0},
    {.bitmap_index = 10700, .adv_w = 290, .box_w = 18, .box_h = 12, .ofs_x = 0, .ofs_y = 0},
    {.bitmap_index = 10798, .adv_w = 208, .box_w = 12, .box_h = 22, .ofs_x = 1, .ofs_y = 0},
    {.bitmap_index = 10883, .adv_w = 122, .box_w = 7, .box_h = 19, .ofs_x = 1, .ofs_y = 0},
    {.bitmap_index = 10921, .adv_w = 208, .box_w = 12, .box_h = 22, .ofs_x = 1, .ofs_y = -6},
    {.bitmap_index = 11007, .adv_w = 122, .box_w = 7, .box_h = 18, .ofs_x = 1, .ofs_y = -6},
    {.bitmap_index = 11042, .adv_w = 208, .box_w = 12, .box_h = 22, .ofs_x = 1, .ofs_y = 0},
    {.bitmap_index = 11135, .adv_w = 122, .box_w = 8, .box_h = 18, .ofs_x = 0, .ofs_y = 0},
    {.bitmap_index = 11178, .adv_w = 189, .box_w = 11, .box_h = 22, .ofs_x = 0, .ofs_y = 0},
    {.bitmap_index = 11277, .adv_w = 157, .box_w = 9, .box_h = 18, .ofs_x = 0, .ofs_y = 0},
    {.bitmap_index = 11350, .adv_w = 189, .box_w = 11, .box_h = 22, .ofs_x = 0, .ofs_y = 0},
    {.bitmap_index = 11458, .adv_w = 157, .box_w = 9, .box_h = 18, .ofs_x = 0, .ofs_y = 0},
    {.bitmap_index = 11538, .adv_w = 191, .box_w = 11, .box_h = 21, .ofs_x = 0, .ofs_y = -5},
    {.bitmap_index = 11640, .adv_w = 157, .box_w = 9, .box_h = 17, .ofs_x = 0, .ofs_y = -5},
    {.bitmap_index = 11715, .adv_w = 189, .box_w = 11, .box_h = 22, .ofs_x = 0, .ofs_y = 0},
    {.bitmap_index = 11823, .adv_w = 157, .box_w = 9, .box_h = 18, .ofs_x = 0, .ofs_y = 0},
    {.bitmap_index = 11902, .adv_w = 183, .box_w = 11, .box_h = 21, .ofs_x = 0, .ofs_y = -5},
    {.bitmap_index = 11941, .adv_w = 115, .box_w = 7, .box_h = 20, .ofs_x = 0, .ofs_y = -5},
    {.bitmap_index = 11986, .adv_w = 183, .box_w = 11, .box_h = 22, .ofs_x = 0, .ofs_y = 0},
    {.bitmap_index = 12035, .adv_w = 115, .box_w = 9, .box_h = 18, .ofs_x = 0, .ofs_y = 0},
    {.bitmap_index = 12079, .adv_w = 185, .box_w = 11, .box_h = 16, .ofs_x = 0, .ofs_y = 0},
    {.bitmap_index = 12116, .adv_w = 119, .box_w = 7, .box_h = 15, .ofs_x = 0, .ofs_y = 0},
    {.bitmap_index = 12157, .adv_w = 218, .box_w = 12, .box_h = 21, .ofs_x = 1, .ofs_y = 0},
    {.bitmap_index = 12226, .adv_w = 185, .box_w = 10, .box_h = 17, .ofs_x = 1, .ofs_y = 0},
    {.bitmap_index = 12273, .adv_w = 218, .box_w = 12, .box_h = 20, .ofs_x = 1, .ofs_y = 0},
    {.bitmap_index = 12333, .adv_w = 185, .box_w = 10, .box_h = 16, .ofs_x = 1, .ofs_y = 0},
    {.bitmap_index = 12373, .adv_w = 218, .box_w = 12, .box_h = 22, .ofs_x = 1, .ofs_y = 0},
    {.bitmap_index = 12446, .adv_w = 185, .box_w = 10, .box_h = 18, .ofs_x = 1, .ofs_y = 0},
    {.bitmap_index = 12497, .adv_w = 218, .box_w = 12, .box_h = 24, .ofs_x = 1, .ofs_y = 0},
    {.bitmap_index = 12577, .adv_w = 185, .box_w = 10, .box_h = 20, .ofs_x = 1, .ofs_y = 0},
    {.bitmap_index = 12634, .adv_w = 218, .box_w = 12, .box_h = 22, .ofs_x = 1, .ofs_y = 0},
    {.bitmap_index = 12710, .adv_w = 185, .box_w = 10, .box_h = 19, .ofs_x = 1, .ofs_y = 0},
    {.bitmap_index = 12766, .adv_w = 218, .box_w = 12, .box_h = 21, .ofs_x = 1, .ofs_y = -5},
    {.bitmap_index = 12832, .adv_w = 185, .box_w = 10, .box_h = 17, .ofs_x = 1, .ofs_y = -5},
    {.bitmap_index = 12878, .adv_w = 296, .box_w = 18, .box_h = 22, .ofs_x = 0, .ofs_y = 0},
    {.bitmap_index = 13050, .adv_w = 254, .box_w = 16, .box_h = 18, .ofs_x = 0, .ofs_y = 0},
    {.bitmap_index = 13178, .adv_w = 195, .box_w = 12, .box_h = 22, .ofs_x = 0, .ofs_y = 0},
    {.bitmap_index = 13267, .adv_w = 165, .box_w = 11, .box_h = 22, .ofs_x = 0, .ofs_y = -5},
    {.bitmap_index = 13370, .adv_w = 195, .box_w = 12, .box_h = 20, .ofs_x = 0, .ofs_y = 0},
    {.bitmap_index = 13452, .adv_w = 188, .box_w = 11, .box_h = 22, .ofs_x = 0, .ofs_y = 0},
    {.bitmap_index = 13534, .adv_w = 155, .box_w = 9, .box_h = 19, .ofs_x = 0, .ofs_y = 0},
    {.bitmap_index = 13599, .adv_w = 188, .box_w = 11, .box_h = 20, .ofs_x = 0, .ofs_y = 0},
    {.bitmap_index = 13676, .adv_w = 155, .box_w = 9, .box_h = 17, .ofs_x = 0, .ofs_y = 0},
    {.bitmap_index = 13736, .adv_w = 247, .box_w = 15, .box_h = 3, .ofs_x = 0, .ofs_y = 6},
    {.bitmap_index = 13747, .adv_w = 281, .box_w = 16, .box_h = 10, .ofs_x = 1, .ofs_y = 3}
};

/*---------------------
 *  CHARACTER MAPPING
 *--------------------*/

static const uint16_t unicode_list_1[] = {
    0x0, 0x7, 0x14, 0x26, 0x2c, 0x2f, 0x34, 0x46,
    0x4c
};

static const uint16_t unicode_list_3[] = {
    0x0, 0x17e
};

/*Collect the unicode lists and glyph_id offsets*/
static const lv_font_fmt_txt_cmap_t cmaps[] =
{
    {
        .range_start = 32, .range_length = 95, .glyph_id_start = 1,
        .unicode_list = NULL, .glyph_id_ofs_list = NULL, .list_length = 0, .type = LV_FONT_FMT_TXT_CMAP_FORMAT0_TINY
    },
    {
        .range_start = 176, .range_length = 77, .glyph_id_start = 96,
        .unicode_list = unicode_list_1, .glyph_id_ofs_list = NULL, .list_length = 9, .type = LV_FONT_FMT_TXT_CMAP_SPARSE_TINY
    },
    {
        .range_start = 260, .range_length = 121, .glyph_id_start = 105,
        .unicode_list = NULL, .glyph_id_ofs_list = NULL, .list_length = 0, .type = LV_FONT_FMT_TXT_CMAP_FORMAT0_TINY
    },
    {
        .range_start = 8212, .range_length = 383, .glyph_id_start = 226,
        .unicode_list = unicode_list_3, .glyph_id_ofs_list = NULL, .list_length = 2, .type = LV_FONT_FMT_TXT_CMAP_SPARSE_TINY
    }
};

/*-----------------
 *    KERNING
 *----------------*/


/*Map glyph_ids to kern left classes*/
static const uint8_t kern_left_class_mapping[] =
{
    0, 0, 0, 0, 0, 0, 1, 0,
    0, 0, 0, 0, 0, 0, 0, 0,
    0, 0, 0, 0, 0, 0, 0, 0,
    0, 0, 0, 0, 0, 0, 0, 0,
    0, 0, 2, 3, 4, 5, 6, 7,
    8, 0, 9, 10, 11, 12, 0, 0,
    13, 14, 13, 15, 16, 17, 18, 19,
    20, 21, 22, 23, 0, 0, 0, 0,
    0, 0, 24, 25, 26, 0, 27, 28,
    29, 30, 31, 32, 33, 34, 30, 30,
    35, 25, 36, 37, 38, 39, 40, 41,
    42, 43, 44, 45, 0, 0, 0, 0,
    0, 0, 2, 13, 18, 46, 24, 35,
    40, 47, 48, 4, 26, 4, 26, 4,
    26, 4, 26, 5, 49, 5, 0, 6,
    27, 6, 27, 6, 27, 50, 27, 6,
    27, 8, 29, 8, 29, 8, 29, 8,
    29, 0, 30, 0, 30, 9, 51, 9,
    52, 9, 53, 54, 31, 9, 36, 18,
    32, 10, 55, 11, 33, 33, 12, 34,
    12, 34, 12, 56, 0, 0, 12, 57,
    0, 30, 0, 30, 0, 30, 30, 0,
    30, 13, 35, 13, 35, 13, 35, 6,
    27, 15, 37, 15, 37, 15, 37, 16,
    38, 16, 38, 16, 38, 16, 38, 17,
    39, 17, 58, 17, 39, 18, 40, 18,
    40, 18, 40, 18, 40, 18, 40, 18,
    40, 20, 42, 22, 44, 22, 23, 45,
    23, 45, 0, 0
};

/*Map glyph_ids to kern right classes*/
static const uint8_t kern_right_class_mapping[] =
{
    0, 0, 1, 2, 0, 0, 0, 3,
    2, 0, 4, 2, 0, 5, 6, 5,
    7, 0, 0, 0, 0, 0, 0, 0,
    0, 0, 0, 8, 8, 0, 0, 0,
    9, 10, 11, 0, 12, 0, 0, 0,
    12, 0, 13, 14, 0, 0, 0, 0,
    12, 0, 12, 0, 15, 16, 17, 18,
    19, 20, 21, 22, 0, 0, 23, 0,
    24, 0, 25, 26, 27, 28, 27, 29,
    30, 26, 31, 32, 26, 33, 34, 34,
    27, 35, 28, 34, 36, 37, 38, 39,
    40, 41, 42, 43, 0, 0, 23, 0,
    0, 0, 11, 12, 17, 29, 25, 27,
    38, 11, 25, 12, 27, 12, 27, 12,
    27, 12, 27, 0, 28, 0, 28, 0,
    27, 0, 27, 0, 27, 0, 27, 0,
    27, 12, 30, 12, 30, 12, 30, 12,
    30, 0, 26, 0, 26, 13, 44, 13,
    45, 13, 46, 13, 31, 13, 34, 17,
    31, 14, 47, 0, 26, 34, 0, 33,
    0, 33, 0, 33, 0, 33, 0, 48,
    0, 34, 0, 34, 0, 34, 0, 0,
    34, 12, 27, 12, 27, 12, 27, 12,
    27, 0, 34, 0, 34, 0, 34, 15,
    36, 15, 36, 15, 36, 15, 36, 16,
    37, 16, 37, 16, 37, 17, 38, 17,
    38, 17, 38, 17, 38, 17, 38, 17,
    38, 19, 40, 21, 42, 21, 22, 43,
    22, 43, 6, 0
};

/*Kern values between classes*/
static const int8_t kern_class_values[] =
{
    0, -21, 0, 0, 0, 0, 0, 0,
    0, 0, 0, 0, 0, 0, 0, 0,
    0, 0, 0, 0, 0, 0, 0, 0,
    0, 0, 0, 0, 0, 0, 0, 0,
    0, 0, 0, 0, 0, 0, 0, 0,
    0, 0, 0, 0, 0, 0, 0, 0,
    0, -18, -1, 0, 7, -6, 2, 0,
    -15, -4, 3, -6, 0, 2, 0, -20,
    -5, -18, -9, 2, -22, 0, 0, 6,
    1, 0, 0, -1, 0, 0, 0, 0,
    0, 0, 0, 0, -4, 0, -9, -6,
    2, -5, 4, 0, 0, 0, 0, 0,
    0, 0, 0, 0, -6, 0, -7, 0,
    0, 0, -1, 0, 0, 0, 0, -6,
    0, -6, -2, -5, -7, 0, 0, -21,
    0, 0, 0, 0, -1, -1, 0, 0,
    0, 0, 0, 0, -1, 0, -1, 0,
    -4, -2, 0, 0, 0, 0, 0, 0,
    0, 2, -2, 0, -2, -6, -4, 0,
    0, -4, -2, -3, 0, 0, 0, -1,
    0, 0, 1, -5, -2, 0, 0, -17,
    0, 0, 0, 0, 0, -1, 0, 0,
    0, 0, 0, 0, 0, 0, 1, 0,
    0, 0, 0, 0, 0, 0, 0, 0,
    0, -4, 0, 0, -15, 5, -13, 0,
    0, 0, -11, 0, 0, -2, 0, -10,
    0, -8, -5, -8, -11, -5, 0, -16,
    0, 0, 0, 0, 0, 0, 0, 0,
    0, 0, 0, 0, 0, 0, 0, 0,
    0, 0, 0, 0, 0, 0, 0, 0,
    0, 0, -4, 0, 0, 0, 0, 0,
    0, -4, 0, 0, 0, -4, 0, 0,
    0, -2, 0, 0, -1, 0, 0, 0,
    0, 0, -4, -4, 0, -2, 0, 0,
    0, 0, 0, 0, 0, 0, 0, 0,
    0, 0, 0, 0, 0, 0, 0, 0,
    0, 2, -13, 5, -34, 0, -23, 0,
    2, -8, -23, -8, 0, -17, 0, 0,
    0, 0, 0, 0, 0, 0, 0, -47,
    -13, 0, -10, -11, -2, -14, 0, -4,
    0, -8, -8, -8, -3, -8, -5, -4,
    -12, -5, -6, 11, 11, 11, 11, 0,
    0, -4, 0, 0, 0, 1, 2, 0,
    0, 0, 0, 0, 0, -2, 0, -10,
    0, -7, -3, -2, -13, 0, 0, 0,
    0, 0, 0, 0, 0, 0, 0, 0,
    0, 0, 0, 0, 0, 0, 0, 0,
    0, 0, 0, 0, 0, 0, 0, 0,
    0, 0, -2, 0, 0, -12, 0, 0,
    0, -6, 0, 0, 0, 0, 0, -1,
    0, 0, 0, 0, 0, 0, 0, 2,
    0, 0, -2, -2, 0, 0, 0, 0,
    0, 0, 0, -1, 0, 0, -1, 0,
    0, -1, 0, 7, 7, 7, 7, 0,
    0, 0, 0, 0, -11, 0, -10, 0,
    0, 0, -6, 0, 0, -2, 0, 0,
    0, 0, 0, -5, 0, 0, 0, -27,
    0, 0, 0, 0, 0, 0, 0, 0,
    0, 0, 0, 0, 0, 0, 0, 0,
    0, 0, 0, 0, 0, 0, 0, 0,
    0, 0, -8, 4, 4, -19, 2, 0,
    0, -10, 2, -10, 0, -4, -2, -8,
    0, -6, -2, 0, -5, 2, 0, 0,
    -3, 0, -7, -8, -6, -2, 0, 0,
    -1, -4, -4, 0, -8, -5, -5, -5,
    -3, -5, 4, 7, 4, 3, 0, -1,
    0, 0, 0, 0, 0, 0, 0, 2,
    0, 0, 0, 0, 0, 0, 0, 0,
    0, 0, 0, 0, 0, 0, 0, 0,
    0, 0, 0, 0, 0, 0, 0, 0,
    0, 0, 0, 0, 0, 0, 0, 0,
    0, 0, 0, 0, 0, 0, 0, 0,
    0, -4, -1, 0, -16, 5, -13, 0,
    -1, 0, -7, 0, 0, -2, 0, -8,
    0, -8, -6, -8, -12, -4, 0, -33,
    0, 0, 0, 0, 0, 0, 0, 0,
    0, 0, 0, 0, 0, 0, 0, 0,
    0, 0, 0, 0, 0, 0, 0, 0,
    0, 5, -10, 0, -38, 0, -26, 0,
    3, -1, -22, 0, 0, -15, 0, 0,
    0, 0, 0, -8, -3, -8, 0, -51,
    -4, 0, -6, -6, 2, -9, 0, 0,
    0, -4, -5, -4, 2, 0, 3, 2,
    0, 3, 1, 0, 0, 0, 0, 0,
    0, 0, -10, 0, -2, -6, -5, 0,
    0, -8, 0, -2, 0, -4, 0, -6,
    -4, -5, -2, 0, -9, 0, 0, 1,
    -4, 0, -2, -2, 0, -5, 0, 0,
    0, 0, 0, 0, 0, 0, 0, 0,
    0, -1, 0, 0, 0, 0, 0, 0,
    0, 0, -2, 0, -2, 5, -9, 0,
    0, 0, 0, 0, 0, 1, -3, -4,
    0, -2, -2, 0, -3, 0, 0, -17,
    0, 0, 0, 0, 0, 0, 0, 0,
    0, 0, 0, 0, 0, 0, 0, 0,
    0, 0, 0, 0, 0, 0, 0, 0,
    0, 0, 0, 0, 0, 0, 0, -14,
    0, 0, 0, 0, 0, 0, 0, 0,
    0, 0, 0, 0, 0, 0, 0, 0,
    0, 0, 0, 0, 0, 0, 0, 0,
    0, 0, 0, 0, 0, 0, 0, 0,
    0, 0, 0, 0, 0, 0, 0, 0,
    0, 0, -2, 0, -12, 0, -12, 0,
    0, 0, -6, 0, 0, -1, 0, 0,
    0, 0, 0, 0, 0, 0, 0, -23,
    0, 0, 0, 0, 0, 0, 0, 0,
    0, 0, 0, 0, 0, 0, 0, 0,
    0, 0, 0, 0, 0, 0, 0, 0,
    0, 0, 0, 0, 0, 0, 0, -8,
    0, 0, 0, 0, 0, 0, 0, 0,
    0, 0, 0, 0, 0, 0, 0, 0,
    0, 0, 0, 0, 0, 0, 0, 0,
    0, 0, 0, 0, 0, 0, 0, 0,
    0, 0, 0, 0, 0, 0, 0, 0,
    0, 0, 0, 0, 0, 0, 0, -2,
    0, 0, 0, 0, 0, 0, 0, 0,
    0, 0, 0, 0, 0, 0, 0, 0,
    0, 0, 0, 0, 0, 0, 0, 0,
    0, 0, 0, 0, 0, 0, 0, 0,
    0, 0, 0, 0, 0, 0, 0, 0,
    0, 0, 0, 0, 0, 0, 0, -4,
    0, 0, 0, 0, 0, 0, 0, 0,
    0, 0, 0, 0, 0, 0, 0, 0,
    0, 0, 0, 0, 0, 0, 0, 0,
    0, 0, 0, 0, 0, 0, 0, 0,
    0, 0, 0, 0, 0, 0, 0, 0,
    0, 0, 0, 0, 0, 0, 0, -15,
    0, 0, 0, 0, 0, 0, 0, 0,
    0, 0, 0, 0, 0, 0, 0, 0,
    0, 0, 0, 0, 0, 0, 0, 0,
    0, 0, 0, 0, 0, 0, 0, 0,
    0, 0, 0, 0, 0, 0, 0, 0,
    0, 3, -4, 2, 9, -15, 2, 0,
    0, -6, 0, -6, 0, -1, 0, 0,
    0, -1, -1, 0, -1, 0, 0, 6,
    0, 0, -2, -2, 0, 0, 0, 0,
    0, 0, 0, 0, -1, -1, 0, 0,
    0, -2, 4, 9, 9, 9, 8, 0,
    0, -9, 0, 0, 4, -2, 9, 0,
    0, 0, 5, 0, 0, 4, 0, -24,
    0, -12, -4, 2, -18, 4, 0, 4,
    0, 0, 0, 0, 0, 0, 0, 0,
    0, 0, 0, 0, -1, 0, -4, -2,
    1, -2, 2, 0, 0, 0, 0, 0,
    0, -7, 0, 0, -6, 4, 1, 0,
    0, 0, 0, 0, -2, 1, 0, -24,
    0, -12, -7, -6, -19, -1, 0, -18,
    0, 0, 0, 0, -1, 0, 0, 0,
    0, 0, 0, 0, -1, 0, -2, -1,
    -5, -2, -2, 0, 0, 0, 0, 0,
    0, 0, 0, 0, 0, 0, 1, 0,
    0, 0, 3, 0, 0, 2, 1, -16,
    0, -9, -2, 0, -14, 2, 0, -11,
    0, 0, -2, -1, 0, -1, 0, 0,
    0, 0, 0, 0, 0, 0, 0, 0,
    0, 0, 0, 0, 0, 0, 0, 0,
    0, -8, 0, 0, -6, 4, 1, 0,
    0, 0, 0, 0, -2, 0, -4, -19,
    0, -11, -6, -6, -19, -2, 0, -19,
    0, 0, 0, 0, 0, 0, 0, 0,
    0, 0, 0, 0, 0, 0, 0, -2,
    -4, -2, -2, 0, 0, 0, 0, 0,
    1, 11, -4, 10, -16, -2, -7, 0,
    10, 0, -5, 5, 0, -7, 2, 11,
    0, 11, 10, 6, 10, 0, 5, -19,
    0, 0, -2, -2, 0, -2, 3, 0,
    0, 0, 0, 0, 1, 0, 5, 0,
    0, 4, 0, 19, 15, 18, 18, 0,
    0, 2, -1, 9, 2, -1, 11, 0,
    0, -1, 7, 1, 0, -1, 0, 0,
    0, -2, 1, 3, -3, 5, 3, 19,
    0, 0, -2, -2, 0, 4, 0, 8,
    0, 0, 0, 0, 0, -2, 0, 1,
    0, 2, 1, 0, 0, 0, 8, 0,
    0, -6, 0, 0, 0, 0, 2, 0,
    0, 0, 0, 0, 0, 0, 0, -19,
    0, -11, -8, 0, -18, 0, 0, 0,
    0, 0, 0, 0, 0, 0, 0, 0,
    0, 0, 0, 0, 0, 0, -3, -2,
    0, -3, 0, 0, 0, 0, 0, 0,
    0, 0, 0, 0, 0, 0, 0, 0,
    0, 0, 0, 0, 0, -2, 0, 0,
    0, 0, 0, 0, -6, 0, 0, 0,
    0, 0, 0, 0, 0, 0, 0, 0,
    0, 0, 0, 0, 0, 0, 0, 0,
    0, 0, 0, 0, 0, 0, 0, 0,
    0, 0, 0, 0, 0, 0, 0, 0,
    0, 0, 0, 0, 0, 0, 0, -5,
    0, -8, -4, 0, -2, 0, 0, 0,
    0, 0, 0, 0, 0, 0, 0, 0,
    0, 0, 0, 0, 0, 0, 0, 0,
    0, 0, 0, 0, 0, 0, 0, 0,
    0, 0, -5, 0, 1, -15, 1, 0,
    0, -4, 5, -4, 0, 2, -1, -8,
    0, -6, -2, 1, -14, 5, 0, 9,
    -1, 0, -3, -2, 0, -2, 0, 0,
    0, 0, 0, -3, -3, -4, -4, -2,
    0, -2, 2, 0, 0, 0, 0, 0,
    0, 0, 0, 0, 2, -5, 1, 0,
    0, 0, 8, 0, 0, 4, 0, -6,
    0, -2, 1, 5, -5, 5, 0, 9,
    0, 0, 0, 0, 0, 0, 0, 0,
    -3, 0, 0, 0, -2, 0, -1, -1,
    0, -2, 1, 0, 0, 0, 0, -3,
    0, -8, -2, 0, -6, 4, 0, 0,
    0, 0, 0, 0, -2, 0, 0, -20,
    0, -12, -7, -6, -19, -2, 0, -20,
    0, 0, 0, 0, -1, 0, 0, 0,
    0, 0, 0, 0, -1, 0, -2, -2,
    -5, -2, -1, 0, 0, 0, 0, 0,
    0, 0, 0, 0, 0, 0, 0, 0,
    0, 0, 0, 0, 0, 0, 0, -5,
    0, -8, -4, 0, -12, 0, 0, 0,
    0, 0, 0, 0, 0, 0, 0, 0,
    0, 0, 0, 0, 0, 0, 0, 0,
    0, 0, 0, 0, 0, 0, 0, 0,
    0, 11, -7, 0, -27, -2, -9, 0,
    0, 0, -12, 4, 0, -6, 2, -2,
    0, 2, 4, -5, -5, -4, 0, -26,
    -3, 0, -1, -1, 4, -4, 0, 1,
    0, 0, 0, 0, 4, 0, 4, 4,
    0, 4, 2, 0, 0, 0, 1, 0,
    0, -4, -1, 0, -2, -2, 1, 0,
    0, 0, 0, 0, 0, 0, 0, -19,
    0, -11, -1, -6, -16, 0, 0, -14,
    0, 0, 0, 0, 1, -1, 0, 0,
    0, 0, 0, -3, -1, 0, -4, -3,
    -4, -3, -2, 0, 0, 0, 0, 0,
    0, 1, -3, 0, 1, -6, 0, 0,
    1, -1, 5, 0, 0, 2, 1, -9,
    0, 0, 1, 1, -6, 1, 1, 7,
    0, 0, -1, -1, -2, -2, 0, 0,
    0, 0, 0, 0, -2, 0, 1, 0,
    0, 1, 1, 0, 0, 0, 0, 0,
    0, 0, 0, 0, 0, 0, 0, 0,
    0, 0, 0, 0, 0, 0, 0, -16,
    0, -8, -1, 0, -15, 0, 0, 0,
    0, 0, 0, 0, 0, 0, 0, 0,
    0, 0, 0, 0, 0, 0, 0, 0,
    0, 0, 0, 0, 0, 0, 0, 0,
    0, 10, -5, 0, -21, -1, -3, 0,
    0, 0, -8, 0, -1, -5, 0, -8,
    0, -4, 0, -1, -5, 0, 0, -23,
    -4, 0, -2, -2, 2, -4, 0, 0,
    0, 0, 0, 0, 1, 0, 0, 0,
    0, 0, 0, 0, 0, 0, 0, 0,
    0, 8, -7, 0, -15, -1, 0, 0,
    0, -1, -5, 0, 0, -6, 0, -13,
    0, -4, -2, 0, -10, 0, 0, -14,
    -4, 0, -2, -2, 1, -6, 0, 0,
    0, 0, 0, -1, 1, 0, 0, 0,
    0, 0, 1, 0, 0, 0, 0, 0,
    0, 2, -8, 0, 0, -12, 0, 0,
    0, -5, 2, 0, 0, 0, 0, -14,
    0, -4, -3, 1, -8, 0, 0, 7,
    0, 0, -5, -5, 0, 0, 0, 0,
    0, 0, 0, -2, 0, 0, 0, 0,
    0, 0, 0, 0, 0, 0, 0, 0,
    0, 8, -10, 0, -23, -1, -5, 0,
    0, -2, -10, 0, -1, -8, 0, -10,
    0, -4, 0, 0, -2, 0, 0, -26,
    -5, 0, -3, -3, 3, -8, 0, 0,
    0, 0, 0, -2, 1, 0, 0, 0,
    0, 0, 0, 0, 0, 0, 0, 0,
    0, 4, -2, 0, 6, -7, 2, 0,
    0, -1, 5, 0, 0, 2, 0, -12,
    0, -2, 0, 5, -6, 2, 0, 5,
    0, 0, -3, -3, 0, 0, 0, 0,
    0, 0, 0, 0, 0, 0, 1, 1,
    0, 1, 0, 0, 0, 0, 0, 0,
    0, -5, 0, 0, 1, -2, 0, 0,
    -4, 0, 2, -1, -1, 4, -2, -11,
    -2, -6, -4, 0, -11, 2, 0, -18,
    2, 0, 1, 1, -1, 2, 0, 0,
    0, 0, 0, 0, -3, 0, -2, -4,
    0, -3, 0, 0, 0, 0, 0, 0,
    0, -18, -1, 15, 7, -6, 2, 0,
    -15, -4, 3, -6, 0, 2, 0, -20,
    -5, -18, -9, 2, -22, 0, 3, 6,
    1, 0, 0, -1, 0, 0, 0, 0,
    0, 0, 0, 0, -4, 0, -9, -6,
    2, -5, 4, 0, 0, 0, 0, 0,
    0, -9, 0, 13, 4, -2, 9, 0,
    0, 0, 5, 0, 0, 4, 0, -24,
    0, -12, -4, 2, -18, 4, 0, 4,
    0, 0, 0, 0, 0, 0, 0, 7,
    0, 0, 0, 0, -1, 0, -4, -2,
    1, -2, 2, 0, 0, 0, 7, 0,
    15, 22, 12, 33, -10, -8, 0, 0,
    23, 0, 0, 0, 0, 0, 0, 0,
    0, 0, 0, 0, 0, 0, 23, -14,
    0, 16, -3, -3, 14, -4, 16, 15,
    16, 0, 0, -2, 14, 0, 14, 11,
    0, 14, 5, 16, 16, 16, 15, 16,
    0, 0, -4, 6, 0, 0, 0, 0,
    0, -4, 0, 0, 0, -4, 0, 0,
    0, -2, 0, 0, -1, 0, 0, 0,
    0, 0, -4, -4, 0, -2, 0, 0,
    0, 0, 0, 0, 0, 0, 0, 0,
    0, 0, 0, 0, 0, 0, 0, 0,
    0, 0, 0, 0, 0, 0, 0, 0,
    0, 0, 0, 0, 0, -2, 0, 12,
    0, 12, 12, 0, 12, 0, 0, 0,
    0, 0, 0, 0, 0, 0, 0, 0,
    0, 0, 0, 0, 0, 0, 0, 0,
    0, 0, 0, 0, 0, 0, 0, 0,
    0, 0, 0, 0, 0, 0, 0, 0,
    0, 0, 0, 0, 0, -2, 0, 0,
    0, 4, 0, 0, 7, 0, 0, 0,
    0, 0, 0, 0, 0, 0, 0, 0,
    0, 0, 0, 0, 0, 0, 0, 0,
    0, 0, 0, 0, 0, 0, 0, 0,
    0, 0, 0, 0, 0, 0, 0, 0,
    0, 0, 0, 0, 0, -2, 0, 5,
    0, 12, 4, 0, 12, 0, 0, 0,
    0, 0, 0, 0, 0, 0, 0, 0,
    0, 0, 0, 0, 0, 0, 0, 0,
    0, 0, 0, 0, 0, 0, 0, 0,
    0, 0, -2, 8, 0, -12, 0, 0,
    0, -6, 0, 0, 0, 0, 0, -1,
    0, 0, 0, 0, 0, 0, 0, 2,
    0, 0, -2, -2, 0, 0, 0, 0,
    0, 0, 0, -1, 0, 0, -1, 0,
    0, -1, 0, 7, 7, 7, 7, 0,
    0, 0, 0, 0, 0, 0, 0, 0,
    0, 0, 0, 0, 0, 0, 0, -5,
    0, 5, 8, 0, 6, 0, 0, 0,
    0, 0, 0, 0, 0, 0, 0, 0,
    0, 0, 0, 0, 0, 0, 0, 0,
    0, 0, 0, 0, 0, 0, 0, 0,
    15, 22, 12, 33, -3, -7, 0, 0,
    23, 0, 0, 0, 0, 0, 0, 0,
    0, 0, 0, 0, 0, 0, 23, -14,
    0, 16, -3, -3, 14, -4, 16, 15,
    16, 0, 0, -2, 14, 0, 14, 11,
    0, 14, 5, 16, 16, 16, 15, 16,
    0, 0, 0, 0, 2, -5, 1, 0,
    0, 0, 8, 0, 0, 4, 0, -6,
    0, -2, 1, 5, -5, 5, 0, 9,
    0, 0, 0, 0, 0, 0, 0, 0,
    -3, 0, 0, 0, -2, 0, -1, -1,
    0, -2, 1, 0, 0, 0, 0, 8,
    8, 14, -3, 26, 1, -6, 0, 0,
    12, -1, 5, 0, 0, 2, 1, -9,
    0, 0, 1, 1, -6, 1, 12, 7,
    0, 7, -1, -1, 0, -2, 7, 7,
    7, 0, 0, 0, -2, 0, 1, 0,
    0, 1, 1, 7, 7, 7, 7, 7
};


/*Collect the kern class' data in one place*/
static const lv_font_fmt_txt_kern_classes_t kern_classes =
{
    .class_pair_values   = kern_class_values,
    .left_class_mapping  = kern_left_class_mapping,
    .right_class_mapping = kern_right_class_mapping,
    .left_class_cnt      = 58,
    .right_class_cnt     = 48,
};

/*--------------------
 *  ALL CUSTOM DATA
 *--------------------*/

#if LVGL_VERSION_MAJOR == 8
/*Store all the custom data of the font*/
static  lv_font_fmt_txt_glyph_cache_t cache;
#endif

#if LVGL_VERSION_MAJOR >= 8
static const lv_font_fmt_txt_dsc_t font_dsc = {
#else
static lv_font_fmt_txt_dsc_t font_dsc = {
#endif
    .glyph_bitmap = glyph_bitmap,
    .glyph_dsc = glyph_dsc,
    .cmaps = cmaps,
    .kern_dsc = &kern_classes,
    .kern_scale = 16,
    .cmap_num = 4,
    .bpp = 4,
    .kern_classes = 1,
    .bitmap_format = 1,
#if LVGL_VERSION_MAJOR == 8
    .cache = &cache
#endif
};



/*-----------------
 *  PUBLIC FONT
 *----------------*/

/*Initialize a public general font descriptor*/
#if LVGL_VERSION_MAJOR >= 8
const lv_font_t plex_sans_cond_22 = {
#else
lv_font_t plex_sans_cond_22 = {
#endif
    .get_glyph_dsc = lv_font_get_glyph_dsc_fmt_txt,    /*Function pointer to get glyph's data*/
    .get_glyph_bitmap = lv_font_get_bitmap_fmt_txt,    /*Function pointer to get glyph's bitmap*/
    .line_height = 30,          /*The maximum line height required by the font*/
    .base_line = 6,             /*Baseline measured from the bottom of the line*/
#if !(LVGL_VERSION_MAJOR == 6 && LVGL_VERSION_MINOR == 0)
    .subpx = LV_FONT_SUBPX_NONE,
#endif
#if LV_VERSION_CHECK(7, 4, 0) || LVGL_VERSION_MAJOR >= 8
    .underline_position = -2,
    .underline_thickness = 2,
#endif
    .dsc = &font_dsc,          /*The custom font data. Will be accessed by `get_glyph_bitmap/dsc` */
#if LV_VERSION_CHECK(8, 2, 0) || LVGL_VERSION_MAJOR >= 9
    .fallback = NULL,
#endif
    .user_data = NULL,
};



#endif /*#if PLEX_SANS_COND_22*/

