/*******************************************************************************
 * Size: 56 px
 * Bpp: 4
 * Opts: --font /Users/monsjovis/repositories/esp-flight-monitor/tools/fonts/IBMPlexSansCondensed-SemiBold.ttf --format lvgl --bpp 4 --size 56 --lv-font-name plex_sans_cond_56 -o /Users/monsjovis/repositories/esp-flight-monitor/main/ui/fonts/plex_sans_cond_56.c -r 0x20-0x7F -r 0xC4,0xD6,0xDC,0xE4,0xF6,0xFC,0xDF -r 0xB0,0xB7 -r 0x2192,0x2014
 ******************************************************************************/

#ifdef LV_LVGL_H_INCLUDE_SIMPLE
#include "lvgl.h"
#else
#include "lvgl/lvgl.h"
#endif

#ifndef PLEX_SANS_COND_56
#define PLEX_SANS_COND_56 1
#endif

#if PLEX_SANS_COND_56

/*-----------------
 *    BITMAPS
 *----------------*/

/*Store the image of the glyphs*/
static LV_ATTRIBUTE_LARGE_CONST const uint8_t glyph_bitmap[] = {
    /* U+0020 " " */

    /* U+0021 "!" */
    0xa, 0xff, 0xf4, 0x0, 0x7f, 0xff, 0xc0, 0x3f,
    0xf9, 0xe6, 0x1, 0xef, 0x0, 0x70, 0x7, 0x88,
    0x0, 0x40, 0x1e, 0x60, 0x3, 0x0, 0x78, 0x80,
    0x4, 0x1, 0xe1, 0x0, 0x8, 0x7, 0x10, 0x6,
    0x20, 0xc, 0x20, 0x19, 0x80, 0x33, 0x0, 0x62,
    0x0, 0xc4, 0x1, 0xb8, 0x3, 0x70, 0x6, 0x20,
    0xc, 0x40, 0x19, 0x80, 0x33, 0x0, 0x62, 0x0,
    0xc4, 0x1, 0x84, 0x2, 0x10, 0xf, 0x10, 0x0,
    0x80, 0x3c, 0xc0, 0x6, 0x0, 0xf6, 0xaa, 0xbc,
    0x3, 0xcd, 0x54, 0x50, 0xf, 0xfe, 0x29, 0x8,
    0x7, 0xd, 0x7e, 0xf7, 0xc8, 0x5, 0x4a, 0x1,
    0x9a, 0x80, 0x90, 0x3, 0xca, 0x2c, 0x1, 0xf8,
    0x80, 0x3f, 0xce, 0x1, 0xf8, 0x4c, 0x40, 0x3c,
    0x44, 0xa, 0x0, 0xe1, 0xe0, 0x2, 0x75, 0x44,
    0x2b, 0x8c, 0x0,

    /* U+0022 "\"" */
    0x6f, 0xfe, 0x90, 0xd, 0x1f, 0xfc, 0xe0, 0x1f,
    0xff, 0xf0, 0xf, 0xff, 0xf8, 0x7, 0xff, 0xfc,
    0x3, 0xff, 0xe6, 0xf9, 0x9d, 0x60, 0x1a, 0xb3,
    0x39, 0x80,

    /* U+0023 "#" */
    0x0, 0xfe, 0x3f, 0xfc, 0x20, 0x1f, 0x5f, 0xfd,
    0x40, 0x1f, 0xfc, 0x15, 0x0, 0x84, 0x40, 0x1f,
    0x28, 0x5, 0xa0, 0x1f, 0xfc, 0x1e, 0x0, 0x88,
    0x3, 0xf0, 0x80, 0x46, 0x1, 0xff, 0xc1, 0x30,
    0x9, 0x40, 0x3e, 0x30, 0xc, 0xc0, 0x1f, 0xfc,
    0x16, 0x0, 0xb8, 0x3, 0xe6, 0x0, 0xc4, 0x1,
    0xff, 0xc1, 0x20, 0x8, 0xc0, 0x3e, 0xd0, 0x8,
    0x80, 0x3f, 0xf8, 0x24, 0x1, 0x94, 0x3, 0xe2,
    0x0, 0x9c, 0x3, 0xff, 0x82, 0xe0, 0x18, 0x40,
    0x3e, 0x70, 0xb, 0x40, 0x3f, 0xf8, 0x24, 0x1,
    0x18, 0x7, 0xe2, 0x0, 0x88, 0x3, 0xff, 0x83,
    0xa0, 0x13, 0x0, 0x7c, 0x40, 0x19, 0xc0, 0x3e,
    0xdf, 0xfe, 0x50, 0x9, 0x7f, 0xfe, 0xd0, 0xd,
    0xbf, 0xf9, 0xc0, 0x3f, 0xff, 0xe0, 0x1f, 0xfc,
    0x8d, 0xff, 0xd2, 0x1, 0x17, 0xff, 0xe1, 0x0,
    0xa7, 0xff, 0x9c, 0x3, 0xee, 0x0, 0x98, 0x3,
    0xf0, 0x80, 0x44, 0x1, 0xff, 0xc1, 0x30, 0x8,
    0x80, 0x3e, 0x30, 0xc, 0xa0, 0x1f, 0xfc, 0x16,
    0x0, 0xbc, 0x3, 0xe6, 0x0, 0xc2, 0x1, 0xff,
    0xc1, 0x20, 0x8, 0x80, 0x3e, 0x20, 0x8, 0xc0,
    0x3f, 0xf8, 0x24, 0x1, 0x94, 0x3, 0xed, 0x0,
    0x98, 0x3, 0xff, 0x82, 0xc0, 0x18, 0x40, 0x3e,
    0x60, 0xb, 0x40, 0x3f, 0xf8, 0x26, 0x1, 0x10,
    0x7, 0xe2, 0x0, 0x88, 0x3, 0xff, 0x83, 0xc0,
    0x13, 0x80, 0x7c, 0x22, 0x0, 0x9c, 0x3, 0xff,
    0x82, 0xa0, 0x11, 0x0, 0x7c, 0x40, 0x18, 0x80,
    0x3f, 0xf8, 0x24, 0x1, 0x70, 0x7, 0xca, 0x1,
    0x10, 0x7, 0xef, 0xff, 0x8, 0x5, 0x3f, 0xff,
    0x48, 0x4, 0x5f, 0xfc, 0x80, 0x1f, 0xff, 0xf0,
    0xf, 0xfe, 0x47, 0xff, 0x20, 0x4, 0xdf, 0xff,
    0x68, 0x6, 0xef, 0xfe, 0x40, 0xf, 0x98, 0x2,
    0xe0, 0xf, 0x9c, 0x3, 0x8, 0x7, 0xff, 0x4,
    0x80, 0x23, 0x0, 0xf8, 0x80, 0x23, 0x0, 0xff,
    0xe0, 0x90, 0x6, 0x60, 0xf, 0xb4, 0x2, 0x60,
    0xf, 0xfe, 0xb, 0x80, 0x62, 0x0, 0xf9, 0xc0,
    0x2d, 0x0, 0xff, 0xe0, 0xe8, 0x4, 0x40, 0x1f,
    0x88, 0x2, 0x20, 0xf, 0xfe, 0x9, 0x0, 0x4e,
    0x1, 0xf1, 0x0, 0x67, 0x0, 0xff, 0xe0, 0xb8,
    0x4, 0x40, 0x1f, 0x30, 0x6, 0x20, 0xf, 0xfe,
    0x9, 0x0, 0x5a, 0x1, 0xf1, 0x80, 0x44, 0x1,
    0xff, 0xc1, 0x20, 0xc, 0xc0, 0x1f, 0x70, 0x4,
    0xc0, 0x1f, 0xe0,

    /* U+0024 "$" */
    0x0, 0xff, 0x85, 0x9b, 0x80, 0x3f, 0xf9, 0x45,
    0x33, 0xc2, 0x1, 0xff, 0xff, 0x0, 0xff, 0xe8,
    0xa, 0x58, 0x7, 0x31, 0x80, 0x7f, 0xf1, 0x16,
    0xfa, 0xdc, 0x3, 0xa3, 0x3e, 0xd0, 0x3, 0xfe,
    0x3d, 0xa4, 0x0, 0xff, 0x92, 0xf4, 0xc0, 0x3f,
    0x36, 0x10, 0x7, 0xff, 0xc, 0xb2, 0x0, 0x3c,
    0x92, 0x1, 0xff, 0xc7, 0x79, 0x0, 0xea, 0x0,
    0xff, 0xe4, 0xb3, 0x0, 0x26, 0x10, 0xe, 0x19,
    0xf5, 0x0, 0x9f, 0xa4, 0x80, 0x39, 0x58, 0x2,
    0xa0, 0xf, 0x63, 0x0, 0x78, 0x5b, 0x60, 0x2,
    0x7a, 0x0, 0xc6, 0x1, 0xce, 0x40, 0x1f, 0xe7,
    0xa0, 0x98, 0x0, 0xc4, 0x1, 0xeb, 0x0, 0xff,
    0xe0, 0x2f, 0x30, 0x7, 0x8, 0x7, 0x84, 0x3,
    0xff, 0x82, 0x20, 0x1f, 0xfd, 0x61, 0x0, 0xf2,
    0x0, 0x7f, 0xf2, 0x8, 0x3, 0xd4, 0x1, 0xff,
    0xc9, 0x30, 0xe, 0x3b, 0x10, 0xf, 0xfe, 0x3d,
    0x0, 0x79, 0x3e, 0x18, 0x3, 0xff, 0x8a, 0xc4,
    0x1, 0xe1, 0x73, 0x0, 0x84, 0x3, 0xff, 0x85,
    0xe2, 0x1, 0xff, 0x37, 0x4a, 0x0, 0x7f, 0xc5,
    0x84, 0x1, 0xff, 0xb, 0x5f, 0x38, 0x7, 0xf8,
    0xb5, 0xc0, 0x3f, 0xf8, 0x23, 0x1c, 0x80, 0x1f,
    0xe8, 0xe8, 0x10, 0xf, 0xfe, 0x0, 0xdb, 0x80,
    0x7f, 0x85, 0xfb, 0x1c, 0x40, 0x3f, 0xe8, 0x60,
    0xf, 0xfe, 0x1, 0xc2, 0x0, 0x42, 0x1, 0xfa,
    0x44, 0x3, 0xff, 0x8a, 0xdc, 0xa0, 0x1f, 0x30,
    0x7, 0xff, 0x18, 0x6a, 0x40, 0x3d, 0x60, 0x1f,
    0xfc, 0x86, 0x50, 0xe, 0x30, 0xf, 0xfe, 0x4f,
    0x0, 0x78, 0x40, 0x3f, 0xf9, 0xa, 0x1, 0xe3,
    0x0, 0xff, 0xe7, 0x98, 0x6, 0x22, 0x0, 0x7f,
    0xf0, 0x8c, 0x3, 0xc2, 0x1, 0x1e, 0x78, 0x80,
    0x7f, 0xf0, 0x50, 0x3, 0x88, 0x2, 0x4c, 0x12,
    0xc2, 0x0, 0xff, 0xe0, 0x58, 0x7, 0x38, 0x1,
    0x6c, 0x2, 0x2d, 0x81, 0x0, 0xfc, 0x38, 0x40,
    0x1d, 0xe0, 0x34, 0x1, 0xe7, 0xeb, 0x76, 0x0,
    0x8e, 0xb8, 0xc0, 0x38, 0x54, 0x6, 0xc0, 0x3f,
    0x24, 0x18, 0x4, 0x8a, 0x1, 0xf5, 0x0, 0x49,
    0x62, 0x1, 0xff, 0xc8, 0x74, 0x0, 0xc9, 0xe8,
    0x1, 0xff, 0xc6, 0x88, 0x0, 0x78, 0x6e, 0xc6,
    0x1, 0xff, 0xc2, 0x4d, 0x70, 0xf, 0xe4, 0xcd,
    0x84, 0x10, 0xf, 0xa, 0x46, 0xd9, 0x0, 0x7f,
    0xf0, 0x9, 0xef, 0xb0, 0x3, 0xbe, 0xdc, 0x80,
    0x3f, 0xff, 0xe0, 0x1f, 0xfe, 0x0,

    /* U+0025 "%" */
    0x0, 0xf0, 0xa3, 0x3b, 0x28, 0x80, 0x7f, 0xf5,
    0xce, 0xfa, 0xe6, 0x26, 0xbb, 0x10, 0x3, 0xff,
    0x89, 0x9f, 0xfc, 0x40, 0x1f, 0xcd, 0x88, 0x1,
    0xf1, 0xdc, 0x0, 0x7f, 0xf0, 0x98, 0xc0, 0x33,
    0x90, 0x7, 0xe4, 0x90, 0xf, 0xf9, 0xdc, 0x1,
    0xff, 0xc0, 0x18, 0x0, 0xc3, 0x0, 0x1f, 0xd4,
    0x1, 0xcd, 0x2e, 0x20, 0x1a, 0x8, 0x3, 0xfe,
    0xb1, 0x0, 0xd4, 0x1, 0xfc, 0xa2, 0x1, 0xae,
    0x5a, 0x30, 0x3, 0xa8, 0x3, 0xfc, 0x8a, 0x1,
    0x95, 0x0, 0x3f, 0xb8, 0x3, 0x12, 0x0, 0x44,
    0xa0, 0x19, 0x80, 0x3f, 0xd2, 0x1, 0xd6, 0x1,
    0xfe, 0x50, 0xc, 0x80, 0x1d, 0xa0, 0x18, 0x44,
    0x1, 0xfa, 0x8, 0x3, 0x48, 0x80, 0x7f, 0x8,
    0x80, 0x3f, 0xc2, 0x1, 0xca, 0x1, 0xf1, 0x38,
    0x6, 0x36, 0x0, 0xff, 0x18, 0x7, 0xff, 0x14,
    0x40, 0x3e, 0x90, 0xe, 0xf0, 0xf, 0xf8, 0x40,
    0x3f, 0xf8, 0xa6, 0x1, 0xe6, 0x40, 0xc, 0xe6,
    0x1, 0xff, 0xd7, 0x18, 0x0, 0xc3, 0x0, 0x1f,
    0xfc, 0x1, 0x0, 0xff, 0xe2, 0x98, 0x7, 0x58,
    0x80, 0x6b, 0x0, 0xff, 0xec, 0x1a, 0x80, 0x64,
    0x50, 0xf, 0xfe, 0x9, 0x0, 0x7f, 0xf1, 0x5c,
    0x3, 0x70, 0x7, 0x50, 0x7, 0xff, 0xc, 0xc0,
    0x31, 0x0, 0x77, 0x0, 0x71, 0x0, 0x4e, 0x40,
    0x1a, 0x4, 0x3, 0xff, 0x86, 0x80, 0x19, 0x4,
    0x3, 0x28, 0x6, 0x40, 0x8, 0xa0, 0x3, 0x1b,
    0x80, 0x7f, 0xf1, 0x28, 0x3, 0xa8, 0x40, 0x12,
    0x40, 0x1b, 0x80, 0x29, 0x0, 0xef, 0x0, 0xff,
    0xe2, 0x92, 0x80, 0x64, 0xee, 0x7b, 0x0, 0x63,
    0x50, 0x2, 0xa0, 0x6, 0x63, 0x0, 0x8e, 0x2f,
    0x75, 0x92, 0xa0, 0x1f, 0x59, 0x0, 0x70, 0x80,
    0x70, 0xf0, 0x0, 0x6c, 0x3, 0xc, 0x80, 0xb,
    0x30, 0xe8, 0x44, 0x36, 0xad, 0x40, 0xe, 0x1c,
    0x40, 0xf, 0xe3, 0xc2, 0x0, 0x40, 0x80, 0x6b,
    0x0, 0x1e, 0x18, 0x7, 0xe2, 0xb6, 0x0, 0xe1,
    0xbc, 0x63, 0x10, 0x12, 0x6b, 0xc2, 0x0, 0x1b,
    0x0, 0x64, 0x50, 0x6, 0x88, 0x7, 0xfd, 0x24,
    0x1, 0xe3, 0x9c, 0xef, 0xed, 0x94, 0x0, 0xdc,
    0x1, 0xd4, 0x0, 0x81, 0x0, 0xd1, 0xdf, 0x40,
    0x1d, 0x20, 0x1f, 0xfc, 0x67, 0x20, 0xd, 0x2,
    0x0, 0x60, 0xc, 0xae, 0x20, 0xb2, 0x1, 0x90,
    0x80, 0x3f, 0xf8, 0x85, 0x0, 0x18, 0x9c, 0x0,
    0x62, 0x1, 0xb8, 0x3, 0x30, 0x7, 0x28, 0x7,
    0xff, 0x12, 0x40, 0x3b, 0x80, 0x25, 0x0, 0xe6,
    0x0, 0xe1, 0x0, 0xda, 0x1, 0xff, 0xc3, 0x54,
    0x0, 0xcc, 0x60, 0x17, 0x0, 0x71, 0x80, 0x71,
    0x80, 0x66, 0x0, 0xff, 0xe1, 0xd, 0x80, 0x61,
    0x90, 0xc, 0x40, 0x1f, 0xfc, 0x41, 0x0, 0xff,
    0xe1, 0x40, 0x80, 0x6b, 0x0, 0xff, 0xe5, 0x18,
    0x7, 0xff, 0x4, 0xd8, 0x3, 0x22, 0x80, 0x70,
    0x80, 0x7f, 0xf1, 0x4, 0x3, 0xff, 0x83, 0xc0,
    0x1d, 0x20, 0x1e, 0x10, 0xf, 0xfe, 0x20, 0x80,
    0x7f, 0xf0, 0x1c, 0x80, 0x34, 0x10, 0x7, 0x8c,
    0x3, 0xff, 0x88, 0x60, 0x1f, 0xf1, 0x40, 0x6,
    0x27, 0x0, 0xf8, 0x40, 0x3f, 0xf8, 0x8c, 0x1,
    0xff, 0x48, 0x7, 0x70, 0x7, 0xed, 0x0, 0xe2,
    0x0, 0xe3, 0x0, 0xc6, 0x1, 0xfe, 0x54, 0x0,
    0xcc, 0x60, 0x1f, 0x90, 0x3, 0x94, 0x3, 0x10,
    0x80, 0x6d, 0x0, 0xff, 0x58, 0x6, 0x18, 0x0,
    0xfe, 0x13, 0x0, 0xd6, 0x1, 0xac, 0x3, 0x94,
    0x3, 0xfa, 0x44, 0x3, 0x58, 0x80, 0x7f, 0xa4,
    0x3, 0x16, 0xbb, 0x5b, 0x0, 0x67, 0x0, 0xfe,
    0x36, 0x0, 0xc8, 0xa0, 0x1f, 0xf2, 0xa0, 0x6,
    0x28, 0x94, 0x0, 0xc5, 0x0, 0x1f, 0xdc, 0x1,
    0xd2, 0x1, 0xff, 0xc1, 0xb4, 0x0, 0xff, 0x17,
    0x80, 0x7f, 0x39, 0x0, 0x68, 0x20, 0xf, 0xfe,
    0x15, 0xc8, 0x80, 0x78, 0x5f, 0x48, 0x3, 0xf9,
    0xff, 0xf9, 0xc0, 0x3f, 0xf8, 0x8d, 0xdb, 0x51,
    0x9, 0xce, 0x80, 0xc,

    /* U+0026 "&" */
    0x0, 0xff, 0x12, 0xb3, 0xb9, 0x90, 0x40, 0x3f,
    0xf9, 0x65, 0x3f, 0xb5, 0x31, 0x9, 0xbe, 0xc5,
    0x0, 0xff, 0xe4, 0x3e, 0xb0, 0x7, 0xf1, 0xd6,
    0x8, 0x7, 0xff, 0x16, 0x20, 0x1, 0xff, 0xc1,
    0x3c, 0x10, 0xf, 0xfe, 0x19, 0xb8, 0x7, 0xff,
    0xc, 0xac, 0x3, 0xff, 0x87, 0x0, 0x1f, 0x9,
    0x90, 0x7, 0xca, 0x60, 0x1f, 0xfc, 0x24, 0x0,
    0xf5, 0x76, 0x6f, 0x20, 0x7, 0x90, 0x3, 0xff,
    0x82, 0x60, 0x1e, 0x95, 0x0, 0x86, 0xc4, 0x3,
    0xb0, 0x3, 0xff, 0x82, 0xe0, 0x1e, 0x40, 0xf,
    0x20, 0x7, 0x38, 0x7, 0xff, 0x4, 0x40, 0x3c,
    0x60, 0x1f, 0xfc, 0xe6, 0x0, 0xf1, 0x0, 0x7f,
    0xf0, 0x18, 0x3, 0xff, 0x82, 0x60, 0x1e, 0x40,
    0xf, 0x38, 0x7, 0x68, 0x7, 0xff, 0x9, 0x0,
    0x3a, 0x40, 0x39, 0x8, 0x3, 0x98, 0x3, 0xff,
    0x85, 0xe0, 0x1c, 0x30, 0x1, 0xd, 0x0, 0x72,
    0x88, 0x7, 0xff, 0x9, 0x8, 0x3, 0x9d, 0x40,
    0xb0, 0x40, 0x30, 0xd8, 0x7, 0xff, 0x12, 0x40,
    0x3d, 0x53, 0xa4, 0x1, 0xd4, 0x20, 0x1f, 0xfc,
    0x44, 0x60, 0xf, 0x30, 0x7, 0xad, 0x0, 0x3f,
    0xf8, 0xd2, 0x40, 0x1f, 0xe1, 0xc4, 0x0, 0xff,
    0xe4, 0x50, 0x7, 0xf3, 0x79, 0x80, 0x68, 0xaa,
    0xf8, 0x80, 0x3c, 0x37, 0x0, 0x1f, 0x86, 0x4,
    0x3, 0x99, 0x57, 0xe6, 0x0, 0xe3, 0xf4, 0x0,
    0xfe, 0x1a, 0x0, 0xf0, 0x80, 0x7f, 0xf0, 0x13,
    0x4, 0x3, 0xfe, 0x48, 0x0, 0xc4, 0x1, 0xff,
    0xc0, 0x2b, 0x0, 0xf3, 0x38, 0x7, 0x9d, 0x0,
    0x26, 0x0, 0xff, 0xe0, 0x70, 0x7, 0xa2, 0x61,
    0x0, 0x3d, 0x42, 0x0, 0x30, 0xf, 0xf9, 0xc,
    0x3, 0x95, 0xc0, 0x14, 0x40, 0x1c, 0x3a, 0x0,
    0xc0, 0xc, 0x3f, 0xf2, 0x0, 0x38, 0x3, 0xd0,
    0x1, 0xf, 0x0, 0x78, 0xe0, 0x14, 0x3, 0x20,
    0x7, 0x90, 0x3, 0x88, 0x80, 0x18, 0xe4, 0x3,
    0xcf, 0x2, 0x1, 0xb0, 0x3, 0x84, 0x40, 0x1c,
    0xc0, 0x1e, 0x66, 0x0, 0x79, 0xc0, 0x39, 0x0,
    0x38, 0x80, 0x3c, 0x20, 0x1f, 0x49, 0x0, 0x7f,
    0x88, 0x80, 0x1f, 0xfc, 0x9f, 0x0, 0xff, 0x50,
    0x7, 0x84, 0x3, 0xc2, 0x1, 0xf8, 0xa8, 0x3,
    0xf9, 0x80, 0x3c, 0x60, 0x1e, 0x50, 0xf, 0xe5,
    0x70, 0xf, 0x88, 0x40, 0x3c, 0x22, 0x0, 0xe1,
    0x60, 0xf, 0xed, 0x0, 0xf8, 0xa4, 0x3, 0xe5,
    0x0, 0xf4, 0xa0, 0x7, 0xcd, 0x40, 0x1f, 0x99,
    0x80, 0x1e, 0xe0, 0xf, 0xae, 0xcc, 0x66, 0x47,
    0xd9, 0x0, 0x73, 0x0, 0x7a, 0x4c, 0x3, 0x94,
    0x40, 0x3e, 0x49, 0xcc, 0x5c, 0x10, 0x0, 0xc6,
    0x48, 0x3, 0xda, 0x20, 0x1d, 0x60, 0x1f, 0xfc,
    0x49, 0x0, 0x78, 0x7, 0x87, 0x40, 0x39, 0x5c,
    0x3, 0xff, 0x84, 0xca, 0x0, 0x29, 0x0, 0xf1,
    0xd0, 0x7, 0x44, 0x0, 0x3f, 0xf8, 0xd, 0x20,
    0x19, 0x94, 0x3, 0xca, 0xe0, 0x1c, 0xfa, 0xc2,
    0x1, 0xf1, 0xdc, 0x80, 0x7a, 0x88, 0x3, 0xd0,
    0x80, 0x1c, 0x53, 0xd9, 0x53, 0x13, 0x5d, 0x88,
    0x1, 0xfb, 0x7f, 0xfe, 0x40,

    /* U+0027 "'" */
    0x6f, 0xfe, 0x90, 0xf, 0xff, 0xf8, 0x7, 0xff,
    0x65, 0xf3, 0x3a, 0xc0,

    /* U+0028 "(" */
    0x0, 0xfe, 0x67, 0x7e, 0x20, 0xf, 0xd7, 0x31,
    0x1b, 0x8, 0x3, 0xe9, 0x40, 0xc, 0x76, 0x1,
    0xf2, 0xb0, 0x6, 0x1d, 0x0, 0xf8, 0xa8, 0x3,
    0xac, 0x40, 0x3e, 0x90, 0xe, 0x55, 0x0, 0x7c,
    0x88, 0x0, 0xeb, 0x0, 0xfd, 0x20, 0x1d, 0x2,
    0x1, 0xf2, 0x10, 0x6, 0x17, 0x0, 0xfd, 0xe0,
    0x1d, 0x20, 0x1f, 0x89, 0x0, 0x39, 0x80, 0x3f,
    0x28, 0x7, 0x28, 0x80, 0x7e, 0xb0, 0xe, 0xe0,
    0xf, 0xc2, 0x60, 0x1c, 0x80, 0x1f, 0x90, 0x3,
    0x90, 0x3, 0xfb, 0x0, 0x3b, 0x0, 0x3f, 0x94,
    0x3, 0x90, 0x3, 0xf8, 0xc0, 0x38, 0x80, 0x3f,
    0x10, 0x7, 0x84, 0x3, 0xf3, 0x0, 0x71, 0x0,
    0x7f, 0x10, 0x7, 0x8, 0x7, 0xf7, 0x0, 0x73,
    0x80, 0x7f, 0x8, 0x7, 0xff, 0x4c, 0xc0, 0x3f,
    0xf8, 0x62, 0x1, 0xff, 0xc3, 0x10, 0xf, 0xfe,
    0x99, 0x80, 0x7f, 0xf0, 0xc4, 0x3, 0xff, 0x87,
    0xe0, 0x1c, 0xe0, 0x1f, 0xc4, 0x1, 0xff, 0xc3,
    0x60, 0xe, 0x20, 0xf, 0xe2, 0x0, 0xe1, 0x0,
    0xfe, 0x11, 0x0, 0x71, 0x0, 0x7f, 0x28, 0x7,
    0x38, 0x7, 0xf6, 0x0, 0x76, 0x0, 0x7f, 0x20,
    0x7, 0x20, 0x7, 0xf1, 0x88, 0x6, 0x21, 0x0,
    0xfe, 0x40, 0xe, 0x60, 0xf, 0xef, 0x0, 0xea,
    0x0, 0xfe, 0x51, 0x0, 0xc4, 0x60, 0x1f, 0xcc,
    0x1, 0xd0, 0x1, 0xfd, 0x20, 0x1c, 0x84, 0x1,
    0xf8, 0x58, 0x3, 0xa4, 0x3, 0xfa, 0x0, 0x39,
    0x10, 0x1, 0xf8, 0x60, 0x3, 0xa4, 0x3, 0xf9,
    0xcc, 0x3, 0x15, 0x0, 0x7f, 0x68, 0x80, 0x65,
    0x50, 0x7, 0xe1, 0xa0, 0xe, 0xa3, 0x0, 0xfc,
    0x94, 0x1, 0xda, 0x40,

    /* U+0029 ")" */
    0x27, 0x7e, 0x60, 0xf, 0xe2, 0xc8, 0x8d, 0x34,
    0x1, 0xfd, 0x66, 0x1, 0x96, 0x40, 0x3f, 0xb8,
    0x3, 0x99, 0x40, 0x3f, 0x15, 0x0, 0x75, 0x88,
    0x7, 0xe5, 0x50, 0x6, 0x1b, 0x0, 0xfe, 0xb0,
    0xe, 0x53, 0x0, 0xfc, 0x30, 0x1, 0xde, 0x1,
    0xfc, 0xe0, 0x1c, 0x66, 0x0, 0xfe, 0x70, 0xe,
    0x90, 0xf, 0xe9, 0x0, 0xe5, 0x10, 0xf, 0xc2,
    0x80, 0x1c, 0xe0, 0x1f, 0xdc, 0x1, 0xda, 0x1,
    0xfc, 0xa0, 0x1c, 0x82, 0x1, 0xfc, 0x80, 0x1c,
    0x80, 0x1f, 0xc6, 0x1, 0xda, 0x1, 0xfd, 0x80,
    0x1c, 0x80, 0x1f, 0xcc, 0x1, 0xc6, 0x1, 0xfc,
    0x40, 0x1e, 0x10, 0xf, 0xe2, 0x0, 0xe2, 0x0,
    0xff, 0xe1, 0xb0, 0x7, 0xf0, 0x80, 0x71, 0x0,
    0x7f, 0x38, 0x7, 0x78, 0x7, 0xff, 0xc, 0x40,
    0x3f, 0xfa, 0x66, 0x1, 0xff, 0xd3, 0x30, 0xf,
    0xfe, 0x98, 0x80, 0x7f, 0x38, 0x7, 0x78, 0x7,
    0xf0, 0x80, 0x71, 0x80, 0x7f, 0x18, 0x7, 0x30,
    0x7, 0xf0, 0x80, 0x71, 0x0, 0x7e, 0x30, 0xe,
    0x10, 0xf, 0xe6, 0x0, 0xe4, 0x0, 0xfe, 0xc0,
    0xe, 0xd0, 0xf, 0xe4, 0x0, 0xe4, 0x0, 0xfc,
    0x44, 0x0, 0xc2, 0x60, 0x1f, 0x94, 0x3, 0x9c,
    0x3, 0xfa, 0x80, 0x3b, 0x40, 0x3f, 0x21, 0x0,
    0x61, 0x40, 0xf, 0xde, 0x1, 0xd2, 0x1, 0xf8,
    0xd0, 0x3, 0x98, 0x3, 0xf4, 0x0, 0x73, 0x88,
    0x7, 0xca, 0x80, 0x18, 0x60, 0x3, 0xe1, 0xb0,
    0xe, 0x80, 0xf, 0xd6, 0x20, 0x19, 0x18, 0x3,
    0xe6, 0x50, 0xc, 0x34, 0x1, 0xf2, 0x48, 0x7,
    0x68, 0x80, 0x78, 0xac, 0x3, 0xac, 0xc0, 0x3e,

    /* U+002A "*" */
    0x0, 0xff, 0x57, 0xff, 0x38, 0x7, 0xff, 0x20,
    0x80, 0x38, 0x80, 0x3f, 0xf9, 0x1c, 0x1, 0xce,
    0x1, 0xff, 0xc8, 0x20, 0xe, 0x20, 0xf, 0xfe,
    0x43, 0x0, 0x61, 0x0, 0xff, 0xe4, 0x90, 0x6,
    0x20, 0xf, 0xfe, 0xf, 0x49, 0x0, 0x78, 0x80,
    0x26, 0x0, 0xf1, 0xdd, 0x80, 0x24, 0x16, 0xda,
    0x20, 0xc, 0xc0, 0x16, 0x80, 0x64, 0xcc, 0x22,
    0x4, 0x1, 0xa0, 0x12, 0xed, 0x10, 0x0, 0x80,
    0x22, 0x0, 0x26, 0x59, 0x80, 0x4e, 0x0, 0x70,
    0xe, 0x5d, 0xa2, 0xe0, 0x8, 0x53, 0x2c, 0xc0,
    0x3b, 0x41, 0x4, 0x3, 0xe5, 0xd8, 0x0, 0xae,
    0xc6, 0x1, 0xf2, 0x9, 0x8, 0x7, 0xff, 0x2c,
    0x88, 0xdd, 0xcb, 0x85, 0x30, 0xf, 0xfe, 0x9,
    0xb4, 0xe7, 0xe9, 0x80, 0x5, 0x1e, 0xb3, 0xf6,
    0x80, 0x3c, 0x55, 0xbf, 0x92, 0xc6, 0x1, 0xff,
    0x10, 0x80, 0x78, 0xdc, 0x80, 0x3f, 0xf8, 0x89,
    0x60, 0x1e, 0x1c, 0x20, 0xf, 0xfe, 0x19, 0xd8,
    0x4, 0x36, 0x1, 0xe, 0x8, 0x7, 0xff, 0x4,
    0xf0, 0x3, 0x42, 0x30, 0x4, 0x38, 0x20, 0x1f,
    0xf1, 0x68, 0x6, 0x26, 0x8, 0x0, 0xc5, 0x82,
    0x1, 0xfc, 0x58, 0x20, 0x1a, 0x0, 0x2, 0xe0,
    0x18, 0xb4, 0x3, 0xf1, 0x60, 0x80, 0x63, 0x50,
    0xa, 0x44, 0x3, 0x1e, 0x0, 0x7c, 0x20, 0x1e,
    0xf0, 0xc, 0x32, 0x1, 0xe1, 0x0, 0xf1, 0xfa,
    0x80, 0x48, 0x60, 0x1c, 0xe2, 0x1, 0x3e, 0x8,
    0x7, 0xc3, 0x52, 0x0, 0x90, 0xf, 0xa0, 0x6,
    0xe0, 0x3, 0xfe, 0x6d, 0x82, 0x0, 0xf9, 0x99,
    0xe8, 0x1, 0xe0,

    /* U+002B "+" */
    0x0, 0xfe, 0xdf, 0xfe, 0x10, 0xf, 0xff, 0xf8,
    0x7, 0xff, 0xfc, 0x3, 0xff, 0xde, 0x8a, 0xbf,
    0x8c, 0x3, 0x9d, 0x57, 0xf0, 0x4d, 0x57, 0xe1,
    0x0, 0xe9, 0xaa, 0xfc, 0x20, 0x1f, 0xff, 0xf0,
    0xf, 0xfe, 0x6e, 0xff, 0xfe, 0x20, 0xe, 0xef,
    0xff, 0xc2, 0x1, 0xff, 0xff, 0x0, 0xff, 0xff,
    0x80, 0x7f, 0xfb, 0xe6, 0xab, 0x84, 0x3, 0xf8,

    /* U+002C "," */
    0x0, 0xff, 0xe1, 0x15, 0xff, 0xd8, 0xa0, 0x1b,
    0x10, 0x2, 0x3a, 0x40, 0x3, 0x8, 0x7, 0xbc,
    0x1, 0xc0, 0x1f, 0x30, 0x7, 0xff, 0x7, 0xc0,
    0x3f, 0xc8, 0x1, 0xf0, 0x80, 0xd, 0x80, 0x3c,
    0xa0, 0x14, 0xe2, 0x0, 0x6c, 0x0, 0xc6, 0x1,
    0xc8, 0x1, 0x85, 0x0, 0x25, 0x10, 0xd, 0x60,
    0x1a, 0x40, 0x31, 0xa8, 0x4, 0xa6, 0x1, 0xb8,
    0x2, 0x1b, 0x0, 0xd6, 0x40, 0x16, 0x88, 0x5,
    0x48, 0x0, 0x1c, 0x30, 0x8,

    /* U+002D "-" */
    0x2b, 0xbf, 0xfe, 0x12, 0x8a, 0x27, 0xff, 0x8,
    0x80, 0x3f, 0xff, 0xe0, 0x1c,

    /* U+002E "." */
    0x0, 0x88, 0xcc, 0x1, 0x93, 0x75, 0x98, 0xf8,
    0x1, 0xb2, 0x0, 0xce, 0xce, 0x1, 0xf5, 0x70,
    0x7, 0xc2, 0x1, 0xfd, 0xe0, 0x1f, 0xa, 0x80,
    0x7c, 0x85, 0x0, 0x1c, 0x90, 0xf, 0xb3, 0x10,
    0xcb, 0x0,

    /* U+002F "/" */
    0x0, 0xff, 0xe1, 0x1f, 0xff, 0x38, 0x7, 0xff,
    0x9, 0x0, 0x39, 0x40, 0x3f, 0xf8, 0x56, 0x1,
    0x88, 0x80, 0x1f, 0xfc, 0x11, 0x30, 0xc, 0x80,
    0x1f, 0xfc, 0x24, 0x0, 0xed, 0x0, 0xff, 0xe1,
    0x78, 0x7, 0x20, 0x7, 0xff, 0x9, 0x0, 0x32,
    0x0, 0x7f, 0xf0, 0x8c, 0x40, 0x36, 0x80, 0x7f,
    0xf0, 0xac, 0x3, 0x9c, 0x3, 0xff, 0x84, 0xa0,
    0x18, 0x84, 0x3, 0xff, 0x82, 0x44, 0x0, 0xca,
    0x1, 0xff, 0xc2, 0x40, 0xe, 0xb0, 0xf, 0xfe,
    0x16, 0x80, 0x61, 0x30, 0xf, 0xfe, 0x12, 0x0,
    0x64, 0x0, 0xff, 0xe1, 0x20, 0x7, 0x78, 0x7,
    0xff, 0xb, 0x40, 0x39, 0x0, 0x3f, 0xf8, 0x4e,
    0x1, 0x8c, 0x40, 0x3f, 0xf8, 0x24, 0x20, 0x1a,
    0xc0, 0x3f, 0xf8, 0x4a, 0x1, 0xca, 0x1, 0xff,
    0xc2, 0xb0, 0xc, 0x24, 0x1, 0xff, 0xc1, 0x13,
    0x0, 0xce, 0x1, 0xff, 0xc2, 0x40, 0xe, 0xd0,
    0xf, 0xfe, 0x17, 0x80, 0x72, 0x0, 0x7f, 0xf0,
    0x90, 0x3, 0x20, 0x7, 0xff, 0x8, 0xc4, 0x3,
    0x68, 0x7, 0xff, 0xa, 0xc0, 0x39, 0x0, 0x3f,
    0xf8, 0x4a, 0x1, 0x88, 0x80, 0x1f, 0xfc, 0x11,
    0x20, 0xc, 0xa0, 0x1f, 0xfc, 0x27, 0x0, 0xeb,
    0x0, 0xff, 0xe1, 0x68, 0x6, 0x13, 0x0, 0xff,
    0xe1, 0x20, 0x6, 0x40, 0xf, 0xfe, 0x12, 0x0,
    0x77, 0x80, 0x7f, 0xf0, 0xb4, 0x3, 0x90, 0x3,
    0xff, 0x84, 0xe0, 0x18, 0xc4, 0x3, 0xff, 0x82,
    0x42, 0x1, 0xac, 0x3, 0xff, 0x84, 0xa0, 0x1c,
    0x80, 0x1f, 0xfc, 0x2b, 0x0, 0xc2, 0x60, 0x1f,
    0xfc, 0x11, 0x30, 0xc, 0xe0, 0x1f, 0xfc, 0x24,
    0x0, 0xed, 0x0, 0xff, 0xe1, 0x78, 0x7, 0x20,
    0x7, 0xff, 0x9, 0x0, 0x32, 0x0, 0x7f, 0xf0,
    0x8c, 0x40, 0x36, 0x80, 0x7f, 0xf0, 0xac, 0x3,
    0x90, 0x3, 0xff, 0x84, 0xa0, 0x18, 0x88, 0x1,
    0xff, 0xc1, 0x12, 0x0, 0xca, 0x1, 0xff, 0xc2,
    0x70, 0xe, 0xc0, 0xf, 0xfe, 0x16, 0x80, 0x72,
    0x0, 0x7f, 0xf0, 0x90, 0x3, 0x28, 0x7, 0xff,
    0x9, 0x0, 0x3b, 0x0, 0x3f, 0xf8, 0x5a, 0x1,
    0xce, 0x1, 0xff, 0xc2,

    /* U+0030 "0" */
    0x0, 0xfe, 0x14, 0x67, 0x73, 0x29, 0x0, 0x7f,
    0xf1, 0x5f, 0x7a, 0xe6, 0x21, 0x35, 0xbd, 0x2,
    0x1, 0xff, 0xc0, 0x4e, 0x82, 0x0, 0xfc, 0x2f,
    0xce, 0x1, 0xfe, 0x6b, 0x10, 0xf, 0xfe, 0xc,
    0x50, 0x7, 0xe4, 0x90, 0xf, 0xfe, 0x22, 0xc0,
    0x7, 0x86, 0x80, 0x3f, 0xf8, 0xce, 0x60, 0x1d,
    0x22, 0x1, 0xf2, 0x33, 0xa8, 0x80, 0x7d, 0xe0,
    0x18, 0x5c, 0x3, 0xcb, 0xf7, 0x31, 0x5d, 0x0,
    0x1e, 0x33, 0x0, 0x4e, 0x1, 0xe4, 0xa0, 0xf,
    0x3b, 0x80, 0x3d, 0x20, 0x16, 0x80, 0x7a, 0x0,
    0x3f, 0x40, 0x7, 0x94, 0x2, 0x40, 0xe, 0x13,
    0x0, 0xfe, 0x50, 0xf, 0x18, 0x18, 0x7, 0x90,
    0x3, 0xfd, 0xa0, 0x1e, 0x40, 0x50, 0xf, 0x10,
    0x7, 0xf8, 0x80, 0x3d, 0xc1, 0xc0, 0x1e, 0xf0,
    0xf, 0xf3, 0x0, 0x79, 0x40, 0x80, 0x3c, 0x20,
    0x1f, 0xfc, 0x52, 0x6, 0x0, 0xff, 0xe2, 0x88,
    0x7, 0x84, 0x4, 0x3, 0xff, 0x9a, 0x26, 0x1,
    0xff, 0xcd, 0x31, 0x0, 0xff, 0xf4, 0x8, 0x7,
    0xff, 0xfc, 0x3, 0x84, 0x40, 0x1f, 0xfc, 0xe3,
    0x0, 0xff, 0xe6, 0x98, 0x80, 0x7f, 0xf3, 0x45,
    0x80, 0x3f, 0xf8, 0xa2, 0x1, 0xe1, 0x2, 0x0,
    0xf0, 0x80, 0x7f, 0xf1, 0x48, 0x38, 0x3, 0xde,
    0x1, 0xfe, 0x60, 0xf, 0x30, 0x28, 0x7, 0x88,
    0x3, 0xfc, 0x40, 0x1e, 0xd0, 0x30, 0xf, 0x20,
    0x7, 0xfb, 0x40, 0x3c, 0x80, 0x4, 0x0, 0xe1,
    0x30, 0xf, 0xe4, 0x0, 0xf1, 0x80, 0x34, 0x3,
    0xd0, 0x1, 0xf9, 0xc4, 0x3, 0x94, 0x2, 0x70,
    0xf, 0x24, 0x80, 0x79, 0xe0, 0x3, 0xdc, 0x1,
    0xb, 0x0, 0x79, 0xbe, 0xe6, 0x2b, 0xa0, 0x3,
    0xc6, 0x80, 0x1a, 0x4, 0x3, 0xe4, 0x67, 0x51,
    0x0, 0xfa, 0x0, 0x38, 0x6c, 0x3, 0xff, 0x8c,
    0xe8, 0x1, 0xe5, 0x90, 0xf, 0xfe, 0x22, 0xc0,
    0x7, 0xe6, 0xb1, 0x0, 0xff, 0xe0, 0xc5, 0x0,
    0x7f, 0x93, 0xa0, 0x80, 0x3f, 0xb, 0x6b, 0x80,
    0x7f, 0xf0, 0x5f, 0x7a, 0xe6, 0x22, 0xad, 0xe9,
    0x20, 0xf, 0x80,

    /* U+0031 "1" */
    0x0, 0xf8, 0x77, 0xff, 0xfc, 0x1, 0xff, 0xc3,
    0xa2, 0x0, 0xff, 0xe6, 0x42, 0x0, 0x7f, 0xf3,
    0x15, 0xc0, 0x3f, 0xf9, 0x87, 0x40, 0x1f, 0xfc,
    0xc1, 0xd0, 0xf, 0x59, 0x0, 0x7f, 0xf1, 0x74,
    0x40, 0x3a, 0x10, 0x3, 0xff, 0x8b, 0x26, 0x1,
    0xca, 0xe0, 0x1f, 0xfc, 0x56, 0x60, 0x7, 0x1d,
    0x0, 0x7f, 0xf1, 0xb4, 0x3, 0x87, 0x40, 0x3f,
    0xf8, 0xf6, 0xe0, 0x1b, 0x44, 0x3, 0xff, 0x91,
    0x16, 0x21, 0x26, 0x1, 0xff, 0xca, 0x4f, 0x96,
    0x0, 0xff, 0xe6, 0xb, 0x0, 0x7f, 0xff, 0xc0,
    0x3f, 0xff, 0xe0, 0x1f, 0xff, 0xf0, 0xf, 0xff,
    0xf8, 0x7, 0xff, 0xfc, 0x3, 0xff, 0xfe, 0x1,
    0xff, 0xff, 0x0, 0xff, 0xe0, 0x56, 0xef, 0xe2,
    0x0, 0xf6, 0xef, 0xe0, 0x9, 0x88, 0xbf, 0x0,
    0x7c, 0x45, 0xf8, 0x3, 0xff, 0xfe, 0x1, 0xff,
    0xd5,

    /* U+0032 "2" */
    0x0, 0xfe, 0x14, 0x67, 0x73, 0x29, 0x0, 0x7f,
    0xf0, 0xc6, 0x3b, 0x97, 0x31, 0x9, 0xad, 0xfa,
    0x30, 0xf, 0xf9, 0xf9, 0xc4, 0x3, 0xf9, 0x72,
    0xc4, 0x3, 0xf5, 0xc0, 0x7, 0xff, 0x9, 0x3c,
    0x80, 0x3d, 0x88, 0x1, 0xff, 0xc4, 0x1f, 0x0,
    0xe9, 0x30, 0xf, 0xfe, 0x31, 0x40, 0x4, 0x6c,
    0x1, 0xf1, 0xbc, 0x39, 0x80, 0x7e, 0x60, 0xa,
    0x0, 0x3c, 0x59, 0x88, 0x78, 0xcb, 0x0, 0xf8,
    0x4c, 0x5, 0x0, 0x38, 0x70, 0xc0, 0x39, 0x28,
    0x3, 0xe4, 0x6, 0x0, 0xf4, 0x8, 0x7, 0xca,
    0x40, 0x1e, 0xd0, 0x7a, 0x40, 0x8, 0x58, 0x3,
    0xf9, 0xc0, 0x3c, 0x20, 0x5, 0xbe, 0x82, 0x40,
    0xf, 0xf1, 0x80, 0x7f, 0xc2, 0xfb, 0x60, 0x1f,
    0xfc, 0xd1, 0x0, 0xff, 0xe2, 0x88, 0x7, 0xff,
    0x18, 0x80, 0x3d, 0xa0, 0x1f, 0xfc, 0x65, 0x0,
    0xf1, 0x80, 0x7f, 0xf1, 0x50, 0x40, 0x38, 0x50,
    0x3, 0xff, 0x8b, 0xe0, 0x1e, 0x60, 0xf, 0xfe,
    0x2a, 0xa0, 0x7, 0xa4, 0x3, 0xff, 0x88, 0x54,
    0x1, 0xe9, 0x10, 0xf, 0xfe, 0x18, 0xf8, 0x7,
    0x91, 0x80, 0x3f, 0xf8, 0x9a, 0x40, 0x1c, 0x54,
    0x1, 0xff, 0xc4, 0xc3, 0x0, 0xe1, 0xf1, 0x0,
    0xff, 0xe1, 0xe1, 0x80, 0x7b, 0x48, 0x3, 0xff,
    0x87, 0x86, 0x1, 0xeb, 0x30, 0xf, 0xfe, 0x1e,
    0x18, 0x7, 0xad, 0x0, 0x3f, 0xf8, 0x78, 0x60,
    0x1e, 0xb4, 0x0, 0xff, 0xe1, 0xe, 0x18, 0x7,
    0xad, 0x0, 0x3f, 0xf8, 0x43, 0xa6, 0x1, 0xeb,
    0x40, 0xf, 0xfe, 0x10, 0xe9, 0x80, 0x7b, 0x10,
    0x3, 0xff, 0x84, 0x3a, 0x60, 0x1e, 0xc3, 0x0,
    0xff, 0xe1, 0xe, 0x18, 0x7, 0xb0, 0xc0, 0x3f,
    0xf8, 0x43, 0x84, 0x1, 0xec, 0x30, 0xf, 0xfe,
    0x1e, 0x90, 0x7, 0xe, 0x18, 0x7, 0xff, 0x10,
    0x80, 0x3c, 0x3b, 0xdd, 0xff, 0xc3, 0x80, 0xf,
    0xe1, 0x1f, 0xfe, 0x28, 0x7, 0xff, 0xfc, 0x3,
    0xff, 0xa2,

    /* U+0033 "3" */
    0x0, 0xff, 0x1b, 0x3b, 0x99, 0x4c, 0x3, 0xff,
    0x88, 0xb7, 0xf9, 0x31, 0x9, 0xac, 0xfc, 0x61,
    0x0, 0xff, 0x27, 0x52, 0x0, 0x7f, 0x1c, 0xfb,
    0x0, 0x7e, 0x9b, 0x10, 0xf, 0xfe, 0x8, 0xcc,
    0x80, 0x3d, 0x6c, 0x1, 0xff, 0xc5, 0x67, 0x0,
    0xd2, 0x80, 0x1f, 0xfc, 0x78, 0x10, 0x2, 0xb0,
    0x7, 0xcb, 0x35, 0x48, 0x30, 0xf, 0xcc, 0x0,
    0x72, 0x0, 0xe6, 0xea, 0x65, 0x53, 0xe5, 0x0,
    0x7d, 0x60, 0x2, 0xc4, 0x0, 0xa6, 0x42, 0x1,
    0xe5, 0x70, 0xf, 0x18, 0x4, 0x36, 0xe0, 0xec,
    0x1, 0xfd, 0x60, 0x1f, 0xfc, 0x8, 0xb8, 0x0,
    0xff, 0x10, 0x7, 0xc2, 0x1, 0xc8, 0x1, 0xff,
    0xc7, 0x10, 0xf, 0xfe, 0x29, 0x80, 0x78, 0x80,
    0x3f, 0xf8, 0xc8, 0x1, 0xe5, 0x0, 0xff, 0xe2,
    0x94, 0x0, 0x7a, 0x80, 0x3f, 0xf8, 0x8d, 0x82,
    0x1, 0xd0, 0x40, 0x1f, 0xc5, 0x77, 0x66, 0xfc,
    0x88, 0x7, 0x33, 0x80, 0x7f, 0x85, 0x12, 0x32,
    0x0, 0xf0, 0xcc, 0x80, 0x3f, 0xf9, 0x29, 0x7c,
    0xc0, 0x1f, 0xfc, 0xb1, 0x10, 0x7, 0xff, 0x2d,
    0x2b, 0xa8, 0x80, 0x3f, 0xf9, 0x8b, 0xa8, 0x1,
    0xfe, 0x3f, 0xfd, 0xd6, 0xa0, 0x1f, 0x59, 0x0,
    0x7f, 0xf0, 0x85, 0x2b, 0x4, 0x3, 0xdc, 0x1,
    0xff, 0xc5, 0x3d, 0x0, 0xf1, 0x98, 0x3, 0xff,
    0x8a, 0x68, 0x1, 0xe4, 0x0, 0xff, 0xe3, 0x18,
    0x7, 0xb0, 0x3, 0xff, 0x8d, 0xc0, 0x1e, 0x70,
    0xf, 0xfe, 0x92, 0x20, 0x3, 0xff, 0x80, 0x20,
    0x1e, 0x70, 0x9, 0xee, 0x40, 0x3f, 0xf8, 0x1e,
    0x1, 0xe1, 0x0, 0x54, 0x1, 0x40, 0x7, 0xfc,
    0xa0, 0x1e, 0xd2, 0xd5, 0x0, 0x9d, 0x80, 0x3f,
    0x98, 0x80, 0x3c, 0x92, 0x40, 0x1d, 0x30, 0x1,
    0xf2, 0xc8, 0x7, 0x88, 0xe4, 0x3, 0xe7, 0xe9,
    0x64, 0x57, 0xca, 0x0, 0xfa, 0x0, 0xa8, 0x3,
    0xe1, 0x69, 0xba, 0x83, 0x0, 0xf8, 0xd4, 0x0,
    0xb0, 0x1, 0xff, 0xc7, 0x1d, 0x0, 0xcf, 0x20,
    0x1f, 0xfc, 0x52, 0xc1, 0x0, 0xe6, 0xd3, 0x0,
    0xff, 0xe1, 0x36, 0x90, 0x7, 0xc5, 0x96, 0xa0,
    0x1f, 0xc4, 0xfd, 0x20, 0x1f, 0xf2, 0x57, 0xed,
    0x4c, 0x42, 0x6f, 0xb6, 0x4, 0x3, 0xc0,

    /* U+0034 "4" */
    0x0, 0xff, 0xe0, 0xb7, 0xff, 0xf0, 0x7, 0xff,
    0x1a, 0x0, 0x3f, 0xf9, 0xce, 0x20, 0x1f, 0xfc,
    0xe9, 0x0, 0xff, 0xe7, 0x38, 0x80, 0x7f, 0xf3,
    0xa4, 0x3, 0xff, 0x9d, 0x2, 0x1, 0x10, 0x80,
    0x7f, 0xf2, 0x5, 0xc0, 0x37, 0x38, 0x7, 0xff,
    0x22, 0x40, 0x32, 0x18, 0x7, 0xff, 0x20, 0x5c,
    0x3, 0x40, 0x7, 0xff, 0x26, 0x0, 0x32, 0x18,
    0x7, 0xff, 0x20, 0x58, 0x3, 0x40, 0x7, 0xff,
    0x26, 0x0, 0x32, 0x18, 0x7, 0xff, 0x20, 0x98,
    0x3, 0x78, 0x7, 0xff, 0x26, 0x0, 0x31, 0xa0,
    0x7, 0xff, 0x20, 0x94, 0x3, 0x40, 0x7, 0xff,
    0x26, 0x0, 0x31, 0xa0, 0x7, 0xff, 0x20, 0xd4,
    0x3, 0x40, 0x7, 0xff, 0x26, 0x0, 0x31, 0xa0,
    0x7, 0xff, 0x20, 0xd0, 0x3, 0x40, 0x7, 0xff,
    0x26, 0x0, 0x31, 0xa0, 0x7, 0xff, 0x21, 0x10,
    0x1, 0xa4, 0x3, 0xff, 0x93, 0x0, 0x18, 0x94,
    0x3, 0xff, 0x90, 0x86, 0x1, 0xa0, 0x3, 0xff,
    0x93, 0x0, 0x18, 0x94, 0x3, 0xff, 0x90, 0x86,
    0x1, 0xa0, 0x3, 0xff, 0x92, 0x40, 0x1d, 0x5f,
    0xff, 0xcc, 0x1, 0xef, 0xfd, 0x20, 0x1f, 0xff,
    0xf0, 0xf, 0xfe, 0xca, 0xb3, 0x7f, 0xf0, 0xc8,
    0x3, 0xcc, 0xdb, 0xe, 0x67, 0xff, 0x86, 0x80,
    0x1e, 0x99, 0xca, 0x1, 0xff, 0xff, 0x0, 0xff,
    0xff, 0x80, 0x7f, 0xf1, 0x80,

    /* U+0035 "5" */
    0x0, 0xbf, 0xff, 0xf9, 0x22, 0x1, 0x84, 0x3,
    0xff, 0x9c, 0x60, 0x1f, 0xfc, 0xe1, 0x0, 0xff,
    0xe7, 0x38, 0x7, 0xff, 0x38, 0x40, 0x38, 0x47,
    0xff, 0x88, 0x1, 0xc6, 0x1, 0xd7, 0xdd, 0xff,
    0xc3, 0x10, 0xc, 0x20, 0x1c, 0xc0, 0x1f, 0xfc,
    0x8f, 0x0, 0xe1, 0x0, 0xff, 0xe4, 0x8, 0x7,
    0x18, 0x7, 0xff, 0x20, 0xc0, 0x38, 0x40, 0x3f,
    0xf9, 0x2, 0x1, 0xff, 0xce, 0x70, 0xc, 0x20,
    0x1f, 0xfc, 0x91, 0x0, 0xc6, 0x1, 0x85, 0xa6,
    0xa6, 0x14, 0x3, 0xfc, 0x60, 0x18, 0x40, 0x29,
    0xe9, 0x65, 0x67, 0xaf, 0xa2, 0x0, 0xf8, 0x40,
    0x33, 0x80, 0x31, 0x80, 0x3f, 0x2e, 0xa8, 0x7,
    0xfc, 0x21, 0x26, 0x1, 0xff, 0x53, 0x0, 0x61,
    0x0, 0xe3, 0x26, 0x0, 0xff, 0xe0, 0xc9, 0x0,
    0x46, 0x1, 0xc3, 0x60, 0x1f, 0xfc, 0x39, 0x0,
    0x84, 0x3, 0x9d, 0x81, 0xf3, 0xbf, 0x64, 0x80,
    0x3e, 0x42, 0x0, 0x30, 0x7, 0x8b, 0x60, 0xc4,
    0x9, 0xb5, 0x0, 0x3e, 0xa0, 0x2, 0x4b, 0xa1,
    0x0, 0xf9, 0x0, 0x7d, 0x40, 0x1f, 0x18, 0x0,
    0x5a, 0x2f, 0x7f, 0x88, 0x3, 0xf0, 0xb0, 0x7,
    0x94, 0x3, 0xff, 0x8f, 0x80, 0x1e, 0x10, 0xf,
    0xfe, 0x3b, 0x0, 0x7c, 0x20, 0x1f, 0xfc, 0x61,
    0x0, 0xf8, 0xc0, 0x3f, 0xf9, 0xc6, 0x1, 0xff,
    0xce, 0x10, 0xe, 0x70, 0xf, 0xfe, 0x0, 0x80,
    0x7f, 0xc3, 0x90, 0xa0, 0x1f, 0xf2, 0x80, 0x78,
    0x80, 0x23, 0xf3, 0xb, 0x10, 0xf, 0xf6, 0x0,
    0x79, 0x0, 0xd, 0x82, 0x0, 0x1d, 0x10, 0xf,
    0xc6, 0xa0, 0x1e, 0xc0, 0x29, 0x0, 0xe3, 0xc3,
    0x0, 0xf1, 0xe8, 0x7, 0x85, 0x40, 0x94, 0x3,
    0xc5, 0x96, 0xea, 0xa6, 0xac, 0x10, 0xf, 0x30,
    0x5, 0x62, 0x1, 0xf2, 0x45, 0x52, 0x54, 0x3,
    0xe2, 0x80, 0x8, 0x70, 0x40, 0x3f, 0xf8, 0xfc,
    0x1, 0xc5, 0x82, 0x1, 0xff, 0xc4, 0x1c, 0x30,
    0xf, 0x17, 0x30, 0x7, 0xff, 0x9, 0x30, 0xc0,
    0x3f, 0xa7, 0x5c, 0x40, 0x3f, 0xa, 0xe5, 0x90,
    0x7, 0xfc, 0x51, 0xdb, 0x73, 0x10, 0x9a, 0xde,
    0xa3, 0x0, 0xf8,

    /* U+0036 "6" */
    0x0, 0xff, 0xe0, 0x57, 0xff, 0xeb, 0x10, 0xf,
    0xfe, 0x10, 0xe2, 0x80, 0x7d, 0x16, 0x20, 0x1f,
    0xfc, 0x12, 0xf3, 0x0, 0xfa, 0xdc, 0x3, 0xff,
    0x84, 0x38, 0x20, 0x1e, 0x2d, 0x40, 0xf, 0xfe,
    0x10, 0xe0, 0x80, 0x78, 0xf0, 0x80, 0x3f, 0xf8,
    0x7a, 0x40, 0x1e, 0x3c, 0x10, 0xf, 0xfe, 0x1c,
    0x18, 0x7, 0x8f, 0x0, 0x3f, 0xf8, 0x8a, 0xe0,
    0x1e, 0x3c, 0x0, 0xff, 0xe2, 0xd8, 0x7, 0x87,
    0x40, 0x3f, 0xf8, 0xb0, 0x20, 0x1e, 0xc1, 0x0,
    0xff, 0xe2, 0x13, 0x80, 0x7a, 0x48, 0x3, 0xff,
    0x8b, 0x0, 0x1e, 0x46, 0x0, 0xff, 0xe2, 0x8a,
    0x80, 0x7a, 0x80, 0x3f, 0xf8, 0xd2, 0x1, 0xe6,
    0x10, 0xf, 0xfe, 0x33, 0x0, 0x7a, 0x0, 0x7,
    0x3b, 0xfe, 0xeb, 0x72, 0x0, 0xf9, 0x4, 0x3,
    0x90, 0x42, 0xb1, 0x88, 0x0, 0x29, 0x1b, 0x20,
    0x1e, 0xd0, 0xf, 0x70, 0x6a, 0x80, 0x7f, 0x36,
    0x88, 0x6, 0x70, 0xf, 0x2d, 0x10, 0x7, 0xfc,
    0x58, 0x1, 0x8, 0x80, 0x38, 0xc9, 0x40, 0x3f,
    0xf8, 0x25, 0x0, 0x5, 0x0, 0xfa, 0x40, 0x2,
    0x88, 0x30, 0xf, 0xe7, 0x10, 0x30, 0xf, 0x1a,
    0x1e, 0x75, 0xdb, 0x3e, 0x40, 0x3f, 0x30, 0x70,
    0x7, 0xc7, 0x86, 0x1, 0xcd, 0x60, 0x1f, 0x58,
    0x18, 0x7, 0xde, 0x1, 0xf9, 0x14, 0x3, 0xc6,
    0x2, 0x1, 0xe2, 0x30, 0xf, 0xee, 0x0, 0xf8,
    0x80, 0x3e, 0x70, 0xf, 0xf2, 0x80, 0x7c, 0x20,
    0x1f, 0x18, 0x7, 0xf8, 0x40, 0x3e, 0x71, 0x0,
    0xff, 0xe6, 0x89, 0x80, 0x7f, 0xf3, 0x5b, 0xc0,
    0x3c, 0x60, 0x1f, 0xfc, 0x61, 0x50, 0xf, 0x30,
    0x7, 0xf8, 0xc0, 0x3e, 0x23, 0x0, 0xf1, 0x88,
    0x7, 0xf2, 0x0, 0x78, 0xc0, 0x8, 0x1, 0xe9,
    0x0, 0xfc, 0x32, 0x1, 0xe5, 0x0, 0x78, 0x7,
    0x9d, 0x80, 0x3c, 0x3a, 0x20, 0x1e, 0xb0, 0x2,
    0x10, 0x7, 0xa7, 0x1d, 0x51, 0xa7, 0x8c, 0x3,
    0xc8, 0x40, 0x14, 0x80, 0x7c, 0x71, 0x57, 0x2c,
    0x1, 0xfa, 0x40, 0x32, 0x38, 0x7, 0xff, 0x1e,
    0x88, 0x3, 0xa1, 0xc0, 0x3f, 0xf8, 0xb2, 0xa0,
    0x1f, 0x44, 0x88, 0x7, 0xff, 0x4, 0xb1, 0x80,
    0x3f, 0x9b, 0xa0, 0xc0, 0x3f, 0x92, 0xb4, 0xc0,
    0x3f, 0xf8, 0xf, 0x9d, 0x75, 0x10, 0x9a, 0xcf,
    0xb5, 0x0, 0xf8,

    /* U+0037 "7" */
    0x1f, 0xff, 0xfe, 0x63, 0x80, 0x7f, 0xff, 0xc0,
    0x3f, 0xfb, 0x4, 0x5f, 0xf0, 0x80, 0x7f, 0xf0,
    0x4f, 0x77, 0xfe, 0x40, 0xf, 0x18, 0x7, 0xff,
    0x19, 0x40, 0x38, 0x50, 0x3, 0xff, 0x8a, 0xc0,
    0x1e, 0x60, 0xf, 0xfe, 0x36, 0x80, 0x7a, 0xc0,
    0x3f, 0xf8, 0xa2, 0x80, 0x1c, 0x46, 0x1, 0xff,
    0xc5, 0x60, 0xf, 0x50, 0x4, 0x67, 0xca, 0x1,
    0xfd, 0x40, 0x1e, 0x50, 0x0, 0xe6, 0x74, 0x80,
    0x7e, 0x32, 0x0, 0xe3, 0x20, 0xf, 0xfe, 0x2d,
    0x0, 0x7a, 0x80, 0x3f, 0xf8, 0xce, 0x1, 0xe7,
    0x0, 0xff, 0xe2, 0xa8, 0x80, 0x72, 0x8, 0x7,
    0xff, 0x17, 0x80, 0x3d, 0xc0, 0x1f, 0xfc, 0x51,
    0x40, 0xf, 0x28, 0x7, 0xff, 0x15, 0xc0, 0x3c,
    0xa0, 0x1f, 0xfc, 0x6a, 0x0, 0xf7, 0x0, 0x7f,
    0xf1, 0x48, 0xc0, 0x38, 0x50, 0x3, 0xff, 0x8b,
    0x40, 0x1e, 0x70, 0xf, 0xfe, 0x33, 0x0, 0x7a,
    0x80, 0x3f, 0xf8, 0xa8, 0x20, 0x1c, 0x46, 0x1,
    0xff, 0xc5, 0xe0, 0xf, 0x28, 0x7, 0xff, 0x19,
    0x40, 0x3d, 0x40, 0x1f, 0xfc, 0x55, 0x0, 0xf1,
    0x90, 0x7, 0xff, 0x17, 0x80, 0x3d, 0x60, 0x1f,
    0xfc, 0x51, 0x40, 0xf, 0x30, 0x7, 0xff, 0x15,
    0x80, 0x3c, 0x82, 0x1, 0xff, 0xc5, 0xa0, 0xf,
    0x68, 0x7, 0xff, 0x14, 0xc8, 0x3, 0xce, 0x1,
    0xff, 0xc5, 0xa0, 0xf, 0x28, 0x80, 0x7f, 0xf1,
    0x5c, 0x3, 0xde, 0x1, 0xff, 0xc5, 0x41, 0x0,
    0xf2, 0x80, 0x7f, 0xf1, 0x78, 0x3, 0xcc, 0x1,
    0xff, 0xc5, 0x15, 0x0, 0xf6, 0x80, 0x7f, 0xf1,
    0x5c, 0x3, 0xc2, 0x80, 0x1f, 0xf0,

    /* U+0038 "8" */
    0x0, 0xfe, 0x25, 0x67, 0x73, 0x29, 0x80, 0x7f,
    0xf1, 0x16, 0xff, 0x6a, 0x62, 0x13, 0x59, 0xf8,
    0xc0, 0x1f, 0xf1, 0x65, 0x20, 0x7, 0xf8, 0xe7,
    0x90, 0x3, 0xf1, 0xe9, 0x80, 0x7f, 0xf0, 0x86,
    0xdc, 0x3, 0xc5, 0x80, 0x1f, 0xfc, 0x68, 0x40,
    0xe, 0x80, 0xf, 0xfe, 0x44, 0x80, 0x61, 0x50,
    0xf, 0xc, 0x6f, 0xfb, 0x64, 0x80, 0x3c, 0x4a,
    0x1, 0x38, 0x7, 0x87, 0xdc, 0x80, 0x4, 0xda,
    0x80, 0x1e, 0xc0, 0xb, 0xc0, 0x3d, 0x42, 0x1,
    0xf5, 0x0, 0x79, 0x0, 0x23, 0x0, 0xf2, 0x0,
    0x7e, 0x14, 0x0, 0xe3, 0x0, 0x84, 0x3, 0x88,
    0x3, 0xfc, 0x40, 0x1c, 0x20, 0x10, 0x80, 0x70,
    0x80, 0x7f, 0xf1, 0x4, 0x2, 0x20, 0xe, 0x10,
    0xf, 0xfe, 0x21, 0x0, 0x5a, 0x1, 0xc4, 0x1,
    0xfe, 0x20, 0xe, 0x50, 0x9, 0x40, 0x3c, 0x80,
    0x1f, 0x85, 0x0, 0x3a, 0x80, 0x34, 0x0, 0x74,
    0x88, 0x7, 0xd4, 0x1, 0xc8, 0x60, 0x19, 0xcc,
    0x3, 0x17, 0xb9, 0x0, 0x5, 0x75, 0x0, 0x30,
    0xd0, 0x7, 0xb5, 0x0, 0x30, 0xc6, 0xff, 0xba,
    0x88, 0x3, 0x16, 0x8, 0x7, 0x86, 0xe8, 0x80,
    0x3f, 0xf8, 0x3, 0x1a, 0x40, 0x1f, 0xcb, 0xa6,
    0x1, 0xff, 0x73, 0x80, 0x7f, 0x8a, 0x78, 0xc0,
    0x3f, 0xef, 0xb4, 0x0, 0xfc, 0xfa, 0xc2, 0x1,
    0xff, 0xc1, 0x4b, 0xa0, 0xf, 0x4c, 0x0, 0x79,
    0x22, 0xae, 0x54, 0x3, 0xcb, 0x80, 0x19, 0x58,
    0x3, 0x87, 0x2d, 0xd5, 0x1a, 0xb8, 0xc0, 0x38,
    0xe4, 0x2, 0xb0, 0xf, 0x51, 0x80, 0x78, 0x74,
    0x40, 0x39, 0x88, 0x10, 0x40, 0x38, 0xd0, 0x3,
    0xf0, 0xb0, 0x7, 0xa8, 0x30, 0x3, 0xc8, 0x1,
    0xfe, 0xc0, 0xf, 0x20, 0x18, 0x7, 0xb8, 0x3,
    0xfc, 0xe0, 0x1e, 0x30, 0x70, 0xf, 0xfe, 0x28,
    0x80, 0x7f, 0xf5, 0xdc, 0x3, 0xc2, 0x1, 0xfe,
    0x60, 0xf, 0xc4, 0x1, 0xec, 0x0, 0xff, 0x18,
    0x7, 0x88, 0x30, 0x3, 0xc8, 0x20, 0x1f, 0xd4,
    0x1, 0xe4, 0x4, 0x0, 0xfb, 0x44, 0x3, 0xe9,
    0x20, 0xf, 0x60, 0xa, 0x80, 0x78, 0xfd, 0x88,
    0x0, 0x2b, 0x8c, 0x1, 0xe1, 0x50, 0x4, 0x0,
    0x7c, 0x33, 0xbf, 0xee, 0xa3, 0x0, 0xfa, 0x0,
    0x22, 0x90, 0xf, 0xfe, 0x43, 0x30, 0x3, 0x34,
    0x0, 0x7f, 0xf1, 0x96, 0x40, 0x3c, 0xf8, 0x40,
    0x1f, 0xfc, 0x39, 0xa0, 0xf, 0xc7, 0xb4, 0x80,
    0x1f, 0xe3, 0x9f, 0x60, 0xf, 0xf9, 0x6f, 0xf6,
    0xa6, 0x21, 0x35, 0x9f, 0x8c, 0x1, 0xf0,

    /* U+0039 "9" */
    0x0, 0xff, 0x12, 0xb3, 0xb9, 0x50, 0x40, 0x3f,
    0xf8, 0x87, 0x5d, 0xb5, 0x31, 0xa, 0xbe, 0xd8,
    0x10, 0xf, 0xf8, 0xaf, 0x14, 0x40, 0x3f, 0x13,
    0xf4, 0x0, 0x7f, 0x26, 0x20, 0x7, 0xff, 0x9,
    0xec, 0x3, 0xe3, 0xb1, 0x0, 0xff, 0xe2, 0x26,
    0x0, 0x7b, 0x80, 0x3f, 0xf8, 0xe6, 0xe0, 0x1a,
    0x8, 0x3, 0xe4, 0x9a, 0xa4, 0x20, 0x7, 0xd0,
    0x40, 0x13, 0x0, 0x78, 0xb6, 0xd9, 0x54, 0xf7,
    0x82, 0x1, 0xea, 0x0, 0x28, 0x80, 0x7b, 0xc8,
    0x3, 0xc7, 0x40, 0x1e, 0x60, 0x6, 0x0, 0x79,
    0x48, 0x3, 0xf2, 0x18, 0x7, 0x9, 0x82, 0x0,
    0x7b, 0x0, 0x3f, 0xc8, 0x1, 0xe4, 0x2, 0x0,
    0xf1, 0x0, 0x7f, 0xb8, 0x3, 0xda, 0x1, 0xf9,
    0xc0, 0x3f, 0xc6, 0x1, 0xe6, 0x10, 0xf, 0xfe,
    0x68, 0x88, 0x3, 0xe7, 0x0, 0xff, 0x18, 0x7,
    0x8c, 0x3, 0xf0, 0x80, 0x7f, 0x84, 0x3, 0xc2,
    0x2, 0x1, 0xec, 0x0, 0xff, 0x60, 0x7, 0xe5,
    0x0, 0xf3, 0x80, 0x7f, 0xa, 0x0, 0x78, 0x43,
    0x0, 0x3c, 0x36, 0x1, 0xfb, 0x40, 0x3e, 0x30,
    0x50, 0xf, 0x93, 0x58, 0x80, 0x4, 0xdc, 0x60,
    0x1f, 0x30, 0x12, 0x0, 0x7c, 0x53, 0xbf, 0xed,
    0x91, 0x49, 0x0, 0xf1, 0x80, 0x24, 0x3, 0xff,
    0x87, 0x18, 0x1, 0xed, 0x0, 0x14, 0x80, 0x7f,
    0xf0, 0x54, 0xdc, 0x3, 0xc8, 0x1, 0x34, 0x80,
    0x7f, 0xc7, 0x46, 0x40, 0x1c, 0x42, 0x1, 0x9b,
    0x50, 0x3, 0xf3, 0xe0, 0x58, 0x7, 0xa8, 0x3,
    0xc5, 0x7d, 0x4e, 0xca, 0xd5, 0xd0, 0x0, 0x60,
    0xf, 0x28, 0x7, 0xe1, 0x58, 0x9a, 0x95, 0x10,
    0x3, 0x88, 0x7, 0x19, 0x0, 0x7f, 0xf1, 0xa4,
    0x3, 0xd2, 0x1, 0xff, 0xc6, 0x91, 0x0, 0xe2,
    0x50, 0xf, 0xfe, 0x2a, 0x30, 0x7, 0xa0, 0x3,
    0xff, 0x8a, 0x34, 0x1, 0xe3, 0x50, 0xf, 0xfe,
    0x2e, 0x88, 0x7, 0xb8, 0x3, 0xff, 0x8b, 0x66,
    0x1, 0xe7, 0x20, 0xf, 0xfe, 0x25, 0x20, 0x7,
    0x8e, 0x0, 0x3f, 0xf8, 0x94, 0xa0, 0x1e, 0x1d,
    0x0, 0xff, 0xe2, 0x5a, 0x80, 0x7d, 0xa2, 0x1,
    0xff, 0xc2, 0x1c, 0x40, 0xf, 0xac, 0xc0, 0x3f,
    0xf8, 0x47, 0xe6, 0x1, 0xf5, 0xa0, 0x7, 0xff,
    0x9, 0x70, 0x40, 0x3c, 0x38, 0x80, 0x1f, 0xfc,
    0x28, 0xa0, 0xf, 0x8f, 0xcc, 0x3, 0xfc,

    /* U+003A ":" */
    0x0, 0xa, 0xbb, 0x90, 0x3, 0x27, 0x54, 0x42,
    0xf4, 0x80, 0x14, 0x1, 0xc5, 0x20, 0x62, 0x1,
    0xe4, 0x7, 0x0, 0xfc, 0x20, 0x1f, 0xe7, 0x0,
    0xfc, 0x26, 0x40, 0x1e, 0x60, 0x7, 0x98, 0x6,
    0x59, 0x0, 0x16, 0x76, 0x63, 0xa8, 0x3, 0x84,
    0xcc, 0x20, 0x1f, 0xff, 0xf0, 0xf, 0xfe, 0x98,
    0x99, 0x84, 0x3, 0x16, 0x76, 0x63, 0xa8, 0x2,
    0xf3, 0x0, 0xcb, 0x20, 0x64, 0x1, 0xe6, 0x7,
    0x0, 0xfc, 0x20, 0x1f, 0xe7, 0x0, 0xfc, 0x26,
    0x20, 0x1e, 0x40, 0x5, 0x0, 0x71, 0x48, 0x1,
    0x3a, 0xa2, 0x17, 0xa4, 0x0,

    /* U+003B ";" */
    0x0, 0x85, 0x5d, 0xc8, 0x1, 0xc9, 0xd5, 0x10,
    0xbd, 0x20, 0xa, 0x80, 0x38, 0xa4, 0x0, 0x62,
    0x1, 0xe4, 0x0, 0x38, 0x7, 0xe1, 0x0, 0xff,
    0xe0, 0x38, 0x7, 0xe1, 0x3, 0x20, 0xf, 0x30,
    0x5, 0xe6, 0x1, 0x96, 0x40, 0x22, 0xce, 0xcc,
    0x75, 0x0, 0x78, 0x4c, 0xc2, 0x1, 0xff, 0xff,
    0x0, 0xff, 0xf4, 0x46, 0xff, 0xb1, 0x80, 0x35,
    0x39, 0x0, 0xe, 0x5c, 0x0, 0x4a, 0x1, 0xe9,
    0x0, 0x30, 0x7, 0xc2, 0x20, 0xf, 0xfe, 0x3,
    0x80, 0x7e, 0x10, 0x20, 0xf, 0xf0, 0xc8, 0x7,
    0x88, 0x2, 0x6c, 0x50, 0xc, 0x80, 0x18, 0xf4,
    0x3, 0x68, 0x7, 0x50, 0x4, 0x28, 0x1, 0x94,
    0x80, 0x29, 0x0, 0xeb, 0x0, 0x85, 0xc0, 0x35,
    0x8, 0x5, 0x40, 0x19, 0x94, 0x2, 0x94, 0x0,
    0x96, 0x40, 0x28, 0x60, 0xc, 0x9d, 0xd9, 0xc0,
    0x38,

    /* U+003C "<" */
    0x0, 0xff, 0xef, 0x42, 0x0, 0x7f, 0xf1, 0x8b,
    0x1c, 0x40, 0x3f, 0xf8, 0xad, 0xa6, 0x1, 0xff,
    0xc5, 0x1b, 0x90, 0xf, 0xfe, 0x32, 0xfa, 0x0,
    0x7f, 0xf1, 0xa6, 0x84, 0x3, 0xff, 0x8a, 0x7a,
    0xc0, 0x1f, 0xfc, 0x68, 0xc2, 0x0, 0xf9, 0x10,
    0x1, 0xf8, 0xb1, 0xc0, 0x3f, 0x4d, 0x88, 0x7,
    0xcd, 0xa6, 0x1, 0xf2, 0x73, 0x0, 0x7c, 0x37,
    0x20, 0x1f, 0xa6, 0xc4, 0x3, 0xe5, 0xf4, 0x0,
    0xf9, 0x39, 0x80, 0x3f, 0x4d, 0x8, 0x7, 0xd3,
    0x62, 0x1, 0xf1, 0xeb, 0x0, 0x7c, 0x9a, 0xc0,
    0x1f, 0x87, 0x8, 0x3, 0xe9, 0xb2, 0x0, 0xff,
    0xe2, 0x9e, 0xb0, 0x7, 0xff, 0x18, 0xf0, 0x80,
    0x3f, 0xf8, 0xe6, 0xe0, 0x1f, 0xfc, 0x98, 0xc2,
    0x0, 0xff, 0x85, 0xc0, 0x3e, 0x3d, 0x70, 0xf,
    0xfa, 0x30, 0x80, 0x3e, 0x8c, 0x20, 0xf, 0xf1,
    0xeb, 0x0, 0x7c, 0x7a, 0xe0, 0x1f, 0xf4, 0xd0,
    0x80, 0x7d, 0x18, 0x40, 0x1f, 0xe5, 0xf4, 0x0,
    0xf8, 0xf5, 0xc0, 0x3f, 0xc3, 0x72, 0x1, 0xfa,
    0x30, 0x80, 0x3f, 0xcd, 0xa6, 0x1, 0xf1, 0xeb,
    0x80, 0x7f, 0x8b, 0x1c, 0x3, 0xf4, 0x20, 0x7,
    0xfd, 0x18, 0x40, 0x1f, 0x8, 0x7, 0xff, 0x0,
    0xf5, 0x80, 0x3f, 0xf9, 0x33, 0x62, 0x1, 0xff,
    0xc8, 0x4f, 0x50, 0xf, 0xfe, 0x40, 0xd4, 0x80,
    0x7f, 0xf2, 0x5b, 0x4c, 0x3, 0xff, 0x90, 0x58,
    0x80,

    /* U+003D "=" */
    0x56, 0x6f, 0xfe, 0x58, 0x44, 0xcf, 0xff, 0x2c,
    0x40, 0x3f, 0xff, 0xe0, 0x1f, 0xfc, 0xdd, 0xff,
    0xff, 0xe5, 0x88, 0x7, 0xff, 0xfc, 0x3, 0xff,
    0xcc, 0xac, 0xdf, 0xfc, 0xb0, 0x89, 0x9f, 0xfe,
    0x58, 0x80, 0x7f, 0xff, 0xc0, 0x3f, 0xf9, 0xa0,

    /* U+003E ">" */
    0x0, 0xff, 0xe5, 0xd, 0x88, 0x7, 0xff, 0x21,
    0x3d, 0x0, 0x3f, 0xf9, 0x3, 0x72, 0x1, 0xff,
    0xc9, 0x6d, 0x30, 0xf, 0xfe, 0x41, 0x64, 0x0,
    0x7f, 0xf2, 0x5f, 0x8, 0x3, 0xff, 0x90, 0x7a,
    0xc0, 0x1f, 0xf0, 0xb8, 0x7, 0xe9, 0xb1, 0x0,
    0xff, 0x46, 0x10, 0x7, 0xc9, 0xea, 0x1, 0xfe,
    0x3d, 0x70, 0xf, 0x86, 0xa4, 0x3, 0xfe, 0x8c,
    0x20, 0xf, 0x9b, 0x4c, 0x3, 0xfc, 0x7a, 0xe0,
    0x1f, 0x16, 0x40, 0x7, 0xfd, 0x18, 0x40, 0x1f,
    0x3e, 0x10, 0x7, 0xf8, 0xf5, 0xc0, 0x3e, 0x3d,
    0x70, 0xf, 0xfa, 0x30, 0x80, 0x3e, 0x84, 0x0,
    0xff, 0x8f, 0x5c, 0x3, 0xe1, 0x0, 0xff, 0xe0,
    0xc3, 0x80, 0x7f, 0xf2, 0x15, 0x80, 0x3f, 0xf8,
    0xc3, 0x54, 0x10, 0xf, 0xfe, 0x2a, 0xfa, 0x80,
    0x7c, 0xaa, 0x0, 0xfc, 0x35, 0x41, 0x0, 0xf0,
    0xd5, 0x0, 0x3f, 0x2f, 0xa8, 0x7, 0xc9, 0xea,
    0x1, 0xf0, 0xd5, 0x4, 0x3, 0xe9, 0xb1, 0x0,
    0xf9, 0x3d, 0x40, 0x3e, 0x3d, 0x60, 0xf, 0x86,
    0xac, 0x40, 0x3e, 0x7c, 0x20, 0xf, 0x93, 0xd4,
    0x3, 0xe1, 0xc8, 0x0, 0xfc, 0x36, 0x20, 0x1f,
    0x2f, 0x18, 0x7, 0xff, 0x14, 0x6a, 0x80, 0x1f,
    0xfc, 0x64, 0xf5, 0x0, 0xff, 0xe3, 0x45, 0x88,
    0x7, 0xff, 0x14, 0xf5, 0xc0, 0x3f, 0xf8, 0xcf,
    0x84, 0x1, 0xff, 0xc5, 0x1c, 0x80, 0xf, 0xfe,
    0x30, 0xf1, 0x80, 0x7f, 0xf1, 0xc0,

    /* U+003F "?" */
    0x0, 0xfe, 0x36, 0x77, 0x32, 0x90, 0x7, 0xff,
    0x9, 0x2f, 0xf2, 0x62, 0x13, 0x5b, 0xf4, 0x60,
    0x1f, 0xc3, 0x56, 0x80, 0x1f, 0xcb, 0x94, 0x20,
    0x1e, 0x1c, 0x50, 0xf, 0xfe, 0xa, 0xe0, 0x80,
    0x76, 0x10, 0x7, 0xff, 0xc, 0xb4, 0x3, 0x49,
    0x0, 0x7f, 0xf1, 0x4d, 0x40, 0x4, 0xc0, 0x1e,
    0x15, 0x87, 0x50, 0xf, 0xd0, 0x0, 0xb0, 0xf,
    0x2f, 0x53, 0xc5, 0x69, 0x0, 0x78, 0x84, 0x1c,
    0x3, 0x8e, 0x80, 0x38, 0xb8, 0x3, 0xe4, 0x6,
    0x10, 0xd, 0xc0, 0x1f, 0x19, 0x0, 0x78, 0x82,
    0x3a, 0x90, 0x10, 0x80, 0x3f, 0x38, 0x7, 0xbc,
    0x2, 0x5b, 0xe8, 0x0, 0xff, 0xe5, 0x9, 0x80,
    0x7f, 0xf1, 0x3c, 0x3, 0xff, 0x88, 0xc0, 0x1e,
    0x20, 0xf, 0xfe, 0x21, 0x80, 0x79, 0xc0, 0x3f,
    0xf8, 0x6e, 0x1, 0xe2, 0x20, 0x7, 0xff, 0x9,
    0xa0, 0x3, 0xd6, 0x1, 0xff, 0xc0, 0x26, 0xc9,
    0x0, 0xf1, 0x30, 0x7, 0xf5, 0x77, 0xec, 0x98,
    0x7, 0xde, 0x1, 0xfe, 0x61, 0x0, 0xfe, 0x1c,
    0x20, 0xf, 0xfe, 0x42, 0xf9, 0x80, 0x7f, 0xf1,
    0x85, 0xb2, 0x84, 0x3, 0xff, 0x8c, 0xbd, 0x26,
    0x1, 0xff, 0xc8, 0x30, 0xf, 0xff, 0xf8, 0x7,
    0xff, 0xb, 0x3f, 0xfa, 0x40, 0x3f, 0xff, 0xe0,
    0x1f, 0xfc, 0x41, 0x21, 0x0, 0xff, 0xe3, 0xae,
    0xf6, 0xf6, 0xa8, 0x7, 0xff, 0x10, 0xa8, 0x80,
    0x22, 0xa4, 0x0, 0xff, 0xe1, 0xd0, 0x7, 0xdc,
    0x1, 0xff, 0xc3, 0x30, 0xf, 0x98, 0x3, 0xff,
    0xb6, 0x40, 0x1f, 0x38, 0x7, 0xff, 0xf, 0x0,
    0x3e, 0xc0, 0xf, 0xfe, 0x1a, 0xa8, 0x3, 0x91,
    0xc0, 0x3f, 0xf8, 0x95, 0x93, 0x13, 0x96, 0x1,
    0xfc,

    /* U+0040 "@" */
    0x0, 0xff, 0xe2, 0x9, 0xab, 0x3b, 0xca, 0x82,
    0x1, 0xff, 0xd0, 0x39, 0xde, 0xca, 0x98, 0x8a,
    0xaf, 0xb9, 0x4a, 0x1, 0xff, 0xcb, 0x6d, 0xc6,
    0x20, 0xf, 0xf0, 0xad, 0x74, 0x8, 0x7, 0xff,
    0x18, 0xf6, 0x48, 0x3, 0xff, 0x88, 0x2f, 0xec,
    0x1, 0xff, 0xc4, 0x8c, 0x20, 0xe, 0x26, 0x8a,
    0xbb, 0x54, 0x31, 0x0, 0x70, 0xcd, 0x0, 0x7f,
    0xf0, 0xa9, 0xc0, 0x39, 0xf7, 0x52, 0xea, 0x88,
    0x57, 0x9d, 0xe7, 0x0, 0xe5, 0xc1, 0x0, 0xff,
    0xa9, 0x40, 0x33, 0x74, 0x10, 0x7, 0xf8, 0x63,
    0x9c, 0x3, 0x1e, 0x80, 0x7f, 0xa1, 0x40, 0x35,
    0xc8, 0x80, 0x7f, 0xf0, 0x86, 0x2c, 0x3, 0x1c,
    0x80, 0x7e, 0x47, 0x0, 0xd8, 0x80, 0x1f, 0xfc,
    0x64, 0xd1, 0x0, 0x99, 0x0, 0x3e, 0x90, 0xd,
    0x66, 0x1, 0xff, 0xc8, 0x2a, 0x0, 0xd4, 0x1,
    0xe7, 0x20, 0x9, 0x90, 0x3, 0xff, 0x94, 0x8e,
    0x1, 0xb, 0x0, 0x74, 0x80, 0x45, 0x20, 0x1f,
    0xfc, 0xc8, 0x10, 0xa, 0xc0, 0x33, 0x8, 0x5,
    0x60, 0x1f, 0x1c, 0xef, 0xfa, 0xd0, 0x0, 0xf5,
    0x59, 0x80, 0x34, 0x80, 0x44, 0x80, 0x15, 0x0,
    0x66, 0x0, 0xf4, 0xe3, 0x10, 0x1, 0x2d, 0x43,
    0x15, 0x77, 0x80, 0x67, 0x0, 0xda, 0x0, 0x13,
    0x0, 0x98, 0x3, 0xd4, 0xc0, 0x1f, 0x50, 0x80,
    0x7f, 0xca, 0x1, 0x38, 0x1, 0x0, 0x36, 0x80,
    0x72, 0xa8, 0x3, 0xf9, 0xc0, 0x3f, 0xec, 0x0,
    0x84, 0x41, 0x80, 0x19, 0x0, 0x3a, 0xc0, 0x3c,
    0xae, 0xc3, 0xa, 0x1, 0xfe, 0x40, 0xc, 0x80,
    0x80, 0x11, 0x0, 0x71, 0x88, 0x6, 0x3e, 0xa8,
    0x9f, 0x21, 0x0, 0xff, 0x10, 0x6, 0x20, 0x20,
    0x9, 0xc0, 0x3a, 0xc0, 0x3b, 0x44, 0x2, 0x1e,
    0x0, 0xff, 0xe0, 0x8, 0x5, 0xc2, 0x1, 0x8c,
    0x3, 0x8c, 0x3, 0x28, 0x80, 0x71, 0x18, 0x7,
    0xff, 0xc, 0x88, 0x1, 0xb8, 0x3, 0x94, 0x3,
    0x68, 0x7, 0xce, 0x1, 0xff, 0x18, 0x6, 0x70,
    0xf, 0xf0, 0x80, 0x61, 0x0, 0xff, 0xe5, 0xb8,
    0x80, 0x7f, 0xf9, 0x84, 0x3, 0xff, 0xa2, 0xe0,
    0x1f, 0xfd, 0x83, 0x0, 0x84, 0x3, 0xfc, 0x20,
    0x1f, 0xfd, 0x12, 0x10, 0xf, 0xfe, 0xb8, 0x80,
    0x5c, 0xc0, 0x1b, 0xc0, 0x38, 0x40, 0x30, 0x80,
    0x7f, 0xf1, 0x88, 0x3, 0x29, 0x80, 0x61, 0x0,
    0xe5, 0x0, 0xda, 0x1, 0xf3, 0x80, 0x7f, 0x90,
    0x3, 0x18, 0x88, 0x2, 0x20, 0xe, 0x30, 0xc,
    0xa2, 0x1, 0xc4, 0x60, 0x18, 0xc0, 0x3a, 0x80,
    0x25, 0x0, 0x28, 0x4, 0xa0, 0x1d, 0x60, 0x1d,
    0xa2, 0x1, 0xf, 0x0, 0x72, 0x0, 0x66, 0x30,
    0xb, 0x80, 0x6, 0x1, 0x9, 0x0, 0x63, 0x10,
    0xc, 0x7d, 0x51, 0x3e, 0x7a, 0x1, 0x86, 0xd0,
    0xe2, 0x40, 0x23, 0x40, 0x5, 0x80, 0x64, 0x0,
    0xeb, 0x0, 0xf2, 0xbb, 0x9, 0x91, 0x80, 0x64,
    0xbc, 0x70, 0xd, 0xe0, 0x11, 0x88, 0x5, 0x40,
    0x1c, 0xaa, 0x0, 0xfe, 0x90, 0x80, 0xf, 0xfa,
    0xcc, 0x3, 0x38, 0x4, 0x66, 0x0, 0xea, 0x60,
    0xf, 0x9d, 0x41, 0x20, 0x3, 0xf1, 0x62, 0x0,
    0x75, 0x0, 0x69, 0x0, 0xf4, 0xe3, 0x10, 0x0,
    0xea, 0x0, 0x27, 0xc6, 0x20, 0x1, 0x25, 0x69,
    0x80, 0x78, 0xd0, 0x2, 0x53, 0x0, 0xf1, 0xce,
    0xff, 0xb1, 0x40, 0x38, 0xe7, 0x7f, 0xdb, 0x6a,
    0x1, 0xfd, 0x0, 0x1b, 0x80, 0x3f, 0xfa, 0xe6,
    0xc0, 0x11, 0x50, 0x7, 0xff, 0x5e, 0x8, 0x2,
    0x59, 0x0, 0xff, 0xeb, 0xf, 0x80, 0x66, 0xc1,
    0x0, 0xff, 0xea, 0x95, 0x80, 0x63, 0xe7, 0x0,
    0xff, 0xea, 0xa6, 0x8, 0x6, 0x8f, 0x94, 0x10,
    0xf, 0xfe, 0x91, 0xfa, 0x0, 0x73, 0x5f, 0x73,
    0x73, 0x3f, 0xea, 0x0, 0xff, 0xe2, 0x8d, 0xc8,
    0x80, 0x78, 0x48, 0xcf, 0xfe, 0x40, 0xf, 0xfe,
    0x3b, 0x74, 0x98, 0x7, 0xff, 0x6d, 0xb3, 0xa9,
    0x90, 0x80, 0x3f, 0xf9, 0x40,

    /* U+0041 "A" */
    0x0, 0xff, 0xa7, 0xff, 0xf4, 0x0, 0x7f, 0xf2,
    0x9c, 0x3, 0xf2, 0x80, 0x7f, 0xf2, 0x48, 0x40,
    0x3f, 0x10, 0x80, 0x7f, 0xf2, 0x14, 0x3, 0xfc,
    0xe0, 0x1f, 0xfc, 0x8b, 0x0, 0xff, 0x68, 0x7,
    0xff, 0x1c, 0x4c, 0x3, 0xfc, 0x80, 0x1f, 0xfc,
    0x74, 0x0, 0xe6, 0x30, 0xe, 0x40, 0xf, 0xfe,
    0x37, 0x80, 0x75, 0x20, 0x7, 0x68, 0x7, 0xff,
    0x19, 0x0, 0x38, 0xf4, 0x3, 0x9c, 0x3, 0xff,
    0x8a, 0x62, 0x1, 0x88, 0x10, 0x3, 0x84, 0x80,
    0x3f, 0xf8, 0x96, 0x1, 0xce, 0x2, 0x20, 0xe,
    0x50, 0xf, 0xfe, 0x22, 0x80, 0x76, 0x0, 0x14,
    0x3, 0xac, 0x3, 0xff, 0x86, 0x24, 0x1, 0xca,
    0x0, 0xc0, 0xe, 0x31, 0x0, 0xff, 0xe1, 0x38,
    0x7, 0x9, 0x80, 0x10, 0x3, 0xc8, 0x1, 0xff,
    0xc2, 0xd0, 0xe, 0x40, 0x8, 0xc4, 0x3, 0xbc,
    0x3, 0xff, 0x84, 0x80, 0x1d, 0x80, 0x19, 0x0,
    0x39, 0x0, 0x3f, 0xf8, 0x28, 0x1, 0xe7, 0x0,
    0xde, 0x1, 0xc2, 0x60, 0x1f, 0xfc, 0xd, 0x0,
    0xe2, 0x10, 0xc, 0x80, 0x1e, 0xb0, 0xf, 0xfe,
    0x2, 0x0, 0x72, 0x80, 0x70, 0x98, 0x7, 0x20,
    0x7, 0xfc, 0x44, 0x0, 0xec, 0x0, 0xf2, 0x0,
    0x71, 0x88, 0x7, 0xf9, 0x40, 0x3c, 0x80, 0x1e,
    0xb0, 0xf, 0x38, 0x7, 0xfa, 0xc0, 0x39, 0x0,
    0x3e, 0x31, 0x0, 0xec, 0x0, 0xff, 0x18, 0x7,
    0x68, 0x7, 0xe4, 0x0, 0xe5, 0x0, 0xfe, 0x50,
    0xf, 0x4f, 0xff, 0xe5, 0x0, 0xf2, 0x0, 0x7e,
    0xf0, 0xf, 0xfe, 0x56, 0x80, 0x7e, 0x40, 0xf,
    0xfe, 0x52, 0x0, 0x7c, 0x62, 0x1, 0xff, 0xca,
    0x22, 0x0, 0x7a, 0xc0, 0x3f, 0xf9, 0x8a, 0x1,
    0xe4, 0x0, 0xe2, 0x55, 0xff, 0xe0, 0x8, 0x7,
    0x60, 0x7, 0x9, 0x80, 0x74, 0x55, 0x7f, 0xf0,
    0x1c, 0x3, 0x90, 0x3, 0x9c, 0x3, 0xc8, 0x1,
    0xff, 0xc0, 0xc0, 0xf, 0x28, 0x6, 0xc0, 0xe,
    0x21, 0x0, 0xff, 0xe0, 0x20, 0x7, 0xb0, 0x3,
    0x28, 0x7, 0x20, 0x7, 0xff, 0x4, 0x4c, 0x3,
    0x9c, 0x2, 0x40, 0xf, 0x68, 0x7, 0xff, 0x9,
    0x0, 0x38, 0x4c, 0x1, 0x80, 0x1e, 0x40, 0xf,
    0xfe, 0x16, 0x0, 0x79, 0x0, 0xa, 0x1, 0xc6,
    0x1, 0xff, 0xc3, 0x40, 0xf, 0x58, 0x11, 0x0,
    0x39, 0x0, 0x3f, 0xf8, 0x88, 0x1, 0xc6, 0x2a,
    0x1, 0xeb, 0x0, 0xff, 0xe2, 0x60, 0x7, 0x93,
    0x0, 0x3c, 0x60, 0x1f, 0xfc, 0x44, 0x0, 0xf7,
    0x80,

    /* U+0042 "B" */
    0xef, 0xff, 0xfe, 0x2e, 0xd3, 0x0, 0x7f, 0xf3,
    0x49, 0x67, 0x94, 0x3, 0xff, 0x9c, 0x34, 0xe0,
    0x1f, 0xfc, 0xf8, 0x30, 0xf, 0xfe, 0x7f, 0x0,
    0x7f, 0xf3, 0xc8, 0xc0, 0x3f, 0xb3, 0xbb, 0xed,
    0xa3, 0x0, 0xfa, 0xc0, 0x3f, 0x88, 0x47, 0xe2,
    0x5c, 0x30, 0xf, 0x18, 0x7, 0xff, 0x22, 0x80,
    0x3c, 0xc0, 0x1f, 0xfc, 0x82, 0x0, 0xf1, 0x80,
    0x7f, 0xfa, 0xcc, 0x3, 0xff, 0x9e, 0xc0, 0x1f,
    0xfc, 0x82, 0x0, 0xf6, 0x0, 0x7f, 0xf2, 0x34,
    0x3, 0xca, 0x1, 0xff, 0xc6, 0x2a, 0x40, 0xe,
    0x62, 0x0, 0xfe, 0xef, 0xff, 0xda, 0xa0, 0x1c,
    0x72, 0x1, 0xff, 0xcc, 0x39, 0xc0, 0xf, 0xfe,
    0x5b, 0xfe, 0x30, 0x7, 0xff, 0x31, 0xf6, 0xd4,
    0x3, 0xff, 0x9a, 0x49, 0x5a, 0x40, 0x1f, 0xfc,
    0xe2, 0xc2, 0x0, 0xfe, 0xef, 0xff, 0xec, 0x50,
    0xe, 0x1f, 0x0, 0xff, 0xe3, 0x9d, 0x30, 0x7,
    0x13, 0x0, 0x7f, 0xf2, 0x28, 0x3, 0xd4, 0x1,
    0xff, 0xc8, 0x20, 0xf, 0x18, 0x7, 0xff, 0x20,
    0x40, 0x3e, 0x30, 0xf, 0xfe, 0x7b, 0x80, 0x7f,
    0xf3, 0xdc, 0x3, 0xff, 0x8e, 0x20, 0x1f, 0x8,
    0x7, 0xff, 0x1c, 0x80, 0x3e, 0x20, 0xf, 0xfe,
    0x3c, 0x80, 0x78, 0x80, 0x3f, 0x11, 0x7f, 0x97,
    0x14, 0x3, 0xca, 0x1, 0xfb, 0x37, 0x7f, 0xa8,
    0xc0, 0x3e, 0xa0, 0xf, 0xfe, 0x72, 0x90, 0x7,
    0xff, 0x34, 0x6c, 0x3, 0xff, 0x9d, 0xa2, 0x1,
    0xff, 0xcc, 0x3d, 0x30, 0xf, 0xfe, 0x51, 0x25,
    0x61, 0x0, 0x60,

    /* U+0043 "C" */
    0x0, 0xff, 0xe0, 0x12, 0xbb, 0xcc, 0x82, 0x1,
    0xff, 0xc7, 0x4a, 0xfd, 0xa8, 0x8a, 0x6f, 0xb9,
    0x4, 0x1, 0xff, 0xc2, 0x3c, 0xb5, 0x0, 0xfe,
    0x17, 0xd9, 0x0, 0xff, 0xe0, 0x36, 0x18, 0x7,
    0xff, 0x9, 0xb4, 0x80, 0x3f, 0x9e, 0x40, 0x3f,
    0xf8, 0xa5, 0xe2, 0x1, 0xf2, 0xc0, 0x7, 0xff,
    0x1c, 0xb4, 0x3, 0xc3, 0x40, 0x1f, 0x85, 0x19,
    0x88, 0x20, 0x1f, 0x1b, 0x0, 0x75, 0x80, 0x7c,
    0x79, 0xd7, 0x32, 0xbe, 0xa1, 0x0, 0xf4, 0x0,
    0x62, 0x50, 0xf, 0x36, 0x18, 0x7, 0x97, 0x4,
    0x3, 0x85, 0xc0, 0x2b, 0x0, 0xf2, 0x48, 0x7,
    0xf1, 0x50, 0x7, 0xbc, 0x2, 0x70, 0xf, 0x48,
    0x7, 0xfc, 0x86, 0x1, 0x2e, 0xc0, 0x1, 0x4,
    0x3, 0x90, 0x80, 0x3f, 0xf8, 0x12, 0xb, 0xb4,
    0x40, 0x16, 0x0, 0x7b, 0x0, 0x3f, 0xf8, 0x2b,
    0x94, 0x40, 0x1c, 0x60, 0x1e, 0x40, 0xf, 0xfe,
    0x11, 0x80, 0x7c, 0xa0, 0x1e, 0x10, 0xf, 0xfe,
    0x50, 0x80, 0x78, 0xc0, 0x3f, 0xf9, 0x24, 0x1,
    0xff, 0xd1, 0x60, 0xf, 0xfe, 0x88, 0x80, 0x7f,
    0xff, 0xc0, 0x3f, 0xff, 0xc2, 0x1, 0xff, 0xd1,
    0x70, 0xf, 0xfe, 0x89, 0x0, 0x7f, 0xf4, 0x44,
    0x3, 0xe3, 0x0, 0xff, 0xe5, 0x10, 0x7, 0x84,
    0x3, 0xff, 0x94, 0x80, 0x1e, 0x40, 0xf, 0xfe,
    0x14, 0x18, 0x7, 0xb0, 0x3, 0xd8, 0x1, 0xff,
    0xc1, 0x17, 0xc9, 0x10, 0xc, 0x80, 0x1e, 0x42,
    0x0, 0xff, 0xe0, 0x40, 0x1, 0xb9, 0xc0, 0x21,
    0x40, 0xf, 0x48, 0x7, 0xfc, 0x4c, 0x1, 0xa3,
    0x0, 0x2f, 0x0, 0xf2, 0x48, 0x7, 0xf0, 0xf8,
    0x7, 0x94, 0x2, 0x43, 0x0, 0xf3, 0x61, 0x80,
    0x79, 0x7c, 0x80, 0x3d, 0x0, 0x1b, 0xc0, 0x3e,
    0x3c, 0xea, 0x99, 0x5f, 0x50, 0x80, 0x7a, 0x44,
    0x3, 0x1b, 0x80, 0x7e, 0x15, 0x66, 0x20, 0x80,
    0x7c, 0x8c, 0x1, 0xe8, 0x50, 0xf, 0xfe, 0x39,
    0x58, 0x7, 0xea, 0x60, 0xf, 0xfe, 0x2a, 0x60,
    0x7, 0xfa, 0x68, 0x40, 0x3f, 0xf8, 0x51, 0x62,
    0x1, 0xff, 0x2f, 0x52, 0x0, 0x7f, 0x14, 0x73,
    0x80, 0x7f, 0xf0, 0xd6, 0xff, 0x2a, 0x22, 0x9b,
    0xed, 0x71, 0x0, 0xf8,

    /* U+0044 "D" */
    0xef, 0xff, 0xfe, 0x17, 0x64, 0x20, 0x7, 0xff,
    0x34, 0x4d, 0xef, 0xe0, 0x40, 0x3f, 0xf9, 0xef,
    0xe8, 0x1, 0xff, 0xcf, 0x1b, 0x60, 0xf, 0xfe,
    0x84, 0xa8, 0x7, 0xff, 0x42, 0x88, 0x3, 0xfd,
    0x9d, 0xde, 0xca, 0x50, 0xf, 0xd2, 0x1, 0xfe,
    0x21, 0x1f, 0x1a, 0xd6, 0x90, 0x7, 0x90, 0xc0,
    0x3f, 0xf8, 0xe5, 0x84, 0x1, 0xe9, 0x0, 0xff,
    0xe4, 0xc, 0x80, 0x79, 0x40, 0x3f, 0xf9, 0x28,
    0x60, 0x1e, 0x50, 0xf, 0xfe, 0x4d, 0x80, 0x7b,
    0x40, 0x3f, 0xf9, 0x26, 0x1, 0xe4, 0x0, 0xff,
    0xe4, 0xb0, 0x7, 0x8c, 0x3, 0xff, 0x92, 0x60,
    0x1f, 0x8, 0x7, 0xff, 0x40, 0xc0, 0x3f, 0xfa,
    0xc, 0x1, 0xff, 0xd0, 0x10, 0xf, 0xff, 0xf8,
    0x7, 0xff, 0xe4, 0x40, 0x3f, 0xfa, 0xc, 0x1,
    0xff, 0xd0, 0x30, 0xf, 0xfe, 0x41, 0x80, 0x7c,
    0x20, 0x1f, 0xfc, 0x86, 0x0, 0xf1, 0x80, 0x7f,
    0xf2, 0x4c, 0x3, 0xc8, 0x1, 0xff, 0xc9, 0xb0,
    0xf, 0x68, 0x7, 0xff, 0x21, 0xc, 0x3, 0xca,
    0x1, 0xff, 0xc7, 0x19, 0x0, 0xf2, 0x80, 0x7f,
    0xf1, 0xcb, 0x8, 0x3, 0xd2, 0x1, 0xfc, 0x45,
    0xf1, 0xad, 0x69, 0x0, 0x79, 0xc, 0x3, 0xfb,
    0x37, 0x7d, 0x94, 0xa0, 0x1f, 0xa4, 0x3, 0xff,
    0x9f, 0x44, 0x1, 0xff, 0xce, 0x95, 0x0, 0xff,
    0xe6, 0x8d, 0x30, 0x7, 0xff, 0x35, 0xfd, 0x40,
    0x3f, 0xf9, 0x22, 0x6d, 0x5f, 0x2, 0x1, 0xf0,

    /* U+0045 "E" */
    0xef, 0xff, 0xfe, 0x54, 0x0, 0x7f, 0xff, 0xc0,
    0x3f, 0xfd, 0x19, 0xdd, 0xff, 0xc3, 0x80, 0xf,
    0x88, 0x47, 0xff, 0x86, 0x1, 0xff, 0xff, 0x0,
    0xff, 0xff, 0x80, 0x7f, 0xf9, 0xbb, 0xff, 0xff,
    0x82, 0xe0, 0x1f, 0xff, 0xf0, 0xf, 0xff, 0x57,
    0x7f, 0xff, 0xf0, 0x5c, 0x3, 0xff, 0xfe, 0x1,
    0xff, 0xff, 0x0, 0xff, 0xff, 0x91, 0x7f, 0xf1,
    0x4, 0x3, 0xec, 0xdd, 0xff, 0xe1, 0xc8, 0x7,
    0xff, 0xfc, 0x3, 0xff, 0xc2,

    /* U+0046 "F" */
    0xef, 0xff, 0xfe, 0x50, 0x7, 0xff, 0xfc, 0x3,
    0xff, 0xc7, 0x9d, 0xdf, 0xfc, 0x30, 0xf, 0x88,
    0x47, 0xff, 0x86, 0x1, 0xff, 0xff, 0x0, 0xff,
    0xff, 0x80, 0x7f, 0xf7, 0x7b, 0xff, 0xff, 0x81,
    0x80, 0x1f, 0xfc, 0xa1, 0x0, 0xff, 0xff, 0x80,
    0x7f, 0xf3, 0xbb, 0xff, 0xff, 0x81, 0xa0, 0x1f,
    0xff, 0xf0, 0xf, 0xff, 0xf8, 0x7, 0xff, 0xfc,
    0x3, 0xff, 0xfe, 0x1, 0xff, 0xfa,

    /* U+0047 "G" */
    0x0, 0xff, 0xe0, 0x12, 0xb3, 0xb9, 0x94, 0x80,
    0x3f, 0xf9, 0x9, 0x5d, 0xb5, 0x31, 0x9, 0xad,
    0xfa, 0x50, 0xf, 0xfe, 0x19, 0xe5, 0xa8, 0x80,
    0x7f, 0x2d, 0x6a, 0x0, 0x7f, 0xf0, 0x1b, 0xc,
    0x3, 0xff, 0x84, 0x57, 0x0, 0x1f, 0xe7, 0x90,
    0xf, 0xfe, 0x33, 0xc8, 0x7, 0xe5, 0x80, 0xf,
    0xfe, 0x43, 0x40, 0x7, 0x86, 0x80, 0x3f, 0xa,
    0x33, 0x10, 0x40, 0x3f, 0x3a, 0x0, 0x75, 0x80,
    0x7c, 0x57, 0xd7, 0x32, 0xbe, 0xc5, 0x0, 0xfa,
    0x80, 0x31, 0x28, 0x7, 0x97, 0x50, 0x3, 0xc7,
    0x52, 0x1, 0xe1, 0x70, 0xa, 0xc0, 0x3c, 0x74,
    0x1, 0xfe, 0x68, 0x0, 0xf0, 0x80, 0x4e, 0x1,
    0xee, 0x0, 0xff, 0xe0, 0x39, 0x80, 0x4b, 0xcc,
    0x0, 0x41, 0x0, 0xe4, 0x20, 0xf, 0xfe, 0xc,
    0x1, 0xe5, 0x8, 0x5, 0x80, 0x1e, 0xc0, 0xf,
    0xfe, 0x12, 0x56, 0x18, 0x7, 0x20, 0x7, 0x90,
    0x3, 0xff, 0x86, 0xa0, 0x1f, 0x10, 0x7, 0x84,
    0x3, 0xff, 0x94, 0x22, 0x0, 0xf1, 0x80, 0x7f,
    0xf2, 0x8c, 0x3, 0xff, 0xa4, 0xc0, 0x1f, 0xfd,
    0x21, 0x0, 0xff, 0xf1, 0xff, 0xff, 0xf0, 0x5c,
    0x3, 0xff, 0xfe, 0x1, 0xff, 0xc6, 0x10, 0xf,
    0xfe, 0x93, 0x80, 0x7f, 0xf4, 0x88, 0x3, 0xff,
    0x89, 0xff, 0xec, 0x0, 0xf8, 0x40, 0x3e, 0x30,
    0xf, 0xfe, 0x59, 0x80, 0x78, 0x40, 0x3f, 0xf9,
    0x6a, 0x1, 0xe4, 0x0, 0xff, 0xe1, 0x38, 0x7,
    0xec, 0x0, 0xf6, 0x0, 0x7f, 0xf0, 0x88, 0x3,
    0xf2, 0x0, 0x79, 0x8, 0x3, 0xff, 0x83, 0xa0,
    0x1f, 0x85, 0x0, 0x3d, 0xc0, 0x1f, 0xfc, 0x4,
    0x40, 0x7, 0xf7, 0x80, 0x78, 0xe4, 0x3, 0xfc,
    0x96, 0x1, 0xfe, 0x42, 0x0, 0xf3, 0x62, 0x0,
    0x78, 0xa6, 0xc0, 0x3f, 0xf8, 0x12, 0x1, 0xf1,
    0xdf, 0x5c, 0xca, 0xb7, 0x4c, 0x0, 0x68, 0x0,
    0xfe, 0x46, 0x0, 0xfc, 0x28, 0xcc, 0x52, 0x0,
    0xda, 0x1, 0xff, 0x49, 0x80, 0x7f, 0xf1, 0x9,
    0x0, 0x3f, 0xf8, 0x18, 0x80, 0x1f, 0xfc, 0x3f,
    0x0, 0xff, 0xe1, 0x5b, 0x80, 0x7f, 0xf0, 0x7,
    0x8, 0x3, 0xff, 0x87, 0x1c, 0xe2, 0x1, 0xf0,
    0xbf, 0x98, 0x7, 0xff, 0x14, 0x63, 0xb6, 0xa2,
    0x29, 0xce, 0x81, 0x0, 0x9f, 0xff, 0x9c,

    /* U+0048 "H" */
    0xef, 0xff, 0x8, 0x7, 0xff, 0x6, 0xbf, 0xfc,
    0xc0, 0x1f, 0xff, 0xf0, 0xf, 0xff, 0xf8, 0x7,
    0xff, 0xfc, 0x3, 0xff, 0xfe, 0x1, 0xff, 0xff,
    0x0, 0xff, 0xfb, 0xf7, 0xff, 0xff, 0x5, 0x40,
    0x3f, 0xff, 0xe0, 0x1f, 0xff, 0xf0, 0xf, 0xee,
    0xff, 0xff, 0xe0, 0xa8, 0x7, 0xff, 0xfc, 0x3,
    0xff, 0xfe, 0x1, 0xff, 0xff, 0x0, 0xff, 0xff,
    0x80, 0x7f, 0xff, 0xc0, 0x3f, 0xff, 0xe0, 0x1f,
    0xfc, 0x90,

    /* U+0049 "I" */
    0x5f, 0xff, 0xfe, 0x20, 0x7, 0xff, 0xe1, 0xdf,
    0x88, 0x3, 0xc8, 0xef, 0x8a, 0x23, 0x38, 0x7,
    0xba, 0x23, 0x0, 0x7f, 0xff, 0xc0, 0x3f, 0xff,
    0xe0, 0x1f, 0xff, 0xf0, 0xf, 0xff, 0xf8, 0x7,
    0xff, 0xfc, 0x3, 0xff, 0xee, 0x53, 0x39, 0xc0,
    0x3d, 0xd3, 0x34, 0x3b, 0x36, 0x20, 0xf, 0x23,
    0x34, 0xe0, 0x1f, 0xff, 0x80,

    /* U+004A "J" */
    0x0, 0xef, 0xff, 0xfe, 0x2e, 0x80, 0x7f, 0xff,
    0xc0, 0x3f, 0xf9, 0x46, 0x7f, 0xf0, 0x7, 0xff,
    0x3, 0x33, 0xfd, 0xc0, 0x1f, 0xff, 0xf0, 0xf,
    0xff, 0xf8, 0x7, 0xff, 0xfc, 0x3, 0xff, 0xfe,
    0x1, 0xff, 0xff, 0x0, 0xff, 0xff, 0x80, 0x7f,
    0xf7, 0x85, 0x1e, 0xe4, 0x3, 0xff, 0x88, 0xfb,
    0xd7, 0x8, 0xe0, 0x1f, 0x84, 0x3, 0xc2, 0x4,
    0x1, 0x84, 0xc0, 0x3e, 0x50, 0xf, 0x3a, 0x0,
    0x7a, 0x0, 0x3e, 0xa0, 0xf, 0x11, 0x88, 0x7,
    0x24, 0x0, 0x74, 0x98, 0x7, 0xb0, 0x18, 0x3,
    0xcf, 0xd5, 0x35, 0xcc, 0x1, 0xf2, 0x4, 0x88,
    0x7, 0x85, 0x59, 0x44, 0x3, 0xe7, 0x10, 0x18,
    0x0, 0xff, 0xe2, 0x94, 0x0, 0x4c, 0xe0, 0x1f,
    0xfc, 0x31, 0xf0, 0xe, 0x88, 0x0, 0x7f, 0xf0,
    0x53, 0xc8, 0x3, 0xcf, 0xac, 0x1, 0xfc, 0x97,
    0x61, 0x0, 0xfc, 0x53, 0xf9, 0x53, 0x10, 0xac,
    0xfb, 0x40, 0xe,

    /* U+004B "K" */
    0xef, 0xff, 0x8, 0x7, 0xff, 0x1, 0xff, 0xfe,
    0x60, 0xf, 0xfe, 0x41, 0xc0, 0x7, 0x95, 0x80,
    0x3f, 0xf9, 0x1c, 0x1, 0xe2, 0xa0, 0xf, 0xfe,
    0x44, 0x90, 0x7, 0xbc, 0x3, 0xff, 0x90, 0x8c,
    0x1, 0xe9, 0x20, 0xf, 0xfe, 0x38, 0xd0, 0x7,
    0x95, 0x80, 0x3f, 0xf9, 0x14, 0x20, 0x1c, 0x54,
    0x1, 0xff, 0xc8, 0x64, 0x0, 0xf7, 0x0, 0x7f,
    0xf2, 0xa, 0x40, 0x3d, 0x26, 0x1, 0xff, 0xc8,
    0xe0, 0xf, 0x2b, 0x0, 0x7f, 0xf2, 0x20, 0xc0,
    0x38, 0xa8, 0x3, 0xff, 0x90, 0x6e, 0x1, 0xee,
    0x0, 0xff, 0xe4, 0xf0, 0x7, 0xa4, 0xc0, 0x3f,
    0xf8, 0x82, 0x1, 0x49, 0x0, 0x72, 0xb0, 0x7,
    0xff, 0x21, 0x18, 0x3, 0x8a, 0xc0, 0x3f, 0xf9,
    0x32, 0x1, 0xee, 0x10, 0xf, 0xfe, 0x28, 0x80,
    0x24, 0x80, 0x38, 0xcc, 0x1, 0xff, 0xc6, 0x30,
    0x36, 0x0, 0xf1, 0xa0, 0x7, 0xff, 0x18, 0x43,
    0x80, 0x3f, 0x48, 0x7, 0xff, 0x18, 0xac, 0x80,
    0x3f, 0x13, 0x80, 0x7f, 0xf1, 0x45, 0x0, 0x3f,
    0xd0, 0x20, 0x1f, 0xfc, 0x98, 0x10, 0xf, 0x40,
    0x7, 0xff, 0x21, 0x5e, 0x0, 0x3c, 0xc6, 0x1,
    0xff, 0xc6, 0x2a, 0x6, 0x20, 0xf, 0x78, 0x7,
    0xff, 0x1b, 0x80, 0x28, 0x0, 0xf1, 0xa8, 0x7,
    0xff, 0x12, 0x4c, 0x2, 0x53, 0x0, 0xf5, 0x80,
    0x7f, 0xf0, 0xd5, 0x80, 0x3b, 0xc0, 0x3c, 0x30,
    0x1, 0xff, 0xc2, 0xb0, 0xf, 0x1a, 0x0, 0x79,
    0xc4, 0x3, 0xff, 0x93, 0x20, 0x1f, 0x58, 0x7,
    0xff, 0x24, 0x98, 0x3, 0xca, 0x60, 0x1f, 0xfc,
    0x98, 0x0, 0xfb, 0xc0, 0x3f, 0xf9, 0x22, 0xe0,
    0x1e, 0x36, 0x0, 0xff, 0xe4, 0xc0, 0x80, 0x7a,
    0x0, 0x3f, 0xf9, 0x52, 0x1, 0xe1, 0x80, 0xf,
    0xfe, 0x4b, 0x88, 0x7, 0x9c, 0x80, 0x3f, 0xf9,
    0x36, 0x1, 0xf4, 0x80, 0x7f, 0xf2, 0x54, 0x80,
    0x3c, 0x88, 0x0, 0xff, 0xe4, 0xc8, 0x7, 0xd2,
    0x1, 0xff, 0xc9, 0x44, 0x0, 0x78, 0x98,

    /* U+004C "L" */
    0xef, 0xff, 0x8, 0x7, 0xff, 0xfc, 0x3, 0xff,
    0xfe, 0x1, 0xff, 0xff, 0x0, 0xff, 0xff, 0x80,
    0x7f, 0xff, 0xc0, 0x3f, 0xff, 0xe0, 0x1f, 0xff,
    0xf0, 0xf, 0xff, 0xf8, 0x7, 0xff, 0xec, 0x8b,
    0xff, 0x82, 0x20, 0x1f, 0x66, 0xef, 0xff, 0x3,
    0x0, 0x3f, 0xff, 0xe0, 0x1f, 0xfd, 0x20,

    /* U+004D "M" */
    0xef, 0xff, 0x80, 0x3f, 0xf8, 0xb7, 0xff, 0xf1,
    0x80, 0x7e, 0x70, 0xf, 0xfe, 0x19, 0x20, 0x7,
    0xff, 0x12, 0x40, 0x3f, 0xf8, 0x76, 0x1, 0xff,
    0xc5, 0x15, 0x0, 0xff, 0xe0, 0x8b, 0x0, 0x7f,
    0xf1, 0xa0, 0x3, 0xff, 0x83, 0x20, 0x1f, 0xfc,
    0x72, 0x40, 0xf, 0xfe, 0x3, 0x0, 0x7f, 0xf2,
    0x3c, 0x3, 0xfe, 0x61, 0x0, 0xff, 0xe4, 0x21,
    0x80, 0x7f, 0xac, 0x3, 0xff, 0x95, 0x20, 0x1f,
    0xca, 0x40, 0x1f, 0xfc, 0xa5, 0x20, 0xf, 0xd2,
    0x1, 0xff, 0xc6, 0x92, 0x0, 0xd6, 0x1, 0xf1,
    0x98, 0x3, 0x58, 0x7, 0xff, 0x4, 0xe8, 0x3,
    0x30, 0x80, 0x7a, 0x40, 0x32, 0x20, 0x3, 0xff,
    0x82, 0x6c, 0x1, 0xcc, 0x1, 0xc2, 0xa0, 0x1b,
    0xc8, 0x3, 0xff, 0x82, 0x22, 0x50, 0xd, 0x40,
    0x1c, 0xc0, 0x18, 0x50, 0x40, 0x3f, 0xf8, 0x3e,
    0x12, 0x1, 0x88, 0xc0, 0x35, 0x0, 0x69, 0x7,
    0x0, 0xff, 0xe0, 0x88, 0x19, 0x0, 0x6a, 0x0,
    0x8c, 0x80, 0x33, 0x0, 0x80, 0x7f, 0xf0, 0x4c,
    0x1, 0x60, 0x19, 0xc0, 0x2a, 0x0, 0xca, 0x20,
    0x60, 0x1f, 0xfc, 0x11, 0x0, 0x30, 0x80, 0x42,
    0x80, 0x7, 0x0, 0xd2, 0x1, 0xff, 0xc8, 0x90,
    0xd, 0xc0, 0x82, 0x1, 0x19, 0x80, 0x3f, 0xf9,
    0xc, 0x1, 0x94, 0x38, 0x3, 0x40, 0x7, 0xff,
    0x24, 0x5c, 0x3, 0x42, 0x80, 0x46, 0x80, 0x1f,
    0xfc, 0xa9, 0x0, 0xce, 0x1, 0xa4, 0x3, 0xff,
    0x96, 0x2c, 0x1, 0xf1, 0x28, 0x7, 0xff, 0x32,
    0xc0, 0x3e, 0xb0, 0xf, 0xfe, 0x69, 0x20, 0x7,
    0xb, 0x0, 0x7f, 0xf3, 0xa0, 0x3, 0xa4, 0x3,
    0xff, 0x9e, 0x66, 0x0, 0xce, 0x1, 0xff, 0xd0,
    0x80, 0x9, 0xc0, 0x3f, 0xfa, 0x28, 0x40, 0x9,
    0x0, 0xff, 0xe9, 0x40, 0x30, 0x80, 0x7f, 0xf4,
    0x94, 0xac, 0x3, 0xff, 0xa9, 0xe4, 0x1, 0xff,
    0xd4, 0x20, 0xf, 0xff, 0xf8, 0x7, 0xff, 0xfc,
    0x3, 0xff, 0xf6,

    /* U+004E "N" */
    0xef, 0xff, 0x88, 0x3, 0xff, 0x80, 0x7f, 0xfe,
    0x60, 0xf, 0xd6, 0x1, 0xff, 0xd0, 0x61, 0x0,
    0xff, 0xe8, 0x40, 0x7, 0xff, 0x41, 0x84, 0x3,
    0xff, 0xa1, 0x20, 0x1f, 0xfd, 0x7, 0x10, 0xf,
    0xfe, 0x84, 0x80, 0x7f, 0xf4, 0x1c, 0x40, 0x3f,
    0xfa, 0x12, 0x1, 0xff, 0xca, 0xa3, 0x0, 0xce,
    0x1, 0xff, 0xcb, 0xa0, 0xe, 0x70, 0xf, 0xfe,
    0x49, 0xb0, 0x7, 0x48, 0x7, 0xff, 0x24, 0x41,
    0x80, 0x30, 0xb8, 0x7, 0xff, 0x23, 0xc2, 0xc0,
    0x3a, 0x40, 0x3f, 0xf9, 0x2, 0x4, 0x60, 0x18,
    0x5c, 0x3, 0xff, 0x8e, 0x60, 0x9, 0x0, 0xe9,
    0x0, 0xff, 0xe3, 0x88, 0x1, 0x44, 0x3, 0xb,
    0x0, 0x7f, 0xf2, 0xa0, 0x3, 0xa0, 0x3, 0xff,
    0x94, 0xc2, 0x1, 0x85, 0x80, 0x3f, 0xf9, 0x52,
    0x1, 0xd6, 0x1, 0xff, 0xca, 0x71, 0x0, 0xc4,
    0xa0, 0x1f, 0xfc, 0xa9, 0x0, 0xe8, 0x0, 0xff,
    0xe5, 0x38, 0x80, 0x62, 0x30, 0x10, 0xf, 0xfe,
    0x44, 0x80, 0x74, 0x81, 0x80, 0x7f, 0xf2, 0x18,
    0x3, 0x94, 0x44, 0x1, 0xff, 0xc8, 0x17, 0x0,
    0xe6, 0x0, 0xff, 0xe5, 0x48, 0x7, 0x50, 0x8,
    0x7, 0xff, 0x20, 0x5c, 0x3, 0x12, 0x98, 0x7,
    0xff, 0x26, 0x40, 0x3a, 0x88, 0x3, 0xff, 0x92,
    0x2c, 0x1, 0xff, 0xd0, 0x80, 0xf, 0xfe, 0x80,
    0xb0, 0x7, 0xff, 0x42, 0xc0, 0x3f, 0xfa, 0x4,
    0xc0, 0x1f, 0xfd, 0xb, 0x0, 0xff, 0xe8, 0x12,
    0x80, 0x7f, 0xf4, 0x20, 0x3, 0xff, 0xa0, 0x4a,
    0x1, 0xf8,

    /* U+004F "O" */
    0x0, 0xff, 0xe0, 0x12, 0xb3, 0xb9, 0x94, 0x80,
    0x3f, 0xf9, 0x29, 0x5f, 0xb5, 0x31, 0x9, 0xad,
    0xea, 0x40, 0xf, 0xfe, 0x21, 0xe5, 0xa8, 0x7,
    0xf0, 0xad, 0xe1, 0x80, 0x7f, 0xf0, 0x5f, 0xc,
    0x3, 0xff, 0x84, 0x78, 0xc0, 0x1f, 0xf4, 0x40,
    0x3, 0xff, 0x8d, 0x2e, 0x1, 0xfc, 0xce, 0x1,
    0xff, 0xc8, 0x85, 0x0, 0xf8, 0xa4, 0x3, 0xf8,
    0x91, 0x4, 0x1, 0xfd, 0x42, 0x1, 0xe9, 0x0,
    0xf8, 0xab, 0xf6, 0xed, 0xbf, 0x44, 0x1, 0xf5,
    0x80, 0x71, 0xa0, 0x7, 0x97, 0x54, 0x3, 0xcb,
    0xa8, 0x1, 0xe5, 0x20, 0xd, 0x20, 0x1e, 0x3a,
    0x0, 0xff, 0x59, 0x80, 0x7a, 0xc0, 0x32, 0x80,
    0x7b, 0x80, 0x3f, 0xf8, 0x1e, 0x1, 0xe7, 0x0,
    0x90, 0x3, 0xc8, 0x40, 0x1f, 0xfc, 0x3, 0x30,
    0x7, 0x9, 0x80, 0x30, 0x3, 0xda, 0x1, 0xff,
    0xc2, 0xb0, 0xf, 0x20, 0x1, 0x0, 0x3c, 0xa0,
    0x1f, 0xfc, 0x23, 0x0, 0xf6, 0x0, 0x8, 0x3,
    0xc4, 0x1, 0xff, 0xc2, 0x60, 0xf, 0x30, 0x8,
    0x80, 0x3c, 0x20, 0x1f, 0xfc, 0x23, 0x0, 0xf1,
    0x1, 0x80, 0x7f, 0xf4, 0x85, 0x80, 0x3f, 0xfa,
    0x44, 0x20, 0x1f, 0xfd, 0x27, 0x0, 0xff, 0xff,
    0x80, 0x7f, 0xfa, 0x44, 0x3, 0xff, 0xa4, 0xec,
    0x1, 0xff, 0xd2, 0x23, 0x0, 0xff, 0xe9, 0x8,
    0xc0, 0x1e, 0x10, 0xf, 0xfe, 0x11, 0x80, 0x78,
    0x80, 0x4, 0x1, 0xe2, 0x0, 0xff, 0xe1, 0x30,
    0x7, 0x98, 0x0, 0x80, 0x1e, 0x50, 0xf, 0xfe,
    0x11, 0x80, 0x7b, 0x0, 0x18, 0x1, 0xed, 0x0,
    0xff, 0xe1, 0x58, 0x7, 0x90, 0x0, 0x80, 0x1e,
    0x42, 0x0, 0xff, 0xe0, 0x11, 0x80, 0x70, 0x98,
    0x4, 0xa0, 0x1e, 0x90, 0xf, 0xfe, 0x7, 0x0,
    0x79, 0xc0, 0x34, 0x80, 0x79, 0x28, 0x3, 0xfd,
    0x66, 0x1, 0xeb, 0x0, 0xc6, 0x80, 0x1e, 0x5d,
    0x50, 0xf, 0x2e, 0xa0, 0x7, 0x94, 0x80, 0x3a,
    0x40, 0x3e, 0x2a, 0xfc, 0xbb, 0x67, 0xd1, 0x0,
    0x7d, 0x0, 0x1e, 0x28, 0x0, 0xfe, 0x34, 0x41,
    0x80, 0x7f, 0x51, 0x0, 0x7c, 0xec, 0x1, 0xff,
    0xc8, 0x75, 0x0, 0xfe, 0x97, 0x0, 0xff, 0xe3,
    0x44, 0x0, 0x3f, 0xe8, 0xc2, 0x0, 0xff, 0xe1,
    0x1e, 0x38, 0x7, 0xff, 0x4, 0xf6, 0xd4, 0x3,
    0xfc, 0xb7, 0x86, 0x1, 0xff, 0xc4, 0x4a, 0xfd,
    0xa9, 0x88, 0x4d, 0x6f, 0xd2, 0x0, 0x7f, 0x0,

    /* U+0050 "P" */
    0xef, 0xff, 0xfe, 0x27, 0x64, 0xa0, 0x7, 0xff,
    0x2c, 0x4d, 0xaf, 0xc, 0x3, 0xff, 0x9a, 0x78,
    0xa0, 0x1f, 0xfc, 0xea, 0x40, 0xf, 0xfe, 0x75,
    0x0, 0x7f, 0xf3, 0x85, 0xc0, 0x3f, 0x67, 0x77,
    0xdb, 0x6c, 0x1, 0xf5, 0x0, 0x7e, 0x21, 0x1f,
    0x89, 0x26, 0x80, 0x3c, 0x46, 0x1, 0xff, 0xc6,
    0x52, 0x0, 0xf2, 0x80, 0x7f, 0xf1, 0xdc, 0x3,
    0xde, 0x1, 0xff, 0xc7, 0x30, 0xf, 0x18, 0x7,
    0xff, 0x38, 0x40, 0x3f, 0xfd, 0x22, 0x1, 0xff,
    0xc7, 0x30, 0xf, 0x18, 0x7, 0xff, 0x1d, 0xc0,
    0x3d, 0xe0, 0x1f, 0xfc, 0x65, 0x20, 0xf, 0x28,
    0x7, 0xc4, 0x5f, 0xc9, 0x34, 0x1, 0xe2, 0x30,
    0xf, 0xb3, 0x77, 0xf5, 0xb0, 0x7, 0xd4, 0x1,
    0xff, 0xcd, 0x17, 0x0, 0xff, 0xe6, 0xd0, 0x7,
    0xff, 0x36, 0x90, 0x3, 0xff, 0x96, 0x78, 0xa0,
    0x1f, 0xfc, 0x81, 0x36, 0xbc, 0x30, 0xf, 0xfb,
    0xbf, 0xff, 0xbb, 0x25, 0x0, 0x3f, 0xff, 0xe0,
    0x1f, 0xff, 0xf0, 0xf, 0xff, 0xf8, 0x7, 0xff,
    0xfc, 0x3, 0xff, 0xfe, 0x1, 0xfc,

    /* U+0051 "Q" */
    0x0, 0xff, 0xe0, 0x12, 0xb3, 0xb9, 0x94, 0x80,
    0x3f, 0xf9, 0x29, 0x5d, 0xb5, 0x31, 0x9, 0xad,
    0xea, 0x40, 0xf, 0xfe, 0x21, 0xe5, 0xa8, 0x80,
    0x7e, 0x15, 0xbc, 0x20, 0xf, 0xfe, 0xb, 0xe1,
    0x80, 0x7f, 0xf0, 0x8f, 0x58, 0x3, 0xfe, 0x88,
    0x0, 0x7f, 0xf1, 0xa5, 0xc0, 0x3f, 0x99, 0xc0,
    0x3f, 0xf9, 0x10, 0xa0, 0x1f, 0x14, 0x80, 0x7f,
    0x12, 0x20, 0x80, 0x3f, 0xac, 0x40, 0x3d, 0x0,
    0x1f, 0x15, 0x7e, 0xdd, 0xb7, 0xe4, 0x40, 0x3c,
    0x30, 0x1, 0xc4, 0xa0, 0x1e, 0x5d, 0x50, 0xf,
    0x37, 0x20, 0x7, 0x98, 0x80, 0x35, 0x80, 0x78,
    0xe8, 0x3, 0xfd, 0x64, 0x1, 0xea, 0x0, 0xce,
    0x1, 0xee, 0x0, 0xff, 0xe0, 0x70, 0x7, 0x98,
    0x2, 0x41, 0x0, 0xe4, 0x20, 0xf, 0xfe, 0x1,
    0x98, 0x3, 0x84, 0xc0, 0x18, 0x1, 0xed, 0x0,
    0xff, 0xe1, 0x58, 0x7, 0x90, 0x0, 0x80, 0x1e,
    0x50, 0xf, 0xfe, 0x11, 0x80, 0x7b, 0x40, 0x4,
    0x1, 0xe2, 0x0, 0xff, 0xe1, 0x30, 0x7, 0x9c,
    0x4, 0x40, 0x1e, 0x10, 0xf, 0xfe, 0x11, 0x80,
    0x78, 0x80, 0xc0, 0x3f, 0xfa, 0x42, 0xc0, 0x1f,
    0xfd, 0x22, 0x10, 0xf, 0xfe, 0x93, 0x80, 0x7f,
    0xff, 0xc0, 0x3f, 0xfd, 0x22, 0x1, 0xff, 0xd2,
    0x77, 0x0, 0x7f, 0xf4, 0x84, 0x80, 0x3f, 0xfa,
    0x44, 0x20, 0x1f, 0x8, 0x7, 0xff, 0x8, 0xc0,
    0x3c, 0x20, 0x2, 0x0, 0xf1, 0x80, 0x7f, 0xf0,
    0x84, 0x3, 0xc4, 0x0, 0x40, 0xf, 0x38, 0x7,
    0xff, 0x9, 0x40, 0x3c, 0x80, 0xc, 0x0, 0xf6,
    0x0, 0x7f, 0xf0, 0xb0, 0x3, 0xd8, 0x0, 0x40,
    0xf, 0x30, 0x7, 0xff, 0x4, 0x54, 0x3, 0xc8,
    0x0, 0x14, 0x0, 0xf4, 0x0, 0x7f, 0xf0, 0x20,
    0x3, 0xc8, 0x1, 0xb8, 0x3, 0xce, 0xa0, 0x1f,
    0xe6, 0x60, 0x7, 0xbc, 0x3, 0x28, 0x80, 0x7a,
    0xa0, 0x3, 0xe1, 0x89, 0x0, 0xf1, 0x20, 0x7,
    0x58, 0x7, 0xcf, 0xd4, 0xca, 0xa7, 0xae, 0x70,
    0xf, 0xa4, 0x3, 0xca, 0xa0, 0xf, 0x85, 0x66,
    0xa9, 0xa, 0x1, 0xf9, 0xd0, 0x3, 0xeb, 0x20,
    0xf, 0xfe, 0x41, 0xc0, 0x7, 0xe1, 0xc3, 0x0,
    0xff, 0xe3, 0x2e, 0x0, 0x7f, 0x87, 0x18, 0x3,
    0xff, 0x89, 0x14, 0x1, 0xff, 0xc1, 0x9d, 0x60,
    0xf, 0xf8, 0x5f, 0x9c, 0x3, 0xff, 0x86, 0x53,
    0xf9, 0x0, 0x1e, 0x4d, 0xe8, 0x10, 0xf, 0xfe,
    0x39, 0xb8, 0x7, 0x8c, 0x80, 0x3f, 0xfd, 0x82,
    0x1, 0xff, 0xd3, 0x30, 0xe, 0x6c, 0xce, 0x0,
    0xff, 0xe4, 0x30, 0x7, 0x9, 0x9f, 0x0, 0x7f,
    0xf2, 0x30, 0x3, 0xff, 0xa6, 0xc2, 0x1, 0xff,
    0xd2, 0x1d, 0x10, 0xf, 0xfe, 0x91, 0xfc, 0x18,
    0x80, 0x7f, 0xf0, 0x40,

    /* U+0052 "R" */
    0xef, 0xff, 0xfe, 0x27, 0x64, 0xa0, 0x7, 0xff,
    0x30, 0x4d, 0xaf, 0x50, 0x3, 0xff, 0x9c, 0x56,
    0xc0, 0x1f, 0xfc, 0xf9, 0x40, 0xf, 0xfe, 0x7d,
    0x8, 0x7, 0xff, 0x38, 0x58, 0x3, 0xfb, 0x3b,
    0xbe, 0xdb, 0x60, 0xf, 0xa4, 0x3, 0xf8, 0x84,
    0x7e, 0x24, 0x9a, 0x0, 0xf0, 0x98, 0x7, 0xff,
    0x1d, 0x48, 0x3, 0xca, 0x1, 0xff, 0xc8, 0x70,
    0xf, 0x78, 0x7, 0xff, 0x20, 0xc0, 0x3c, 0x60,
    0x1f, 0xfc, 0xf1, 0x0, 0xff, 0xf5, 0x88, 0x7,
    0xff, 0x20, 0xc0, 0x3c, 0x60, 0x1f, 0xfc, 0x86,
    0x0, 0xf7, 0x80, 0x7f, 0xf1, 0xcc, 0xc0, 0x1e,
    0x40, 0xf, 0xfe, 0x29, 0x3e, 0x0, 0x78, 0x88,
    0x1, 0xfb, 0xbf, 0xff, 0x6c, 0x0, 0x7d, 0x40,
    0x1f, 0xfc, 0xe2, 0x70, 0xf, 0xfe, 0x77, 0x0,
    0x7f, 0xf3, 0xac, 0xc0, 0x3f, 0xf9, 0x89, 0xa8,
    0x1, 0xff, 0x11, 0x78, 0x3, 0xea, 0xb2, 0x0,
    0xff, 0xe0, 0x66, 0xef, 0x40, 0x7, 0xb8, 0x3,
    0xff, 0x90, 0xc0, 0x1e, 0x42, 0x0, 0xff, 0xe3,
    0x8b, 0x0, 0x7a, 0xc0, 0x3f, 0xf9, 0x14, 0x1,
    0xe6, 0x10, 0xf, 0xfe, 0x39, 0x98, 0x3, 0xd2,
    0x1, 0xff, 0xc8, 0x90, 0xf, 0x30, 0x7, 0xff,
    0x21, 0x44, 0x3, 0x85, 0x80, 0x3f, 0xf9, 0xc,
    0x1, 0xeb, 0x0, 0xff, 0xe4, 0x48, 0x7, 0x89,
    0x0, 0x3f, 0xf8, 0xe2, 0xa0, 0x1e, 0x80, 0xf,
    0xfe, 0x44, 0x80, 0x78, 0xcc, 0x1, 0xff, 0xc7,
    0x33, 0x0, 0x7a, 0x40, 0x3f, 0xf9, 0x14, 0x1,
    0xe5, 0x20, 0xf, 0xfe, 0x3b, 0x8, 0x7, 0xac,
    0x3, 0xff, 0x90, 0xc0, 0x1e, 0x61,

    /* U+0053 "S" */
    0x0, 0xff, 0x91, 0x59, 0xdc, 0xc8, 0x40, 0x1f,
    0xfc, 0x41, 0x7d, 0xfb, 0xa9, 0x88, 0x4d, 0xef,
    0x52, 0x0, 0x7f, 0xf0, 0x23, 0xa0, 0x80, 0x3f,
    0x85, 0x6f, 0xc, 0x3, 0xf0, 0xeb, 0x80, 0x7f,
    0xf0, 0xcf, 0x1c, 0x3, 0xc3, 0x84, 0x1, 0xff,
    0xc6, 0x88, 0x0, 0x74, 0x10, 0x7, 0xff, 0x21,
    0xd8, 0x2, 0x26, 0x0, 0xfc, 0x6a, 0xca, 0x60,
    0x1f, 0xd8, 0x1, 0x28, 0x7, 0xcf, 0xd9, 0x53,
    0x59, 0xf4, 0x60, 0x1c, 0xd4, 0x1, 0x58, 0x7,
    0x9a, 0x4, 0x3, 0xcb, 0x8e, 0x1, 0x3c, 0x80,
    0x63, 0x0, 0xf4, 0x0, 0x7f, 0xa2, 0x1, 0x30,
    0x1, 0xff, 0x8, 0x80, 0x3f, 0xe7, 0xc6, 0x0,
    0xe1, 0x0, 0xf1, 0x80, 0x7f, 0xf0, 0x4c, 0x3,
    0xff, 0x82, 0x60, 0x1f, 0xfc, 0x81, 0x0, 0xf0,
    0x90, 0x7, 0xff, 0x20, 0x80, 0x3d, 0x0, 0x1f,
    0xfc, 0x84, 0x0, 0xf2, 0xd9, 0x0, 0x7f, 0xf1,
    0xa8, 0x3, 0xe4, 0xdb, 0x74, 0x0, 0xff, 0xe1,
    0x99, 0x80, 0x3f, 0x24, 0x5f, 0xec, 0xa8, 0x80,
    0x7f, 0xdc, 0x20, 0x1f, 0xf1, 0x35, 0x75, 0xa8,
    0x7, 0xf1, 0x68, 0x80, 0x7f, 0xf0, 0x92, 0xb5,
    0x0, 0x3f, 0x1f, 0xa0, 0x7, 0xff, 0xc, 0xad,
    0xc0, 0x3f, 0xd, 0xd9, 0x0, 0x3f, 0xf8, 0x70,
    0xc0, 0x1f, 0xc9, 0x7d, 0x2a, 0x20, 0x1f, 0xfc,
    0x9, 0x10, 0xf, 0xf0, 0xb5, 0x77, 0x2e, 0x10,
    0x3, 0xfa, 0x40, 0x3f, 0xf8, 0x42, 0x8f, 0x7c,
    0xc0, 0x1f, 0x30, 0x7, 0xff, 0x18, 0x65, 0xc0,
    0x3c, 0x22, 0x0, 0xff, 0xe3, 0xc0, 0x80, 0x79,
    0x40, 0x3f, 0xf9, 0x8, 0x1, 0xe1, 0x0, 0xff,
    0xe4, 0x18, 0x7, 0xff, 0x58, 0x40, 0x34, 0x60,
    0x7, 0xff, 0x8, 0x80, 0x3c, 0xe0, 0x14, 0x39,
    0xd8, 0x7, 0xff, 0x0, 0x50, 0x3, 0xc4, 0x0,
    0x97, 0x0, 0x26, 0x10, 0x7, 0xfa, 0xc0, 0x3c,
    0x62, 0x14, 0xc0, 0x18, 0xf6, 0x48, 0x3, 0xc5,
    0x6a, 0x1, 0xe4, 0x2, 0x40, 0xf, 0x9b, 0x7a,
    0xe6, 0x55, 0xba, 0x40, 0xf, 0xa4, 0xa, 0x80,
    0x3f, 0x85, 0x19, 0x8a, 0x40, 0x1f, 0x9c, 0x40,
    0x9, 0x80, 0x1f, 0xfc, 0x94, 0x80, 0xc, 0x7a,
    0x60, 0x1f, 0xfc, 0x64, 0xb0, 0xf, 0x16, 0x48,
    0x80, 0x7f, 0xf0, 0x86, 0x6c, 0x3, 0xf9, 0xba,
    0x90, 0x3, 0xfc, 0x73, 0xcc, 0x1, 0xff, 0xc0,
    0x5b, 0xfd, 0xa9, 0x88, 0x4d, 0x67, 0xe3, 0x0,
    0x7c,

    /* U+0054 "T" */
    0xaf, 0xff, 0xfe, 0x70, 0x7, 0xff, 0xfc, 0x3,
    0xff, 0xe1, 0x7d, 0xdf, 0xc4, 0x1, 0xec, 0xee,
    0xfe, 0x11, 0xff, 0x0, 0x7c, 0x23, 0xfe, 0x0,
    0xff, 0xff, 0x80, 0x7f, 0xff, 0xc0, 0x3f, 0xff,
    0xe0, 0x1f, 0xff, 0xf0, 0xf, 0xff, 0xf8, 0x7,
    0xff, 0xfc, 0x3, 0xff, 0xfe, 0x1, 0xff, 0xff,
    0x0, 0xff, 0xff, 0x80, 0x7f, 0xff, 0xc0, 0x3f,
    0xff, 0xe0, 0x1f, 0xfc, 0x0,

    /* U+0055 "U" */
    0x3f, 0xff, 0x68, 0x7, 0xff, 0x7, 0x7f, 0xfc,
    0x40, 0x1f, 0xff, 0xf0, 0xf, 0xff, 0xf8, 0x7,
    0xff, 0xfc, 0x3, 0xff, 0xfe, 0x1, 0xff, 0xff,
    0x0, 0xff, 0xff, 0x80, 0x7f, 0xff, 0xc0, 0x3f,
    0xff, 0xe0, 0x1f, 0xff, 0x71, 0x0, 0xff, 0xf2,
    0x98, 0x7, 0x8c, 0xc0, 0x1f, 0xfd, 0x1, 0x0,
    0xf1, 0x0, 0x7f, 0xf0, 0x44, 0x3, 0xc2, 0x1,
    0xf8, 0x40, 0x3f, 0xe2, 0x0, 0xf0, 0x80, 0xc,
    0x3, 0xc8, 0x1, 0xff, 0x20, 0x7, 0x94, 0x0,
    0xa0, 0x1e, 0xe0, 0xf, 0xfa, 0x80, 0x3c, 0x60,
    0xf, 0x0, 0xf2, 0x28, 0x7, 0xf3, 0x18, 0x7,
    0xb4, 0x0, 0xe0, 0x1f, 0x53, 0x80, 0x7d, 0x12,
    0x1, 0xf2, 0x80, 0x5, 0x40, 0x3e, 0x8f, 0xba,
    0x9a, 0xcf, 0x70, 0xf, 0x98, 0x3, 0x40, 0x7,
    0xf2, 0x2b, 0x29, 0x80, 0x7f, 0x40, 0x6, 0x28,
    0x0, 0xff, 0xe4, 0xc8, 0x80, 0x73, 0xc0, 0x7,
    0xff, 0x1e, 0x58, 0x3, 0xe7, 0xb2, 0x0, 0xff,
    0xe1, 0x95, 0xb0, 0x7, 0xf2, 0x6d, 0x20, 0x7,
    0xfc, 0x97, 0xa8, 0x1, 0xff, 0xc0, 0x5b, 0xfc,
    0xa9, 0x88, 0xa6, 0xb7, 0xed, 0x0, 0x3e,

    /* U+0056 "V" */
    0x1f, 0xff, 0x88, 0x3, 0xff, 0x86, 0x9f, 0xfe,
    0xb1, 0x30, 0xf, 0x20, 0x7, 0xff, 0xf, 0x0,
    0x3d, 0xa1, 0x60, 0x1e, 0xd0, 0xf, 0xfe, 0x1a,
    0x80, 0x79, 0x1, 0x0, 0x3c, 0x80, 0x1f, 0xfc,
    0x21, 0x20, 0xe, 0x22, 0x1, 0x88, 0x7, 0x8c,
    0x3, 0xff, 0x82, 0x80, 0x1e, 0x50, 0x9, 0xc0,
    0x3d, 0x60, 0x1f, 0xfc, 0x1f, 0x0, 0xf6, 0x0,
    0x5a, 0x1, 0xe4, 0x0, 0xff, 0xe0, 0xa0, 0x7,
    0x90, 0x2, 0x40, 0xf, 0x18, 0x80, 0x7f, 0xc4,
    0x20, 0x1c, 0xa0, 0x1c, 0x80, 0x1e, 0x40, 0xf,
    0xf9, 0x40, 0x3d, 0x80, 0x1d, 0xa0, 0x1e, 0xc0,
    0xf, 0xfb, 0x0, 0x3c, 0xe0, 0x1c, 0x80, 0x1e,
    0x70, 0xf, 0xf9, 0x0, 0x38, 0x84, 0x3, 0x88,
    0x80, 0x1c, 0x24, 0x1, 0xfc, 0x80, 0x1e, 0x50,
    0xf, 0x94, 0x3, 0xc8, 0x1, 0xfd, 0x80, 0x1e,
    0xb0, 0xf, 0xac, 0x3, 0xda, 0x1, 0xfc, 0x80,
    0x1c, 0x26, 0x1, 0xf1, 0x88, 0x7, 0x20, 0x7,
    0xe1, 0x30, 0xe, 0x40, 0xf, 0xe4, 0x0, 0xf2,
    0x0, 0x7c, 0x80, 0x1e, 0xf0, 0xf, 0xef, 0x0,
    0xf6, 0x0, 0x7d, 0x80, 0x1e, 0x40, 0xf, 0xe4,
    0x0, 0xf2, 0x0, 0x7c, 0xe0, 0x1c, 0x62, 0x1,
    0xfc, 0x26, 0x1, 0xc6, 0x20, 0x1c, 0x42, 0x1,
    0xd6, 0x1, 0xff, 0x58, 0x7, 0x90, 0x3, 0x94,
    0x3, 0xc8, 0x1, 0xff, 0x28, 0x7, 0xb0, 0x3,
    0xb0, 0x3, 0x84, 0xc0, 0x3f, 0xe2, 0x10, 0xe,
    0x70, 0xe, 0x40, 0xe, 0x70, 0xf, 0xfe, 0xb,
    0x80, 0x70, 0x90, 0x4, 0x80, 0x1e, 0xc0, 0xf,
    0xfe, 0xe, 0x80, 0x79, 0x40, 0x2c, 0x0, 0xf2,
    0x80, 0x7f, 0xf0, 0x50, 0x3, 0xda, 0x1, 0x20,
    0x7, 0x18, 0x7, 0xff, 0xd, 0x0, 0x39, 0xc0,
    0x22, 0x0, 0xeb, 0x0, 0xff, 0xe1, 0xe8, 0x7,
    0x10, 0x0, 0x44, 0x1, 0xca, 0x1, 0xff, 0xc3,
    0x70, 0xf, 0x18, 0x28, 0x7, 0x9, 0x0, 0x7f,
    0xf0, 0xc4, 0x80, 0x39, 0x80, 0x80, 0x39, 0xc0,
    0x3f, 0xf8, 0xaa, 0x1, 0xda, 0x1e, 0x1, 0xda,
    0x1, 0xff, 0xc5, 0xb0, 0xe, 0x30, 0x50, 0xe,
    0x40, 0xf, 0xfe, 0x29, 0x88, 0x6, 0x60, 0x20,
    0xc, 0x80, 0x1f, 0xfc, 0x74, 0x0, 0xc4, 0xa2,
    0x1, 0xb4, 0x3, 0xff, 0x8f, 0xe0, 0x1d, 0x40,
    0x1c, 0x80, 0x1f, 0xfc, 0x74, 0x0, 0xff, 0x11,
    0x0, 0x3f, 0xf8, 0xe2, 0x60, 0x1f, 0xca, 0x1,
    0xff, 0xc9, 0xb0, 0xf, 0xec, 0x0, 0xff, 0xe4,
    0xa8, 0x7, 0xf2, 0x0, 0x7f, 0xf2, 0x48, 0x40,
    0x3e, 0x40, 0xf, 0xf8,

    /* U+0057 "W" */
    0x7f, 0xff, 0x30, 0x7, 0xfd, 0xbf, 0xff, 0x28,
    0x7, 0xfd, 0xdf, 0xfd, 0x86, 0x1, 0xef, 0x0,
    0xff, 0x88, 0x3, 0xed, 0x0, 0xff, 0x8, 0x80,
    0x39, 0x14, 0x3, 0xca, 0x1, 0xfe, 0x40, 0xf,
    0xc6, 0x1, 0xfe, 0x50, 0xf, 0x68, 0x88, 0x3,
    0x8c, 0x3, 0xfc, 0x60, 0x1f, 0x90, 0x3, 0xfc,
    0x60, 0x1e, 0x40, 0x40, 0xf, 0x10, 0x7, 0xf6,
    0x80, 0x7f, 0x10, 0x7, 0xf6, 0x80, 0x70, 0x88,
    0x34, 0x3, 0xce, 0x1, 0xfc, 0x80, 0x1f, 0xce,
    0x1, 0xfc, 0xe0, 0x1c, 0xa0, 0x3, 0x0, 0xf6,
    0x80, 0x7e, 0x11, 0x0, 0x7f, 0x60, 0x7, 0xf1,
    0x0, 0x76, 0x0, 0x10, 0x3, 0xc6, 0x1, 0xf9,
    0x40, 0x31, 0xa8, 0x6, 0x50, 0xf, 0xc6, 0x1,
    0xe3, 0x0, 0x88, 0x3, 0x94, 0x3, 0xf6, 0x0,
    0x64, 0xc0, 0xc, 0x60, 0x1f, 0x94, 0x3, 0xc8,
    0x1, 0x38, 0x7, 0x8, 0x80, 0x3e, 0x30, 0xd,
    0xca, 0x1, 0xc6, 0x1, 0xf7, 0x80, 0x71, 0x0,
    0x6d, 0x0, 0xf2, 0x80, 0x7c, 0xa0, 0x18, 0x88,
    0x1, 0xca, 0x1, 0xf1, 0x0, 0x72, 0x0, 0x64,
    0x0, 0xf1, 0x80, 0x78, 0x84, 0x3, 0x30, 0x80,
    0x76, 0x0, 0x7c, 0xa0, 0x1d, 0xe0, 0x18, 0xc0,
    0x3d, 0xa0, 0x1e, 0x70, 0xe, 0x20, 0x20, 0xc,
    0xe0, 0x1e, 0x11, 0x0, 0x72, 0x0, 0x71, 0x0,
    0x73, 0x80, 0x7b, 0x40, 0x31, 0x0, 0x18, 0x3,
    0x10, 0x7, 0x94, 0x3, 0xc4, 0x1, 0xc8, 0x1,
    0xc4, 0x1, 0xe4, 0x0, 0xcc, 0x0, 0x20, 0xe,
    0x40, 0xe, 0x30, 0xe, 0x40, 0xf, 0x78, 0x7,
    0x88, 0x3, 0x8c, 0x3, 0x10, 0x3, 0x80, 0x38,
    0xc0, 0x3b, 0x40, 0x38, 0xc0, 0x3c, 0xa0, 0x1e,
    0x70, 0xc, 0x40, 0x1d, 0xe0, 0x3, 0x0, 0xed,
    0x0, 0xe7, 0x0, 0xed, 0x0, 0xf1, 0x80, 0x7b,
    0x40, 0x32, 0x0, 0x72, 0x80, 0x10, 0x3, 0x90,
    0x3, 0x88, 0x3, 0x90, 0x3, 0xe3, 0x0, 0xe3,
    0x0, 0xde, 0x1, 0xc6, 0x1, 0x10, 0x6, 0x11,
    0x0, 0x46, 0x1, 0xc2, 0x20, 0xf, 0x94, 0x3,
    0x94, 0x3, 0x28, 0x6, 0x30, 0xc, 0xe0, 0x1c,
    0xa0, 0x12, 0x80, 0x72, 0x0, 0x7e, 0xf0, 0xe,
    0x11, 0x0, 0x46, 0x1, 0x90, 0x3, 0x60, 0x7,
    0x60, 0x5, 0xc0, 0x1d, 0xa0, 0x1f, 0x90, 0x3,
    0xca, 0x0, 0x30, 0xe, 0xd0, 0xc, 0xa0, 0x1c,
    0x60, 0x11, 0x80, 0x72, 0x0, 0x7e, 0x20, 0xf,
    0x18, 0x1, 0x40, 0x39, 0xc0, 0x31, 0x80, 0x72,
    0x80, 0x4a, 0x1, 0xc6, 0x1, 0xfc, 0x60, 0x1d,
    0xc0, 0xf, 0x0, 0xc2, 0x40, 0x1c, 0x60, 0x18,
    0x44, 0x0, 0x10, 0xc, 0x60, 0x1f, 0xe5, 0x0,
    0xe2, 0x0, 0x10, 0x6, 0x50, 0xf, 0x28, 0x7,
    0x10, 0x10, 0x7, 0x28, 0x7, 0xfb, 0x0, 0x39,
    0x80, 0xc, 0x1, 0x8c, 0x3, 0xde, 0x1, 0xcc,
    0xc, 0x1, 0xde, 0x1, 0xfe, 0x70, 0xe, 0x20,
    0x1, 0x0, 0x6c, 0x0, 0xf2, 0x0, 0x71, 0x1,
    0x0, 0x72, 0x0, 0x7f, 0x88, 0x3, 0xc2, 0x20,
    0xe, 0x50, 0xf, 0x10, 0x7, 0x70, 0x70, 0x7,
    0x10, 0x7, 0xfc, 0x60, 0x1c, 0x44, 0x0, 0xc4,
    0x20, 0x1f, 0x18, 0x6, 0x20, 0x30, 0xc, 0x80,
    0x1f, 0xfc, 0x4, 0x0, 0xe6, 0x60, 0x6, 0x70,
    0xf, 0xca, 0x1, 0x98, 0x18, 0x3, 0x18, 0x7,
    0xff, 0x3, 0x40, 0x38, 0x88, 0x1, 0xb4, 0x3,
    0xf6, 0x0, 0x62, 0x2, 0x0, 0xd8, 0x1, 0xff,
    0xc0, 0x70, 0xe, 0xbb, 0x0, 0x64, 0x0, 0xfc,
    0xe0, 0x1d, 0x20, 0x1c, 0xa0, 0x1f, 0xfc, 0x2,
    0x10, 0xc, 0x66, 0x0, 0xc6, 0x1, 0xf8, 0x84,
    0x3, 0x30, 0x6, 0x21, 0x0, 0xff, 0xe0, 0xa8,
    0x7, 0xf1, 0x80, 0x7f, 0x94, 0x3, 0xf9, 0xc0,
    0x3f, 0xf8, 0x46, 0x1, 0xfc, 0xa0, 0x1f, 0xe3,
    0x0, 0xfe, 0xc0, 0xf, 0xfe, 0x16, 0x80, 0x7f,
    0x78, 0x7, 0xfb, 0x40, 0x3f, 0x94, 0x3, 0xff,
    0x84, 0x80, 0x1f, 0xc8, 0x1, 0xfe, 0x40, 0xf,
    0xe3, 0x0, 0xff, 0xe1, 0x8, 0x80, 0x3f, 0x10,
    0x7, 0xf8, 0x44, 0x1, 0xf1, 0x80, 0x7f, 0xf1,
    0x14, 0x3, 0xe4, 0x0, 0xff, 0xe0, 0x28, 0x7,
    0xca, 0x1, 0xf8,

    /* U+0058 "X" */
    0x3, 0xff, 0xfb, 0x0, 0x3f, 0xf8, 0x5d, 0xff,
    0xe8, 0x0, 0x1a, 0x80, 0x78, 0xd4, 0x3, 0xff,
    0x81, 0x2, 0x1, 0xc3, 0x0, 0x15, 0x80, 0x7d,
    0x0, 0x1f, 0xf0, 0xb8, 0x7, 0xac, 0x3, 0xc,
    0x0, 0x78, 0x98, 0x3, 0xfd, 0x0, 0x1e, 0x35,
    0x0, 0xe7, 0x10, 0xf, 0x40, 0x7, 0xf1, 0x30,
    0x7, 0xbc, 0x3, 0xeb, 0x0, 0xf0, 0xb8, 0x7,
    0xe8, 0x0, 0xf3, 0x18, 0x7, 0xca, 0x60, 0x1e,
    0x90, 0xf, 0x8d, 0x40, 0x3d, 0x0, 0x1f, 0xde,
    0x1, 0xe1, 0x80, 0xf, 0x78, 0x7, 0xa0, 0x40,
    0x3f, 0x8d, 0x40, 0x3c, 0xe2, 0x1, 0x90, 0xc0,
    0x38, 0x9c, 0x3, 0xfe, 0xb0, 0xf, 0xa0, 0x3,
    0x48, 0x7, 0xa4, 0x3, 0xff, 0x80, 0x2e, 0x1,
    0xe6, 0x20, 0x3, 0x10, 0x7, 0x22, 0x0, 0x3f,
    0xf8, 0x30, 0x20, 0x1e, 0x80, 0x4, 0x0, 0x7a,
    0x40, 0x3f, 0xf8, 0x70, 0x1, 0xe5, 0x27, 0x10,
    0xe, 0x62, 0x0, 0xff, 0xe1, 0xb1, 0x80, 0x7b,
    0x60, 0x3, 0x86, 0x0, 0x3f, 0xf8, 0xbe, 0x1,
    0xff, 0xc1, 0x81, 0x0, 0xff, 0xe2, 0x9a, 0x80,
    0x7f, 0xc4, 0xc0, 0x1f, 0xfc, 0x78, 0x0, 0xff,
    0xb8, 0x3, 0xff, 0x90, 0x4e, 0x1, 0xfc, 0xa6,
    0x1, 0xff, 0xc9, 0x90, 0xf, 0xe9, 0x0, 0xff,
    0xe5, 0x38, 0x7, 0xf5, 0x0, 0x7f, 0xf2, 0xa0,
    0x3, 0xf9, 0x88, 0x3, 0xff, 0x90, 0xe2, 0x1,
    0xfe, 0x90, 0xf, 0xfe, 0x38, 0xc0, 0x7, 0xfc,
    0x86, 0x1, 0xff, 0xc6, 0x80, 0xf, 0xfe, 0xf,
    0x80, 0x7f, 0xf1, 0x49, 0x80, 0x39, 0x38, 0x3,
    0xc6, 0xa0, 0x1f, 0xfc, 0x48, 0x0, 0xf4, 0xb,
    0x80, 0x7a, 0xc0, 0x3f, 0xf8, 0x66, 0xa0, 0x1c,
    0x86, 0x12, 0x1, 0xe1, 0x70, 0xf, 0xfe, 0x17,
    0x80, 0x7a, 0x0, 0x2, 0xe0, 0x1e, 0x91, 0x0,
    0xff, 0xe0, 0x29, 0x80, 0x72, 0x18, 0x5, 0x20,
    0x1e, 0x18, 0x0, 0xff, 0xe0, 0x40, 0x7, 0xa0,
    0x3, 0xb, 0x80, 0x79, 0x88, 0x3, 0xfc, 0xc4,
    0x1, 0xc8, 0x60, 0x1d, 0x20, 0x1f, 0x40, 0x7,
    0xfa, 0x0, 0x3d, 0x0, 0x1e, 0x17, 0x0, 0xf2,
    0x98, 0x7, 0xe7, 0x10, 0xe, 0x43, 0x0, 0xfa,
    0x40, 0x3e, 0xf0, 0xf, 0x86, 0x0, 0x3d, 0x0,
    0x1f, 0x86, 0x0, 0x3c, 0x6a, 0x1, 0xe8, 0x0,
    0xf2, 0x18, 0x7, 0xf3, 0x88, 0x7, 0xa0, 0x3,
    0x89, 0x80, 0x3d, 0x0, 0x1f, 0xf4, 0x80, 0x78,
    0x9c, 0x3, 0x40, 0x7, 0x90, 0xc0, 0x3f, 0xe7,
    0x10, 0xf, 0x48, 0x80, 0xd, 0x40, 0x3d, 0x0,
    0x1f, 0xfc, 0x19, 0x0, 0xf0, 0xc8, 0x3, 0xc0,
    0x3c, 0x86, 0x1, 0xff, 0xc1, 0x71, 0x0, 0xf3,
    0x90,

    /* U+0059 "Y" */
    0x5f, 0xff, 0x90, 0x3, 0xff, 0x84, 0xdf, 0xff,
    0xa, 0x90, 0x7, 0xbc, 0x3, 0xff, 0x85, 0x60,
    0x1e, 0x71, 0x8, 0x0, 0xf2, 0x18, 0x7, 0xff,
    0x1, 0x48, 0x3, 0xd2, 0x0, 0x52, 0x0, 0xf4,
    0x80, 0x7f, 0xf0, 0x24, 0x3, 0xce, 0x20, 0x14,
    0x0, 0x79, 0x44, 0x3, 0xfc, 0x66, 0x0, 0xf4,
    0x80, 0x65, 0x20, 0xf, 0x48, 0x7, 0xfa, 0x40,
    0x3c, 0xc2, 0x1, 0xd0, 0x1, 0xe7, 0x10, 0xf,
    0xc2, 0xa0, 0x1e, 0x80, 0xf, 0x29, 0x0, 0x79,
    0x80, 0x3f, 0x48, 0x7, 0x98, 0x40, 0x3e, 0x80,
    0xf, 0x48, 0x7, 0xe6, 0x0, 0xf4, 0x0, 0x7e,
    0x52, 0x0, 0xe1, 0x60, 0xf, 0x30, 0x80, 0x73,
    0x8, 0x7, 0xf4, 0x0, 0x7a, 0xc0, 0x3d, 0x60,
    0x1e, 0x80, 0xf, 0xf2, 0x90, 0x7, 0x12, 0x0,
    0x65, 0x20, 0xe, 0x61, 0x0, 0xff, 0xa0, 0x3,
    0xde, 0x1, 0xa4, 0x3, 0xd0, 0x1, 0xff, 0xc0,
    0x52, 0x0, 0xe4, 0x30, 0x1, 0x98, 0x3, 0x98,
    0x40, 0x3f, 0xf8, 0x30, 0x1, 0xe9, 0x0, 0x48,
    0x7, 0xa0, 0x3, 0xff, 0x84, 0xa4, 0x1, 0xca,
    0x22, 0x50, 0xe, 0x61, 0x0, 0xff, 0xe1, 0xc0,
    0x7, 0xae, 0xc0, 0x1e, 0x80, 0xf, 0xfe, 0x22,
    0x90, 0x7, 0x2a, 0x80, 0x39, 0x84, 0x3, 0xff,
    0x8b, 0x60, 0x1f, 0xfc, 0xb, 0x0, 0xff, 0xe3,
    0x31, 0x0, 0x7f, 0x98, 0x80, 0x3f, 0xf8, 0xf6,
    0x1, 0xfe, 0xb0, 0xf, 0xfe, 0x43, 0x10, 0x7,
    0xe6, 0x20, 0xf, 0xfe, 0x4d, 0x80, 0x7e, 0xb0,
    0xf, 0xfe, 0x53, 0x10, 0x7, 0x98, 0x80, 0x3f,
    0xf9, 0x6e, 0x1, 0xef, 0x0, 0xff, 0xff, 0x80,
    0x7f, 0xff, 0xc0, 0x3f, 0xff, 0xe0, 0x1f, 0xff,
    0xf0, 0xf, 0xff, 0xf8, 0x7, 0xff, 0xfc, 0x3,
    0xfc,

    /* U+005A "Z" */
    0x2, 0xff, 0xff, 0xe6, 0x68, 0x7, 0xff, 0xfc,
    0x3, 0xff, 0xee, 0x5d, 0xdf, 0xfc, 0x48, 0x0,
    0xf9, 0x0, 0x21, 0x1f, 0xfe, 0x18, 0x40, 0x7,
    0x86, 0x40, 0x3f, 0xf8, 0xd4, 0x1, 0xf5, 0x0,
    0x7f, 0xf1, 0x99, 0x0, 0x3c, 0xc8, 0x1, 0xff,
    0xc5, 0x19, 0x0, 0xf1, 0x48, 0x7, 0xff, 0x1a,
    0x80, 0x3e, 0x90, 0xf, 0xfe, 0x33, 0x20, 0x7,
    0x99, 0x0, 0x3f, 0xf8, 0xa5, 0x20, 0x1e, 0x29,
    0x0, 0xff, 0xe3, 0x70, 0x7, 0xdc, 0x1, 0xff,
    0xc6, 0x63, 0x0, 0xf3, 0x18, 0x7, 0xff, 0x14,
    0xa4, 0x3, 0xc5, 0x20, 0x1f, 0xfc, 0x6e, 0x0,
    0xfb, 0x80, 0x3f, 0xf8, 0xce, 0x60, 0x1e, 0x73,
    0x0, 0xff, 0xe2, 0x94, 0x0, 0x78, 0xa0, 0x3,
    0xff, 0x8d, 0xc0, 0x1f, 0x70, 0x7, 0xff, 0x19,
    0xcc, 0x3, 0xce, 0x60, 0x1f, 0xfc, 0x52, 0x80,
    0xf, 0x14, 0x0, 0x7f, 0xf1, 0xb8, 0x3, 0xee,
    0x0, 0xff, 0xe3, 0x39, 0x80, 0x79, 0xcc, 0x3,
    0xff, 0x8a, 0x50, 0x1, 0xe2, 0x80, 0xf, 0xfe,
    0x37, 0x0, 0x7d, 0xc0, 0x1f, 0xfc, 0x67, 0x30,
    0xf, 0x39, 0x80, 0x7f, 0xf1, 0x4a, 0x0, 0x3c,
    0x50, 0x1, 0xff, 0xc6, 0xe0, 0xf, 0xb8, 0x3,
    0xff, 0x8c, 0xe6, 0x1, 0xe8, 0x30, 0xf, 0xfe,
    0x29, 0xc0, 0x7, 0x8d, 0xc0, 0x3f, 0xf8, 0xdc,
    0x1, 0xf4, 0x11, 0x7f, 0xf1, 0x40, 0x4, 0x1,
    0xf5, 0xee, 0xff, 0xf1, 0x54, 0x3, 0xff, 0xfe,
    0x1, 0xff, 0xf5,

    /* U+005B "[" */
    0xcd, 0xdf, 0xe1, 0x22, 0xff, 0x0, 0x7f, 0xf7,
    0x3f, 0xf0, 0x80, 0x7f, 0xff, 0xc0, 0x3f, 0xff,
    0xe0, 0x1f, 0xff, 0xf0, 0xf, 0xff, 0xf8, 0x7,
    0xff, 0xfc, 0x3, 0xff, 0xf7, 0xbb, 0x84, 0x3,
    0xc4, 0x58, 0x3, 0xff, 0xac,

    /* U+005C "\\" */
    0xe, 0xff, 0xd6, 0x1, 0xff, 0xc4, 0x40, 0xc,
    0x80, 0x1f, 0xfc, 0x4f, 0x0, 0xe4, 0x0, 0xff,
    0xe1, 0xa0, 0x7, 0x68, 0x7, 0xff, 0xc, 0x4c,
    0x3, 0x38, 0x7, 0xff, 0x12, 0xc0, 0x30, 0x90,
    0x7, 0xff, 0xd, 0x0, 0x39, 0x40, 0x3f, 0xf8,
    0x66, 0x20, 0x1a, 0xc0, 0x3f, 0xf8, 0x8e, 0x1,
    0x8c, 0x40, 0x3f, 0xf8, 0x7a, 0x1, 0xc8, 0x1,
    0xff, 0xc3, 0x40, 0xe, 0xf0, 0xf, 0xfe, 0x22,
    0x0, 0x64, 0x0, 0xff, 0xe2, 0x68, 0x6, 0x13,
    0x0, 0xff, 0xe1, 0xa0, 0x7, 0x58, 0x7, 0xff,
    0xc, 0x88, 0x1, 0x94, 0x3, 0xff, 0x88, 0xa0,
    0x18, 0x84, 0x3, 0xff, 0x87, 0x80, 0x1c, 0xe0,
    0x1f, 0xfc, 0x34, 0x0, 0xed, 0x0, 0xff, 0xe2,
    0x28, 0x6, 0x40, 0xf, 0xfe, 0x27, 0x80, 0x72,
    0x0, 0x7f, 0xf0, 0xd0, 0x3, 0xb4, 0x3, 0xff,
    0x86, 0x26, 0x1, 0x90, 0x3, 0xff, 0x89, 0x60,
    0x18, 0x88, 0x1, 0xff, 0xc3, 0x40, 0xe, 0x50,
    0xf, 0xfe, 0x19, 0x88, 0x6, 0xc0, 0xf, 0xfe,
    0x23, 0x80, 0x64, 0x0, 0xff, 0xe2, 0x60, 0x7,
    0x28, 0x7, 0xff, 0xd, 0x40, 0x3b, 0xc0, 0x3f,
    0xf8, 0x88, 0x1, 0x90, 0x3, 0xff, 0x89, 0x80,
    0x18, 0x4c, 0x3, 0xff, 0x86, 0xa0, 0x1d, 0x60,
    0x1f, 0xfc, 0x32, 0x20, 0x6, 0x40, 0xf, 0xfe,
    0x22, 0x80, 0x63, 0x10, 0xf, 0xfe, 0x1e, 0x0,
    0x73, 0x80, 0x7f, 0xf0, 0xd0, 0x3, 0xb0, 0x3,
    0xff, 0x88, 0xa0, 0x19, 0x40, 0x3f, 0xf8, 0x98,
    0x1, 0xc8, 0x1, 0xff, 0xc3, 0x70, 0xe, 0xd0,
    0xf, 0xfe, 0x18, 0x98, 0x6, 0x40, 0xf, 0xfe,
    0x22, 0x0, 0x62, 0x20, 0x7, 0xff, 0xe, 0xc0,
    0x39, 0x40, 0x3f, 0xf8, 0x66, 0x20, 0x1b, 0x0,
    0x3f, 0xf8, 0x8e, 0x1, 0x90, 0x3, 0xff, 0x89,
    0x80, 0x1c, 0xa0, 0x1f, 0xfc, 0x35, 0x0, 0xec,
    0x0, 0xff, 0xe2, 0x20, 0x6, 0x70, 0xf, 0xfe,
    0x26, 0x0, 0x61, 0x30, 0xf, 0xfe, 0x1a, 0x80,
    0x72, 0x0, 0x7f, 0xf0, 0xc8, 0x80, 0x1a, 0xc0,
    0x3f, 0xf8, 0x88, 0x1, 0x8c, 0x40,

    /* U+005D "]" */
    0x4d, 0xdf, 0xe8, 0x22, 0xff, 0x80, 0x3f, 0xfa,
    0xad, 0xff, 0x58, 0x7, 0xff, 0xfc, 0x3, 0xff,
    0xfe, 0x1, 0xff, 0xff, 0x0, 0xff, 0xff, 0x80,
    0x7f, 0xff, 0xc0, 0x3f, 0xff, 0x69, 0xbb, 0x50,
    0x7, 0x88, 0xb0, 0x80, 0x7f, 0xf6, 0xc0,

    /* U+005E "^" */
    0x0, 0xff, 0xed, 0x27, 0xff, 0xa0, 0x3, 0xff,
    0x91, 0x0, 0x1e, 0x71, 0x0, 0xff, 0xe3, 0x21,
    0x80, 0x7d, 0x20, 0x1f, 0xfc, 0x68, 0x0, 0xfc,
    0xe2, 0x1, 0xff, 0xc4, 0x43, 0x0, 0xfe, 0x60,
    0xf, 0xfe, 0x24, 0x0, 0x7f, 0xa4, 0x3, 0xff,
    0x86, 0x86, 0x1, 0xfe, 0x17, 0x0, 0xff, 0xe1,
    0x40, 0x7, 0x5c, 0x80, 0x74, 0x80, 0x7f, 0xf0,
    0x50, 0xc0, 0x31, 0xa3, 0x8, 0x6, 0x17, 0x0,
    0xff, 0xe0, 0x40, 0x7, 0x48, 0x2, 0x40, 0x3a,
    0x40, 0x3f, 0xe3, 0x30, 0x6, 0x25, 0x0, 0x38,
    0x80, 0x61, 0x70, 0xf, 0xf4, 0x0, 0x74, 0x0,
    0x69, 0x0, 0xe9, 0x0, 0xfe, 0x34, 0x0, 0xc2,
    0xa0, 0x19, 0x80, 0x38, 0x5c, 0x3, 0xf4, 0x0,
    0x74, 0x0, 0x70, 0xb8, 0x7, 0x48, 0x7, 0xc6,
    0x80, 0x18, 0x58, 0x3, 0xd2, 0x1, 0xc2, 0xe0,
    0x1e, 0x80, 0xe, 0x90, 0xf, 0x85, 0x80, 0x3a,
    0x40, 0x38, 0xd0, 0x3, 0x98, 0x3, 0xf4, 0x0,
    0x70, 0xb8, 0x6, 0x80, 0xe, 0x71, 0x0, 0xfc,
    0x2c, 0x1, 0xd2, 0x1, 0x1a, 0x0, 0x74, 0x80,
    0x7f, 0xac, 0x3, 0x85, 0xc0, 0x10, 0x1, 0xcc,
    0x20, 0x1f, 0xe2, 0x50, 0xe, 0x90, 0x1, 0x80,
    0x75, 0x80, 0x7f, 0xf0, 0x20, 0x3, 0x90, 0x42,
    0x39, 0xc4, 0x14, 0x80, 0x3f, 0xf8, 0x4, 0x80,
    0x7, 0xea, 0x10, 0x0, 0xc7, 0x44, 0x0, 0x3f,
    0xf8, 0x51, 0xf, 0x81, 0x0, 0x0,

    /* U+005F "_" */
    0x5b, 0xbf, 0xfe, 0x63, 0x12, 0x27, 0xff, 0x33,
    0xc0, 0x3f, 0xff, 0xe0, 0x1f, 0xfd, 0x10,

    /* U+0060 "`" */
    0x0, 0xff, 0xe2, 0x1d, 0xe8, 0x7, 0xc7, 0x78,
    0x84, 0xa0, 0x18, 0x6f, 0x10, 0x2, 0x90, 0xc,
    0x22, 0x0, 0xe3, 0x40, 0xd, 0x62, 0x1, 0xde,
    0x1, 0x86, 0x80, 0x39, 0xc, 0x3, 0x23, 0x0,
    0x74, 0x80, 0x74, 0x88, 0x6, 0x52, 0x0, 0xea,
    0x0, 0xeb, 0x0, 0xe4, 0x60, 0xc, 0xc2, 0x1,
    0xd2, 0x40, 0x11, 0x10, 0x3, 0xdc, 0x5, 0x5a,
    0x60, 0x1e, 0x3d, 0xd2, 0x80, 0x0,

    /* U+0061 "a" */
    0x0, 0xfe, 0x36, 0x77, 0x32, 0x98, 0x7, 0xff,
    0x10, 0xeb, 0xf2, 0x62, 0x13, 0x59, 0xf6, 0x80,
    0x1f, 0xfc, 0x9, 0xc5, 0x0, 0xfe, 0x4b, 0xb0,
    0x80, 0x7e, 0x1c, 0x60, 0xf, 0xfe, 0xa, 0x60,
    0x7, 0xed, 0x30, 0xf, 0xfe, 0x19, 0x58, 0x7,
    0xa8, 0xc0, 0x3f, 0xf8, 0xa8, 0x60, 0x1f, 0xf1,
    0xd7, 0x7f, 0xb6, 0x0, 0x3e, 0x90, 0xe, 0xa8,
    0x0, 0xa3, 0x14, 0x40, 0x4, 0xf6, 0x1, 0xe4,
    0x0, 0xf3, 0xd8, 0xbb, 0x80, 0x3e, 0x42, 0x0,
    0xe1, 0x10, 0x7, 0x93, 0xe0, 0x3, 0xf9, 0x0,
    0x3c, 0x60, 0x1f, 0x8, 0x7, 0xf8, 0x40, 0x3c,
    0x20, 0x1f, 0xfc, 0xd7, 0x0, 0xff, 0x84, 0x8c,
    0xf8, 0x80, 0x3f, 0xf8, 0x6d, 0x7d, 0xcd, 0xcc,
    0xe5, 0x0, 0xff, 0xe0, 0xbf, 0xca, 0x8, 0x7,
    0xff, 0x22, 0xe0, 0x3, 0xff, 0x97, 0x48, 0x1,
    0xff, 0xcb, 0x35, 0x0, 0xf3, 0x67, 0xff, 0x38,
    0x7, 0xfa, 0x80, 0x3d, 0x52, 0x60, 0x1f, 0xfc,
    0x47, 0x0, 0xe2, 0x50, 0xf, 0xfe, 0x30, 0x80,
    0x73, 0x0, 0x7f, 0xf1, 0x84, 0x3, 0xff, 0x86,
    0x20, 0x1f, 0xfc, 0x47, 0x0, 0xfc, 0xa0, 0x1f,
    0xc2, 0x1, 0xe3, 0x0, 0xf9, 0xc, 0x3, 0xfc,
    0x20, 0x1e, 0x90, 0xe, 0x5b, 0x0, 0xfb, 0x5d,
    0x81, 0x0, 0x3c, 0xdd, 0x51, 0x3b, 0x41, 0xa0,
    0x1e, 0x68, 0xb0, 0x90, 0xf, 0x85, 0x5d, 0x88,
    0xc, 0x8c, 0x3, 0xf8, 0xd4, 0x3, 0xff, 0x81,
    0xe1, 0x60, 0x1f, 0xeb, 0x30, 0xf, 0xf4, 0x98,
    0x39, 0x0, 0x7f, 0xe, 0x40, 0x80, 0x78, 0xf1,
    0x80, 0x2c, 0x72, 0x0, 0xfe, 0x7e, 0xc9, 0x88,
    0x56, 0xe1, 0x80, 0x61, 0x8d, 0xff, 0xda,

    /* U+0062 "b" */
    0x4f, 0xff, 0x38, 0x7, 0xff, 0xfc, 0x3, 0xff,
    0xfe, 0x1, 0xff, 0xff, 0x0, 0xff, 0xff, 0x80,
    0x7f, 0xf1, 0x5, 0x5d, 0xca, 0x60, 0x1f, 0xfc,
    0x61, 0x9e, 0xa8, 0x85, 0x67, 0x40, 0x7, 0xff,
    0xc, 0xbd, 0x80, 0x3c, 0x2f, 0xc6, 0x1, 0xff,
    0xc1, 0xf1, 0x0, 0xfe, 0x1d, 0x20, 0xf, 0xf9,
    0x88, 0x3, 0xfe, 0x1e, 0x0, 0xff, 0x54, 0x0,
    0x7f, 0xf0, 0x4d, 0x40, 0x3f, 0x88, 0x4a, 0x73,
    0x72, 0x48, 0x3, 0xe8, 0x0, 0xff, 0x36, 0xb1,
    0x91, 0xb6, 0xb0, 0x7, 0x88, 0x80, 0x1f, 0x8a,
    0x40, 0x3e, 0x93, 0x0, 0xf2, 0x80, 0x7e, 0x40,
    0xf, 0xe9, 0x0, 0xf6, 0x80, 0x7e, 0xe0, 0xf,
    0xe5, 0x0, 0xf3, 0x80, 0x7f, 0xf3, 0x48, 0x3,
    0xff, 0x8e, 0x20, 0x1e, 0x10, 0xf, 0xfe, 0x69,
    0x80, 0x7f, 0xf9, 0xc4, 0x3, 0xff, 0x9a, 0x20,
    0x1f, 0xfe, 0x73, 0x0, 0xff, 0xe6, 0x88, 0x7,
    0xff, 0x18, 0x40, 0x38, 0x80, 0x3f, 0x78, 0x7,
    0xf2, 0x0, 0x79, 0xc0, 0x3f, 0x28, 0x7, 0xf4,
    0x0, 0x7b, 0x40, 0x3f, 0x14, 0x80, 0x7d, 0x26,
    0x1, 0xe5, 0x0, 0xfe, 0x6c, 0x63, 0x22, 0x36,
    0x30, 0x7, 0x88, 0x80, 0x1f, 0xa1, 0x8e, 0x73,
    0x75, 0x26, 0x1, 0xf4, 0x0, 0x7f, 0xa8, 0x3,
    0xff, 0x82, 0x4a, 0x1, 0xfe, 0x36, 0x0, 0xff,
    0x87, 0xc0, 0x3f, 0xf8, 0x12, 0x80, 0x1f, 0xc3,
    0xa4, 0x1, 0xff, 0xc1, 0xb8, 0x0, 0xf0, 0xb7,
    0x18, 0x6, 0x4f, 0xff, 0x38, 0x4, 0xff, 0x71,
    0xa, 0xce, 0x90, 0xf, 0x0,

    /* U+0063 "c" */
    0x0, 0xfe, 0x14, 0x57, 0x73, 0x20, 0x80, 0x7f,
    0xf0, 0x9b, 0x3a, 0xea, 0x21, 0x37, 0xd8, 0xc0,
    0x1f, 0xe3, 0xd9, 0x30, 0xf, 0xc7, 0x38, 0x20,
    0x1f, 0x2e, 0x10, 0x7, 0xff, 0x0, 0xfc, 0x80,
    0x39, 0x28, 0x3, 0xff, 0x86, 0x3e, 0x1, 0xd4,
    0x1, 0xff, 0xc5, 0x28, 0x0, 0x9c, 0x40, 0x3c,
    0xf9, 0xfe, 0xd8, 0x0, 0xf3, 0x88, 0x2, 0x40,
    0x3d, 0x70, 0x60, 0x2, 0x7b, 0x0, 0xf3, 0x81,
    0x88, 0x7, 0x2a, 0x0, 0x79, 0x18, 0x2, 0x4b,
    0x60, 0x40, 0xf, 0x70, 0x7, 0xea, 0x7, 0xdb,
    0x40, 0x6, 0x0, 0x79, 0x40, 0x3f, 0x1f, 0xc1,
    0x0, 0x66, 0x0, 0xf0, 0x80, 0x7f, 0xf1, 0x8,
    0x3, 0xff, 0xc4, 0x20, 0x1f, 0xff, 0xb1, 0x0,
    0xff, 0xf2, 0x10, 0x7, 0xff, 0x2d, 0x80, 0x3c,
    0x20, 0x1f, 0xc6, 0x1, 0xec, 0x0, 0xf2, 0x80,
    0x7f, 0x77, 0x20, 0x40, 0x24, 0x0, 0xf7, 0x0,
    0x7e, 0x42, 0x17, 0xe9, 0x20, 0x31, 0x0, 0xe5,
    0x40, 0xf, 0xd, 0x0, 0x66, 0xa0, 0x4, 0x80,
    0x7a, 0xe0, 0xc0, 0x4, 0xde, 0x20, 0x1d, 0x40,
    0x7, 0x10, 0xf, 0x3e, 0x7f, 0xb6, 0x44, 0x3,
    0x98, 0x80, 0x2a, 0x0, 0xff, 0xe2, 0x94, 0x80,
    0x64, 0xa0, 0xf, 0xfe, 0x18, 0xf8, 0x7, 0x96,
    0xc8, 0x3, 0xff, 0x80, 0x7e, 0x40, 0x1f, 0x26,
    0xc9, 0x80, 0x7e, 0x3a, 0xc1, 0x0, 0xff, 0x36,
    0x75, 0xcc, 0x42, 0x6f, 0xb1, 0x40, 0x38,

    /* U+0064 "d" */
    0x0, 0xff, 0xe3, 0x7f, 0xfb, 0x0, 0x3f, 0xff,
    0xe0, 0x1f, 0xff, 0xf0, 0xf, 0xff, 0xf8, 0x7,
    0xff, 0xb4, 0x55, 0x9d, 0x8c, 0x3, 0xff, 0x8a,
    0x99, 0xd5, 0x31, 0x39, 0xa8, 0x1, 0xff, 0xc2,
    0x9b, 0x30, 0xf, 0x15, 0xb8, 0x7, 0xff, 0x2,
    0x58, 0x3, 0xfd, 0xa, 0x1, 0xfe, 0x56, 0x0,
    0xff, 0xe0, 0x40, 0x7, 0xfa, 0x0, 0x3f, 0xf8,
    0x25, 0x60, 0x1f, 0x94, 0x80, 0x3e, 0x6b, 0xdd,
    0x5b, 0x2, 0x0, 0x7e, 0xe0, 0xf, 0xe, 0xca,
    0x11, 0x12, 0x70, 0x3, 0xf9, 0x0, 0x3d, 0x44,
    0x1, 0xe3, 0x80, 0xf, 0x8c, 0x3, 0xc6, 0x80,
    0x1f, 0x98, 0x3, 0xe5, 0x0, 0xf2, 0x0, 0x7f,
    0x8, 0x7, 0xdc, 0x1, 0xee, 0x0, 0xff, 0xe2,
    0x90, 0x7, 0x8c, 0x3, 0xff, 0xbc, 0x20, 0x1f,
    0xfc, 0xc7, 0x0, 0xff, 0xe6, 0x38, 0x7, 0xff,
    0x30, 0x40, 0x3f, 0xfc, 0xa4, 0x1, 0xe3, 0x0,
    0xff, 0xe2, 0xf0, 0x7, 0xb8, 0x3, 0xff, 0x8a,
    0xa0, 0x1e, 0x40, 0xf, 0xe1, 0x0, 0xf8, 0xc0,
    0x3c, 0x66, 0x0, 0xfc, 0xe0, 0x1f, 0x90, 0x3,
    0xda, 0x40, 0x1e, 0x39, 0x0, 0xfd, 0xa0, 0x1e,
    0x1d, 0x84, 0x22, 0x24, 0xe0, 0x7, 0xf3, 0x8,
    0x7, 0xcf, 0x7b, 0xab, 0x60, 0xe0, 0xf, 0xe8,
    0x0, 0xff, 0xe0, 0xa8, 0x80, 0x7f, 0x33, 0x0,
    0x3f, 0xf8, 0x10, 0x1, 0xff, 0x4a, 0x80, 0x7f,
    0xac, 0x80, 0x3f, 0xf8, 0x15, 0x66, 0x1, 0xe4,
    0xd4, 0x0, 0xff, 0xe1, 0x26, 0x75, 0x4c, 0x4e,
    0xd9, 0x0, 0x5f, 0xfe, 0xc0,

    /* U+0065 "e" */
    0x0, 0xff, 0x22, 0xbb, 0x99, 0x4, 0x3, 0xff,
    0x88, 0xb9, 0xf7, 0x51, 0x9, 0xbe, 0xd7, 0x0,
    0xff, 0xe0, 0x1e, 0xd1, 0x80, 0x7e, 0x28, 0xe5,
    0x0, 0xfe, 0x4c, 0x20, 0xf, 0xfe, 0x0, 0xd3,
    0x80, 0x7c, 0x76, 0x1, 0xff, 0xc4, 0x86, 0x0,
    0xf7, 0x0, 0x7c, 0x26, 0x61, 0x0, 0xfa, 0x48,
    0x3, 0x39, 0x0, 0x70, 0xdf, 0x66, 0x3b, 0xc,
    0x3, 0xd0, 0x1, 0xa8, 0x3, 0x87, 0xd0, 0x3,
    0x1e, 0x18, 0x7, 0x28, 0x80, 0xc, 0x80, 0x39,
    0x84, 0x3, 0xe8, 0x0, 0xf3, 0x80, 0x10, 0x3,
    0xd6, 0x1, 0xf9, 0x0, 0x3d, 0xa0, 0xd, 0x0,
    0xf1, 0x0, 0x7f, 0x10, 0x7, 0x28, 0x1, 0xc0,
    0x3c, 0x20, 0x1f, 0xc2, 0x1, 0xc2, 0x0, 0x20,
    0xf, 0x19, 0xff, 0x84, 0x3, 0xc4, 0x1, 0xfb,
    0x33, 0xfc, 0x40, 0x1e, 0x61, 0x0, 0xff, 0xf3,
    0x88, 0x7, 0xff, 0x30, 0x40, 0x3f, 0x7f, 0xff,
    0xf1, 0x54, 0x4, 0x3, 0xff, 0x9a, 0x40, 0x1e,
    0x10, 0xf, 0xfe, 0x32, 0x0, 0x78, 0x80, 0x3f,
    0xf8, 0xda, 0x1, 0xe4, 0x0, 0xff, 0x95, 0xc0,
    0x39, 0x0, 0x3d, 0x22, 0x1, 0xfc, 0x55, 0xc,
    0x1, 0x85, 0x80, 0x38, 0x74, 0x40, 0x3e, 0x4c,
    0x0, 0x4b, 0x0, 0x6b, 0x0, 0xf1, 0xfb, 0x90,
    0x0, 0x96, 0xec, 0x20, 0x14, 0xa8, 0x4, 0x4e,
    0x1, 0xe1, 0x8d, 0xff, 0x6d, 0x20, 0x7, 0x98,
    0x3, 0x41, 0x80, 0x7f, 0xf1, 0xa4, 0xc0, 0x3b,
    0x4c, 0x3, 0xff, 0x89, 0x2c, 0x1, 0xe1, 0xc6,
    0x0, 0xff, 0xe0, 0x96, 0x30, 0x7, 0xf4, 0xf3,
    0x8, 0x7, 0xe3, 0xad, 0x30, 0xf, 0xf8, 0x67,
    0xb6, 0xa6, 0x21, 0x37, 0xd8, 0xa0, 0x1e,

    /* U+0066 "f" */
    0x0, 0xf8, 0xe7, 0x7f, 0xfc, 0x80, 0x1e, 0x9c,
    0x62, 0x0, 0xff, 0xe0, 0x43, 0x0, 0x7f, 0xf0,
    0x85, 0xc0, 0x3f, 0xf8, 0x6c, 0x1, 0xff, 0xc4,
    0xd0, 0xe, 0x18, 0x8e, 0x50, 0xc, 0xc0, 0x1e,
    0x77, 0xe1, 0x0, 0xc2, 0x1, 0xff, 0xc4, 0x30,
    0xf, 0xff, 0xf8, 0x7, 0x67, 0xfc, 0x20, 0x1c,
    0x3f, 0xfc, 0x80, 0x1f, 0xff, 0x89, 0x88, 0x80,
    0x3c, 0x31, 0x1c, 0xaa, 0x77, 0x84, 0x3, 0xce,
    0xfc, 0x20, 0x1f, 0xff, 0xf0, 0xf, 0xff, 0xf8,
    0x7, 0xff, 0xfc, 0x3, 0xff, 0xfe, 0x1, 0xff,
    0xfe,

    /* U+0067 "g" */
    0x0, 0xff, 0xe4, 0x1a, 0x26, 0x0, 0xff, 0xe4,
    0x3f, 0xe5, 0xde, 0x20, 0xf, 0xfe, 0x32, 0x40,
    0x7, 0xff, 0x37, 0x40, 0x3f, 0xf9, 0xc4, 0x1,
    0xff, 0xc6, 0x35, 0x67, 0x73, 0x29, 0xb8, 0x7,
    0xff, 0xd, 0x73, 0xf2, 0xa6, 0x21, 0x35, 0x86,
    0xf, 0xff, 0xc4, 0x1, 0xc5, 0xb4, 0x60, 0x1f,
    0xf2, 0x8, 0x7, 0xf1, 0x69, 0x0, 0x7f, 0xf0,
    0x4f, 0xd0, 0x3, 0xf7, 0x80, 0x7f, 0xf1, 0x6,
    0x88, 0x3, 0xce, 0x40, 0x1c, 0x2f, 0x79, 0x89,
    0x30, 0xe, 0x19, 0x0, 0xf5, 0x0, 0x70, 0xfc,
    0x21, 0x99, 0xb1, 0x40, 0x39, 0x8, 0x3, 0x9,
    0x0, 0x75, 0x88, 0x7, 0xac, 0x3, 0xca, 0x1,
    0x94, 0x3, 0xc8, 0x1, 0xf0, 0x98, 0x7, 0x70,
    0x6, 0x10, 0xf, 0x8, 0x7, 0xe7, 0x0, 0xe3,
    0x0, 0xff, 0xe9, 0x88, 0x7, 0x84, 0x3, 0xf3,
    0x80, 0x71, 0x80, 0x66, 0x0, 0xf2, 0x80, 0x7e,
    0x30, 0xe, 0xe0, 0xc, 0x42, 0x1, 0xd0, 0x1,
    0xf4, 0x0, 0x79, 0x0, 0x39, 0x80, 0x38, 0xf5,
    0x44, 0x0, 0x74, 0xe0, 0x1c, 0x46, 0x1, 0xd2,
    0x20, 0x1c, 0x55, 0xdf, 0xec, 0x50, 0xf, 0x40,
    0x7, 0x87, 0x40, 0x3f, 0xf8, 0xac, 0xa0, 0x1f,
    0x1e, 0x8, 0x7, 0xff, 0x9, 0xe4, 0x3, 0xf8,
    0xf9, 0x0, 0x3f, 0xe5, 0xc8, 0x0, 0xff, 0x24,
    0xa9, 0x5c, 0xbb, 0x2b, 0x3c, 0x5f, 0xd1, 0x80,
    0x7f, 0xd, 0xd9, 0x87, 0xd1, 0xa2, 0x6a, 0x61,
    0xd0, 0x3, 0xff, 0x81, 0x48, 0x0, 0x12, 0x0,
    0xff, 0xe4, 0x1a, 0x0, 0x42, 0x1, 0xff, 0xc9,
    0x50, 0xe, 0xa2, 0x0, 0xff, 0xe3, 0x98, 0x7,
    0x2e, 0xff, 0xff, 0x76, 0xd3, 0x88, 0x7, 0x38,
    0x7, 0xff, 0x10, 0x49, 0x63, 0xa0, 0x3, 0x12,
    0x80, 0x7f, 0xf2, 0x1e, 0xc0, 0x35, 0x20, 0x7,
    0xff, 0x21, 0x1c, 0x3, 0x5e, 0x88, 0x7, 0xff,
    0x1e, 0x40, 0x30, 0xb8, 0x80, 0x7f, 0xf1, 0xc4,
    0xc0, 0x13, 0xd4, 0x11, 0xff, 0xfe, 0xd9, 0x10,
    0xf, 0x20, 0x53, 0x0, 0x5, 0xc0, 0x3f, 0xc4,
    0xd8, 0x1, 0xef, 0x45, 0x0, 0x94, 0x3, 0xff,
    0x82, 0x46, 0x1, 0xc3, 0x80, 0x18, 0x40, 0x3f,
    0xf9, 0x2, 0x40, 0x19, 0xc0, 0x3f, 0xf8, 0x44,
    0x1, 0xdc, 0x60, 0x18, 0x98, 0x3, 0xff, 0x81,
    0x2, 0x1, 0xc9, 0xe0, 0x1d, 0x32, 0x41, 0x0,
    0xf1, 0x2d, 0xb8, 0x7, 0x11, 0x1c, 0x3, 0xcd,
    0x7d, 0xff, 0xed, 0xa4, 0x0, 0xf4, 0x80, 0xc0,
    0x7, 0xff, 0x29, 0xd0, 0x0, 0xf0, 0x1, 0xff,
    0xc8, 0x98, 0x0, 0xcf, 0xac, 0x20, 0x1f, 0xfc,
    0x22, 0x8e, 0x60, 0xf, 0x14, 0xf6, 0x4b, 0xaa,
    0x19, 0xc8, 0xad, 0x15, 0xda, 0xe2, 0x1, 0x80,

    /* U+0068 "h" */
    0x4f, 0xff, 0x38, 0x7, 0xff, 0xfc, 0x3, 0xff,
    0xfe, 0x1, 0xff, 0xff, 0x0, 0xff, 0xfc, 0x23,
    0xb9, 0x8c, 0x3, 0xff, 0x8b, 0x1f, 0x71, 0x9,
    0xce, 0x60, 0xf, 0xfe, 0x15, 0xb8, 0x7, 0x86,
    0x68, 0x3, 0xff, 0x81, 0x8, 0x1, 0xfc, 0xb0,
    0x1, 0xfe, 0x27, 0x0, 0xff, 0x9c, 0x80, 0x3f,
    0xa8, 0x3, 0xff, 0x83, 0x60, 0x1f, 0xa1, 0xc5,
    0xea, 0xe9, 0x0, 0x3e, 0x70, 0xf, 0xe3, 0xf8,
    0x54, 0x5b, 0x60, 0xf, 0x9, 0x0, 0x7e, 0xd1,
    0x0, 0xe9, 0x10, 0xf, 0x30, 0x7, 0xca, 0x20,
    0x1f, 0x38, 0x7, 0x84, 0x3, 0xed, 0x0, 0xfd,
    0xe0, 0x1e, 0x30, 0xf, 0xfe, 0x21, 0x80, 0x78,
    0x40, 0x3f, 0xff, 0xe0, 0x1f, 0xff, 0xf0, 0xf,
    0xff, 0xf8, 0x7, 0xff, 0xfc, 0x3, 0xff, 0xfe,
    0x1, 0xff, 0xed,

    /* U+0069 "i" */
    0x6, 0xdf, 0xf6, 0xb8, 0x1, 0xa4, 0x80, 0x5,
    0x10, 0xb, 0x0, 0xf3, 0x1, 0x0, 0x78, 0x44,
    0x1, 0xfc, 0x60, 0x1e, 0x11, 0x50, 0x7, 0xa4,
    0x1a, 0x4c, 0x0, 0x50, 0xe0, 0x6, 0xcf, 0xf6,
    0xb8, 0x7, 0xff, 0x69, 0x3f, 0xfc, 0xe0, 0x1f,
    0xff, 0xf0, 0xf, 0xff, 0xf8, 0x7, 0xff, 0xfc,
    0x3, 0xff, 0xa0,

    /* U+006A "j" */
    0x0, 0xe5, 0xcf, 0xf7, 0x48, 0x7, 0x8e, 0x8c,
    0x0, 0x2d, 0x40, 0x1d, 0x20, 0x1e, 0x51, 0x0,
    0xcc, 0x1, 0xf1, 0x0, 0x7f, 0xf1, 0x58, 0x3,
    0xe2, 0x0, 0xd2, 0x1, 0xe5, 0x10, 0xc, 0x76,
    0x82, 0x4, 0xf4, 0x1, 0xe4, 0xbe, 0xfd, 0x80,
    0xf, 0xff, 0x71, 0xff, 0xfa, 0x40, 0x3f, 0xff,
    0xe0, 0x1f, 0xff, 0xf0, 0xf, 0xff, 0xf8, 0x7,
    0xff, 0xfc, 0x3, 0xff, 0xfe, 0x1, 0xff, 0xe9,
    0x10, 0x17, 0x7a, 0xc0, 0x3d, 0xe0, 0x51, 0x13,
    0x80, 0x78, 0x80, 0x3f, 0xf8, 0x8, 0x1, 0xff,
    0x30, 0x80, 0x7f, 0x92, 0x40, 0x3f, 0x12, 0xdd,
    0x80, 0x20,

    /* U+006B "k" */
    0x4f, 0xff, 0x38, 0x7, 0xff, 0xfc, 0x3, 0xff,
    0xfe, 0x1, 0xff, 0xff, 0x0, 0xff, 0xff, 0x80,
    0x7f, 0xf8, 0x97, 0xff, 0xe5, 0x0, 0xff, 0xe2,
    0x15, 0x0, 0x79, 0xd4, 0x3, 0xff, 0x89, 0xe0,
    0x1e, 0x58, 0x0, 0xff, 0xe2, 0x51, 0x0, 0x71,
    0x50, 0x7, 0xff, 0x11, 0x94, 0x3, 0x87, 0xc0,
    0x3f, 0xf8, 0x87, 0x20, 0x1e, 0xa2, 0x0, 0xff,
    0xe2, 0x70, 0x7, 0xa1, 0x0, 0x3f, 0xf8, 0x2,
    0x1, 0x51, 0x0, 0x72, 0xb8, 0x7, 0xff, 0x4,
    0xc0, 0xa, 0xa0, 0xe, 0x3a, 0x0, 0xff, 0xe1,
    0x8, 0xd, 0x80, 0x70, 0xe8, 0x7, 0xff, 0xd,
    0xc2, 0xc4, 0x3, 0xb4, 0x40, 0x3f, 0xf8, 0x62,
    0x8a, 0x1, 0xc6, 0x60, 0xf, 0xfe, 0x20, 0xd0,
    0x7, 0x8d, 0x0, 0x3f, 0xf8, 0x98, 0x20, 0x1f,
    0x40, 0x7, 0xff, 0x34, 0xd4, 0x3, 0xff, 0x8c,
    0x20, 0x1e, 0xb0, 0xf, 0xfe, 0x36, 0xa8, 0x7,
    0xb, 0x80, 0x7f, 0xf1, 0x28, 0xe0, 0x3, 0xd2,
    0x1, 0xff, 0xc3, 0x75, 0x2, 0x50, 0xe, 0x18,
    0x0, 0xff, 0xe0, 0xa4, 0x0, 0x50, 0x1, 0xe7,
    0x10, 0xf, 0xfe, 0x6, 0x0, 0x62, 0x50, 0xf,
    0x40, 0x7, 0xff, 0x1a, 0x0, 0x3c, 0xc4, 0x1,
    0xff, 0xc5, 0x25, 0x0, 0xf4, 0x80, 0x7f, 0xf1,
    0xa0, 0x3, 0xc8, 0x60, 0x1f, 0xfc, 0x52, 0x50,
    0xf, 0x78, 0x7, 0xff, 0x1a, 0x0, 0x3c, 0x6a,
    0x1, 0xff, 0xc5, 0x25, 0x0, 0xf4, 0x0, 0x7f,
    0xf1, 0xa0, 0x3, 0xc4, 0xc0, 0x1f, 0xfc, 0x52,
    0x50, 0xf, 0x40, 0x0,

    /* U+006C "l" */
    0x4f, 0xff, 0x38, 0x7, 0xff, 0xfc, 0x3, 0xff,
    0xfe, 0x1, 0xff, 0xff, 0x0, 0xff, 0xff, 0x80,
    0x7f, 0xff, 0xc0, 0x3f, 0xf8, 0x2e, 0x1, 0xec,
    0x77, 0x31, 0x0, 0x79, 0x22, 0x16, 0x24, 0x1,
    0xfe, 0xb0, 0xf, 0xf3, 0x30, 0x3, 0xfd, 0x36,
    0xa4, 0x1, 0xc0,

    /* U+006D "m" */
    0x0, 0xff, 0xe0, 0xa, 0xbb, 0x98, 0x80, 0x3f,
    0xc8, 0xce, 0xc8, 0x1, 0xe4, 0xff, 0xf3, 0x80,
    0x51, 0xd5, 0x10, 0x9d, 0xd2, 0x0, 0x70, 0xc7,
    0xdc, 0xc4, 0xdf, 0xc0, 0x7, 0xff, 0xa, 0xdc,
    0x3, 0xc5, 0x6c, 0x1, 0x16, 0x38, 0x7, 0xcf,
    0x80, 0x1f, 0xfc, 0x9, 0x40, 0xf, 0xe9, 0x30,
    0x7, 0x90, 0x7, 0xf1, 0xd8, 0x7, 0xf8, 0x98,
    0x3, 0xfe, 0x80, 0x82, 0x0, 0xff, 0x91, 0x0,
    0x1f, 0xd4, 0x1, 0xff, 0xc0, 0x44, 0x30, 0x7,
    0xff, 0x7, 0xc0, 0x3f, 0x43, 0x8b, 0xdd, 0xa4,
    0x80, 0x3e, 0xb1, 0x4, 0x9b, 0xa5, 0x0, 0xf9,
    0x4, 0x3, 0xf2, 0x7c, 0x22, 0x1b, 0x8, 0x3,
    0xf5, 0x5b, 0x22, 0xd4, 0x80, 0x7c, 0xa0, 0x1f,
    0xd, 0x8, 0x6, 0x18, 0x0, 0xf9, 0xd4, 0x3,
    0x98, 0xc0, 0x3c, 0x40, 0x1f, 0x20, 0x80, 0x79,
    0x40, 0x3e, 0xa0, 0xf, 0xac, 0x3, 0xc2, 0x1,
    0xf6, 0x80, 0x7e, 0x20, 0xf, 0x10, 0x7, 0xc6,
    0x1, 0xef, 0x0, 0xff, 0xe9, 0xb8, 0x7, 0xff,
    0x2c, 0x40, 0x3f, 0xff, 0xe0, 0x1f, 0xff, 0xf0,
    0xf, 0xff, 0xf8, 0x7, 0xff, 0xfc, 0x3, 0xff,
    0xfe, 0x1, 0xff, 0xff, 0x0, 0xff, 0xff, 0x80,
    0x7f, 0xff, 0xc0, 0x3f, 0xff, 0xe0, 0x1f, 0xe0,

    /* U+006E "n" */
    0x0, 0xff, 0xe0, 0xa3, 0xb9, 0x8c, 0x3, 0xc9,
    0xff, 0xe7, 0x0, 0xa3, 0xee, 0x21, 0x39, 0xcc,
    0x1, 0xff, 0xc2, 0xb7, 0x0, 0xf0, 0xcd, 0x0,
    0x7f, 0xf0, 0x21, 0x0, 0x3f, 0x96, 0x0, 0x3f,
    0xc4, 0xe0, 0x1f, 0xf3, 0x90, 0x7, 0xf5, 0x0,
    0x7f, 0xf0, 0x6c, 0x3, 0xf4, 0x38, 0xbd, 0x5d,
    0x20, 0x7, 0xce, 0x1, 0xfc, 0x7f, 0xa, 0x8b,
    0x6c, 0x1, 0xe1, 0x20, 0xf, 0xda, 0x20, 0x1d,
    0x22, 0x1, 0xe6, 0x0, 0xf9, 0x44, 0x3, 0xe7,
    0x0, 0xf0, 0x80, 0x7d, 0xa0, 0x1f, 0xbc, 0x3,
    0xc6, 0x1, 0xff, 0xc4, 0x30, 0xf, 0x8, 0x7,
    0xff, 0xfc, 0x3, 0xff, 0xfe, 0x1, 0xff, 0xff,
    0x0, 0xff, 0xff, 0x80, 0x7f, 0xff, 0xc0, 0x3f,
    0xfd, 0xa0,

    /* U+006F "o" */
    0x0, 0xff, 0x22, 0xbb, 0x99, 0x4, 0x3, 0xff,
    0x88, 0xb7, 0xf7, 0x51, 0x9, 0xbe, 0xd7, 0x0,
    0xff, 0xe0, 0x16, 0x52, 0x0, 0x7e, 0x28, 0xe5,
    0x0, 0xfe, 0x3c, 0x30, 0xf, 0xfe, 0x0, 0xd3,
    0x80, 0x7c, 0x78, 0x20, 0x1f, 0xfc, 0x38, 0x70,
    0xf, 0x70, 0x7, 0xff, 0x1a, 0xc, 0x3, 0x31,
    0x0, 0x79, 0xb3, 0xfd, 0xb2, 0x20, 0x1e, 0x80,
    0xd, 0x60, 0x1e, 0xa9, 0x30, 0x1, 0x37, 0x88,
    0x7, 0x21, 0x0, 0xc, 0x80, 0x39, 0x54, 0x1,
    0xe1, 0xb0, 0xf, 0x50, 0x1, 0x0, 0x3d, 0xc0,
    0x1f, 0x94, 0x3, 0xc8, 0x0, 0xd0, 0xf, 0x28,
    0x7, 0xf1, 0x80, 0x71, 0x80, 0x1c, 0x3, 0xc2,
    0x1, 0xfc, 0xe0, 0x1e, 0x20, 0x20, 0xf, 0xfe,
    0x5b, 0x0, 0x7f, 0xf3, 0x44, 0x40, 0x1f, 0xfc,
    0xc3, 0x0, 0xff, 0xf4, 0x8, 0x7, 0xff, 0x30,
    0xc0, 0x3f, 0xf9, 0xa2, 0x4, 0x1, 0xff, 0xcb,
    0x60, 0x70, 0xf, 0x8, 0x7, 0xf3, 0x80, 0x78,
    0x83, 0x40, 0x3c, 0xa0, 0x1f, 0xc6, 0x1, 0xc6,
    0x0, 0x40, 0xf, 0x70, 0x7, 0xe5, 0x0, 0xf2,
    0x0, 0xc, 0x80, 0x39, 0x54, 0x1, 0xe1, 0xb0,
    0xf, 0x58, 0x5, 0x60, 0x1e, 0xa9, 0x30, 0x1,
    0x37, 0x88, 0x7, 0x19, 0x80, 0x26, 0x20, 0xf,
    0x36, 0x7f, 0xb6, 0x44, 0x3, 0xde, 0x1, 0xdc,
    0x1, 0xff, 0xc6, 0x83, 0x0, 0xe3, 0xc1, 0x0,
    0xff, 0xe1, 0xbb, 0x80, 0x3e, 0x3c, 0x30, 0xf,
    0xfe, 0x0, 0xd4, 0x0, 0x7f, 0x16, 0x52, 0x0,
    0x7e, 0x28, 0xe5, 0x0, 0xff, 0xe0, 0x2d, 0xfd,
    0xd4, 0x42, 0x6f, 0xb5, 0xc0, 0x3e,

    /* U+0070 "p" */
    0x0, 0xff, 0xe0, 0xa, 0xbb, 0x94, 0xc0, 0x3f,
    0x27, 0xff, 0x9c, 0x0, 0x33, 0xd5, 0x10, 0xac,
    0xe8, 0x0, 0xff, 0xe1, 0x97, 0xb0, 0x7, 0x85,
    0xf8, 0xc0, 0x3f, 0xf8, 0x3e, 0x20, 0x1f, 0xc3,
    0xa4, 0x1, 0xff, 0x31, 0x0, 0x7f, 0xc3, 0xc0,
    0x1f, 0xea, 0x80, 0xf, 0xfe, 0x9, 0xa8, 0x7,
    0xf1, 0x9, 0x4e, 0x6e, 0x49, 0x0, 0x7d, 0x0,
    0x1f, 0xe6, 0xd6, 0x32, 0x36, 0xd6, 0x0, 0xf1,
    0x10, 0x3, 0xf1, 0x48, 0x7, 0xd2, 0x60, 0x1e,
    0x50, 0xf, 0xc8, 0x1, 0xfd, 0x20, 0x1e, 0xd0,
    0xf, 0xdc, 0x1, 0xfc, 0xa0, 0x1e, 0x70, 0xf,
    0xfe, 0x69, 0x0, 0x7f, 0xf1, 0xc4, 0x3, 0xc2,
    0x1, 0xff, 0xcd, 0x30, 0xf, 0xff, 0x38, 0x80,
    0x7f, 0xf3, 0x44, 0x3, 0xff, 0xce, 0x60, 0x1f,
    0xfc, 0xd1, 0x0, 0xff, 0xe3, 0x8, 0x7, 0x10,
    0x7, 0xef, 0x0, 0xfe, 0x40, 0xf, 0x38, 0x7,
    0xe5, 0x0, 0xfe, 0x80, 0xf, 0x68, 0x7, 0xe2,
    0x90, 0xf, 0xa4, 0xc0, 0x3c, 0xa0, 0x1f, 0xcd,
    0x8c, 0x64, 0x46, 0xc6, 0x0, 0xf1, 0x10, 0x3,
    0xf4, 0x31, 0xce, 0x6e, 0xa4, 0xc0, 0x3e, 0x80,
    0xf, 0xf5, 0x0, 0x7f, 0xf0, 0x49, 0x40, 0x3f,
    0xc6, 0xc0, 0x1f, 0xf0, 0xf8, 0x7, 0xff, 0x2,
    0x50, 0x3, 0xf8, 0x74, 0x80, 0x3f, 0xf8, 0x37,
    0x0, 0x1e, 0x16, 0xe3, 0x0, 0xff, 0xe1, 0xbf,
    0xdc, 0x42, 0xb3, 0xa4, 0x3, 0xff, 0x8e, 0x8e,
    0xe5, 0x30, 0xf, 0xff, 0xf8, 0x7, 0xff, 0xfc,
    0x3, 0xff, 0xfe, 0x1, 0xff, 0xc5,

    /* U+0071 "q" */
    0x0, 0xf8, 0x55, 0x9d, 0x8c, 0x3, 0xff, 0x8a,
    0x99, 0xd5, 0x31, 0x39, 0xa8, 0x1, 0x7f, 0xfb,
    0x0, 0x34, 0xd9, 0x80, 0x78, 0xad, 0xc0, 0x3f,
    0xf8, 0x12, 0xc0, 0x1f, 0xe8, 0x50, 0xf, 0xf2,
    0xb0, 0x7, 0xff, 0x2, 0x0, 0x3f, 0xd0, 0x1,
    0xff, 0xc1, 0x2b, 0x0, 0xfc, 0xa4, 0x1, 0xf3,
    0x5e, 0xea, 0xd8, 0x10, 0x3, 0xf7, 0x0, 0x78,
    0x76, 0x50, 0x88, 0x93, 0x80, 0x1f, 0xc8, 0x1,
    0xea, 0x20, 0xf, 0x1c, 0x0, 0x7c, 0x60, 0x1e,
    0x34, 0x0, 0xfc, 0xc0, 0x1f, 0x28, 0x7, 0x90,
    0x3, 0xf8, 0x40, 0x3e, 0xe0, 0xf, 0x70, 0x7,
    0xff, 0x14, 0x80, 0x3c, 0x60, 0x1f, 0xfd, 0xe1,
    0x0, 0xff, 0xe6, 0x38, 0x7, 0xff, 0x31, 0xc0,
    0x3f, 0xf9, 0x82, 0x1, 0xff, 0xe5, 0x20, 0xf,
    0x18, 0x7, 0xff, 0x17, 0x80, 0x3d, 0xc0, 0x1f,
    0xfc, 0x55, 0x0, 0xf2, 0x0, 0x7f, 0x8, 0x7,
    0xc6, 0x1, 0xe3, 0x30, 0x7, 0xe7, 0x0, 0xfc,
    0x80, 0x1e, 0xd2, 0x0, 0xf1, 0xc8, 0x7, 0xed,
    0x0, 0xf0, 0xec, 0x21, 0x11, 0x27, 0x0, 0x3f,
    0x98, 0x40, 0x3e, 0x7b, 0xdd, 0x5b, 0x7, 0x0,
    0x7f, 0x40, 0x7, 0xff, 0x5, 0x44, 0x3, 0xf9,
    0x98, 0x1, 0xff, 0xc0, 0x80, 0xf, 0xfa, 0x54,
    0x3, 0xfd, 0x64, 0x1, 0xff, 0xc0, 0xab, 0x30,
    0xf, 0x26, 0xa0, 0x7, 0xff, 0x9, 0x33, 0xaa,
    0x62, 0x76, 0xc8, 0x3, 0xff, 0x8a, 0x2a, 0xce,
    0xc4, 0x1, 0xff, 0xff, 0x0, 0xff, 0xff, 0x80,
    0x7f, 0xff, 0xc0, 0x3f, 0xf8, 0x0,

    /* U+0072 "r" */
    0x4f, 0xff, 0x38, 0x4, 0x95, 0xdf, 0xe0, 0xf,
    0xf4, 0x5a, 0x88, 0x7, 0xfc, 0xce, 0x1, 0xff,
    0xc2, 0x80, 0xf, 0xfe, 0x12, 0x88, 0x7, 0xff,
    0xb, 0xc0, 0x3f, 0xf8, 0x50, 0xa0, 0x1f, 0xfc,
    0x44, 0xad, 0xff, 0xc0, 0x1f, 0xa2, 0xd4, 0x80,
    0x3f, 0xe2, 0x70, 0xf, 0xfe, 0x12, 0x80, 0x7f,
    0xf0, 0xfc, 0x3, 0xff, 0xfe, 0x1, 0xff, 0xff,
    0x0, 0xff, 0xff, 0x80, 0x7f, 0xfa, 0xc0,

    /* U+0073 "s" */
    0x0, 0xfc, 0x6a, 0xce, 0xe6, 0x41, 0x0, 0xff,
    0xe0, 0x1d, 0x7e, 0x54, 0xc4, 0x26, 0xfb, 0x18,
    0x3, 0xfa, 0x71, 0x40, 0x3f, 0x8e, 0x75, 0x0,
    0x3d, 0x4c, 0x1, 0xff, 0xc1, 0x2b, 0x70, 0xc,
    0xca, 0x1, 0xff, 0xc4, 0x87, 0x0, 0xa0, 0x3,
    0xf0, 0x80, 0x7f, 0x10, 0x1, 0x4, 0x3, 0x8a,
    0xff, 0xbf, 0xa4, 0x80, 0x35, 0x28, 0x0, 0xc0,
    0x3d, 0xc8, 0x1, 0xb, 0x6b, 0x80, 0x2d, 0x40,
    0x2e, 0x0, 0xe2, 0x30, 0xf, 0xa2, 0x6d, 0x0,
    0x3f, 0xc2, 0x1, 0xfc, 0xc8, 0x1, 0xff, 0x10,
    0x7, 0xff, 0x13, 0xc0, 0x38, 0x68, 0x3, 0xff,
    0x86, 0x80, 0x1e, 0x5e, 0xa7, 0x41, 0x0, 0xff,
    0x11, 0x80, 0x78, 0x56, 0x2f, 0xb9, 0x4a, 0x1,
    0xfb, 0x80, 0x3f, 0xe1, 0x5a, 0xf8, 0x10, 0xe,
    0x2c, 0x10, 0xf, 0xfe, 0xb, 0xf9, 0x80, 0x71,
    0xfb, 0x80, 0x7f, 0xf0, 0x47, 0x44, 0x3, 0x86,
    0x3e, 0x98, 0x80, 0x3f, 0xc3, 0x0, 0x1f, 0x96,
    0x77, 0xf2, 0x54, 0x40, 0x3c, 0xc0, 0x1f, 0xfc,
    0x3, 0x6a, 0xf2, 0x0, 0xf1, 0x80, 0x7f, 0xf0,
    0x86, 0x40, 0x3c, 0xe0, 0x19, 0x80, 0x3f, 0xcc,
    0x1, 0xe1, 0x0, 0xae, 0x60, 0x3, 0xff, 0x88,
    0xc0, 0xc, 0x40, 0x79, 0x0, 0xfd, 0x40, 0x1e,
    0x21, 0xc3, 0x0, 0x9b, 0x5c, 0x40, 0x21, 0x77,
    0x0, 0x71, 0xa, 0x18, 0x7, 0x14, 0x77, 0xef,
    0x72, 0x0, 0x3d, 0x60, 0xae, 0x1, 0xfc, 0x42,
    0x1, 0xf1, 0x30, 0x2, 0x20, 0x1, 0xff, 0xc4,
    0x1f, 0x0, 0xcf, 0x84, 0x1, 0xff, 0xc1, 0x3c,
    0x20, 0xe, 0x3d, 0xa4, 0x0, 0xfe, 0x4a, 0xc2,
    0x0, 0xfc, 0xb7, 0xf9, 0x31, 0x14, 0xe7, 0xda,
    0x80, 0x70,

    /* U+0074 "t" */
    0x0, 0xc3, 0x11, 0xce, 0x1, 0xfe, 0x27, 0x7e,
    0x90, 0xf, 0xff, 0xf8, 0x4, 0xe0, 0x1f, 0xfc,
    0x43, 0x0, 0xff, 0xe1, 0xa4, 0x80, 0x7f, 0xf0,
    0x33, 0xfd, 0x62, 0x1, 0xc3, 0xff, 0xc4, 0x1,
    0xff, 0xf8, 0x98, 0x88, 0x3, 0xc3, 0x11, 0xc6,
    0xae, 0xf0, 0x80, 0x79, 0xdf, 0x84, 0x3, 0xff,
    0xfe, 0x1, 0xff, 0xff, 0x0, 0xff, 0xff, 0x80,
    0x7f, 0xf9, 0xcc, 0x3, 0xce, 0xf9, 0x0, 0x39,
    0x80, 0x38, 0x62, 0x37, 0x80, 0x76, 0x0, 0x7f,
    0xf1, 0x18, 0x3, 0xff, 0x88, 0x36, 0x1, 0xff,
    0xc4, 0x4e, 0x73, 0x10, 0xf, 0x80,

    /* U+0075 "u" */
    0xaf, 0xff, 0x10, 0x7, 0xea, 0xff, 0xf1, 0x0,
    0x7f, 0xff, 0xc0, 0x3f, 0xff, 0xe0, 0x1f, 0xff,
    0xf0, 0xf, 0xff, 0xf8, 0x7, 0xff, 0xfc, 0x3,
    0xff, 0xe8, 0x20, 0x1f, 0xfc, 0x43, 0x0, 0xf2,
    0x80, 0x7e, 0x60, 0xf, 0x84, 0x3, 0xda, 0x1,
    0xf1, 0x98, 0x3, 0xed, 0x0, 0xf2, 0x28, 0x7,
    0x17, 0x0, 0x7e, 0x70, 0xf, 0xaa, 0x50, 0xd2,
    0x74, 0x80, 0x3f, 0x11, 0x0, 0x3e, 0x6b, 0xcb,
    0x60, 0xa5, 0x0, 0xfd, 0x60, 0x1f, 0xfc, 0x1,
    0x50, 0xf, 0xe6, 0x30, 0xf, 0xfa, 0x0, 0x3f,
    0xed, 0x20, 0xf, 0xe6, 0x60, 0x7, 0xfc, 0x3a,
    0xe0, 0x1e, 0x19, 0x90, 0x7, 0xff, 0xa, 0x3e,
    0xe6, 0x26, 0xf9, 0x80, 0x2a, 0xff, 0xf1, 0x0,

    /* U+0076 "v" */
    0x6f, 0xff, 0x30, 0x7, 0xfc, 0xdf, 0xfe, 0x17,
    0x0, 0xf6, 0x80, 0x7f, 0xda, 0x1, 0xc4, 0x22,
    0x30, 0xe, 0x40, 0xf, 0xf9, 0x0, 0x39, 0x40,
    0x8, 0x1, 0xe3, 0x0, 0xfe, 0x30, 0xf, 0x58,
    0x2, 0xc0, 0x3d, 0x60, 0x1f, 0xd6, 0x1, 0xc2,
    0x60, 0x3, 0x10, 0xe, 0x40, 0xf, 0xe4, 0x0,
    0xe4, 0x0, 0xce, 0x1, 0xc6, 0x20, 0x1f, 0x9,
    0x80, 0x77, 0x80, 0x6c, 0x0, 0xf2, 0x0, 0x7c,
    0x80, 0x1e, 0x50, 0xc, 0xa0, 0x1e, 0xc0, 0xf,
    0xb0, 0x3, 0x90, 0x3, 0xc8, 0x1, 0xc8, 0x1,
    0xf2, 0x0, 0x76, 0x0, 0x7b, 0x40, 0x38, 0x88,
    0x1, 0xc4, 0x40, 0xe, 0x50, 0xf, 0x20, 0x7,
    0x90, 0x3, 0x90, 0x3, 0x88, 0x80, 0x1e, 0x22,
    0x0, 0x76, 0x80, 0x76, 0x80, 0x72, 0x80, 0x7e,
    0x50, 0xe, 0x40, 0xe, 0x40, 0xe, 0xc0, 0xf,
    0xd6, 0x1, 0xe3, 0x0, 0x8c, 0x3, 0x85, 0x0,
    0x3f, 0x18, 0x80, 0x72, 0x0, 0x48, 0x1, 0xc8,
    0x1, 0xfe, 0x40, 0xe, 0xc0, 0xb, 0x0, 0x3b,
    0xc0, 0x3f, 0xde, 0x1, 0xca, 0x1, 0x28, 0x7,
    0x20, 0x7, 0xf9, 0x0, 0x38, 0x48, 0x8, 0x40,
    0x31, 0x88, 0x7, 0xf8, 0x4c, 0x3, 0x9c, 0x1c,
    0x3, 0xac, 0x3, 0xff, 0x81, 0x60, 0x1d, 0xa1,
    0xa0, 0x1c, 0xa0, 0x1f, 0xfc, 0x5, 0x0, 0xe4,
    0x4, 0x0, 0xc4, 0x40, 0xf, 0xfe, 0x1, 0x10,
    0x3, 0x18, 0x18, 0x6, 0x40, 0xf, 0xfe, 0x12,
    0x80, 0x76, 0x80, 0x76, 0x80, 0x7f, 0xf0, 0xb0,
    0x3, 0x88, 0x3, 0x90, 0x3, 0xff, 0x84, 0x80,
    0x1f, 0xe5, 0x0, 0xff, 0xe2, 0x28, 0x7, 0xf6,
    0x0, 0x7f, 0xf1, 0x3c, 0x3, 0xf9, 0xc0, 0x3f,
    0xf8, 0x88, 0x1, 0xf8, 0xc4, 0x3, 0xf0,

    /* U+0077 "w" */
    0xf, 0xff, 0x50, 0x7, 0xf5, 0xff, 0xf9, 0x40,
    0x3f, 0xb7, 0xff, 0x98, 0x10, 0x3, 0x90, 0x3,
    0xf9, 0x40, 0x3d, 0x80, 0x1f, 0x84, 0x80, 0x39,
    0x3, 0x0, 0x38, 0x44, 0x1, 0xf1, 0x8, 0x7,
    0x90, 0x3, 0xf2, 0x80, 0x70, 0x90, 0x18, 0x7,
    0x94, 0x3, 0xe4, 0x0, 0xf8, 0x84, 0x3, 0xec,
    0x0, 0xe4, 0x0, 0x20, 0x7, 0xb0, 0x3, 0xec,
    0x0, 0xfc, 0x80, 0x1f, 0x18, 0x7, 0x68, 0x4,
    0x60, 0x1c, 0x60, 0x1f, 0x20, 0x7, 0xec, 0x0,
    0xf9, 0x40, 0x39, 0x0, 0x24, 0x0, 0xe5, 0x0,
    0xf1, 0x8, 0x4, 0xc2, 0x1, 0x20, 0x7, 0x88,
    0x40, 0x38, 0xc0, 0x2c, 0x0, 0xe1, 0x20, 0xe,
    0x40, 0xd, 0x4a, 0x1, 0x10, 0x80, 0x72, 0x0,
    0x72, 0x0, 0x64, 0x0, 0xf3, 0x80, 0x77, 0x80,
    0x63, 0x20, 0xc, 0x80, 0x1d, 0xe0, 0x1d, 0x80,
    0x1c, 0x60, 0x1d, 0x80, 0x1c, 0x80, 0x10, 0x87,
    0x80, 0x6c, 0x0, 0xe4, 0x0, 0xe4, 0x0, 0xe4,
    0x0, 0xe5, 0x0, 0xc2, 0x40, 0x12, 0x81, 0x0,
    0x65, 0x0, 0xe2, 0x0, 0xe3, 0x0, 0xec, 0x0,
    0xe3, 0x0, 0xc8, 0x1, 0x88, 0x14, 0x3, 0x18,
    0x6, 0x40, 0xe, 0x40, 0xf, 0x20, 0x7, 0x8c,
    0x2, 0xc0, 0xd, 0xe0, 0x20, 0x1c, 0x80, 0x11,
    0x80, 0x76, 0x0, 0x7c, 0x60, 0x1c, 0xa0, 0x12,
    0x0, 0x62, 0x0, 0x10, 0x6, 0xc0, 0xb, 0x0,
    0x39, 0x0, 0x3e, 0x40, 0xe, 0xf0, 0x8, 0x80,
    0x32, 0x80, 0x1c, 0x3, 0x18, 0x4, 0xc0, 0x1c,
    0x60, 0x1f, 0x60, 0x7, 0x10, 0x0, 0xc0, 0x30,
    0x88, 0x1, 0xa0, 0x19, 0x40, 0x22, 0x0, 0xc8,
    0x1, 0xf9, 0x40, 0x39, 0x80, 0xc, 0x1, 0x90,
    0x2, 0x40, 0xc, 0x22, 0x2, 0x0, 0xe3, 0x0,
    0xfc, 0x26, 0x1, 0x88, 0x1, 0xa0, 0x1b, 0x0,
    0x23, 0x0, 0xe5, 0x6, 0x0, 0xec, 0x0, 0xfe,
    0x50, 0xe, 0x20, 0x30, 0xc, 0x80, 0x19, 0x0,
    0x31, 0x81, 0x80, 0x72, 0x0, 0x7f, 0x60, 0x7,
    0x38, 0x28, 0x4, 0x24, 0x1, 0xb0, 0x3, 0x68,
    0x70, 0x6, 0x30, 0xf, 0xf2, 0x0, 0x71, 0x8,
    0x80, 0x25, 0x0, 0xe3, 0x0, 0xcc, 0x4, 0x1,
    0x90, 0x3, 0xfc, 0x24, 0x1, 0xb9, 0x40, 0x36,
    0x0, 0x72, 0x0, 0x63, 0x5, 0x0, 0xd8, 0x1,
    0xff, 0x20, 0x6, 0x5c, 0x0, 0xc8, 0x1, 0xe3,
    0x0, 0xca, 0x20, 0x19, 0x0, 0x3f, 0xec, 0x0,
    0xc6, 0xe0, 0x18, 0xc0, 0x3c, 0x80, 0x1a, 0x80,
    0x31, 0x80, 0x7f, 0xf0, 0x10, 0x3, 0xf9, 0x0,
    0x3e, 0xc0, 0xf, 0xe4, 0x0, 0xff, 0xe0, 0x9,
    0x0, 0x7e, 0xc0, 0xf, 0x90, 0x3, 0xfb, 0x0,
    0x3f, 0xf8, 0x28, 0x1, 0xf9, 0x0, 0x3f, 0x18,
    0x7, 0xe4, 0x0, 0xff, 0xe0, 0xe0, 0x7, 0xe3,
    0x0, 0xfc, 0x80, 0x1f, 0x18, 0x7, 0xff, 0x9,
    0x0, 0x3e, 0x40, 0xf, 0xec, 0x0, 0xf9, 0x0,
    0x3e,

    /* U+0078 "x" */
    0xb, 0xff, 0xf5, 0x0, 0x7f, 0xb3, 0xff, 0xc4,
    0x12, 0x1, 0xe5, 0x30, 0xf, 0xcc, 0x60, 0x1c,
    0xe4, 0x5, 0x0, 0x1e, 0xf0, 0xf, 0xd0, 0x1,
    0xc5, 0x0, 0x13, 0x90, 0x7, 0x1a, 0x80, 0x7a,
    0x4, 0x3, 0xa4, 0x3, 0xb8, 0x3, 0xd6, 0x1,
    0xc4, 0xe0, 0x1c, 0xa8, 0x1, 0xc6, 0xc0, 0x1c,
    0x30, 0x1, 0xa4, 0x3, 0xd6, 0x1, 0xf4, 0x88,
    0x7, 0x39, 0x0, 0x11, 0x0, 0x1d, 0x2, 0x1,
    0xfa, 0xc0, 0x3d, 0x0, 0x9, 0x0, 0xe2, 0x70,
    0xf, 0xe5, 0x40, 0xe, 0x54, 0x62, 0x0, 0xee,
    0x0, 0xff, 0xa8, 0x3, 0xd7, 0x20, 0x1c, 0xc6,
    0x1, 0xff, 0xc, 0x0, 0x7f, 0xc3, 0x0, 0x1f,
    0xfc, 0x17, 0x30, 0xf, 0xf4, 0x8, 0x7, 0xff,
    0xb, 0xc0, 0x3f, 0x8d, 0x80, 0x3f, 0xf8, 0x66,
    0xc0, 0x1f, 0xb8, 0x3, 0xff, 0x8a, 0x60, 0x1f,
    0x8c, 0x3, 0xff, 0x88, 0x8a, 0x1, 0xfa, 0xc0,
    0x3f, 0xf8, 0x92, 0x1, 0xfc, 0xa8, 0x1, 0xff,
    0xc2, 0x62, 0x0, 0xff, 0x48, 0x7, 0xff, 0x4,
    0x60, 0x3, 0xfe, 0x27, 0x0, 0xff, 0xe0, 0x40,
    0x80, 0x61, 0xf3, 0x0, 0xe8, 0x10, 0xf, 0xf1,
    0xb0, 0x7, 0x40, 0x40, 0x7, 0xac, 0x3, 0xfd,
    0xe0, 0x1c, 0x4c, 0x8, 0x80, 0xe, 0x54, 0x0,
    0xfc, 0xa6, 0x1, 0xd2, 0x1, 0x40, 0x7, 0xa4,
    0x3, 0xf5, 0x80, 0x72, 0x20, 0x2, 0x35, 0x0,
    0xe2, 0x70, 0xf, 0x40, 0x80, 0x74, 0x0, 0x74,
    0x0, 0x7a, 0x4, 0x3, 0x13, 0x80, 0x72, 0x98,
    0x7, 0x13, 0x0, 0x7a, 0xc0, 0x34, 0x80, 0x7a,
    0x0, 0x3e, 0x80, 0xf, 0x2a, 0x0, 0x11, 0x0,
    0x1c, 0xe4, 0x1, 0xf0, 0xc0, 0x7, 0xa4, 0x1,
    0x20, 0x1c, 0x32, 0x1, 0xfc, 0xe2, 0x1, 0xc4,
    0xe0,

    /* U+0079 "y" */
    0x6f, 0xff, 0x38, 0x7, 0xfc, 0xbf, 0xfe, 0x67,
    0x0, 0xf5, 0x80, 0x7f, 0xde, 0x1, 0xe7, 0x13,
    0x0, 0xe3, 0x0, 0xff, 0x90, 0x3, 0x90, 0x42,
    0x80, 0x3c, 0xa0, 0x1f, 0xc6, 0x20, 0x1d, 0xa0,
    0x7, 0x0, 0xf6, 0x0, 0x7f, 0x20, 0x7, 0x9c,
    0x0, 0x26, 0x1, 0xce, 0x1, 0xfd, 0x80, 0x1c,
    0x62, 0x1, 0x58, 0x7, 0x9, 0x0, 0x7e, 0x40,
    0xe, 0xb0, 0xc, 0xa0, 0x1e, 0x50, 0xf, 0x90,
    0x3, 0xca, 0x1, 0x88, 0x80, 0x1d, 0x80, 0x1f,
    0x60, 0x7, 0x11, 0x0, 0x39, 0x40, 0x39, 0x0,
    0x3e, 0x50, 0xe, 0x50, 0xf, 0x58, 0x7, 0x90,
    0x3, 0x84, 0x80, 0x3a, 0xc0, 0x3c, 0x64, 0x1,
    0xd8, 0x1, 0xce, 0x1, 0xc2, 0x60, 0x1f, 0x28,
    0x7, 0x28, 0x7, 0x60, 0x7, 0x38, 0x7, 0xeb,
    0x0, 0xe2, 0x10, 0xc, 0x80, 0x1d, 0x40, 0x1f,
    0x8c, 0x40, 0x39, 0xc0, 0x23, 0x10, 0xc, 0x26,
    0x1, 0xfc, 0xe0, 0x1d, 0x80, 0x12, 0x0, 0x73,
    0x80, 0x7f, 0xb4, 0x3, 0x90, 0x2, 0xd0, 0xe,
    0xd0, 0xf, 0xf2, 0x8, 0x6, 0x11, 0x0, 0x10,
    0x3, 0x90, 0x3, 0xfe, 0x40, 0xe, 0x50, 0x11,
    0x0, 0x65, 0x0, 0xff, 0xe0, 0x78, 0x7, 0x60,
    0x28, 0x7, 0x78, 0x7, 0xff, 0x1, 0x40, 0x38,
    0xc3, 0x0, 0x39, 0x40, 0x3f, 0xf8, 0x2a, 0x1,
    0x94, 0xc, 0x3, 0x20, 0x7, 0xff, 0xb, 0xc0,
    0x30, 0x92, 0x80, 0x6d, 0x0, 0xff, 0xe1, 0x28,
    0x7, 0x60, 0x80, 0x67, 0x0, 0xff, 0xe1, 0xa0,
    0x6, 0x10, 0xc, 0x82, 0x1, 0xff, 0xc3, 0xd0,
    0xf, 0xed, 0x0, 0xff, 0xe2, 0x38, 0x7, 0xf3,
    0x80, 0x7f, 0xf1, 0x4, 0xc0, 0x3e, 0x31, 0x0,
    0xff, 0xe2, 0xd8, 0x7, 0xd6, 0x1, 0xff, 0xc6,
    0x60, 0xf, 0x94, 0x3, 0xff, 0x8c, 0x22, 0x0,
    0xe2, 0x20, 0x7, 0xff, 0x18, 0x44, 0x1, 0xca,
    0x1, 0xff, 0xc7, 0x70, 0xf, 0x58, 0x7, 0xff,
    0x1f, 0x0, 0x38, 0x8c, 0x3, 0xff, 0x82, 0xae,
    0xfc, 0xa0, 0x1c, 0xa0, 0x1f, 0xfc, 0x29, 0x88,
    0xe0, 0xf, 0x58, 0x7, 0xff, 0x34, 0xcc, 0x1,
    0xff, 0xcd, 0xf0, 0xf, 0xfe, 0x6d, 0x98, 0x7,
    0xff, 0x24, 0x52, 0x39, 0x0, 0x3f, 0xf8, 0x20,

    /* U+007A "z" */
    0xa, 0xff, 0xff, 0xe4, 0x8, 0x7, 0xff, 0xfc,
    0x3, 0xff, 0x8d, 0xd1, 0x1f, 0xfc, 0x1, 0x0,
    0xf1, 0x8, 0x23, 0xbf, 0xfc, 0x42, 0x1, 0xee,
    0x0, 0xff, 0xe0, 0x95, 0x0, 0x7a, 0x4c, 0x3,
    0xff, 0x83, 0xe0, 0x1e, 0x56, 0x0, 0xff, 0xe0,
    0xc9, 0x0, 0x70, 0xd8, 0x7, 0xff, 0x5, 0x58,
    0x3, 0xda, 0x20, 0x1f, 0xfc, 0x2, 0xa0, 0xf,
    0x41, 0x80, 0x7f, 0xf0, 0x78, 0x3, 0xc8, 0xe0,
    0x1f, 0xfc, 0x19, 0x30, 0xe, 0x1a, 0x0, 0xff,
    0xe0, 0xa3, 0x0, 0x7b, 0x44, 0x3, 0xff, 0x80,
    0x34, 0x1, 0xe8, 0x30, 0xf, 0xfe, 0xe, 0x88,
    0x7, 0x23, 0x80, 0x7f, 0xf0, 0x60, 0xc0, 0x38,
    0x68, 0x3, 0xff, 0x82, 0x8e, 0x1, 0xea, 0x10,
    0xf, 0xfe, 0x0, 0xd0, 0x7, 0x9d, 0x0, 0x3f,
    0xf8, 0x34, 0x20, 0x1c, 0x70, 0x1, 0xff, 0xc1,
    0x74, 0x0, 0xe1, 0xd0, 0xf, 0xfe, 0x9, 0xc0,
    0x7, 0xa8, 0x40, 0x3f, 0xf8, 0x3a, 0x1, 0xe2,
    0x37, 0x7f, 0xfe, 0x1, 0x8, 0x80, 0x3c, 0x51,
    0x1f, 0xfc, 0x14, 0x0, 0xff, 0xff, 0x80, 0x7f,
    0xf1, 0x40,

    /* U+007B "{" */
    0x0, 0xf9, 0xab, 0x33, 0xac, 0x3, 0x87, 0x65,
    0x4c, 0xf9, 0x0, 0x3a, 0x8, 0x3, 0xff, 0x82,
    0xe0, 0x1f, 0xfc, 0x21, 0x0, 0xff, 0xe3, 0x8f,
    0xfe, 0x0, 0xff, 0xff, 0x80, 0x7f, 0xff, 0xc0,
    0x3f, 0xfb, 0x86, 0x1, 0xf8, 0x40, 0x3f, 0xf8,
    0x4e, 0x1, 0xcc, 0x1, 0xf0, 0xc0, 0x7, 0x60,
    0x7, 0x13, 0xf8, 0x80, 0x61, 0x60, 0xd, 0xdb,
    0x2, 0x1, 0xd4, 0x20, 0x1f, 0xf2, 0xea, 0x0,
    0x7e, 0x1a, 0xcf, 0xa2, 0x0, 0xfe, 0x18, 0x88,
    0x80, 0x3f, 0xe2, 0x47, 0xd9, 0x0, 0xf4, 0xa8,
    0x80, 0x73, 0x50, 0x7, 0x3d, 0x73, 0x80, 0x72,
    0xa0, 0x7, 0xd0, 0xa0, 0x1d, 0xa0, 0x1f, 0xa4,
    0x3, 0x94, 0x3, 0xf1, 0x80, 0x70, 0x80, 0x7f,
    0xf0, 0x8c, 0x3, 0xff, 0xfe, 0x1, 0xff, 0xff,
    0x0, 0xff, 0xf0, 0xe, 0x65, 0x60, 0x1c, 0x20,
    0x1c, 0x67, 0x20, 0x7, 0x28, 0x7, 0xff, 0xa,
    0x0, 0x3f, 0xf8, 0x47, 0xaa, 0x20, 0x1e,

    /* U+007C "|" */
    0x17, 0x7e, 0x33, 0x44, 0x75, 0x80, 0x7f, 0xff,
    0xc0, 0x3f, 0xff, 0xe0, 0x1f, 0xff, 0xf0, 0xf,
    0xff, 0xf8, 0x7, 0xff, 0x7c,

    /* U+007D "}" */
    0x6c, 0xce, 0xb9, 0x20, 0xf, 0xb8, 0xcf, 0x91,
    0xb5, 0x40, 0x3f, 0xf8, 0x74, 0x1, 0xff, 0xc4,
    0x40, 0xf, 0xfe, 0x19, 0x0, 0x74, 0x7f, 0xd0,
    0x1, 0xc2, 0x1, 0xff, 0xff, 0x0, 0xff, 0xff,
    0x80, 0x7f, 0xfd, 0xc4, 0x3, 0xbc, 0x3, 0xf8,
    0x80, 0x39, 0x0, 0x3f, 0x94, 0x3, 0x8d, 0xc0,
    0x3f, 0xb, 0x0, 0x74, 0x51, 0x80, 0x7d, 0x26,
    0x1, 0xcb, 0x9e, 0x80, 0x1e, 0xc8, 0x10, 0xf,
    0xfe, 0x13, 0xf6, 0xdb, 0x0, 0x7f, 0xf0, 0x1a,
    0x20, 0xe0, 0x1f, 0xe4, 0xe9, 0x53, 0x10, 0xf,
    0xe4, 0xb1, 0x0, 0xe4, 0x76, 0x0, 0xe9, 0x0,
    0xe2, 0xdb, 0x82, 0x0, 0xc6, 0x40, 0x1d, 0x84,
    0x1, 0xf2, 0x80, 0x73, 0x8, 0x7, 0xe1, 0x0,
    0xee, 0x0, 0xff, 0xff, 0x80, 0x7f, 0xff, 0xc0,
    0x3f, 0xfe, 0x6d, 0x99, 0x50, 0x7, 0x8, 0x7,
    0x71, 0x9c, 0x40, 0x1c, 0x60, 0x1f, 0xfc, 0x34,
    0x0, 0xff, 0xe1, 0x30, 0x80, 0x7f, 0xf0, 0xe,
    0x64, 0x1, 0xe0,

    /* U+007E "~" */
    0x0, 0xe3, 0x56, 0x53, 0x0, 0xff, 0xe3, 0xc7,
    0x65, 0x4d, 0x67, 0xc9, 0x0, 0x7f, 0xf0, 0x8b,
    0x5c, 0x40, 0x3c, 0xdb, 0x22, 0x1, 0xff, 0xe,
    0x10, 0x7, 0xf9, 0xba, 0x44, 0x3, 0xa2, 0x40,
    0x3f, 0xf8, 0xad, 0xd7, 0xf, 0x3c, 0xec, 0x80,
    0x30, 0x1, 0xff, 0xc3, 0x47, 0x86, 0x10, 0x4,
    0x80, 0x19, 0x1, 0x73, 0xfd, 0x8c, 0x1, 0xff,
    0xc2, 0x26, 0x0, 0x4d, 0xd1, 0x80, 0xe, 0x79,
    0xc0, 0x3f, 0xf8, 0x6, 0xc0, 0x2, 0x40, 0xf,
    0xc, 0x73, 0x0, 0x7f, 0x2e, 0x0, 0x7f, 0xf0,
    0x46, 0x7a, 0x10, 0x40, 0x49, 0xb2, 0x80, 0x0,

    /* U+00B0 "°" */
    0x0, 0xf8, 0xd9, 0xd9, 0x44, 0x3, 0xff, 0x81,
    0x1d, 0x93, 0x13, 0x5d, 0x88, 0x1, 0xf8, 0xf9,
    0xc4, 0x3, 0xc7, 0x76, 0x0, 0xf2, 0x60, 0x80,
    0x7f, 0x93, 0x0, 0x30, 0xd0, 0x7, 0xff, 0x4,
    0xe8, 0x2, 0x81, 0x0, 0xcd, 0xbf, 0xd6, 0x60,
    0x19, 0x4c, 0x5, 0x80, 0x34, 0xc8, 0x80, 0x53,
    0x10, 0x3, 0x48, 0x20, 0x6, 0x36, 0x0, 0xf4,
    0x80, 0x65, 0xd, 0x0, 0xd4, 0x1, 0xf1, 0x18,
    0x6, 0x32, 0x0, 0xc4, 0x1, 0xf9, 0x80, 0x33,
    0x80, 0x73, 0x80, 0x7e, 0x30, 0xc, 0x26, 0x1,
    0x98, 0x3, 0xf1, 0x0, 0x66, 0xe0, 0xd, 0xa0,
    0x1f, 0x94, 0x3, 0x12, 0x0, 0x66, 0x10, 0xf,
    0x30, 0x80, 0x44, 0x26, 0x40, 0x10, 0xe8, 0x80,
    0x64, 0x90, 0xd, 0x40, 0x8, 0x0, 0xc7, 0xd5,
    0x10, 0xcb, 0x0, 0xc2, 0xe0, 0x5, 0x50, 0x7,
    0x2b, 0xb8, 0xc0, 0x3a, 0x80, 0x35, 0x20, 0x7,
    0xff, 0x2, 0x50, 0x3, 0xae, 0x0, 0x3f, 0x8f,
    0x18, 0x3, 0xe7, 0xe9, 0x41, 0x0, 0x13, 0x5e,
    0x18, 0x6,

    /* U+00B7 "·" */
    0x0, 0x1c, 0x54, 0xb8, 0x80, 0x4f, 0x8e, 0xad,
    0x1e, 0x60, 0x30, 0x1, 0xc3, 0xe0, 0x80, 0x1f,
    0x18, 0x7, 0xff, 0x25, 0x80, 0x3e, 0x10, 0x34,
    0x0, 0xf4, 0x0, 0x2d, 0xc8, 0x0, 0x74, 0xc0,

    /* U+00C4 "Ä" */
    0x0, 0xfd, 0x3d, 0xfe, 0xc5, 0x0, 0xcb, 0x9f,
    0xee, 0x90, 0xf, 0xfe, 0x1c, 0x30, 0x80, 0xe,
    0x88, 0x0, 0x54, 0x60, 0x1, 0x69, 0x0, 0xff,
    0xe1, 0x20, 0x7, 0x94, 0x0, 0x80, 0x1e, 0x40,
    0xf, 0xfe, 0x11, 0x0, 0x7b, 0xc0, 0x2, 0x1,
    0xe3, 0x0, 0xff, 0xe1, 0x18, 0x7, 0xbc, 0x3,
    0xff, 0x98, 0xe0, 0x1e, 0x30, 0x1, 0x80, 0x79,
    0x40, 0x3f, 0xf8, 0x50, 0x20, 0x19, 0x10, 0x0,
    0x45, 0x0, 0xc3, 0x0, 0x1f, 0xfc, 0x22, 0xec,
    0xaa, 0x6d, 0x80, 0x6a, 0xda, 0xa5, 0xf1, 0x80,
    0x7f, 0xf1, 0xd, 0x54, 0x40, 0x1e, 0x25, 0x52,
    0x0, 0x7f, 0xff, 0xc0, 0x3f, 0xfb, 0xb3, 0xff,
    0xfa, 0x0, 0x3f, 0xf9, 0x4e, 0x1, 0xf9, 0x40,
    0x3f, 0xf9, 0x24, 0x20, 0x1f, 0x88, 0x40, 0x3f,
    0xf9, 0xa, 0x1, 0xfe, 0x70, 0xf, 0xfe, 0x45,
    0x80, 0x7f, 0xb4, 0x3, 0xff, 0x8e, 0x26, 0x1,
    0xfe, 0x40, 0xf, 0xfe, 0x3a, 0x0, 0x73, 0x18,
    0x7, 0x20, 0x7, 0xff, 0x1b, 0xc0, 0x3a, 0x90,
    0x3, 0xb4, 0x3, 0xff, 0x8c, 0x80, 0x1c, 0x7a,
    0x1, 0xce, 0x1, 0xff, 0xc5, 0x31, 0x0, 0xc4,
    0x8, 0x1, 0xc2, 0x40, 0x1f, 0xfc, 0x4b, 0x0,
    0xe7, 0x1, 0x10, 0x7, 0x28, 0x7, 0xff, 0x11,
    0x40, 0x3b, 0x0, 0xa, 0x1, 0xd6, 0x1, 0xff,
    0xc3, 0x12, 0x0, 0xe5, 0x0, 0x60, 0x7, 0x18,
    0x80, 0x7f, 0xf0, 0x9c, 0x3, 0x84, 0xc0, 0x8,
    0x1, 0xe4, 0x0, 0xff, 0xe1, 0x68, 0x7, 0x20,
    0x4, 0x62, 0x1, 0xde, 0x1, 0xff, 0xc2, 0x40,
    0xe, 0xc0, 0xc, 0x80, 0x1c, 0x80, 0x1f, 0xfc,
    0x14, 0x0, 0xf3, 0x80, 0x6f, 0x0, 0xe1, 0x30,
    0xf, 0xfe, 0x6, 0x80, 0x71, 0x8, 0x6, 0x40,
    0xf, 0x58, 0x7, 0xff, 0x1, 0x0, 0x39, 0x40,
    0x38, 0x4c, 0x3, 0x90, 0x3, 0xfe, 0x22, 0x0,
    0x76, 0x0, 0x79, 0x0, 0x38, 0xc4, 0x3, 0xfc,
    0xa0, 0x1e, 0x40, 0xf, 0x58, 0x7, 0x9c, 0x3,
    0xfd, 0x60, 0x1c, 0x80, 0x1f, 0x18, 0x80, 0x76,
    0x0, 0x7f, 0x8c, 0x3, 0xb4, 0x3, 0xf2, 0x0,
    0x72, 0x80, 0x7f, 0x28, 0x7, 0xa7, 0xff, 0xf2,
    0x80, 0x79, 0x0, 0x3f, 0x78, 0x7, 0xff, 0x2b,
    0x40, 0x3f, 0x20, 0x7, 0xff, 0x29, 0x0, 0x3e,
    0x31, 0x0, 0xff, 0xe5, 0x11, 0x0, 0x3d, 0x60,
    0x1f, 0xfc, 0xc5, 0x0, 0xf2, 0x0, 0x71, 0x2a,
    0xff, 0xf0, 0x4, 0x3, 0xb0, 0x3, 0x84, 0xc0,
    0x3a, 0x2a, 0xbf, 0xf8, 0xe, 0x1, 0xc8, 0x1,
    0xce, 0x1, 0xe4, 0x0, 0xff, 0xe0, 0x60, 0x7,
    0x94, 0x3, 0x60, 0x7, 0x10, 0x80, 0x7f, 0xf0,
    0x10, 0x3, 0xd8, 0x1, 0x94, 0x3, 0x90, 0x3,
    0xff, 0x82, 0x26, 0x1, 0xce, 0x1, 0x20, 0x7,
    0xb4, 0x3, 0xff, 0x84, 0x80, 0x1c, 0x26, 0x0,
    0xc0, 0xf, 0x20, 0x7, 0xff, 0xb, 0x0, 0x3c,
    0x80, 0x5, 0x0, 0xe3, 0x0, 0xff, 0xe1, 0xa0,
    0x7, 0xac, 0x8, 0x80, 0x1c, 0x80, 0x1f, 0xfc,
    0x44, 0x0, 0xe3, 0x15, 0x0, 0xf5, 0x80, 0x7f,
    0xf1, 0x30, 0x3, 0xc9, 0x80, 0x1e, 0x30, 0xf,
    0xfe, 0x22, 0x0, 0x7b, 0xc0,

    /* U+00D6 "Ö" */
    0x0, 0xf8, 0x67, 0xbf, 0xd8, 0x80, 0x19, 0xb7,
    0xfd, 0xb0, 0x1, 0xff, 0xc3, 0xb6, 0x10, 0x1,
    0xd8, 0x80, 0xe, 0x48, 0x0, 0x4e, 0xe0, 0xf,
    0xfe, 0x12, 0x0, 0x79, 0x0, 0x8, 0x1, 0xeb,
    0x0, 0xff, 0xe1, 0x8, 0x7, 0x8c, 0x1, 0xc0,
    0x1e, 0x10, 0xf, 0xfe, 0x49, 0x80, 0x4, 0x3,
    0xc2, 0x1, 0xff, 0xc2, 0x30, 0xf, 0x30, 0x3,
    0x40, 0x3c, 0xa0, 0x1f, 0xfc, 0x2f, 0x0, 0xe6,
    0x30, 0x2, 0xa0, 0x6, 0x1b, 0x0, 0xff, 0xe1,
    0x1f, 0xdd, 0x53, 0x64, 0x3, 0x5e, 0xd5, 0x33,
    0x88, 0x3, 0xff, 0x88, 0x8a, 0xa2, 0x0, 0xf1,
    0x2a, 0x8c, 0x3, 0xff, 0xfe, 0x1, 0xfe, 0x25,
    0x67, 0x73, 0x29, 0x0, 0x7f, 0xf2, 0x52, 0xbf,
    0x6a, 0x62, 0x13, 0x5b, 0xd4, 0x80, 0x1f, 0xfc,
    0x43, 0xcb, 0x50, 0xf, 0xe1, 0x5b, 0xc3, 0x0,
    0xff, 0xe0, 0xbe, 0x18, 0x7, 0xff, 0x8, 0xf1,
    0x80, 0x3f, 0xe8, 0x80, 0x7, 0xff, 0x1a, 0x5c,
    0x3, 0xf9, 0x9c, 0x3, 0xff, 0x91, 0xa, 0x1,
    0xf1, 0x48, 0x7, 0xf1, 0x22, 0x8, 0x3, 0xfa,
    0x84, 0x3, 0xd2, 0x1, 0xf1, 0x57, 0xed, 0xdb,
    0x7e, 0x88, 0x3, 0xeb, 0x0, 0xe3, 0x40, 0xf,
    0x2e, 0xa8, 0x7, 0x97, 0x50, 0x3, 0xca, 0x40,
    0x1a, 0x40, 0x3c, 0x74, 0x1, 0xfe, 0xb3, 0x0,
    0xf5, 0x80, 0x65, 0x0, 0xf7, 0x0, 0x7f, 0xf0,
    0x3c, 0x3, 0xce, 0x1, 0x20, 0x7, 0x90, 0x80,
    0x3f, 0xf8, 0x6, 0x60, 0xe, 0x13, 0x0, 0x60,
    0x7, 0xb4, 0x3, 0xff, 0x85, 0x60, 0x1e, 0x40,
    0x2, 0x0, 0x79, 0x40, 0x3f, 0xf8, 0x46, 0x1,
    0xec, 0x0, 0x10, 0x7, 0x88, 0x3, 0xff, 0x84,
    0xc0, 0x1e, 0x60, 0x11, 0x0, 0x78, 0x40, 0x3f,
    0xf8, 0x46, 0x1, 0xe2, 0x3, 0x0, 0xff, 0xe9,
    0xb, 0x0, 0x7f, 0xf4, 0x88, 0x40, 0x3f, 0xfa,
    0x4e, 0x1, 0xff, 0xff, 0x0, 0xff, 0xf4, 0x88,
    0x7, 0xff, 0x49, 0xd8, 0x3, 0xff, 0xa4, 0x46,
    0x1, 0xff, 0xd2, 0x11, 0x80, 0x3c, 0x20, 0x1f,
    0xfc, 0x23, 0x0, 0xf1, 0x0, 0x8, 0x3, 0xc4,
    0x1, 0xff, 0xc2, 0x60, 0xf, 0x30, 0x1, 0x0,
    0x3c, 0xa0, 0x1f, 0xfc, 0x23, 0x0, 0xf6, 0x0,
    0x30, 0x3, 0xda, 0x1, 0xff, 0xc2, 0xb0, 0xf,
    0x20, 0x1, 0x0, 0x3c, 0x84, 0x1, 0xff, 0xc0,
    0x23, 0x0, 0xe1, 0x30, 0x9, 0x40, 0x3d, 0x20,
    0x1f, 0xfc, 0xe, 0x0, 0xf3, 0x80, 0x69, 0x0,
    0xf2, 0x50, 0x7, 0xfa, 0xcc, 0x3, 0xd6, 0x1,
    0x8d, 0x0, 0x3c, 0xba, 0xa0, 0x1e, 0x5d, 0x40,
    0xf, 0x29, 0x0, 0x74, 0x80, 0x7c, 0x55, 0xf9,
    0x76, 0xcf, 0xa2, 0x0, 0xfa, 0x0, 0x3c, 0x50,
    0x1, 0xfc, 0x68, 0x83, 0x0, 0xfe, 0xa2, 0x0,
    0xf9, 0xd8, 0x3, 0xff, 0x90, 0xea, 0x1, 0xfd,
    0x2e, 0x1, 0xff, 0xc6, 0x88, 0x0, 0x7f, 0xd1,
    0x84, 0x1, 0xff, 0xc2, 0x3c, 0x70, 0xf, 0xfe,
    0x9, 0xed, 0xa8, 0x7, 0xf9, 0x6f, 0xc, 0x3,
    0xff, 0x88, 0x95, 0xfb, 0x53, 0x10, 0x9a, 0xdf,
    0xa4, 0x0, 0xfe,

    /* U+00DC "Ü" */
    0x0, 0xf2, 0x67, 0xfb, 0xa4, 0x3, 0xd, 0x77,
    0xfb, 0x10, 0x3, 0xfe, 0x1b, 0x30, 0x0, 0xb4,
    0x80, 0x56, 0xa2, 0x0, 0x3b, 0x10, 0xf, 0xf2,
    0x0, 0x79, 0xc0, 0x25, 0x0, 0xf2, 0x80, 0x7f,
    0x88, 0x3, 0xc2, 0x1, 0xfe, 0x20, 0xf, 0xf0,
    0x80, 0x78, 0x40, 0x3f, 0xc6, 0x1, 0xfe, 0x50,
    0xf, 0x28, 0x4, 0x60, 0x1e, 0x70, 0xf, 0xf1,
    0xa8, 0x6, 0x18, 0x0, 0xa0, 0x3, 0x98, 0x80,
    0x3f, 0xea, 0xda, 0xa5, 0xf1, 0x80, 0x49, 0xf7,
    0x54, 0xd9, 0x0, 0xff, 0xe0, 0x92, 0xa9, 0x0,
    0x3e, 0x45, 0x51, 0x0, 0x7f, 0xff, 0xc0, 0x3f,
    0xf8, 0xe7, 0xff, 0xed, 0x0, 0xff, 0xe0, 0xef,
    0xff, 0x88, 0x3, 0xff, 0xfe, 0x1, 0xff, 0xff,
    0x0, 0xff, 0xff, 0x80, 0x7f, 0xff, 0xc0, 0x3f,
    0xff, 0xe0, 0x1f, 0xff, 0xf0, 0xf, 0xff, 0xf8,
    0x7, 0xff, 0xfc, 0x3, 0xff, 0xee, 0x20, 0x1f,
    0xfe, 0x53, 0x0, 0xf1, 0x98, 0x3, 0xff, 0xa0,
    0x20, 0x1e, 0x20, 0xf, 0xfe, 0x8, 0x80, 0x78,
    0x40, 0x3f, 0x8, 0x7, 0xfc, 0x40, 0x1e, 0x10,
    0x1, 0x80, 0x79, 0x0, 0x3f, 0xe4, 0x0, 0xf2,
    0x80, 0x14, 0x3, 0xdc, 0x1, 0xff, 0x50, 0x7,
    0x8c, 0x1, 0xe0, 0x1e, 0x45, 0x0, 0xfe, 0x63,
    0x0, 0xf6, 0x80, 0x1c, 0x3, 0xea, 0x70, 0xf,
    0xa2, 0x40, 0x3e, 0x50, 0x0, 0xa8, 0x7, 0xd1,
    0xf7, 0x53, 0x59, 0xee, 0x1, 0xf3, 0x0, 0x68,
    0x0, 0xfe, 0x45, 0x65, 0x30, 0xf, 0xe8, 0x0,
    0xc5, 0x0, 0x1f, 0xfc, 0x99, 0x10, 0xe, 0x78,
    0x0, 0xff, 0xe3, 0xcb, 0x0, 0x7c, 0xf6, 0x40,
    0x1f, 0xfc, 0x32, 0xb6, 0x0, 0xfe, 0x4d, 0xa4,
    0x0, 0xff, 0x92, 0xf5, 0x0, 0x3f, 0xf8, 0xb,
    0x7f, 0x95, 0x31, 0x14, 0xd6, 0xfd, 0xa0, 0x7,
    0xc0,

    /* U+00DF "ß" */
    0x0, 0xff, 0x96, 0x33, 0x7f, 0xdd, 0xb6, 0xe8,
    0x1, 0xff, 0xc8, 0x8e, 0xa7, 0x32, 0x0, 0x9,
    0x24, 0x5e, 0xb0, 0x7, 0xff, 0x10, 0xf5, 0xc4,
    0x3, 0xfe, 0x29, 0xb1, 0x0, 0xff, 0xe0, 0x9e,
    0x10, 0x7, 0xff, 0xd, 0x30, 0x3, 0xff, 0x80,
    0x3a, 0x1, 0xff, 0xc6, 0x2b, 0x0, 0xff, 0xa0,
    0x40, 0x3c, 0x73, 0x99, 0x4a, 0x0, 0x79, 0x10,
    0x1, 0xfc, 0x2c, 0x1, 0xe9, 0xc6, 0x33, 0x9a,
    0xec, 0x1, 0xe8, 0x0, 0xfe, 0x70, 0xf, 0x2b,
    0x0, 0x7c, 0x8e, 0x1, 0xc6, 0x20, 0x1f, 0xb0,
    0x3, 0xd2, 0x1, 0xfd, 0x20, 0x1e, 0x40, 0xf,
    0xce, 0x1, 0xe3, 0x0, 0xfe, 0x12, 0x0, 0xed,
    0x0, 0xfc, 0x60, 0x1c, 0x40, 0x1f, 0xf3, 0x0,
    0x70, 0x80, 0x7e, 0x10, 0xe, 0x10, 0xf, 0xf8,
    0x40, 0x38, 0x80, 0x3f, 0xf9, 0xc6, 0x1, 0xfe,
    0xef, 0xf8, 0x3, 0xff, 0x86, 0xb5, 0xac, 0x1,
    0xff, 0xcf, 0x3d, 0xa5, 0x20, 0xf, 0xfe, 0x79,
    0xe1, 0x0, 0x7f, 0xf4, 0xb8, 0x3, 0xff, 0xa6,
    0xc4, 0x1, 0xc2, 0xf3, 0x3b, 0xc0, 0x34, 0x46,
    0x0, 0xff, 0xa8, 0x3, 0x8f, 0xa1, 0x9b, 0x20,
    0x6, 0x67, 0x78, 0x3, 0xfe, 0x30, 0xe, 0x90,
    0xf, 0xfe, 0xa3, 0x80, 0x7f, 0xf3, 0x44, 0x3,
    0xc2, 0x1, 0xff, 0xcd, 0x10, 0xf, 0x48, 0x7,
    0xff, 0x38, 0x80, 0x39, 0x68, 0x40, 0x3f, 0xf9,
    0x8a, 0x1, 0xe5, 0xea, 0x40, 0xf, 0xfe, 0x54,
    0x80, 0x7e, 0x5b, 0xd6, 0x0, 0xff, 0xe4, 0xd,
    0x0, 0x7f, 0x14, 0xe9, 0x80, 0x7f, 0xf1, 0xd6,
    0xc4, 0x3, 0xf8, 0xb1, 0x0, 0x3f, 0xf8, 0xe9,
    0xce, 0x20, 0x1f, 0xd6, 0x40, 0x1f, 0xfc, 0x88,
    0xea, 0x40, 0xf, 0xd0, 0x1, 0xff, 0xca, 0x5b,
    0xd4, 0x0, 0xf2, 0x80, 0x7f, 0xf3, 0xa, 0xd0,
    0x3, 0xc4, 0x1, 0xff, 0xcd, 0x80, 0xf, 0x8,
    0x7, 0xff, 0x34, 0xc0, 0x3f, 0xf9, 0x64, 0x60,
    0x1f, 0x10, 0x7, 0x84, 0x3, 0xff, 0x86, 0x59,
    0x83, 0x0, 0xf2, 0x0, 0x78, 0x80, 0x3f, 0xf8,
    0x45, 0x82, 0x19, 0x2, 0x1, 0x1c, 0x0, 0x72,
    0x0, 0x7f, 0xf0, 0x8b, 0x4, 0x2, 0x7e, 0xcb,
    0xcc, 0x8, 0x7, 0x70, 0x7, 0xff, 0x9, 0x4,
    0x3, 0xc6, 0x86, 0x1, 0xe2, 0x50, 0xf, 0xfe,
    0x13, 0x30, 0x3, 0xff, 0x87, 0xe0, 0x1f, 0xfc,
    0x49, 0x90, 0x7, 0xff, 0x0, 0x70, 0x80, 0x3f,
    0xf8, 0xad, 0xcc, 0x20, 0x1f, 0xc, 0x71, 0x80,
    0x7d, 0xff, 0xec, 0x0, 0xe1, 0x9e, 0xca, 0x88,
    0x4d, 0x6f, 0x38, 0x7, 0x0,

    /* U+00E4 "ä" */
    0x0, 0xcb, 0x9f, 0xee, 0x90, 0xc, 0x35, 0xdf,
    0xec, 0x30, 0xf, 0xc5, 0x46, 0x0, 0x16, 0x90,
    0xa, 0x94, 0x40, 0x7, 0xa2, 0x1, 0xf2, 0x0,
    0x79, 0x0, 0x24, 0x0, 0xe1, 0x50, 0xf, 0x84,
    0x3, 0xc6, 0x1, 0xfe, 0x10, 0xf, 0xfe, 0x68,
    0x80, 0x7c, 0x60, 0x1e, 0x50, 0x8, 0x80, 0x3c,
    0xc0, 0x1f, 0x22, 0x80, 0x61, 0x80, 0xa, 0x40,
    0x39, 0xc8, 0x3, 0xf5, 0x6d, 0x52, 0xf8, 0xc0,
    0x24, 0xfb, 0xab, 0xe8, 0x0, 0xff, 0x12, 0xa9,
    0x0, 0x3e, 0x45, 0x41, 0x0, 0xff, 0xff, 0x80,
    0x7f, 0xf1, 0x8d, 0x9d, 0xcc, 0xa6, 0x1, 0xff,
    0xc4, 0x3a, 0xfc, 0x98, 0x84, 0xd6, 0x7d, 0xa0,
    0x7, 0xff, 0x2, 0x71, 0x40, 0x3f, 0x92, 0xec,
    0x20, 0x1f, 0x87, 0x18, 0x3, 0xff, 0x82, 0x98,
    0x1, 0xfb, 0x4c, 0x3, 0xff, 0x86, 0x56, 0x1,
    0xea, 0x30, 0xf, 0xfe, 0x2a, 0x18, 0x7, 0xfc,
    0x75, 0xdf, 0xed, 0x80, 0xf, 0xa4, 0x3, 0xaa,
    0x0, 0x28, 0xc5, 0x10, 0x1, 0x3d, 0x80, 0x79,
    0x0, 0x3c, 0xf6, 0x2e, 0xe0, 0xf, 0x90, 0x80,
    0x38, 0x44, 0x1, 0xe4, 0xf8, 0x0, 0xfe, 0x40,
    0xf, 0x18, 0x7, 0xc2, 0x1, 0xfe, 0x10, 0xf,
    0x8, 0x7, 0xff, 0x35, 0xc0, 0x3f, 0xe1, 0x23,
    0x3e, 0x20, 0xf, 0xfe, 0x1b, 0x5f, 0x73, 0x73,
    0x39, 0x40, 0x3f, 0xf8, 0x2f, 0xf2, 0x82, 0x1,
    0xff, 0xc8, 0xb8, 0x0, 0xff, 0xe5, 0xd2, 0x0,
    0x7f, 0xf2, 0xcd, 0x40, 0x3c, 0xd9, 0xff, 0xce,
    0x1, 0xfe, 0xa0, 0xf, 0x54, 0x98, 0x7, 0xff,
    0x11, 0xc0, 0x38, 0x94, 0x3, 0xff, 0x8c, 0x20,
    0x1c, 0xc0, 0x1f, 0xfc, 0x61, 0x0, 0xff, 0xe1,
    0x88, 0x7, 0xff, 0x11, 0xc0, 0x3f, 0x28, 0x7,
    0xf0, 0x80, 0x78, 0xc0, 0x3e, 0x43, 0x0, 0xff,
    0x8, 0x7, 0xa4, 0x3, 0x96, 0xc0, 0x3e, 0xd7,
    0x60, 0x40, 0xf, 0x37, 0x54, 0x4e, 0xd0, 0x68,
    0x7, 0x9a, 0x2c, 0x24, 0x3, 0xe1, 0x57, 0x62,
    0x3, 0x23, 0x0, 0xfe, 0x35, 0x0, 0xff, 0xe0,
    0x78, 0x58, 0x7, 0xfa, 0xcc, 0x3, 0xfd, 0x26,
    0xe, 0x40, 0x1f, 0xc3, 0x90, 0x20, 0x1e, 0x3c,
    0x60, 0xb, 0x1c, 0x80, 0x3f, 0x9f, 0xb2, 0x62,
    0x15, 0xb8, 0x60, 0x18, 0x63, 0x7f, 0xf6, 0x80,

    /* U+00F6 "ö" */
    0x0, 0xe7, 0xdf, 0xf6, 0xb8, 0x6, 0x3b, 0xef,
    0xea, 0x10, 0xf, 0xcb, 0x4, 0x0, 0x28, 0x50,
    0xb, 0x50, 0x40, 0x57, 0x40, 0x3f, 0x60, 0x7,
    0xbc, 0x0, 0x62, 0x1, 0xc6, 0x1, 0xf8, 0x80,
    0x3c, 0x20, 0x7, 0x0, 0xf8, 0x80, 0x3e, 0x10,
    0xf, 0x8, 0x1, 0xc0, 0x3e, 0x30, 0xf, 0xb4,
    0x3, 0xc4, 0x0, 0x20, 0xf, 0x8, 0x80, 0x3e,
    0x72, 0x0, 0xc5, 0x20, 0x1, 0x80, 0xe, 0xb0,
    0xf, 0xed, 0xca, 0xa6, 0x68, 0x80, 0x4f, 0xd7,
    0x57, 0xca, 0x1, 0xfe, 0x35, 0x51, 0x80, 0x78,
    0x51, 0x50, 0x40, 0x3f, 0xff, 0xe0, 0x1f, 0xfc,
    0x64, 0x57, 0x73, 0x20, 0x80, 0x7f, 0xf1, 0x16,
    0xfe, 0xea, 0x21, 0x37, 0xda, 0xe0, 0x1f, 0xfc,
    0x2, 0xca, 0x40, 0xf, 0xc5, 0x1c, 0xa0, 0x1f,
    0xc7, 0x86, 0x1, 0xff, 0xc0, 0x1a, 0x70, 0xf,
    0x8f, 0x4, 0x3, 0xff, 0x87, 0xe, 0x1, 0xee,
    0x0, 0xff, 0xe3, 0x41, 0x80, 0x66, 0x20, 0xf,
    0x36, 0x7f, 0xb6, 0x44, 0x3, 0xd0, 0x1, 0xac,
    0x3, 0xd5, 0x26, 0x0, 0x26, 0xf1, 0x0, 0xe4,
    0x20, 0x1, 0x90, 0x7, 0x2a, 0x80, 0x3c, 0x36,
    0x1, 0xea, 0x0, 0x20, 0x7, 0xb8, 0x3, 0xf2,
    0x80, 0x79, 0x0, 0x1a, 0x1, 0xe5, 0x0, 0xfe,
    0x30, 0xe, 0x30, 0x3, 0x80, 0x78, 0x40, 0x3f,
    0x9c, 0x3, 0xc4, 0x4, 0x1, 0xff, 0xcb, 0x60,
    0xf, 0xfe, 0x68, 0x88, 0x3, 0xff, 0x98, 0x60,
    0x1f, 0xfe, 0x81, 0x0, 0xff, 0xe6, 0x18, 0x7,
    0xff, 0x34, 0x40, 0x80, 0x3f, 0xf9, 0x6c, 0xe,
    0x1, 0xe1, 0x0, 0xfe, 0x70, 0xf, 0x10, 0x68,
    0x7, 0x94, 0x3, 0xf8, 0xc0, 0x38, 0xc0, 0x8,
    0x1, 0xee, 0x0, 0xfc, 0xa0, 0x1e, 0x40, 0x1,
    0x90, 0x7, 0x2a, 0x80, 0x3c, 0x36, 0x1, 0xeb,
    0x0, 0xac, 0x3, 0xd5, 0x26, 0x0, 0x26, 0xf1,
    0x0, 0xe3, 0x30, 0x4, 0xc4, 0x1, 0xe6, 0xcf,
    0xf6, 0xc8, 0x80, 0x7b, 0xc0, 0x3b, 0x80, 0x3f,
    0xf8, 0xd0, 0x60, 0x1c, 0x78, 0x20, 0x1f, 0xfc,
    0x37, 0x70, 0x7, 0xc7, 0x86, 0x1, 0xff, 0xc0,
    0x1a, 0x80, 0xf, 0xe2, 0xca, 0x40, 0xf, 0xc5,
    0x1c, 0xa0, 0x1f, 0xfc, 0x5, 0xbf, 0xba, 0x88,
    0x4d, 0xf6, 0xb8, 0x7, 0xc0,

    /* U+00FC "ü" */
    0x0, 0x86, 0xbb, 0xfa, 0xcc, 0x3, 0x3e, 0xff,
    0xb5, 0xc0, 0x3e, 0xd5, 0x10, 0x14, 0xd0, 0x9,
    0x60, 0x80, 0x5, 0xa, 0x1, 0xe3, 0x0, 0xe1,
    0x30, 0x7, 0x80, 0x7b, 0x0, 0x38, 0x80, 0x3e,
    0x70, 0x0, 0x80, 0x78, 0x80, 0x38, 0xc0, 0x3e,
    0x70, 0x0, 0x80, 0x78, 0x40, 0x38, 0x44, 0x1,
    0xe2, 0x0, 0x68, 0x7, 0xb4, 0x3, 0xd6, 0x1,
    0xd0, 0x20, 0x6, 0x20, 0xc, 0x4e, 0x1, 0xe5,
    0xeb, 0xab, 0xe7, 0x0, 0x87, 0x72, 0xa9, 0x9a,
    0x1, 0xf8, 0x51, 0x50, 0x40, 0x3c, 0x6a, 0xa3,
    0x0, 0xff, 0xff, 0x80, 0x7f, 0xf3, 0xab, 0xff,
    0xc4, 0x1, 0xfa, 0xbf, 0xfc, 0x40, 0x1f, 0xff,
    0xf0, 0xf, 0xff, 0xf8, 0x7, 0xff, 0xfc, 0x3,
    0xff, 0xfe, 0x1, 0xff, 0xff, 0x0, 0xff, 0xfa,
    0x8, 0x7, 0xff, 0x10, 0xc0, 0x3c, 0xa0, 0x1f,
    0x98, 0x3, 0xe1, 0x0, 0xf6, 0x80, 0x7c, 0x66,
    0x0, 0xfb, 0x40, 0x3c, 0x8a, 0x1, 0xc5, 0xc0,
    0x1f, 0x9c, 0x3, 0xea, 0x94, 0x34, 0x9d, 0x20,
    0xf, 0xc4, 0x40, 0xf, 0x9a, 0xf2, 0xd8, 0x29,
    0x40, 0x3f, 0x58, 0x7, 0xff, 0x0, 0x54, 0x3,
    0xf9, 0x8c, 0x3, 0xfe, 0x80, 0xf, 0xfb, 0x48,
    0x3, 0xf9, 0x98, 0x1, 0xff, 0xe, 0xb8, 0x7,
    0x86, 0x64, 0x1, 0xff, 0xc2, 0x8f, 0xb9, 0x89,
    0xbe, 0x60, 0xa, 0xbf, 0xfc, 0x40,

    /* U+2014 "—" */
    0x2b, 0xbf, 0xfe, 0xba, 0x8a, 0x27, 0xff, 0x5f,
    0x40, 0x3f, 0xff, 0xe0, 0x1f, 0xff, 0xd0,

    /* U+2192 "→" */
    0x0, 0xff, 0xe7, 0x88, 0x7, 0xff, 0x69, 0xfc,
    0x80, 0x3f, 0xfb, 0xf, 0x3, 0x84, 0x1, 0xff,
    0xd6, 0x78, 0x0, 0xe, 0x10, 0x7, 0xff, 0x50,
    0xa0, 0x3, 0xe, 0x10, 0x7, 0xff, 0x4c, 0xa8,
    0x3, 0x87, 0x8, 0x3, 0xff, 0xa6, 0xb4, 0x1,
    0xc3, 0x84, 0x1, 0xff, 0xd3, 0x5a, 0x0, 0xe1,
    0xc2, 0x0, 0xff, 0xe9, 0xae, 0x98, 0x6, 0x1c,
    0x20, 0xf, 0xfe, 0x99, 0x64, 0x0, 0x61, 0xc2,
    0x0, 0xa6, 0xab, 0xff, 0x97, 0x30, 0xc8, 0x2f,
    0x40, 0x18, 0x70, 0x80, 0xc, 0xab, 0xff, 0xcb,
    0x67, 0x9b, 0xef, 0xb0, 0xe, 0x1c, 0x20, 0xf,
    0xfe, 0x98, 0x80, 0x78, 0x70, 0x80, 0x3f, 0xfb,
    0x42, 0xa0, 0x1f, 0xfd, 0xa7, 0x70, 0x7, 0xff,
    0x38, 0x91, 0xa1, 0xc0, 0x3c, 0xf0, 0x1d, 0xdf,
    0xfc, 0xdf, 0xdb, 0x96, 0x30, 0xe, 0x78, 0x0,
    0x8, 0xff, 0xf3, 0x40, 0x25, 0xf4, 0x0, 0xcf,
    0x0, 0x1f, 0xfd, 0x2a, 0xa0, 0x80, 0x67, 0x80,
    0xf, 0xfe, 0x88, 0xe2, 0x80, 0x73, 0xc0, 0x7,
    0xff, 0x44, 0x74, 0xc0, 0x39, 0xe0, 0x3, 0xff,
    0xa2, 0x3a, 0x60, 0x1c, 0xf0, 0x1, 0xff, 0xd3,
    0x10, 0xe, 0x78, 0x0, 0xff, 0xe9, 0x8e, 0x10,
    0x4, 0xf0, 0x1, 0xff, 0xd5, 0x1c, 0x20, 0x78,
    0x0, 0xff, 0xeb, 0x8e, 0x4c, 0x0, 0x7f, 0xc0
};


/*---------------------
 *  GLYPH DESCRIPTION
 *--------------------*/

static const lv_font_fmt_txt_glyph_dsc_t glyph_dsc[] = {
    {.bitmap_index = 0, .adv_w = 0, .box_w = 0, .box_h = 0, .ofs_x = 0, .ofs_y = 0} /* id = 0 reserved */,
    {.bitmap_index = 0, .adv_w = 190, .box_w = 0, .box_h = 0, .ofs_x = 0, .ofs_y = 0},
    {.bitmap_index = 0, .adv_w = 254, .box_w = 10, .box_h = 40, .ofs_x = 3, .ofs_y = -1},
    {.bitmap_index = 115, .adv_w = 384, .box_w = 18, .box_h = 18, .ofs_x = 3, .ofs_y = 24},
    {.bitmap_index = 141, .adv_w = 521, .box_w = 31, .box_h = 39, .ofs_x = 1, .ofs_y = 0},
    {.bitmap_index = 472, .adv_w = 478, .box_w = 28, .box_h = 49, .ofs_x = 1, .ofs_y = -5},
    {.bitmap_index = 806, .adv_w = 780, .box_w = 44, .box_h = 41, .ofs_x = 2, .ofs_y = -1},
    {.bitmap_index = 1346, .adv_w = 577, .box_w = 34, .box_h = 41, .ofs_x = 2, .ofs_y = -1},
    {.bitmap_index = 1767, .adv_w = 211, .box_w = 7, .box_h = 18, .ofs_x = 3, .ofs_y = 24},
    {.bitmap_index = 1779, .adv_w = 271, .box_w = 16, .box_h = 51, .ofs_x = 2, .ofs_y = -8},
    {.bitmap_index = 2007, .adv_w = 271, .box_w = 16, .box_h = 51, .ofs_x = -1, .ofs_y = -8},
    {.bitmap_index = 2231, .adv_w = 461, .box_w = 27, .box_h = 25, .ofs_x = 1, .ofs_y = 17},
    {.bitmap_index = 2450, .adv_w = 484, .box_w = 25, .box_h = 25, .ofs_x = 3, .ofs_y = 4},
    {.bitmap_index = 2506, .adv_w = 246, .box_w = 11, .box_h = 17, .ofs_x = 1, .ofs_y = -8},
    {.bitmap_index = 2575, .adv_w = 324, .box_w = 16, .box_h = 7, .ofs_x = 2, .ofs_y = 14},
    {.bitmap_index = 2588, .adv_w = 246, .box_w = 9, .box_h = 10, .ofs_x = 3, .ofs_y = -1},
    {.bitmap_index = 2622, .adv_w = 359, .box_w = 21, .box_h = 50, .ofs_x = 0, .ofs_y = -8},
    {.bitmap_index = 2914, .adv_w = 484, .box_w = 27, .box_h = 41, .ofs_x = 2, .ofs_y = -1},
    {.bitmap_index = 3197, .adv_w = 484, .box_w = 27, .box_h = 39, .ofs_x = 1, .ofs_y = 0},
    {.bitmap_index = 3318, .adv_w = 484, .box_w = 26, .box_h = 40, .ofs_x = 2, .ofs_y = 0},
    {.bitmap_index = 3584, .adv_w = 484, .box_w = 26, .box_h = 41, .ofs_x = 1, .ofs_y = -1},
    {.bitmap_index = 3887, .adv_w = 484, .box_w = 28, .box_h = 39, .ofs_x = 1, .ofs_y = 0},
    {.bitmap_index = 4076, .adv_w = 484, .box_w = 27, .box_h = 40, .ofs_x = 2, .ofs_y = -1},
    {.bitmap_index = 4367, .adv_w = 484, .box_w = 27, .box_h = 40, .ofs_x = 2, .ofs_y = -1},
    {.bitmap_index = 4682, .adv_w = 484, .box_w = 26, .box_h = 39, .ofs_x = 2, .ofs_y = 0},
    {.bitmap_index = 4904, .adv_w = 484, .box_w = 27, .box_h = 41, .ofs_x = 2, .ofs_y = -1},
    {.bitmap_index = 5247, .adv_w = 484, .box_w = 27, .box_h = 40, .ofs_x = 1, .ofs_y = 0},
    {.bitmap_index = 5566, .adv_w = 253, .box_w = 10, .box_h = 31, .ofs_x = 3, .ofs_y = -1},
    {.bitmap_index = 5651, .adv_w = 253, .box_w = 11, .box_h = 39, .ofs_x = 2, .ofs_y = -9},
    {.bitmap_index = 5772, .adv_w = 484, .box_w = 22, .box_h = 35, .ofs_x = 4, .ofs_y = -1},
    {.bitmap_index = 5965, .adv_w = 484, .box_w = 25, .box_h = 18, .ofs_x = 3, .ofs_y = 9},
    {.bitmap_index = 6005, .adv_w = 484, .box_w = 22, .box_h = 35, .ofs_x = 4, .ofs_y = -1},
    {.bitmap_index = 6203, .adv_w = 401, .box_w = 24, .box_h = 41, .ofs_x = 0, .ofs_y = -1},
    {.bitmap_index = 6436, .adv_w = 727, .box_w = 41, .box_h = 47, .ofs_x = 2, .ofs_y = -7},
    {.bitmap_index = 6969, .adv_w = 543, .box_w = 32, .box_h = 39, .ofs_x = 1, .ofs_y = 0},
    {.bitmap_index = 7306, .adv_w = 538, .box_w = 28, .box_h = 39, .ofs_x = 4, .ofs_y = 0},
    {.bitmap_index = 7517, .adv_w = 521, .box_w = 30, .box_h = 41, .ofs_x = 2, .ofs_y = -1},
    {.bitmap_index = 7817, .adv_w = 560, .box_w = 29, .box_h = 39, .ofs_x = 4, .ofs_y = 0},
    {.bitmap_index = 8017, .adv_w = 487, .box_w = 24, .box_h = 39, .ofs_x = 4, .ofs_y = 0},
    {.bitmap_index = 8086, .adv_w = 469, .box_w = 23, .box_h = 39, .ofs_x = 4, .ofs_y = 0},
    {.bitmap_index = 8148, .adv_w = 574, .box_w = 31, .box_h = 41, .ofs_x = 2, .ofs_y = -1},
    {.bitmap_index = 8459, .adv_w = 583, .box_w = 29, .box_h = 39, .ofs_x = 4, .ofs_y = 0},
    {.bitmap_index = 8525, .adv_w = 347, .box_w = 17, .box_h = 39, .ofs_x = 2, .ofs_y = 0},
    {.bitmap_index = 8578, .adv_w = 443, .box_w = 23, .box_h = 40, .ofs_x = 1, .ofs_y = -1},
    {.bitmap_index = 8709, .adv_w = 550, .box_w = 30, .box_h = 39, .ofs_x = 4, .ofs_y = 0},
    {.bitmap_index = 8980, .adv_w = 424, .box_w = 21, .box_h = 39, .ofs_x = 4, .ofs_y = 0},
    {.bitmap_index = 9027, .adv_w = 660, .box_w = 34, .box_h = 39, .ofs_x = 4, .ofs_y = 0},
    {.bitmap_index = 9294, .adv_w = 583, .box_w = 29, .box_h = 39, .ofs_x = 4, .ofs_y = 0},
    {.bitmap_index = 9504, .adv_w = 575, .box_w = 32, .box_h = 41, .ofs_x = 2, .ofs_y = -1},
    {.bitmap_index = 9832, .adv_w = 522, .box_w = 27, .box_h = 39, .ofs_x = 4, .ofs_y = 0},
    {.bitmap_index = 9982, .adv_w = 575, .box_w = 32, .box_h = 50, .ofs_x = 2, .ofs_y = -10},
    {.bitmap_index = 10354, .adv_w = 538, .box_w = 28, .box_h = 39, .ofs_x = 4, .ofs_y = 0},
    {.bitmap_index = 10576, .adv_w = 489, .box_w = 28, .box_h = 41, .ofs_x = 1, .ofs_y = -1},
    {.bitmap_index = 10905, .adv_w = 470, .box_w = 27, .box_h = 39, .ofs_x = 1, .ofs_y = 0},
    {.bitmap_index = 10966, .adv_w = 559, .box_w = 29, .box_h = 40, .ofs_x = 3, .ofs_y = -1},
    {.bitmap_index = 11125, .adv_w = 522, .box_w = 32, .box_h = 39, .ofs_x = 0, .ofs_y = 0},
    {.bitmap_index = 11473, .adv_w = 771, .box_w = 46, .box_h = 39, .ofs_x = 1, .ofs_y = 0},
    {.bitmap_index = 12036, .adv_w = 533, .box_w = 33, .box_h = 39, .ofs_x = 0, .ofs_y = 0},
    {.bitmap_index = 12397, .adv_w = 507, .box_w = 32, .box_h = 39, .ofs_x = 0, .ofs_y = 0},
    {.bitmap_index = 12638, .adv_w = 484, .box_w = 28, .box_h = 39, .ofs_x = 1, .ofs_y = 0},
    {.bitmap_index = 12841, .adv_w = 268, .box_w = 11, .box_h = 51, .ofs_x = 4, .ofs_y = -8},
    {.bitmap_index = 12878, .adv_w = 359, .box_w = 22, .box_h = 50, .ofs_x = 1, .ofs_y = -8},
    {.bitmap_index = 13164, .adv_w = 268, .box_w = 11, .box_h = 51, .ofs_x = 2, .ofs_y = -8},
    {.bitmap_index = 13203, .adv_w = 484, .box_w = 28, .box_h = 24, .ofs_x = 1, .ofs_y = 16},
    {.bitmap_index = 13401, .adv_w = 450, .box_w = 26, .box_h = 6, .ofs_x = 1, .ofs_y = -10},
    {.bitmap_index = 13416, .adv_w = 484, .box_w = 12, .box_h = 14, .ofs_x = 7, .ofs_y = 32},
    {.bitmap_index = 13478, .adv_w = 454, .box_w = 26, .box_h = 31, .ofs_x = 1, .ofs_y = -1},
    {.bitmap_index = 13709, .adv_w = 487, .box_w = 26, .box_h = 43, .ofs_x = 3, .ofs_y = -1},
    {.bitmap_index = 13922, .adv_w = 416, .box_w = 24, .box_h = 31, .ofs_x = 1, .ofs_y = -1},
    {.bitmap_index = 14121, .adv_w = 487, .box_w = 25, .box_h = 43, .ofs_x = 2, .ofs_y = -1},
    {.bitmap_index = 14334, .adv_w = 452, .box_w = 26, .box_h = 31, .ofs_x = 1, .ofs_y = -1},
    {.bitmap_index = 14565, .adv_w = 294, .box_w = 17, .box_h = 42, .ofs_x = 1, .ofs_y = 0},
    {.bitmap_index = 14646, .adv_w = 441, .box_w = 27, .box_h = 47, .ofs_x = 1, .ofs_y = -12},
    {.bitmap_index = 15014, .adv_w = 477, .box_w = 24, .box_h = 42, .ofs_x = 3, .ofs_y = 0},
    {.bitmap_index = 15129, .adv_w = 226, .box_w = 9, .box_h = 42, .ofs_x = 3, .ofs_y = 0},
    {.bitmap_index = 15180, .adv_w = 228, .box_w = 13, .box_h = 53, .ofs_x = -1, .ofs_y = -11},
    {.bitmap_index = 15270, .adv_w = 458, .box_w = 26, .box_h = 42, .ofs_x = 3, .ofs_y = 0},
    {.bitmap_index = 15482, .adv_w = 240, .box_w = 11, .box_h = 42, .ofs_x = 3, .ofs_y = 0},
    {.bitmap_index = 15525, .adv_w = 719, .box_w = 39, .box_h = 30, .ofs_x = 3, .ofs_y = 0},
    {.bitmap_index = 15701, .adv_w = 477, .box_w = 24, .box_h = 30, .ofs_x = 3, .ofs_y = 0},
    {.bitmap_index = 15807, .adv_w = 453, .box_w = 26, .box_h = 31, .ofs_x = 1, .ofs_y = -1},
    {.bitmap_index = 16029, .adv_w = 487, .box_w = 26, .box_h = 41, .ofs_x = 3, .ofs_y = -11},
    {.bitmap_index = 16243, .adv_w = 487, .box_w = 25, .box_h = 41, .ofs_x = 2, .ofs_y = -11},
    {.bitmap_index = 16457, .adv_w = 320, .box_w = 16, .box_h = 29, .ofs_x = 3, .ofs_y = 0},
    {.bitmap_index = 16520, .adv_w = 402, .box_w = 23, .box_h = 31, .ofs_x = 1, .ofs_y = -1},
    {.bitmap_index = 16754, .adv_w = 299, .box_w = 17, .box_h = 38, .ofs_x = 1, .ofs_y = 0},
    {.bitmap_index = 16840, .adv_w = 478, .box_w = 24, .box_h = 30, .ofs_x = 3, .ofs_y = -1},
    {.bitmap_index = 16944, .adv_w = 426, .box_w = 27, .box_h = 29, .ofs_x = 0, .ofs_y = 0},
    {.bitmap_index = 17183, .adv_w = 662, .box_w = 41, .box_h = 29, .ofs_x = 0, .ofs_y = 0},
    {.bitmap_index = 17576, .adv_w = 437, .box_w = 27, .box_h = 29, .ofs_x = 0, .ofs_y = 0},
    {.bitmap_index = 17817, .adv_w = 433, .box_w = 27, .box_h = 40, .ofs_x = 0, .ofs_y = -11},
    {.bitmap_index = 18121, .adv_w = 405, .box_w = 23, .box_h = 29, .ofs_x = 1, .ofs_y = 0},
    {.bitmap_index = 18275, .adv_w = 295, .box_w = 15, .box_h = 51, .ofs_x = 1, .ofs_y = -8},
    {.bitmap_index = 18410, .adv_w = 310, .box_w = 7, .box_h = 51, .ofs_x = 6, .ofs_y = -8},
    {.bitmap_index = 18431, .adv_w = 295, .box_w = 16, .box_h = 51, .ofs_x = 2, .ofs_y = -8},
    {.bitmap_index = 18570, .adv_w = 484, .box_w = 26, .box_h = 10, .ofs_x = 2, .ofs_y = 12},
    {.bitmap_index = 18658, .adv_w = 378, .box_w = 20, .box_h = 20, .ofs_x = 2, .ofs_y = 20},
    {.bitmap_index = 18804, .adv_w = 283, .box_w = 10, .box_h = 9, .ofs_x = 4, .ofs_y = 13},
    {.bitmap_index = 18836, .adv_w = 543, .box_w = 32, .box_h = 51, .ofs_x = 1, .ofs_y = 0},
    {.bitmap_index = 19265, .adv_w = 575, .box_w = 32, .box_h = 52, .ofs_x = 2, .ofs_y = -1},
    {.bitmap_index = 19684, .adv_w = 559, .box_w = 29, .box_h = 52, .ofs_x = 3, .ofs_y = -1},
    {.bitmap_index = 19933, .adv_w = 549, .box_w = 33, .box_h = 43, .ofs_x = 1, .ofs_y = -1},
    {.bitmap_index = 20282, .adv_w = 454, .box_w = 26, .box_h = 43, .ofs_x = 1, .ofs_y = -1},
    {.bitmap_index = 20594, .adv_w = 453, .box_w = 26, .box_h = 43, .ofs_x = 1, .ofs_y = -1},
    {.bitmap_index = 20903, .adv_w = 478, .box_w = 24, .box_h = 43, .ofs_x = 3, .ofs_y = -1},
    {.bitmap_index = 21093, .adv_w = 629, .box_w = 37, .box_h = 6, .ofs_x = 1, .ofs_y = 14},
    {.bitmap_index = 21108, .adv_w = 726, .box_w = 40, .box_h = 26, .ofs_x = 3, .ofs_y = 7}
};

/*---------------------
 *  CHARACTER MAPPING
 *--------------------*/

static const uint16_t unicode_list_1[] = {
    0x0, 0x7, 0x14, 0x26, 0x2c, 0x2f, 0x34, 0x46,
    0x4c, 0x1f64, 0x20e2
};

/*Collect the unicode lists and glyph_id offsets*/
static const lv_font_fmt_txt_cmap_t cmaps[] =
{
    {
        .range_start = 32, .range_length = 95, .glyph_id_start = 1,
        .unicode_list = NULL, .glyph_id_ofs_list = NULL, .list_length = 0, .type = LV_FONT_FMT_TXT_CMAP_FORMAT0_TINY
    },
    {
        .range_start = 176, .range_length = 8419, .glyph_id_start = 96,
        .unicode_list = unicode_list_1, .glyph_id_ofs_list = NULL, .list_length = 11, .type = LV_FONT_FMT_TXT_CMAP_SPARSE_TINY
    }
};

/*-----------------
 *    KERNING
 *----------------*/


/*Map glyph_ids to kern left classes*/
static const uint8_t kern_left_class_mapping[] =
{
    0, 0, 0, 0, 0, 0, 1, 0,
    0, 0, 0, 0, 0, 0, 0, 0,
    0, 0, 0, 0, 0, 0, 0, 0,
    0, 0, 0, 0, 0, 0, 0, 0,
    0, 0, 2, 3, 4, 5, 6, 7,
    8, 0, 9, 10, 11, 12, 0, 0,
    13, 14, 13, 15, 16, 17, 18, 19,
    20, 21, 22, 23, 0, 0, 0, 0,
    0, 0, 24, 25, 26, 0, 27, 28,
    29, 30, 31, 32, 33, 34, 30, 30,
    35, 25, 36, 37, 38, 39, 40, 41,
    42, 43, 44, 45, 0, 0, 0, 0,
    0, 0, 2, 13, 18, 46, 24, 35,
    40, 0, 0
};

/*Map glyph_ids to kern right classes*/
static const uint8_t kern_right_class_mapping[] =
{
    0, 0, 1, 2, 0, 0, 0, 3,
    2, 0, 4, 2, 0, 5, 6, 5,
    7, 0, 0, 0, 0, 0, 0, 0,
    0, 0, 0, 8, 8, 0, 0, 0,
    9, 10, 11, 0, 12, 0, 0, 0,
    12, 0, 13, 14, 0, 0, 0, 0,
    12, 0, 12, 0, 15, 16, 17, 18,
    19, 20, 21, 22, 0, 0, 23, 0,
    24, 0, 25, 0, 26, 27, 26, 28,
    29, 0, 30, 31, 0, 32, 33, 33,
    26, 34, 27, 33, 35, 36, 37, 38,
    39, 40, 41, 42, 0, 0, 23, 0,
    0, 0, 11, 12, 17, 28, 25, 26,
    37, 6, 0
};

/*Kern values between classes*/
static const int8_t kern_class_values[] =
{
    0, -48, 0, 0, 0, 0, 0, 0,
    0, 0, 0, 0, 0, 0, 0, 0,
    0, 0, 0, 0, 0, 0, 0, 0,
    0, 0, 0, 0, 0, 0, 0, 0,
    0, 0, 0, 0, 0, 0, 0, 0,
    0, 0, 0, -40, -6, 0, 16, -13,
    2, 0, -37, -13, 7, -15, 0, 2,
    0, -46, -14, -42, -22, 5, -53, 0,
    0, 13, 2, 0, -4, 0, 0, 0,
    0, 0, 0, 0, 0, -10, 0, -22,
    -14, 2, -12, 8, 0, 0, 0, 0,
    -13, 0, -18, 0, 0, 0, -2, 0,
    0, 0, 0, -14, 0, -14, -6, -13,
    -16, 0, 0, -50, 0, 0, 0, -1,
    -1, 0, 0, 0, 0, 0, 0, -3,
    0, -2, 0, -10, -4, 0, 0, 2,
    -7, 0, -2, -10, -12, 0, 0, -8,
    -6, -6, 0, 0, 0, -1, 0, 0,
    1, -14, -7, 0, 0, -40, 0, 0,
    0, 0, -1, 0, 0, 0, 0, 0,
    0, 0, 0, 1, 0, 0, 0, 0,
    0, -8, 0, 0, -34, 12, -33, 0,
    0, 0, -27, 0, 0, -6, 0, -21,
    0, -21, -14, -21, -27, -10, 0, -18,
    0, 0, 0, 0, 0, 0, 0, 0,
    0, 0, 0, 0, 0, 0, 0, 0,
    0, 0, 0, 0, -11, 0, 0, 0,
    0, 0, 0, -8, 0, 0, 0, -11,
    0, 0, 0, -2, 0, 0, -1, 0,
    0, 0, 0, -8, -8, 0, -4, 0,
    0, 0, 0, 0, 0, 0, 0, 0,
    0, 0, 0, 0, 0, 4, -31, 12,
    -79, 0, -60, 0, 2, -22, -55, -21,
    0, -41, 0, 0, 0, 0, 0, 0,
    0, 0, 0, -109, -31, -24, -25, -6,
    -34, 0, -8, 0, -22, -22, -21, -10,
    -19, -14, -11, -29, -14, -17, 0, -8,
    0, 0, 0, 1, 2, 0, 0, 0,
    0, 0, 0, -7, 0, -21, 0, -18,
    -9, -7, -31, 0, 0, 0, 0, 0,
    0, 0, 0, 0, 0, 0, 0, 0,
    0, 0, 0, 0, 0, 0, 0, 0,
    0, 0, -2, 0, 0, -25, 0, 0,
    0, -15, 0, 0, 0, 0, 0, -2,
    0, 0, 0, 0, 0, 0, 0, 2,
    0, -4, -4, 0, 0, 0, 0, 0,
    0, 0, -3, 0, 0, -3, 0, 0,
    -3, 0, 0, 0, 0, 0, -22, 0,
    -25, 0, 0, 0, -15, 0, 0, -6,
    0, 0, 0, 0, 0, -12, 0, 0,
    0, -65, 0, 0, 0, 0, 0, 0,
    0, 0, 0, 0, 0, 0, 0, 0,
    0, 0, 0, 0, 0, -5, -22, 8,
    8, -44, 2, 0, 0, -23, 2, -25,
    0, -13, -7, -19, 0, -17, -7, 0,
    -13, 2, 0, 0, -7, -18, -19, -15,
    -4, 0, 0, -6, -8, -8, 0, -21,
    -14, -14, -14, -5, -14, 8, 0, 0,
    0, 0, 0, 0, 0, 2, 0, 0,
    0, 0, 0, 0, 0, 0, 0, 0,
    0, 0, 0, 0, 0, 0, 0, 0,
    0, 0, 0, 0, 0, 0, 0, 0,
    0, 0, 0, 0, 0, 0, 0, 0,
    0, -8, -3, 0, -34, 12, -33, 0,
    -1, 0, -16, 0, 0, -7, -2, -19,
    0, -18, -16, -22, -30, -8, 0, -77,
    0, 0, 0, 0, 0, 0, 0, 0,
    0, 0, 0, 0, 0, 0, 0, 0,
    0, 0, 0, 7, -23, 0, -87, 0,
    -65, 0, 3, -6, -52, 0, 0, -39,
    -3, 0, 0, -2, -3, -22, -14, -19,
    0, -117, -10, -15, -15, 3, -22, 0,
    0, 0, -8, -11, -10, 3, 0, 3,
    2, -2, 3, -1, 0, 0, -21, 0,
    -7, -13, -14, 0, 0, -17, 0, -4,
    0, -11, 0, -12, -8, -11, -7, 0,
    -22, 0, 0, 1, -8, -5, -5, 0,
    -10, 0, 0, 0, 0, 0, 0, 0,
    0, 0, 0, 0, -1, 0, 0, 0,
    -7, 0, -7, 11, -24, 0, 0, 0,
    0, 0, 0, 1, -7, -9, 0, -6,
    -6, 0, -8, 0, 0, -43, 0, 0,
    0, 0, 0, 0, 0, 0, 0, 0,
    0, -2, 0, 0, 0, 0, 0, 0,
    0, 0, 0, 0, 0, 0, 0, -32,
    0, 0, 0, 0, 0, 0, 0, 0,
    0, 0, 0, 0, 0, 0, 0, 0,
    0, 0, 0, 0, 0, 0, 0, 0,
    0, 0, 0, 0, 0, 0, 0, 0,
    0, 0, 0, 0, -7, 0, -28, 0,
    -30, 0, 0, 0, -14, 0, 0, -3,
    0, 0, 0, 0, 0, 0, 0, 0,
    0, -53, 0, 0, 0, 0, -1, 0,
    0, 0, 0, 0, 0, 0, 0, 0,
    0, 0, 0, 0, 0, 0, 0, 0,
    0, 0, 0, -22, 0, 0, 0, 0,
    0, 0, 0, 0, 0, 0, 0, 0,
    0, 0, 0, 0, 0, 0, 0, 0,
    0, 0, 0, 0, 0, 0, 0, 0,
    0, 0, 0, 0, 0, 0, 0, 0,
    0, 0, 0, 0, 0, -7, 0, 0,
    0, 0, 0, 0, 0, 0, 0, 0,
    0, 0, 0, 0, 0, 0, 0, 0,
    0, 0, 0, 0, 0, 0, 0, 0,
    0, 0, 0, 0, 0, 0, 0, 0,
    0, 0, 0, 0, 0, 0, 0, -11,
    0, 0, 0, 0, 0, 0, 0, 0,
    0, 0, 0, 0, 0, 0, 0, 0,
    0, 0, 0, 0, 0, 0, 0, 0,
    0, 0, 0, 0, 0, 0, 0, 0,
    0, 0, 0, 0, 0, 0, 0, 0,
    0, -37, 0, 0, 0, 0, 0, 0,
    0, 0, 0, 0, 0, 0, 0, 0,
    0, 0, 0, 0, 0, 0, 0, 0,
    0, 0, 0, 0, 0, 0, 0, 0,
    0, 0, 0, 0, 0, 5, -8, 7,
    18, -33, 2, 0, 0, -13, 0, -14,
    0, -4, 0, 0, 0, -5, -3, 0,
    -6, 0, 0, 13, 0, -4, -4, 0,
    0, 0, 0, 0, 0, 0, 0, -1,
    -1, 0, 0, 0, -4, 4, 0, -20,
    0, 0, 8, -4, 18, 0, 0, 0,
    9, 0, 0, 4, 0, -55, 0, -30,
    -13, 2, -43, 6, 0, 8, 0, 0,
    0, 0, 0, 0, 0, 0, 0, 0,
    0, -5, 0, -10, -5, 1, -6, 2,
    0, -16, 0, 0, -13, 8, 1, 0,
    0, 0, 0, 0, -4, 1, 0, -53,
    0, -27, -18, -15, -46, -3, 0, -40,
    0, 0, 0, -2, 0, 0, 0, 0,
    0, 0, 0, -2, 0, -5, -2, -10,
    -6, -6, 0, 0, 0, 0, 0, 0,
    -1, 0, 0, 0, 6, 0, 0, 5,
    1, -37, 0, -22, -7, 0, -37, 5,
    0, -28, 0, -3, -1, 0, -1, 0,
    0, 0, 0, 0, 0, 0, 0, 0,
    0, 0, 0, 0, 0, -17, 0, 0,
    -13, 8, 1, 0, 0, 0, 0, 0,
    -4, 0, -8, -44, 0, -27, -15, -15,
    -46, -4, 0, -45, 0, 0, 0, 0,
    0, 0, 0, 0, 0, 0, 0, 0,
    0, 0, -4, -9, -3, -4, 1, 24,
    -10, 21, -39, -2, -21, 0, 23, 0,
    -11, 12, 0, -18, 2, 22, 0, 26,
    21, 12, 23, 2, 12, -46, 0, -3,
    -3, 1, -6, 9, 0, 0, 0, 0,
    0, 1, 0, 11, 2, 0, 8, 0,
    0, 4, -3, 22, 2, -1, 25, 0,
    0, -1, 18, 1, 0, -4, 0, 2,
    0, -6, 1, 7, -6, 10, 8, 43,
    0, -3, -5, 0, 11, 0, 22, 0,
    0, 0, 0, 0, -3, 0, 1, 0,
    4, 1, 0, -13, 0, 0, 0, 0,
    2, 0, 0, 0, 0, 0, 0, 0,
    0, -44, 0, -27, -19, 0, -43, 0,
    0, 0, 0, 0, 0, 0, 0, 0,
    0, 0, 0, 0, 0, 0, 0, -6,
    -5, 0, -6, 0, 0, 0, 0, 0,
    0, 0, 0, 0, 0, 0, 0, 0,
    0, -7, 0, 0, 0, 0, 0, 0,
    -10, 0, 0, 0, 0, 0, 0, 0,
    0, 0, 0, 0, 0, 0, 0, 0,
    0, 0, 0, 0, 0, 0, 0, 0,
    0, 0, 0, 0, 0, 0, 0, 0,
    0, 0, 0, 0, 0, -6, 0, -19,
    -8, 0, -2, 0, 0, 0, 0, 0,
    0, 0, 0, 0, 0, 0, 0, 0,
    0, 0, 0, 0, 0, 0, 0, 0,
    0, 0, -9, 0, 1, -34, 1, 0,
    0, -8, 12, -10, 0, 2, -4, -18,
    0, -14, -6, 1, -35, 13, 0, 18,
    -1, -6, -4, 0, -2, 0, 0, 0,
    0, 0, -7, -7, -8, -10, -5, 0,
    -5, 2, 0, 0, 0, 0, 7, -9,
    1, 0, 0, 0, 18, 0, 0, 9,
    0, -12, 0, -4, 1, 12, -12, 12,
    0, 20, 0, 0, 0, 0, 0, 0,
    0, -6, 0, 0, 0, -4, 0, -2,
    -2, 0, -5, 3, 0, -17, -2, 0,
    -13, 8, 0, 0, 0, 0, 0, 0,
    -4, 0, 0, -45, 0, -27, -18, -15,
    -46, -5, 0, -47, 0, 0, 0, -4,
    0, 0, 0, 0, 0, 0, 0, -4,
    0, -6, -7, -12, -7, -2, 0, 0,
    0, 0, 0, 0, 0, 0, 0, 0,
    0, 0, 0, 0, 0, -6, 0, -19,
    -8, 0, -25, 0, 0, 0, 0, 0,
    0, 0, 0, 0, 0, 0, 0, 0,
    0, 0, 0, 0, 0, 0, 0, 0,
    0, 24, -18, 0, -63, -2, -23, 0,
    0, 0, -29, 8, 0, -16, 6, -7,
    0, 2, 4, -14, -14, -9, 0, -61,
    -7, -3, -2, 8, -7, 0, 1, 0,
    0, 0, 0, 7, 0, 9, 7, 0,
    9, 2, 0, -8, -1, 0, -6, -2,
    1, 0, 0, 0, 2, 0, 0, 0,
    0, -44, 0, -25, -1, -16, -37, 0,
    0, -36, 0, 0, 0, 1, -1, 0,
    0, 0, 0, 0, -6, -2, 0, -8,
    -6, -7, -6, -4, 0, 1, -6, 0,
    1, -10, 0, 0, 1, -1, 9, 0,
    0, 2, 1, -19, 0, 0, 1, 1,
    -15, 1, 1, 16, 0, -2, -2, -2,
    -2, 0, 0, 0, 0, 0, 0, -5,
    0, 1, 0, 0, 1, 1, 0, 0,
    0, 0, 0, 0, 0, 0, 0, 0,
    0, 0, 0, 0, 0, -36, 0, -19,
    -6, 0, -37, 0, 0, 0, 0, 0,
    0, 0, 0, 0, 0, 0, 0, 0,
    0, 0, 0, 0, 0, 0, 0, 0,
    0, 21, -14, 0, -51, -3, -10, 0,
    0, 0, -22, 0, -3, -14, 0, -15,
    0, -8, 0, -1, -12, 0, 0, -53,
    -7, -6, -6, 6, -10, 0, 0, 0,
    0, 0, -2, 1, 0, 0, 0, 0,
    0, -2, 0, 17, -16, 0, -37, -2,
    0, 0, 0, -6, -14, 0, 0, -15,
    0, -29, 0, -8, -6, 0, -27, 0,
    0, -37, -10, -7, -7, 1, -14, 0,
    0, 0, 0, 0, -2, 1, 0, 0,
    0, 0, 0, 1, 0, 2, -22, 0,
    0, -28, 0, 0, 0, -14, 2, 0,
    0, -2, 0, -30, 0, -8, -7, 1,
    -22, 0, 0, 16, 0, -12, -12, 0,
    0, 0, 0, 0, 0, 0, -3, 0,
    0, 0, 0, 0, 0, 0, 0, 17,
    -23, 0, -52, -3, -11, 0, 0, -7,
    -25, 0, -3, -17, 0, -20, 0, -8,
    0, 0, -2, 0, 0, -61, -11, -6,
    -6, 6, -18, 0, 0, 0, 0, 0,
    -5, 1, 0, 0, 0, 0, 0, -2,
    0, 6, -7, 0, 10, -14, 2, 0,
    0, -4, 9, 0, 0, 2, 0, -28,
    0, -7, -2, 9, -15, 2, 0, 7,
    0, -7, -7, 0, 0, 0, 0, 0,
    0, 0, 0, 0, 0, 1, 1, 0,
    1, 0, 0, -14, 0, 0, 3, -2,
    0, 0, -9, 0, 7, -1, -1, 8,
    -7, -24, -2, -15, -11, 0, -25, 7,
    0, -40, 7, 3, 3, -2, 7, 0,
    0, 0, 0, 0, 0, -7, 0, -6,
    -10, -2, -6, 0
};


/*Collect the kern class' data in one place*/
static const lv_font_fmt_txt_kern_classes_t kern_classes =
{
    .class_pair_values   = kern_class_values,
    .left_class_mapping  = kern_left_class_mapping,
    .right_class_mapping = kern_right_class_mapping,
    .left_class_cnt      = 46,
    .right_class_cnt     = 42,
};

/*--------------------
 *  ALL CUSTOM DATA
 *--------------------*/

#if LVGL_VERSION_MAJOR == 8
/*Store all the custom data of the font*/
static  lv_font_fmt_txt_glyph_cache_t cache;
#endif

#if LVGL_VERSION_MAJOR >= 8
static const lv_font_fmt_txt_dsc_t font_dsc = {
#else
static lv_font_fmt_txt_dsc_t font_dsc = {
#endif
    .glyph_bitmap = glyph_bitmap,
    .glyph_dsc = glyph_dsc,
    .cmaps = cmaps,
    .kern_dsc = &kern_classes,
    .kern_scale = 18,
    .cmap_num = 2,
    .bpp = 4,
    .kern_classes = 1,
    .bitmap_format = 1,
#if LVGL_VERSION_MAJOR == 8
    .cache = &cache
#endif
};



/*-----------------
 *  PUBLIC FONT
 *----------------*/

/*Initialize a public general font descriptor*/
#if LVGL_VERSION_MAJOR >= 8
const lv_font_t plex_sans_cond_56 = {
#else
lv_font_t plex_sans_cond_56 = {
#endif
    .get_glyph_dsc = lv_font_get_glyph_dsc_fmt_txt,    /*Function pointer to get glyph's data*/
    .get_glyph_bitmap = lv_font_get_bitmap_fmt_txt,    /*Function pointer to get glyph's bitmap*/
    .line_height = 63,          /*The maximum line height required by the font*/
    .base_line = 12,             /*Baseline measured from the bottom of the line*/
#if !(LVGL_VERSION_MAJOR == 6 && LVGL_VERSION_MINOR == 0)
    .subpx = LV_FONT_SUBPX_NONE,
#endif
#if LV_VERSION_CHECK(7, 4, 0) || LVGL_VERSION_MAJOR >= 8
    .underline_position = -4,
    .underline_thickness = 5,
#endif
    .dsc = &font_dsc,          /*The custom font data. Will be accessed by `get_glyph_bitmap/dsc` */
#if LV_VERSION_CHECK(8, 2, 0) || LVGL_VERSION_MAJOR >= 9
    .fallback = NULL,
#endif
    .user_data = NULL,
};



#endif /*#if PLEX_SANS_COND_56*/

